Station Number,Station Name,Province,Status,Latitude,Longitude,Year From,Year To,Gross Drainage Area (km2),Effective Drainage Area (km2),Regulation,Data Type,Operation Schedule,Sediment,RHBN,Real-Time,Datum Name,Publishing Office,Operating Agency,Contributed
07EA001,"FINLAY RIVER AT WARE",BC,Discontinued,57.42083,-125.62639,1961,1983,"11100",,N,Flow,Continuous,N,N,N,ASSUMED DATUM,VANCOUVER,"",N
07EA002,"KWADACHA RIVER NEAR WARE",BC,Discontinued,57.45000,-125.63750,1961,1998,"2410",,N,Flow,Continuous,N,N,N,ASSUMED DATUM,VANCOUVER,"",N
07EA004,"INGENIKA RIVER ABOVE SWANNELL RIVER",BC,Active,56.73061,-125.10500,1977,2024,"4140",,N,Flow and Level,Continuous,N,N,Y,ASSUMED DATUM,VANCOUVER,"",N
07EA005,"FINLAY RIVER ABOVE AKIE RIVER",BC,Active,57.12622,-125.24992,1978,2024,"15600",,N,Flow and Level,Continuous,N,N,Y,ASSUMED DATUM,VANCOUVER,"",N
07EA006,"WILLISTON LAKE AT INGENIKA POINT",BC,Discontinued,56.78861,-124.87417,1980,1983,"",,R,Level,Continuous,N,N,N,ASSUMED DATUM,VANCOUVER,"",N
07EA007,"AKIE RIVER NEAR THE 760 M CONTOUR",BC,Active,57.19111,-124.90111,1981,2024,"1690",,N,Flow and Level,Continuous,N,N,Y,ASSUMED DATUM,VANCOUVER,"",N
07EB001,"FINLAY RIVER AT FINLAY FORKS",BC,Discontinued,56.03194,-123.90556,1945,1967,"43300",,N,Flow,Seasonal,N,N,N,ASSUMED DATUM,VANCOUVER,"",N
07EB002,"OSPIKA RIVER ABOVE ALEY CREEK",BC,Active,56.52411,-123.93603,1981,2024,"2190",,N,Flow and Level,Continuous,N,N,Y,ASSUMED DATUM,VANCOUVER,"",N
07EC001,"OMINECA RIVER NEAR GERMANSEN LANDING",BC,Discontinued,55.78889,-124.68056,1961,1970,"5080",,N,Flow,Continuous,N,N,N,ASSUMED DATUM,VANCOUVER,"",N
07EC002,"OMINECA RIVER ABOVE OSILINKA RIVER",BC,Active,55.91686,-124.56758,1975,2024,"5560",,N,Flow and Level,Continuous,N,Y,Y,ASSUMED DATUM,VANCOUVER,"",N
07EC003,"MESILINKA RIVER ABOVE GOPHERHOLE CREEK",BC,Active,56.24500,-124.64467,1976,2024,"3060",,N,Flow and Level,Continuous,N,N,Y,ASSUMED DATUM,VANCOUVER,"",N
07EC004,"OSILINKA RIVER NEAR END LAKE",BC,Active,56.12694,-124.80192,1981,2024,"1950",,N,Flow and Level,Continuous,N,N,Y,ASSUMED DATUM,VANCOUVER,"",N
07ED001,"NATION RIVER NEAR FORT ST. JAMES",BC,Active,55.20000,-124.23333,1967,2024,"4350",,N,Flow and Level,Continuous,N,N,Y,ASSUMED DATUM,VANCOUVER,"",N
07ED002,"WILLISTON LAKE AT NATION ARM",BC,Discontinued,55.50389,-123.41972,1980,1995,"",,R,Level,Continuous,N,N,N,ASSUMED DATUM,VANCOUVER,"",N
07ED003,"NATION RIVER NEAR THE MOUTH",BC,Active,55.42722,-123.63336,1981,2024,"6790",,N,Flow and Level,Continuous,N,N,Y,ASSUMED DATUM,VANCOUVER,"",N
07EE002,"PARSNIP RIVER NEAR FINLAY FORKS",BC,Discontinued,55.84778,-123.76194,1961,1968,"20300",,N,Flow,Continuous,N,N,N,ASSUMED DATUM,VANCOUVER,"",N
07EE003,"PARSNIP RIVER AT PACIFIC GREAT EASTERN RAILWAY BRIDGE",BC,Discontinued,54.85833,-122.61528,1960,1966,"4010",,N,Flow,Seasonal,N,N,N,ASSUMED DATUM,VANCOUVER,"",N
07EE004,"CHICHOUYENILY CREEK NEAR MACKENZIE",BC,Discontinued,55.31944,-123.09722,1968,1968,"72.3",,N,Flow,Miscellaneous,N,N,N,ASSUMED DATUM,VANCOUVER,"",N
07EE005,"MORFEE CREEK AT OUTLET OF MORFEE LAKE",BC,Discontinued,55.36111,-123.09722,1965,1967,"23.3",,N,Flow,Continuous,N,N,N,ASSUMED DATUM,VANCOUVER,"",N
07EE007,"PARSNIP RIVER ABOVE MISINCHINKA RIVER",BC,Active,55.08194,-122.91306,1967,2024,"4930",,N,Flow and Level,Continuous,N,Y,Y,ASSUMED DATUM,VANCOUVER,"",N
07EE008,"WILLISTON LAKE NEAR MACKENZIE",BC,Discontinued,55.33944,-123.18806,1969,1975,"",,R,Level,Seasonal,N,N,N,GEODETIC SURVEY OF CANADA DATUM,VANCOUVER,"",N
07EE009,"CHUCHINKA CREEK NEAR THE MOUTH",BC,Active,54.52972,-122.61222,1975,2024,"310",,N,Flow and Level,Continuous,N,Y,Y,ASSUMED DATUM,VANCOUVER,"",N
07EE010,"PACK RIVER AT OUTLET OF MCLEOD LAKE",BC,Active,54.99850,-123.03656,1981,2024,"3710",,N,Flow and Level,Continuous,N,N,Y,ASSUMED DATUM,VANCOUVER,"",N
07EE011,"MCLEOD RIVER AT OUTLET OF CARP LAKE",BC,Discontinued,54.81111,-123.32083,1981,1985,"487",,N,Flow,Seasonal,N,N,N,ASSUMED DATUM,VANCOUVER,"",N
07EF001,"PEACE RIVER AT HUDSON HOPE",BC,Discontinued,56.02700,-121.90867,1952,2019,"73100",,R,Flow and Level,Continuous,N,N,N,ASSUMED DATUM,VANCOUVER,"",N
07EF002,"WILLISTON LAKE AT LOST CABIN CREEK",BC,Active,56.04997,-123.74819,1978,2024,"",,R,Level,Continuous,N,N,Y,ASSUMED DATUM,VANCOUVER,"",N
07EF003,"WILLISTON LAKE NEAR SCHOOLER CREEK",BC,Active,56.10639,-122.71611,1980,2024,"",,R,Level,Continuous,N,N,Y,ASSUMED DATUM,VANCOUVER,"",N
07EF004,"CARBON CREEK NEAR THE MOUTH",BC,Active,55.94611,-122.65889,1998,2024,"741",,N,Flow and Level,Continuous,N,N,Y,ASSUMED DATUM,VANCOUVER,"",N
07EFX01,"PEACE RIVER AT HUDSON HOPE (AUXILIARY GAUGE)",BC,Discontinued,56.02750,-121.89889,2011,2019,"73100",,R,Flow and Level,Continuous,N,N,N,ASSUMED DATUM,VANCOUVER,"",N
07FA001,"HALFWAY RIVER NEAR FARRELL CREEK (LOWER STATION)",BC,Discontinued,56.22778,-121.48056,1965,1983,"9400",,N,Flow,Continuous,Y,N,N,ASSUMED DATUM,VANCOUVER,"",N
07FA003,"HALFWAY RIVER ABOVE GRAHAM RIVER",BC,Active,56.50894,-122.24322,1977,2024,"3780",,N,Flow and Level,Continuous,N,N,Y,ASSUMED DATUM,VANCOUVER,"",N
07FA004,"PEACE RIVER ABOVE PINE RIVER",BC,Active,56.19933,-120.81450,1979,2024,"87200",,R,Flow and Level,Continuous,N,N,Y,ASSUMED DATUM,VANCOUVER,"",N
07FA005,"GRAHAM RIVER ABOVE COLT CREEK",BC,Active,56.45986,-122.35453,1981,2024,"2140",,N,Flow and Level,Continuous,N,N,Y,ASSUMED DATUM,VANCOUVER,"",N
07FA006,"HALFWAY RIVER NEAR FARRELL CREEK",BC,Active,56.25075,-121.62853,1983,2024,"9340",,N,Flow and Level,Continuous,N,N,Y,ASSUMED DATUM,VANCOUVER,"",N
07FA007,"CYPRESS CREEK NEAR THE MOUTH",BC,Discontinued,56.82333,-122.62472,1998,2001,"",,N,Flow,Continuous,N,N,N,ASSUMED DATUM,VANCOUVER,"",N
07FA008,"CAMERON RIVER AT UPPER HALFWAY ROAD",BC,Active,56.52789,-121.80345,2024,2024,"1610",,N,Flow and Level,Continuous,N,N,Y,ASSUMED DATUM,VANCOUVER,"",N
07FAX04,"PEACE RIVER ABOVE PINE RIVER (AUXILIARY GAUGE)",BC,Active,56.19917,-120.81444,2020,2024,"87200",,R,Flow and Level,Continuous,N,N,Y,ASSUMED DATUM,VANCOUVER,"",N
07FAX05,"GRAHAM RIVER ABOVE COLT CREEK (AUXILIARY GAUGE)",BC,Active,56.45986,-122.35453,2020,2024,"",,,Flow and Level,Continuous,N,N,Y,,VANCOUVER,"",N
07FAX06,"HALFWAY RIVER NEAR FARRELL CREEK (AUXILIARY STATION)",BC,Active,56.25075,-121.62850,2016,2024,"9340",,,Flow and Level,Continuous,N,N,Y,ASSUMED DATUM,VANCOUVER,"",N
07FB001,"PINE RIVER AT EAST PINE",BC,Active,55.71844,-121.21156,1964,2024,"12100",,N,Flow and Level,Continuous,N,Y,Y,ASSUMED DATUM,VANCOUVER,"",N
07FB002,"MURRAY RIVER NEAR THE MOUTH",BC,Active,55.55247,-121.20350,1977,2024,"5550",,N,Flow and Level,Continuous,Y,N,Y,ASSUMED DATUM,VANCOUVER,"",N
07FB003,"SUKUNKA RIVER NEAR THE MOUTH",BC,Active,55.54217,-121.62756,1977,2024,"2590",,N,Flow and Level,Continuous,Y,N,Y,ASSUMED DATUM,VANCOUVER,"",N
07FB004,"DICKEBUSCH CREEK NEAR THE MOUTH",BC,Active,55.53778,-121.59681,1978,2024,"82.4",,N,Flow and Level,Continuous,Y,Y,Y,ASSUMED DATUM,VANCOUVER,"",N
07FB005,"QUALITY CREEK NEAR THE MOUTH",BC,Discontinued,55.14583,-120.92333,1978,2001,"29.5",,N,Flow,Continuous,Y,N,N,ASSUMED DATUM,VANCOUVER,"",N
07FB006,"MURRAY RIVER ABOVE WOLVERINE RIVER",BC,Active,55.06136,-121.01378,1977,2024,"2370",,N,Flow and Level,Continuous,Y,N,Y,ASSUMED DATUM,VANCOUVER,"",N
07FB007,"SUKUNKA RIVER ABOVE CHAMBERLAIN CREEK",BC,Discontinued,55.18778,-121.76111,1977,1985,"927",,N,Flow,Continuous,Y,N,N,ASSUMED DATUM,VANCOUVER,"",N
07FB008,"MOBERLY RIVER NEAR FORT ST. JOHN",BC,Active,56.09250,-121.36678,1980,2024,"1520",,N,Flow and Level,Continuous,N,Y,Y,ASSUMED DATUM,VANCOUVER,"",N
07FB009,"FLATBED CREEK AT KILOMETRE 110 HERITAGE HIGHWAY",BC,Active,55.09017,-120.94183,1983,2024,"486",,N,Flow and Level,Continuous,N,N,Y,ASSUMED DATUM,VANCOUVER,"",N
07FB010,"PINE RIVER ABOVE MOUNTAIN CREEK",BC,Discontinued,55.50833,-122.57472,1989,1989,"677",,N,Flow,Miscellaneous,N,N,N,ASSUMED DATUM,VANCOUVER,"",N
07FB011,"WINDREM CREEK NEAR CHETWYND",BC,Discontinued,55.69583,-121.63000,1986,1998,"22.9",,N,Flow,Seasonal,N,N,N,ASSUMED DATUM,VANCOUVER,"",N
07FBX08,"MOBERLY RIVER NEAR FORT ST. JOHN (AUXILIARY STATION)",BC,Active,56.09250,-121.36678,2016,2024,"1520",,,Flow and Level,Continuous,N,N,Y,,VANCOUVER,"",N
07FC001,"BEATTON RIVER NEAR FORT ST. JOHN",BC,Active,56.27844,-120.69986,1966,2024,"15600",,N,Flow and Level,Continuous,Y,N,Y,ASSUMED DATUM,VANCOUVER,"",N
07FC002,"ST. JOHN CREEK NEAR MONTNEY",BC,Discontinued,56.42417,-120.92500,1962,1974,"201",,N,Flow,Continuous,N,N,N,ASSUMED DATUM,VANCOUVER,"",N
07FC003,"BLUEBERRY RIVER BELOW AITKEN CREEK",BC,Active,56.67764,-121.22233,1964,2024,"1770",,N,Flow and Level,Continuous,N,Y,Y,ASSUMED DATUM,VANCOUVER,"",N
07FC004,"STODDART CREEK AT OUTLET OF CHARLIE LAKE",BC,Discontinued,56.27444,-120.94750,1968,1994,"298",,R,Flow,Continuous,N,N,N,ASSUMED DATUM,VANCOUVER,"",N
07FC005,"CHARLIE LAKE NEAR FORT ST. JOHN",BC,Discontinued,56.28056,-120.95694,1972,1992,"",,R,Level,Continuous,N,N,N,ASSUMED DATUM,VANCOUVER,"B.C. MINISTRY OF ENVIRONMENT",Y
07FC006,"OSBORNE CREEK NEAR THE MOUTH",BC,Discontinued,56.60083,-120.37972,1981,1982,"120",,N,Flow,Seasonal,N,N,N,ASSUMED DATUM,VANCOUVER,"",N
07FC007,"NIG CREEK NEAR NIG STATION",BC,Discontinued,57.13389,-121.51333,1983,1983,"212",,N,Flow,Seasonal,N,N,N,ASSUMED DATUM,VANCOUVER,"",N
07FC008,"BEATTON RIVER AT TOMMY LAKES ROAD",BC,Active,57.28707,-121.71873,2024,2024,"1850",,N,Level,Continuous,N,N,Y,ASSUMED DATUM,VANCOUVER,"",N
07FD001,"KISKATINAW RIVER NEAR FARMINGTON",BC,Active,55.95736,-120.56436,1948,2024,"3630",,N,Flow and Level,Continuous,N,N,Y,ASSUMED DATUM,VANCOUVER,"",N
07FD002,"PEACE RIVER NEAR TAYLOR",BC,Active,56.13939,-120.67242,1949,2024,"101000",,R,Flow and Level,Continuous,N,N,Y,ASSUMED DATUM,VANCOUVER,"",N
07FD004,"ALCES RIVER AT 22ND BASE LINE",BC,Discontinued,56.33422,-120.15514,1984,2016,"295",,N,Flow and Level,Continuous,N,N,N,ASSUMED DATUM,VANCOUVER,"",N
07FD005,"ALCES RIVER AT SECTION 20",BC,Discontinued,56.38556,-120.17583,1963,1963,"229",,N,Flow,Seasonal,N,N,N,,VANCOUVER,"",N
07FD007,"POUCE COUPE RIVER BELOW HENDERSON CREEK",BC,Active,55.86519,-120.03042,1971,2024,"2860",,N,Flow and Level,Continuous,N,N,Y,ASSUMED DATUM,VANCOUVER,"",N
07FD010,"PEACE RIVER ABOVE ALCES RIVER",BC,Active,56.12692,-120.05747,1974,2024,"121000",,R,Flow and Level,Continuous,N,N,Y,ASSUMED DATUM,VANCOUVER,"",N
07FD015,"DAWSON CREEK ABOVE SOUTH DAWSON CREEK",BC,Discontinued,55.76194,-120.25000,1981,1995,"116",,N,Flow,Seasonal,N,N,N,ASSUMED DATUM,VANCOUVER,"",N
07FD016,"SOUTH DAWSON CREEK AT THE MOUTH",BC,Discontinued,55.75639,-120.25000,1981,1985,"85.2",,N,Flow,Seasonal,N,N,N,ASSUMED DATUM,VANCOUVER,"",N
07FD017,"SWAN LAKE AT THE OUTLET",BC,Discontinued,55.52694,-120.02694,1987,1988,"",,R,Level,Seasonal,N,N,N,ASSUMED DATUM,VANCOUVER,"B.C. MINISTRY OF ENVIRONMENT",Y
07FD018,"TUPPER CREEK BELOW SWAN LAKE",BC,Discontinued,55.49667,-120.03556,1989,1989,"",,N,Flow,Miscellaneous,N,N,N,ASSUMED DATUM,VANCOUVER,"",N
07FD019,"KISKATINAW RIVER BELOW BORDEN CREEK",BC,Active,55.19281,-120.27350,2016,2024,"",,N,Flow and Level,Continuous,N,N,N,ASSUMED DATUM,VANCOUVER,"",N
07FDX02,"PEACE RIVER NEAR TAYLOR (AUXILIARY GAUGE)",BC,Active,56.13583,-120.67028,2011,2024,"101000",,R,Flow and Level,Continuous,N,N,Y,ASSUMED DATUM,VANCOUVER,"",N
07GC001,"WAPITI RIVER ABOVE MISTANUSK CREEK",BC,Discontinued,54.69861,-120.05833,1982,1982,"2400",,N,Flow,Seasonal,N,N,N,ASSUMED DATUM,VANCOUVER,"",N
08BB001,"TAKU RIVER NEAR TULSEQUAH",BC,Discontinued,58.63889,-133.54028,1966,1987,"15500",,N,Flow,Continuous,Y,N,N,ASSUMED DATUM,VANCOUVER,"",N
08BB002,"SLOKO RIVER NEAR ATLIN",BC,Discontinued,59.10556,-133.66111,1964,1979,"427",,N,Flow,Continuous,N,N,N,ASSUMED DATUM,VANCOUVER,"",N
08BB003,"SLOKO LAKE NEAR ATLIN",BC,Discontinued,59.11111,-133.66389,1954,1979,"",,N,Level,Seasonal,N,N,N,ASSUMED DATUM,VANCOUVER,"",N
08BB004,"NAKONAKE RIVER (WEST FORK) NEAR ATLIN",BC,Discontinued,59.00139,-133.45972,1955,1955,"194",,N,Level,Seasonal,N,N,N,ASSUMED DATUM,VANCOUVER,"",N
08CA001,"SPATSIZI RIVER NEAR THE MOUTH",BC,Discontinued,57.67028,-128.10333,1980,1995,"3400",,N,Flow,Continuous,N,N,N,ASSUMED DATUM,VANCOUVER,"",N
08CA002,"STIKINE RIVER BELOW SPATSIZI RIVER",BC,Discontinued,57.73306,-128.10833,1980,1995,"7690",,N,Flow,Continuous,N,N,N,ASSUMED DATUM,VANCOUVER,"",N
08CA003,"PITMAN RIVER NEAR THE MOUTH",BC,Discontinued,57.98194,-128.42944,1980,1995,"2730",,N,Flow,Continuous,N,N,N,ASSUMED DATUM,VANCOUVER,"",N
08CB001,"STIKINE RIVER ABOVE GRAND CANYON",BC,Discontinued,58.04389,-129.94583,1965,1995,"18800",,N,Flow,Continuous,Y,N,N,ASSUMED DATUM,VANCOUVER,"",N
08CB002,"TANZILLA RIVER NEAR TELEGRAPH CREEK",BC,Discontinued,58.29361,-130.51222,1958,1968,"1600",,N,Flow,Miscellaneous,N,N,N,ASSUMED DATUM,VANCOUVER,"",N
08CC001,"KLAPPAN RIVER NEAR TELEGRAPH CREEK",BC,Discontinued,57.90000,-129.70389,1965,1995,"3550",,N,Flow,Continuous,Y,N,N,ASSUMED DATUM,VANCOUVER,"",N
08CC002,"UNNAMED CREEK AT SITE NO. 10",BC,Discontinued,57.21722,-129.10778,1986,1998,"29.2",,N,Flow,Continuous,N,N,N,ASSUMED DATUM,VANCOUVER,"",N
08CC003,"KLAPPAN RIVER AT HEADWATERS PLATEAU",BC,Discontinued,57.25000,-129.05333,1987,1998,"16.6",,N,Flow,Continuous,N,N,N,ASSUMED DATUM,VANCOUVER,"",N
08CD001,"TUYA RIVER NEAR TELEGRAPH CREEK",BC,Active,58.07225,-130.82645,1965,2024,"3550",,N,Flow and Level,Continuous,Y,Y,Y,ASSUMED DATUM,VANCOUVER,"",N
08CE001,"STIKINE RIVER AT TELEGRAPH CREEK",BC,Active,57.90027,-131.15972,1965,2024,"29000",,N,Flow and Level,Continuous,Y,N,Y,ASSUMED DATUM,VANCOUVER,"",N
08CE004,"CHUTINE RIVER BELOW BARRINGTON RIVER",BC,Discontinued,57.69583,-131.71111,1990,1995,"",,N,Flow,Continuous,N,N,N,ASSUMED DATUM,VANCOUVER,"",N
08CE005,"TAHLTAN RIVER AT THE MOUTH",BC,Active,58.01327,-130.97757,2021,2024,"",,N,Flow and Level,Continuous,N,N,Y,ASSUMED DATUM,VANCOUVER,"",N
08CF001,"STIKINE RIVER ABOVE BUTTERFLY CREEK",BC,Discontinued,57.48611,-131.75000,1971,1995,"36000",,N,Flow,Continuous,Y,N,N,ASSUMED DATUM,VANCOUVER,"",N
08CF002,"STIKINE RIVER ABOVE CHOQUETTE RIVER",BC,Discontinued,56.83000,-131.76583,1983,1984,"",,N,Level,Continuous,Y,N,N,ASSUMED DATUM,VANCOUVER,"",N
08CG001,"ISKUT RIVER BELOW JOHNSON RIVER",BC,Active,56.73444,-131.66899,1965,2024,"9500",,N,Flow and Level,Continuous,Y,Y,Y,ASSUMED DATUM,VANCOUVER,"",N
08CG002,"KINASKAN LAKE NEAR TELEGRAPH CREEK",BC,Discontinued,57.53556,-130.21028,1964,1980,"",,N,Level,Seasonal,N,N,N,ASSUMED DATUM,VANCOUVER,"",N
08CG003,"ISKUT RIVER AT OUTLET OF KINASKAN LAKE",BC,Discontinued,57.53056,-130.17917,1964,1998,"1250",,N,Flow,Continuous,N,N,N,ASSUMED DATUM,VANCOUVER,"",N
08CG004,"ISKUT RIVER ABOVE SNIPPAKER CREEK",BC,Discontinued,56.69861,-130.87306,1967,1995,"7230",,N,Flow,Continuous,Y,N,N,ASSUMED DATUM,VANCOUVER,"",N
08CG005,"MORE CREEK NEAR THE MOUTH",BC,Discontinued,57.04083,-130.40139,1974,1994,"844",,N,Flow,Continuous,Y,N,N,ASSUMED DATUM,VANCOUVER,"",N
08CG006,"FORREST KERR CREEK ABOVE 460 M CONTOUR",BC,Discontinued,56.91556,-130.72083,1972,1994,"311",,N,Flow,Continuous,Y,N,N,ASSUMED DATUM,VANCOUVER,"",N
08CG007,"ISKUT RIVER ABOVE FORREST KERR CREEK",BC,Discontinued,56.74167,-130.61389,1981,1985,"6290",,N,Level,Seasonal,N,N,N,ASSUMED DATUM,VANCOUVER,"",N
08DA003,"MEZIADIN RIVER AT OUTLET OF MEZIADIN LAKE",BC,Discontinued,56.04167,-129.19722,1957,1957,"521",,N,Flow,Miscellaneous,N,N,N,ASSUMED DATUM,VANCOUVER,"",N
08DA005,"SURPRISE CREEK NEAR THE MOUTH",BC,Active,56.10934,-129.47740,1967,2024,"218",,N,Flow and Level,Continuous,N,Y,Y,ASSUMED DATUM,VANCOUVER,"",N
08DA006,"BOWSER RIVER AT BERENDON GLACIER",BC,Discontinued,56.25556,-130.06528,1973,1973,"",,N,Flow,Miscellaneous,Y,N,N,ASSUMED DATUM,VANCOUVER,"",N
08DA007,"SPILL CREEK AT OUTLET OF SUMMIT LAKE",BC,Discontinued,56.23833,-130.07333,1967,1974,"120",,N,Flow,Miscellaneous,N,N,N,ASSUMED DATUM,VANCOUVER,"",N
08DA008,"BOWSER RIVER BELOW BETTY CREEK",BC,Discontinued,56.26778,-130.05889,1982,1983,"",,N,Flow,Seasonal,N,N,N,ASSUMED DATUM,VANCOUVER,"",N
08DA009,"CRAVEN CREEK NEAR THE MOUTH",BC,Discontinued,56.96806,-129.46583,1986,1998,"118",,N,Flow,Continuous,N,N,N,ASSUMED DATUM,VANCOUVER,"",N
08DA010,"BELL-IRVING RIVER BELOW BOWSER RIVER",BC,Discontinued,56.27917,-129.14444,1989,1998,"5160",,N,Flow,Continuous,N,N,N,ASSUMED DATUM,VANCOUVER,"",N
08DA011,"CRASH CREEK NEAR STEWART",BC,Discontinued,56.29444,-129.24167,1997,1999,"",,N,Flow,Continuous,N,N,N,ASSUMED DATUM,VANCOUVER,"",N
08DA012,"KELLY CREEK NEAR STEWART",BC,Active,56.29252,-129.22950,1999,2024,"8.64",,N,Flow and Level,Seasonal,N,N,Y,ASSUMED DATUM,VANCOUVER,"",N
08DB001,"NASS RIVER ABOVE SHUMAL CREEK",BC,Active,55.26225,-129.08503,1929,2024,"18400",,N,Flow and Level,Continuous,N,Y,Y,ASSUMED DATUM,VANCOUVER,"",N
08DB002,"UNION CREEK NEAR PORT SIMPSON",BC,Discontinued,54.66250,-130.26250,1929,1931,"60.3",,N,Flow,Continuous,N,N,N,,VANCOUVER,"",N
08DB003,"FIVE HUNDRED CREEK NEAR KINCOLITH",BC,Discontinued,54.99833,-129.96000,1947,1948,"",,N,Flow,Miscellaneous,N,N,N,,VANCOUVER,"",N
08DB004,"SAWMILL CREEK NEAR KINCOLITH",BC,Discontinued,54.99833,-129.96333,1948,1948,"",,N,Flow,Miscellaneous,N,N,N,ASSUMED DATUM,VANCOUVER,"",N
08DB008,"NASS RIVER AT DAMSITE",BC,Discontinued,55.40417,-129.00833,1956,1957,"17300",,N,Flow,Seasonal,N,N,N,,VANCOUVER,"",N
08DB009,"LIME CREEK BELOW PATSY CREEK",BC,Discontinued,55.42778,-129.43611,1965,1966,"26.9",,N,Flow,Seasonal,N,N,N,ASSUMED DATUM,VANCOUVER,"",N
08DB010,"LIME CREEK NEAR THE MOUTH",BC,Discontinued,55.45500,-129.48000,1976,1998,"39.4",,N,Flow,Continuous,N,N,N,ASSUMED DATUM,VANCOUVER,"",N
08DB011,"KITSAULT RIVER ABOVE KLAYDUC CREEK",BC,Discontinued,55.56111,-129.50306,1981,1998,"242",,N,Flow,Continuous,N,N,N,ASSUMED DATUM,VANCOUVER,"",N
08DB012,"PATSY CREEK NEAR THE MOUTH",BC,Discontinued,55.41889,-129.41583,1987,1998,"4.68",,N,Flow,Continuous,N,N,N,ASSUMED DATUM,VANCOUVER,"",N
08DB013,"ANSEDAGAN CREEK NEAR NEW AIYANSH",BC,Active,55.12986,-129.35494,1997,2024,"26.0",,N,Flow and Level,Continuous,N,Y,Y,ASSUMED DATUM,VANCOUVER,"",N
08DB014,"KSEDIN TRIBUTARY NO. 2 CREEK NEAR NEW AIYANSH",BC,Discontinued,55.01817,-129.34447,1997,2017,"18.0",,N,Flow and Level,Continuous,N,N,N,ASSUMED DATUM,VANCOUVER,"",N
08DC001,"AMERICAN CREEK NEAR STEWART",BC,Discontinued,56.10667,-129.88167,1929,1930,"166",,N,Flow,Seasonal,N,N,N,,VANCOUVER,"",N
08DC002,"GEORGIE RIVER (WEST BRANCH) NEAR STEWART",BC,Discontinued,55.78167,-130.03333,1929,1930,"",,N,Flow,Miscellaneous,N,N,N,ASSUMED DATUM,VANCOUVER,"",N
08DC003,"GEORGIE RIVER NEAR STEWART",BC,Discontinued,55.71333,-130.08167,1929,1930,"",,N,Flow,Miscellaneous,N,N,N,ASSUMED DATUM,VANCOUVER,"",N
08DC006,"BEAR RIVER ABOVE BITTER CREEK",BC,Discontinued,56.04278,-129.92500,1967,1999,"350",,N,Flow,Continuous,N,N,N,ASSUMED DATUM,VANCOUVER,"",N
08DD001,"UNUK RIVER NEAR STEWART",BC,Discontinued,56.35139,-130.69167,1966,1998,"1480",,N,Flow,Continuous,N,N,N,ASSUMED DATUM,VANCOUVER,"",N
08EB001,"SKEENA RIVER AT HAZELTON",BC,Discontinued,55.25694,-127.67556,1916,1916,"",,N,Flow,Miscellaneous,N,N,N,ASSUMED DATUM,VANCOUVER,"",N
08EB003,"SKEENA RIVER AT GLEN VOWELL",BC,Active,55.30106,-127.67256,1960,2024,"26000",,N,Flow and Level,Continuous,N,N,Y,ASSUMED DATUM,VANCOUVER,"",N
08EB004,"KISPIOX RIVER NEAR HAZELTON",BC,Active,55.43385,-127.71616,1967,2024,"1880",,N,Flow and Level,Continuous,N,Y,Y,ASSUMED DATUM,VANCOUVER,"",N
08EB005,"SKEENA RIVER ABOVE BABINE RIVER",BC,Active,55.71708,-127.68672,1970,2024,"12400",,N,Flow and Level,Continuous,N,N,Y,ASSUMED DATUM,VANCOUVER,"",N
08EB006,"COMPASS CREEK NEAR KISPIOX",BC,Discontinued,55.45833,-127.85250,1999,2014,"19.1",,N,Flow and Level,Seasonal,N,N,N,ASSUMED DATUM,VANCOUVER,"",N
08EB007,"KITWANGA RIVER NEAR KITWANGA",BC,Active,55.11640,-128.05392,2021,2024,"",,N,Flow and Level,Seasonal,N,N,Y,ASSUMED DATUM,VANCOUVER,"",N
08EC001,"BABINE RIVER AT BABINE",BC,Active,55.32253,-126.62983,1944,2024,"6350",,N,Flow and Level,Continuous,N,N,Y,ASSUMED DATUM,VANCOUVER,"",N
08EC002,"FULTON RIVER AT THE MOUTH",BC,Discontinued,54.81389,-126.17083,1965,1970,"1400",,R,Flow,Continuous,N,N,N,ASSUMED DATUM,VANCOUVER,"OCEAN SCIENCE AND SURVEYS (DFO) (CANADA)",Y
08EC003,"BABINE LAKE AT TOPLEY LANDING",BC,Active,54.82231,-126.15392,1967,2024,"",,N,Level,Continuous,N,N,Y,ASSUMED DATUM,VANCOUVER,"",N
08EC004,"PINKUT CREEK NEAR TINTAGEL",BC,Active,54.40544,-125.42982,1961,2024,"808",,R,Flow and Level,Continuous,N,N,Y,ASSUMED DATUM,VANCOUVER,"",N
08EC005,"FULTON RIVER AT FULTON LAKE NARROWS",BC,Discontinued,54.80694,-126.30000,1962,1963,"1340",,N,Flow,Seasonal,N,N,N,ASSUMED DATUM,VANCOUVER,"BRITISH COLUMBIA HYDRO AND POWER AUTHORITY",Y
08EC006,"CHAPMAN LAKE NEAR SMITHERS",BC,Discontinued,54.92500,-126.67500,1967,1970,"",,N,Level,Seasonal,N,N,N,ASSUMED DATUM,VANCOUVER,"OCEAN SCIENCE AND SURVEYS (DFO) (CANADA)",Y
08EC007,"FULTON LAKE NEAR SMITHERS",BC,Discontinued,54.80417,-126.21111,1967,1973,"",,R,Level,Continuous,N,N,N,GEODETIC SURVEY OF CANADA DATUM,VANCOUVER,"OCEAN SCIENCE AND SURVEYS (DFO) (CANADA)",Y
08EC008,"MORRISON RIVER AT OUTLET OF MORRISON LAKE",BC,Discontinued,55.17222,-126.30278,1965,1970,"414",,N,Flow,Seasonal,N,N,N,ASSUMED DATUM,VANCOUVER,"OCEAN SCIENCE AND SURVEYS (DFO) (CANADA)",Y
08EC009,"FULTON RIVER AT OUTLET OF CHAPMAN LAKE",BC,Discontinued,54.90000,-126.65000,1967,1970,"332",,N,Flow,Seasonal,N,N,N,ASSUMED DATUM,VANCOUVER,"OCEAN SCIENCE AND SURVEYS (DFO) (CANADA)",Y
08EC010,"BABINE LAKE AT BABINE",BC,Discontinued,55.31667,-126.62500,1972,1977,"",,N,Level,Seasonal,N,N,N,ASSUMED DATUM,VANCOUVER,"",N
08EC011,"BABINE LAKE AT SMITHERS LANDING",BC,Discontinued,55.05278,-126.48611,1972,1977,"",,N,Level,Seasonal,N,N,N,ASSUMED DATUM,VANCOUVER,"",N
08EC012,"BABINE LAKE AT PENDLETON BAY",BC,Discontinued,54.49583,-125.69306,1972,1976,"",,N,Level,Seasonal,N,N,N,ASSUMED DATUM,VANCOUVER,"",N
08EC013,"BABINE RIVER AT OUTLET OF NILKITKWA LAKE",BC,Active,55.42654,-126.69763,1972,2024,"6760",,N,Flow and Level,Continuous,N,N,Y,ASSUMED DATUM,VANCOUVER,"",N
08EC014,"TWAIN CREEK TRIBUTARY NEAR BABINE LAKE",BC,Active,54.55947,-125.91444,1999,2024,"",,N,Flow and Level,Seasonal,N,N,Y,ASSUMED DATUM,VANCOUVER,"",N
08ED001,"NANIKA RIVER AT OUTLET OF KIDPRICE LAKE",BC,Active,53.93033,-127.45169,1950,2024,"732",,N,Flow and Level,Continuous,N,Y,Y,ASSUMED DATUM,VANCOUVER,"",N
08ED002,"MORICE RIVER NEAR HOUSTON",BC,Active,54.11683,-127.42658,1962,2024,"1900",,N,Flow and Level,Continuous,N,N,Y,ASSUMED DATUM,VANCOUVER,"",N
08ED003,"MORICE RIVER AT THE MOUTH",BC,Discontinued,54.38222,-126.74000,1971,1971,"4270",,N,Flow,Continuous,N,N,N,,VANCOUVER,"",N
08ED004,"THAUTIL CORNER CREEK NEAR MORICE LAKE",BC,Active,54.25583,-127.34972,1999,2024,"4.22",,N,Flow and Level,Seasonal,N,N,Y,ASSUMED DATUM,VANCOUVER,"",N
08EE001,"BULKLEY RIVER NEAR HAZELTON",BC,Discontinued,55.25889,-127.60278,1932,1952,"12300",,N,Flow and Level,Seasonal,N,N,N,ASSUMED DATUM,VANCOUVER,"",N
08EE002,"BULKLEY RIVER NEAR HUBERT",BC,Discontinued,54.64861,-126.97361,1916,1916,"7490",,N,Flow,Miscellaneous,N,N,N,,VANCOUVER,"",N
08EE003,"BULKLEY RIVER NEAR HOUSTON",BC,Active,54.39938,-126.71941,1971,2024,"2370",,N,Flow and Level,Continuous,N,N,Y,ASSUMED DATUM,VANCOUVER,"",N
08EE004,"BULKLEY RIVER AT QUICK",BC,Active,54.61861,-126.89997,1931,2024,"7340",,N,Flow and Level,Continuous,Y,N,Y,ASSUMED DATUM,VANCOUVER,"",N
08EE005,"BULKLEY RIVER NEAR SMITHERS",BC,Active,54.76972,-127.13333,1971,2024,"8940",,N,Flow and Level,Continuous,N,N,Y,ASSUMED DATUM,VANCOUVER,"",N
08EE006,"JOHN BROWN CREEK NEAR SMITHERS",BC,Discontinued,55.01028,-127.33278,1947,1949,"79.0",,N,Flow,Continuous,N,N,N,,VANCOUVER,"",N
08EE007,"HOSPITAL SPRING NEAR HAZELTON",BC,Discontinued,55.25444,-127.65111,1948,1949,"",,N,Flow,Seasonal,N,N,N,,VANCOUVER,"",N
08EE008,"GOATHORN CREEK NEAR TELKWA",BC,Active,54.64861,-127.12333,1960,2024,"125",,N,Flow and Level,Continuous,N,Y,Y,ASSUMED DATUM,VANCOUVER,"",N
08EE009,"RICHFIELD CREEK NEAR TOPLEY",BC,Discontinued,54.51639,-126.33444,1966,1974,"173",,N,Flow,Continuous,N,N,N,ASSUMED DATUM,VANCOUVER,"",N
08EE010,"KATHLYN CREEK ABOVE SIMPSON CREEK",BC,Discontinued,54.81250,-127.20139,1973,1979,"24.6",,N,Flow,Seasonal,N,N,N,ASSUMED DATUM,VANCOUVER,"",N
08EE011,"KATHLYN LAKE NEAR SMITHERS",BC,Discontinued,54.81750,-127.19861,1971,1980,"",,N,Level,Continuous,N,N,N,ASSUMED DATUM,VANCOUVER,"",N
08EE012,"SIMPSON CREEK AT THE MOUTH",BC,Active,54.80994,-127.20416,1974,2024,"13.2",,N,Flow and Level,Continuous,N,Y,Y,ASSUMED DATUM,VANCOUVER,"",N
08EE013,"BUCK CREEK AT THE MOUTH",BC,Active,54.39608,-126.65024,1973,2024,"565",,N,Flow and Level,Continuous,N,N,Y,ASSUMED DATUM,VANCOUVER,"",N
08EE014,"CANYON CREEK NEAR SMITHERS",BC,Discontinued,54.79833,-127.11139,1973,1998,"256",,R,Flow,Continuous,N,N,N,ASSUMED DATUM,VANCOUVER,"",N
08EE015,"FOXY CREEK ABOVE LU CREEK",BC,Discontinued,54.21278,-126.25833,1974,1975,"16.1",,N,Flow,Seasonal,N,N,N,ASSUMED DATUM,VANCOUVER,"",N
08EE016,"LU CREEK NEAR THE MOUTH",BC,Discontinued,54.20806,-126.26472,1974,1975,"7.25",,N,Flow,Seasonal,N,N,N,ASSUMED DATUM,VANCOUVER,"",N
08EE017,"WATERFALL CREEK AT NEW HAZELTON",BC,Discontinued,55.24583,-127.59056,1974,1975,"",,N,Flow,Continuous,N,N,N,ASSUMED DATUM,VANCOUVER,"",N
08EE018,"MAXAN CREEK ABOVE BULKLEY LAKE",BC,Discontinued,54.35694,-126.17000,1974,1979,"368",,N,Flow,Continuous,N,N,N,ASSUMED DATUM,VANCOUVER,"",N
08EE019,"MAXAN CREEK AT OUTLET OF MAXAN LAKE",BC,Discontinued,54.31944,-126.11639,1976,1976,"246",,N,Flow,Continuous,N,N,N,ASSUMED DATUM,VANCOUVER,"",N
08EE020,"TELKWA RIVER BELOW TSAI CREEK",BC,Active,54.60736,-127.49720,1975,2024,"367",,N,Flow and Level,Continuous,N,N,Y,ASSUMED DATUM,VANCOUVER,"",N
08EE021,"CYGNET CREEK AT ADAMS ROAD",BC,Discontinued,54.84833,-127.07611,1978,1978,"10.4",,R,Flow,Seasonal,N,N,N,ASSUMED DATUM,VANCOUVER,"",N
08EE022,"DEEP CREEK BELOW GIBSON CREEK",BC,Discontinued,54.59222,-126.83417,1978,1979,"89.9",,R,Flow,Seasonal,N,N,N,ASSUMED DATUM,VANCOUVER,"",N
08EE023,"MCKINNON CREEK ABOVE DIVERSIONS",BC,Discontinued,54.79972,-127.22194,1978,1979,"",,N,Flow,Seasonal,N,N,N,ASSUMED DATUM,VANCOUVER,"",N
08EE024,"CYGNET CREEK ABOVE DIVERSIONS",BC,Discontinued,54.85139,-127.07278,1979,1979,"6.73",,N,Flow,Seasonal,N,N,N,ASSUMED DATUM,VANCOUVER,"",N
08EE025,"TWO MILE CREEK IN DISTRICT LOT 4834",BC,Active,55.29611,-127.62075,1982,2024,"21.2",,N,Flow and Level,Continuous,N,Y,Y,ASSUMED DATUM,VANCOUVER,"",N
08EE026,"TYHEE LAKE NEAR TELKWA",BC,Discontinued,54.72250,-127.05139,1983,1983,"",,N,Level,Seasonal,N,N,N,ASSUMED DATUM,VANCOUVER,"",N
08EE027,"TYHEE CREEK AT OUTLET OF TYHEE LAKE",BC,Discontinued,54.68472,-127.02361,1983,1983,"",,N,Flow,Seasonal,N,N,N,ASSUMED DATUM,VANCOUVER,"",N
08EE028,"STATION CREEK ABOVE DIVERSIONS",BC,Discontinued,55.23028,-127.56750,1985,1998,"10.8",,N,Flow,Continuous,N,N,N,ASSUMED DATUM,VANCOUVER,"",N
08EF001,"SKEENA RIVER AT USK",BC,Active,54.63194,-128.43055,1928,2024,"42300",,N,Flow and Level,Continuous,Y,N,Y,ASSUMED DATUM,VANCOUVER,"",N
08EF002,"MACHLANGUEL CREEK NEAR KITWANGA",BC,Discontinued,55.10583,-128.02778,1949,1950,"",,N,Flow,Continuous,N,N,N,ASSUMED DATUM,VANCOUVER,"",N
08EF003,"ZYMOETZ RIVER NEAR TERRACE",BC,Discontinued,54.53611,-128.45417,1952,1964,"3080",,N,Flow,Continuous,N,N,N,ASSUMED DATUM,VANCOUVER,"",N
08EF004,"KITSEGUECLA RIVER NEAR SKEENA CROSSING",BC,Discontinued,55.09028,-127.81111,1965,1971,"728",,N,Flow,Continuous,N,N,N,ASSUMED DATUM,VANCOUVER,"",N
08EF005,"ZYMOETZ RIVER ABOVE O.K. CREEK",BC,Active,54.49363,-128.32466,1963,2024,"2850",,N,Flow and Level,Continuous,Y,N,Y,ASSUMED DATUM,VANCOUVER,"",N
08EF006,"M3 CREEK NEAR SMITHERS",BC,Active,54.77825,-127.46931,1997,2024,"9.97",,N,Flow and Level,Seasonal,N,N,Y,ASSUMED DATUM,VANCOUVER,"",N
08EFX01,"SKEENA RIVER AT USK TEST",BC,Active,54.63708,-128.40837,2023,2024,"",,,Flow and Level,Continuous,N,N,Y,,VANCOUVER,"",N
08EG001,"BROWN CREEK NEAR PORT ESSINGTON",BC,Discontinued,54.02694,-129.84139,1928,1932,"56.2",,N,Flow,Continuous,N,N,N,,VANCOUVER,"",N
08EG002,"BIG FALLS RIVER NEAR PORT ESSINGTON",BC,Discontinued,53.98389,-129.73139,1928,1930,"248",,R,Flow,Continuous,N,N,N,,VANCOUVER,"",N
08EG003,"KHTADA RIVER NEAR KWINITSA",BC,Discontinued,54.16472,-129.57750,1929,1931,"150",,N,Flow,Seasonal,N,N,N,ASSUMED DATUM,VANCOUVER,"",N
08EG004,"THULME RIVER NEAR PORT SIMPSON",BC,Discontinued,54.49167,-129.99583,1929,1931,"73.6",,N,Flow,Seasonal,N,N,N,,VANCOUVER,"",N
08EG006,"KITSUMKALUM RIVER NEAR TERRACE",BC,Discontinued,54.58194,-128.66028,1932,1952,"2180",,N,Flow,Seasonal,N,N,N,ASSUMED DATUM,VANCOUVER,"",N
08EG007,"LAKELSE RIVER NEAR TERRACE",BC,Discontinued,54.39167,-128.52778,1948,1955,"389",,N,Flow,Seasonal,N,N,N,ASSUMED DATUM,VANCOUVER,"",N
08EG008,"WILLIAMS CREEK NEAR TERRACE",BC,Discontinued,54.41528,-128.53306,1954,1954,"218",,N,Flow,Seasonal,N,N,N,,VANCOUVER,"",N
08EG009,"SKEENA RIVER AT REMO",BC,Discontinued,54.48111,-128.73583,1950,1952,"",,N,Level,Seasonal,N,N,N,ASSUMED DATUM,VANCOUVER,"",N
08EG010,"SCHULBUCKHAND CREEK NEAR TERRACE",BC,Discontinued,54.35417,-128.56389,1953,1955,"54.1",,N,Flow,Seasonal,N,N,N,,VANCOUVER,"",N
08EG011,"ZYMAGOTITZ RIVER NEAR TERRACE",BC,Discontinued,54.51861,-128.72778,1960,1995,"376",,N,Flow,Continuous,N,N,N,ASSUMED DATUM,VANCOUVER,"",N
08EG012,"EXCHAMSIKS RIVER NEAR TERRACE",BC,Active,54.36219,-129.31283,1962,2024,"370",,N,Flow and Level,Continuous,N,Y,Y,ASSUMED DATUM,VANCOUVER,"",N
08EG013,"BONEYARD CREEK AT OUTLET OF RAINBOW LAKE",BC,Discontinued,54.19861,-130.08056,1964,1965,"33.2",,N,Flow,Seasonal,N,N,N,ASSUMED DATUM,VANCOUVER,"",N
08EG014,"RAINBOW LAKE NEAR PRINCE RUPERT",BC,Discontinued,54.19889,-130.08056,1964,1965,"",,N,Level,Seasonal,N,N,N,ASSUMED DATUM,VANCOUVER,"",N
08EG015,"DIANA CREEK NEAR PRINCE RUPERT",BC,Discontinued,54.22944,-130.16139,1973,1973,"",,R,Flow,Miscellaneous,N,N,N,ASSUMED DATUM,VANCOUVER,"",N
08EG016,"KLOIYA RIVER NEAR PRINCE RUPERT",BC,Discontinued,54.24705,-130.17297,1964,2022,"104",,R,Flow and Level,Continuous,N,N,N,ASSUMED DATUM,VANCOUVER,"",N
08EG017,"DEEP CREEK ABOVE RESERVOIR",BC,Discontinued,54.58861,-128.57083,1992,2009,"12.5",,N,Flow,Continuous,N,N,N,ASSUMED DATUM,VANCOUVER,"",N
08EG018,"CLARENCE CREEK NEAR ROSSWOOD",BC,Active,54.99250,-128.80672,1999,2024,"7.16",,N,Flow and Level,Seasonal,N,N,Y,ASSUMED DATUM,VANCOUVER,"",N
08EG019,"KITSUMKALUM RIVER BELOW ALICE CREEK",BC,Active,54.67930,-128.74396,2018,2024,"2070",2070,N,Flow and Level,Continuous,N,N,Y,ASSUMED DATUM,VANCOUVER,"",N
08FA001,"SANDELL RIVER NEAR WADHAMS",BC,Discontinued,51.56917,-127.51000,1923,1932,"130",,N,Flow,Continuous,N,N,N,ASSUMED DATUM,VANCOUVER,"",N
08FA002,"WANNOCK RIVER AT OUTLET OF OWIKENO LAKE",BC,Active,51.67917,-127.17917,1927,2024,"3900",,N,Flow and Level,Continuous,N,N,Y,ASSUMED DATUM,VANCOUVER,"",N
08FA004,"WADHAMS CREEK AT WADHAMS CANNERY",BC,Discontinued,51.51250,-127.51333,1947,1952,"4.92",,N,Flow,Continuous,N,N,N,ASSUMED DATUM,VANCOUVER,"",N
08FA005,"LEVELTON SPRING (WEIR NO. 1) NEAR KATIT VILLAGE",BC,Discontinued,51.68111,-127.22667,1949,1950,"",,N,Flow,Seasonal,N,N,N,ASSUMED DATUM,VANCOUVER,"",N
08FA006,"LEVELTON SPRING (WEIR NO. 2) NEAR KATIT VILLAGE",BC,Discontinued,51.68583,-127.24000,1949,1950,"",,N,Flow,Seasonal,N,N,N,ASSUMED DATUM,VANCOUVER,"",N
08FA007,"OWIKENO LAKE AT RIVERS INLET",BC,Active,51.69218,-127.16739,1961,2024,"",,N,Level,Continuous,N,N,Y,ASSUMED DATUM,VANCOUVER,"",N
08FA008,"WASHWASH RIVER AT THE MOUTH",BC,Discontinued,51.85417,-126.65000,1972,1972,"",,N,Flow,Miscellaneous,N,N,N,ASSUMED DATUM,VANCOUVER,"OCEAN SCIENCE AND SURVEYS (DFO) (CANADA)",Y
08FA009,"GENESEE CREEK AT THE MOUTH",BC,Discontinued,51.65833,-126.67917,1969,1970,"17.4",,N,Flow,Seasonal,Y,N,N,ASSUMED DATUM,VANCOUVER,"OCEAN SCIENCE AND SURVEYS (DFO) (CANADA)",Y
08FB001,"BELLA COOLA RIVER AT BELLA COOLA",BC,Discontinued,52.37750,-126.75500,1928,1930,"5130",,N,Flow,Miscellaneous,N,N,N,ASSUMED DATUM,VANCOUVER,"",N
08FB002,"BELLA COOLA RIVER NEAR HAGENSBORG",BC,Discontinued,52.44222,-126.33222,1947,1968,"4040",,N,Flow,Continuous,N,N,N,ASSUMED DATUM,VANCOUVER,"",N
08FB003,"TASTSQUAN CREEK AT BELLA COOLA",BC,Discontinued,52.36500,-126.75667,1946,1950,"28.4",,N,Flow,Continuous,N,N,N,ASSUMED DATUM,VANCOUVER,"",N
08FB004,"SALLOOMT RIVER NEAR HAGENSBORG",BC,Active,52.42456,-126.52108,1965,2024,"159",,N,Flow and Level,Continuous,N,N,Y,ASSUMED DATUM,VANCOUVER,"",N
08FB005,"NUSATSUM RIVER NEAR HAGENSBORG",BC,Discontinued,52.38944,-126.46028,1965,1996,"269",,N,Flow,Continuous,N,N,N,ASSUMED DATUM,VANCOUVER,"",N
08FB006,"ATNARKO RIVER NEAR THE MOUTH",BC,Active,52.36008,-126.00586,1965,2024,"2550",,N,Flow and Level,Continuous,N,Y,Y,ASSUMED DATUM,VANCOUVER,"",N
08FB007,"BELLA COOLA RIVER ABOVE BURNT BRIDGE CREEK",BC,Discontinued,52.42222,-126.15806,1965,2010,"3720",,N,Flow,Continuous,Y,N,N,ASSUMED DATUM,VANCOUVER,"",N
08FB008,"BELLA COOLA RIVER AT HAGENSBORG",BC,Discontinued,52.39167,-126.55000,1932,1932,"",,N,Flow,Seasonal,N,N,N,ASSUMED DATUM,VANCOUVER,"",N
08FB009,"CLAYTON FALLS CREEK NEAR THE MOUTH",BC,Discontinued,52.36444,-126.80806,1980,1996,"92.5",,N,Flow,Continuous,N,N,N,ASSUMED DATUM,VANCOUVER,"",N
08FB010,"GIBBS BROOK NEAR HAGENSBORG",BC,Discontinued,52.38972,-126.46778,1980,1980,"",,R,Flow,Seasonal,N,N,N,ASSUMED DATUM,VANCOUVER,"",N
08FB011,"BELLA COOLA RIVER ABOVE HAMMER CREEK",BC,Active,52.43922,-126.35244,2011,2024,"",,,Flow and Level,Continuous,N,N,Y,ASSUMED DATUM,VANCOUVER,"",N
08FC001,"DEAN RIVER NEAR OCEAN FALLS",BC,Discontinued,52.81889,-126.94417,1923,1932,"7850",,N,Flow,Continuous,N,N,N,ASSUMED DATUM,VANCOUVER,"",N
08FC002,"NASCALL RIVER NEAR OCEAN FALLS",BC,Discontinued,52.49722,-127.28333,1924,1956,"383",,N,Flow,Seasonal,N,N,N,ASSUMED DATUM,VANCOUVER,"",N
08FC003,"DEAN RIVER BELOW TANSWANKET CREEK",BC,Active,52.88947,-125.77117,1972,2024,"3720",,N,Flow and Level,Continuous,N,N,Y,ASSUMED DATUM,VANCOUVER,"",N
08FC004,"DEAN RIVER ABOVE TOWDYSTAN LAKE",BC,Discontinued,52.26028,-125.08472,1987,1990,"316",,N,Flow,Seasonal,N,N,N,ASSUMED DATUM,VANCOUVER,"",N
08FC005,"DEAN RIVER NEAR ANAHIM LAKE",BC,Discontinued,52.46002,-125.26357,1997,2007,"1060",,N,Flow,Continuous,N,N,N,ASSUMED DATUM,VANCOUVER,"",N
08FD002,"PORT JOHN CREEK NEAR BELLA BELLA",BC,Discontinued,52.12833,-127.83333,1949,1952,"",,N,Flow,Continuous,N,N,N,ASSUMED DATUM,VANCOUVER,"",N
08FE001,"KEMANO RIVER NEAR BUTEDALE",BC,Discontinued,53.50000,-128.08333,1952,1954,"777",,N,Flow,Seasonal,N,N,N,ASSUMED DATUM,VANCOUVER,"",N
08FE002,"KEMANO POWERHOUSE",BC,Active,53.56111,-127.93611,1954,2024,"",,R,Flow,Continuous,N,N,N,ASSUMED DATUM,VANCOUVER,"ALCAN SMELTERS AND CHEMICALS LTD.",Y
08FE003,"KEMANO RIVER ABOVE POWERHOUSE TAILRACE",BC,Active,53.56355,-127.95236,1971,2024,"556",,N,Flow and Level,Continuous,N,Y,Y,ASSUMED DATUM,VANCOUVER,"",N
08FF001,"KITIMAT RIVER BELOW HIRSCH CREEK",BC,Active,54.04872,-128.69051,1964,2024,"1990",,N,Flow and Level,Continuous,Y,N,Y,ASSUMED DATUM,VANCOUVER,"",N
08FF002,"HIRSCH CREEK NEAR THE MOUTH",BC,Active,54.06405,-128.60261,1966,2024,"353",,N,Flow and Level,Continuous,N,N,Y,ASSUMED DATUM,VANCOUVER,"",N
08FF003,"LITTLE WEDEENE RIVER BELOW BOWBYES CREEK",BC,Active,54.13639,-128.69000,1966,2024,"180",,N,Flow and Level,Continuous,N,Y,Y,ASSUMED DATUM,VANCOUVER,"",N
08FF004,"TETLOCK CREEK NEAR KITIMAT",BC,Discontinued,54.23472,-128.26139,1997,1999,"",,N,Flow,Continuous,N,N,N,ASSUMED DATUM,VANCOUVER,"",N
08FF005,"KILOMETRE 18.9 CREEK NEAR KITIMAT",BC,Discontinued,54.21556,-128.22194,1999,2009,"12.7",,N,Flow,Seasonal,N,N,N,ASSUMED DATUM,VANCOUVER,"",N
08FF006,"RENEGADE CREEK NEAR KITIMAT",BC,Active,53.94891,-128.73752,1997,2024,"3.19",,N,Flow and Level,Continuous,N,Y,Y,ASSUMED DATUM,VANCOUVER,"",N
08GA001,"HIXON CREEK AT OUTLET OF BELKNAP LAKE",BC,Discontinued,49.52778,-122.83333,1912,1921,"19.9",,N,Flow,Continuous,N,N,N,ASSUMED DATUM,VANCOUVER,"",N
08GA002,"BRANDT CREEK NEAR VANCOUVER (LOWER STATION)",BC,Discontinued,49.52667,-122.89667,1912,1914,"",,N,Flow,Continuous,N,N,N,ASSUMED DATUM,VANCOUVER,"",N
08GA003,"HIXON CREEK NEAR THE MOUTH",BC,Discontinued,49.51083,-122.88083,1921,1921,"",,N,Flow,Miscellaneous,N,N,N,ASSUMED DATUM,VANCOUVER,"",N
08GA004,"INDIAN RIVER NEAR THE MOUTH",BC,Discontinued,49.48750,-122.88167,1942,1942,"181",,N,Flow,Miscellaneous,N,N,N,,VANCOUVER,"",N
08GA005,"INDIAN RIVER NEAR VANCOUVER (UPPER STATION)",BC,Discontinued,49.55333,-122.93333,1912,1921,"",,N,Flow,Continuous,N,N,N,,VANCOUVER,"",N
08GA006,"NORTON CREEK NEAR VANCOUVER",BC,Discontinued,49.54167,-122.85250,1912,1921,"2.36",,N,Flow,Continuous,N,N,N,ASSUMED DATUM,VANCOUVER,"",N
08GA007,"YOUNG CREEK NEAR VANCOUVER",BC,Discontinued,49.55000,-122.86750,1921,1921,"6.22",,N,Flow,Miscellaneous,N,N,N,ASSUMED DATUM,VANCOUVER,"",N
08GA008,"BRANDT CREEK NEAR VANCOUVER (UPPER STATION)",BC,Discontinued,49.55500,-122.86667,1913,1921,"3.37",,N,Flow,Continuous,N,N,N,ASSUMED DATUM,VANCOUVER,"",N
08GA009,"HIXON CREEK BELOW ANN LAKE",BC,Discontinued,49.54167,-122.83333,1921,1921,"16.8",,N,Flow,Miscellaneous,N,N,N,ASSUMED DATUM,VANCOUVER,"",N
08GA010,"CAPILANO RIVER ABOVE INTAKE",BC,Active,49.39624,-123.14584,1914,2024,"173",,R,Flow and Level,Continuous,Y,N,N,ASSUMED DATUM NO. 1,VANCOUVER,"",N
08GA011,"HIXON CREEK TRIBUTARY",BC,Discontinued,49.52778,-122.83333,1916,1920,"",,N,Flow,Continuous,N,N,N,ASSUMED DATUM,VANCOUVER,"",N
08GA012,"LYNN CREEK NEAR NORTH VANCOUVER",BC,Discontinued,49.36028,-123.02556,1913,1941,"36.3",,R,Flow,Miscellaneous,N,N,N,ASSUMED DATUM,VANCOUVER,"",N
08GA013,"SEYMOUR RIVER ABOVE INTAKE",BC,Discontinued,49.39806,-122.98444,1909,1940,"153",,R,Flow,Miscellaneous,N,N,N,ASSUMED DATUM,VANCOUVER,"",N
08GA014,"CHEAKAMUS RIVER NEAR CHEEKYE",BC,Discontinued,49.79944,-123.15583,1916,1917,"1070",,N,Flow,Miscellaneous,N,N,N,ASSUMED DATUM,VANCOUVER,"",N
08GA015,"FORESTRY CREEK NEAR VANCOUVER",BC,Discontinued,49.53333,-122.90000,1915,1921,"12.2",,N,Flow,Continuous,N,N,N,ASSUMED DATUM,VANCOUVER,"",N
08GA016,"BRANDYWINE CREEK NEAR BREW",BC,Discontinued,50.03667,-123.12000,1922,1923,"46.6",,N,Flow,Miscellaneous,N,N,N,ASSUMED DATUM,VANCOUVER,"",N
08GA017,"CHEAKAMUS RIVER AT GARIBALDI",BC,Discontinued,49.96528,-123.15083,1921,1969,"813",,R,Flow,Seasonal,N,N,N,ASSUMED DATUM,VANCOUVER,"",N
08GA018,"IOCO NO. 2 CREEK NEAR IOCO",BC,Discontinued,49.30389,-122.87361,1918,1919,"",,N,Flow,Seasonal,N,N,N,,VANCOUVER,"",N
08GA019,"IOCO NO. 5 CREEK NEAR IOCO",BC,Discontinued,49.30250,-122.87028,1918,1919,"",,R,Flow,Seasonal,N,N,N,,VANCOUVER,"",N
08GA020,"RAINY RIVER AT THE MOUTH",BC,Discontinued,49.52444,-123.48417,1970,1973,"69.4",,R,Flow,Miscellaneous,N,N,N,ASSUMED DATUM,VANCOUVER,"",N
08GA021,"SEYMOUR RIVER AT SEYMOUR FALLS",BC,Discontinued,49.44028,-122.96528,1927,1927,"148",,N,Flow,Seasonal,N,N,N,,VANCOUVER,"",N
08GA022,"SQUAMISH RIVER NEAR BRACKENDALE",BC,Active,49.79502,-123.20316,1922,2024,"2350",,R,Flow and Level,Continuous,Y,N,Y,ASSUMED DATUM,VANCOUVER,"",N
08GA023,"RUBBLE CREEK NEAR GARIBALDI",BC,Discontinued,49.96500,-123.13194,1923,1960,"74.1",,N,Flow,Miscellaneous,N,N,N,,VANCOUVER,"",N
08GA024,"CHEAKAMUS RIVER NEAR MONS",BC,Discontinued,50.08333,-123.04833,1969,1969,"287",,N,Flow,Miscellaneous,N,N,N,,VANCOUVER,"",N
08GA025,"BURWELL CREEK NEAR NORTH VANCOUVER",BC,Discontinued,49.45806,-122.99083,1929,1929,"",,R,Flow,Miscellaneous,N,N,N,ASSUMED DATUM,VANCOUVER,"",N
08GA026,"CAPILANO RIVER ABOVE EASTCAP CREEK",BC,Active,49.45459,-123.11041,1927,2024,"69.9",,N,Flow and Level,Continuous,Y,N,Y,ASSUMED DATUM,VANCOUVER,"",N
08GA027,"EASTCAP CREEK NEAR THE MOUTH",BC,Discontinued,49.45028,-123.10333,1927,2003,"41.4",,N,Flow,Continuous,N,N,N,ASSUMED DATUM NO. 1,VANCOUVER,"",N
08GA028,"SEYMOUR RIVER AT SEYMOUR FALLS DAM",BC,Discontinued,49.44028,-122.96528,1963,1963,"148",,R,Flow,Miscellaneous,N,N,N,ASSUMED DATUM,VANCOUVER,"",N
08GA030,"SEYMOUR RIVER NEAR NORTH VANCOUVER",BC,Active,49.34198,-123.00212,1929,2024,"179",,R,Flow and Level,Continuous,N,N,Y,ASSUMED DATUM,VANCOUVER,"",N
08GA031,"CAPILANO RIVER AT CANYON",BC,Active,49.35795,-123.11095,1929,2024,"197",,R,Flow and Level,Continuous,N,N,Y,ASSUMED DATUM,VANCOUVER,"",N
08GA032,"GARIBALDI LAKE NEAR GARIBALDI",BC,Discontinued,49.94583,-123.05444,1933,1934,"",,N,Level,Seasonal,N,N,N,ASSUMED DATUM,VANCOUVER,"",N
08GA033,"RUBBLE CREEK BELOW PARNASSUS CREEK",BC,Discontinued,49.94528,-123.06000,1934,1934,"51.8",,N,Flow,Miscellaneous,N,N,N,,VANCOUVER,"",N
08GA034,"LESSER GARIBALDI LAKE NEAR GARIBALDI",BC,Discontinued,49.94583,-123.07361,1932,1934,"",,N,Level,Seasonal,N,N,N,ASSUMED DATUM,VANCOUVER,"",N
08GA035,"BARRIER LAKE NEAR GARIBALDI",BC,Discontinued,49.94778,-123.07861,1932,1933,"",,N,Level,Seasonal,N,N,N,ASSUMED DATUM,VANCOUVER,"",N
08GA036,"DAKOTA CREEK NEAR PORT MELLON",BC,Discontinued,49.51083,-123.49556,1952,1952,"",,N,Flow,Miscellaneous,N,N,N,ASSUMED DATUM,VANCOUVER,"",N
08GA037,"MCNAIR CREEK NEAR PORT MELLON",BC,Discontinued,49.51194,-123.49472,1951,1952,"20.5",,N,Flow,Continuous,N,N,N,,VANCOUVER,"",N
08GA038,"CHANCE CREEK NEAR GARIBALDI",BC,Discontinued,49.95972,-123.16806,1954,1957,"24.9",,N,Flow,Continuous,N,N,N,,VANCOUVER,"",N
08GA039,"CHEEKYE CREEK NEAR BRACKENDALE",BC,Discontinued,49.79583,-123.15000,1957,1957,"57.5",,N,Flow,Miscellaneous,N,N,N,ASSUMED DATUM,VANCOUVER,"",N
08GA040,"CULLITON CREEK NEAR BRACKENDALE",BC,Discontinued,49.87222,-123.17639,1954,1957,"73.8",,N,Flow,Seasonal,N,N,N,ASSUMED DATUM,VANCOUVER,"",N
08GA041,"ELAHO RIVER NEAR SQUAMISH",BC,Discontinued,50.22361,-123.57778,1958,1958,"1100",,N,Flow,Miscellaneous,N,N,N,ASSUMED DATUM,VANCOUVER,"",N
08GA043,"CHEAKAMUS RIVER NEAR BRACKENDALE",BC,Active,49.81603,-123.15008,1957,2024,"965",,R,Flow and Level,Continuous,N,N,Y,ASSUMED DATUM,VANCOUVER,"",N
08GA045,"RAINY RIVER BELOW INTAKE",BC,Discontinued,49.53000,-123.48889,1958,1958,"",,R,Flow,Seasonal,N,N,N,,VANCOUVER,"",N
08GA046,"CHAPMAN CREEK NEAR WILSON CREEK",BC,Discontinued,49.44194,-123.72056,1959,1970,"71.5",,R,Flow,Continuous,N,N,N,,VANCOUVER,"",N
08GA047,"ROBERTS CREEK AT ROBERTS CREEK",BC,Active,49.42083,-123.64022,1959,2024,"32.6",,N,Flow and Level,Continuous,N,N,Y,ASSUMED DATUM,VANCOUVER,"",N
08GA048,"MAMQUAM RIVER NEAR SQUAMISH",BC,Discontinued,49.73111,-123.14361,1960,1967,"378",,N,Level,Continuous,N,N,N,ASSUMED DATUM,VANCOUVER,"",N
08GA049,"MOSQUITO CREEK NEAR NORTH VANCOUVER",BC,Discontinued,49.34417,-123.08667,1967,1977,"5.18",,N,Flow and Level,Continuous,N,N,N,ASSUMED DATUM,VANCOUVER,"",N
08GA050,"CHASTER CREEK ABOVE HIGHWAY NO. 101",BC,Discontinued,49.40667,-123.54056,1965,1965,"",,N,Flow,Seasonal,N,N,N,,VANCOUVER,"",N
08GA051,"LANGDALE CREEK AT HIGHWAY NO. 101 NEAR GIBSONS",BC,Discontinued,49.43333,-123.47861,1965,1968,"",,N,Flow,Seasonal,N,N,N,,VANCOUVER,"",N
08GA052,"NOONS CREEK NEAR PORT MOODY",BC,Discontinued,49.28472,-122.83056,1960,1976,"6.99",,N,Flow,Seasonal,N,N,N,ASSUMED DATUM,VANCOUVER,"",N
08GA053,"SQUAMISH RIVER BELOW MAMQUAM RIVER",BC,Discontinued,49.72222,-123.16500,1966,1998,"",,R,Level,Continuous,Y,N,N,ASSUMED DATUM,VANCOUVER,"",N
08GA054,"MAMQUAM RIVER ABOVE MASHITER CREEK",BC,Discontinued,49.72889,-123.10556,1966,1986,"334",,N,Flow,Continuous,N,N,N,ASSUMED DATUM,VANCOUVER,"",N
08GA055,"RUBBLE CREEK AT OUTLET OF BARRIER LAKE",BC,Discontinued,49.94750,-123.08167,1932,1933,"",,N,Flow,Seasonal,N,N,N,,VANCOUVER,"",N
08GA056,"SENTINEL CREEK ABOVE GARIBALDI LAKE",BC,Discontinued,49.90278,-122.99694,1980,1984,"5.70",,N,Flow,Miscellaneous,Y,N,N,ASSUMED DATUM,VANCOUVER,"",N
08GA057,"MASHITER CREEK NEAR SQUAMISH",BC,Discontinued,49.74056,-123.10500,1975,1981,"38.9",,N,Flow,Seasonal,N,N,N,ASSUMED DATUM,VANCOUVER,"",N
08GA058,"HOP RANCH CREEK ABOVE DRYDEN CREEK",BC,Discontinued,49.75917,-123.12694,1967,1968,"2.85",,R,Flow,Continuous,N,N,N,,VANCOUVER,"",N
08GA059,"COQUITLAM LAKE DIVERSION TO BUNTZEN LAKE",BC,Discontinued,49.36389,-122.85361,1906,1910,"",,R,Flow,Continuous,N,N,N,ASSUMED DATUM,VANCOUVER,"VANCOUVER POWER COMPANY",Y
08GA060,"CHAPMAN CREEK ABOVE SECHELT DIVERSION",BC,Discontinued,49.48222,-123.71083,1970,1993,"64.5",,N,Flow,Continuous,N,N,N,,VANCOUVER,"",N
08GA061,"MACKAY CREEK AT MONTROYAL BOULEVARD",BC,Active,49.35616,-123.09986,1974,2024,"3.63",,N,Flow and Level,Continuous,N,N,Y,ASSUMED DATUM,VANCOUVER,"",N
08GA062,"JAMIESON CREEK AT THE MOUTH",BC,Discontinued,49.52417,-123.01194,1970,2005,"2.85",,N,Flow,Continuous,N,N,N,ASSUMED DATUM,VANCOUVER,"",N
08GA063,"UNNAMED CREEK AT MOUNT SEYMOUR PARKWAY",BC,Discontinued,49.31472,-123.00111,1974,1977,"",,N,Flow,Continuous,N,N,N,ASSUMED DATUM,VANCOUVER,"",N
08GA064,"STAWAMUS RIVER BELOW RAY CREEK",BC,Discontinued,49.70111,-123.09833,1972,1990,"40.4",,N,Flow,Continuous,N,N,N,ASSUMED DATUM,VANCOUVER,"",N
08GA065,"NOONS CREEK AT MERIDIAN SUBSTATION ROAD",BC,Discontinued,49.30278,-122.82278,1976,1996,"2.59",,N,Flow,Continuous,N,N,N,ASSUMED DATUM,VANCOUVER,"",N
08GA067,"MILLAR CREEK NEAR OUTLET OF ALPHA LAKE",BC,Discontinued,50.09528,-123.04222,1980,1985,"14.5",,N,Flow,Seasonal,N,N,N,ASSUMED DATUM,VANCOUVER,"",N
08GA068,"ANNORE CREEK NEAR THE MOUTH",BC,Discontinued,49.32611,-122.85500,1980,1985,"3.39",,R,Flow,Seasonal,N,N,N,ASSUMED DATUM,VANCOUVER,"",N
08GA069,"GRAFTON LAKE ON BOWEN ISLAND",BC,Discontinued,49.37361,-123.36389,1979,1981,"",,R,Level,Continuous,N,N,N,ASSUMED DATUM,VANCOUVER,"B.C. MINISTRY OF ENVIRONMENT",Y
08GA070,"KILLARNEY LAKE ON BOWEN ISLAND",BC,Discontinued,49.38889,-123.35139,1979,1981,"",,R,Level,Continuous,N,N,N,ASSUMED DATUM,VANCOUVER,"B.C. MINISTRY OF ENVIRONMENT",Y
08GA071,"ELAHO RIVER NEAR THE MOUTH",BC,Active,50.11403,-123.42840,1982,2024,"1200",,N,Flow and Level,Continuous,Y,N,Y,ASSUMED DATUM,VANCOUVER,"",N
08GA072,"CHEAKAMUS RIVER ABOVE MILLAR CREEK",BC,Active,50.07991,-123.03562,1982,2024,"297",,N,Flow and Level,Continuous,N,N,Y,ASSUMED DATUM,VANCOUVER,"",N
08GA075,"MAMQUAM RIVER ABOVE RING CREEK",BC,Active,49.72595,-123.10210,1989,2024,"284",,N,Flow and Level,Continuous,N,N,Y,ASSUMED DATUM,VANCOUVER,"",N
08GA076,"STAWAMUS RIVER AT HIGHWAY NO. 99",BC,Active,49.68982,-123.14648,1990,2024,"52.8",,R,Flow and Level,Continuous,N,N,Y,ASSUMED DATUM,VANCOUVER,"",N
08GA077,"SEYMOUR RIVER BELOW ORCHID CREEK",BC,Active,49.52030,-123.00404,1992,2024,"63.0",,N,Flow and Level,Continuous,N,N,Y,ASSUMED DATUM,VANCOUVER,"",N
08GA078,"CHAPMAN CREEK BELOW SECHELT DIVERSION",BC,Discontinued,49.48222,-123.71083,1992,2003,"65.8",,R,Flow,Continuous,N,N,N,ASSUMED DATUM,VANCOUVER,"",N
08GA079,"SEYMOUR RIVER ABOVE LAKEHEAD",BC,Active,49.49717,-122.96912,1995,2024,"82.9",,N,Flow and Level,Continuous,N,N,Y,ASSUMED DATUM,VANCOUVER,"",N
08GAX43,"CHEAKAMUS RIVER NEAR BRACKENDALE (AUXILIARY GAUGE)",BC,Active,49.81603,-123.15008,2013,2024,"",,,Flow,Continuous,N,N,Y,ASSUMED DATUM,VANCOUVER,"",N
08GAX61,"MACKAY CREEK AT MONTROYAL BOULEVARD (PROJECT)",BC,Active,49.35616,-123.09986,2020,2024,"3.63",,,Flow and Level,Continuous,N,N,N,ASSUMED DATUM,VANCOUVER,"",N
08GAX76,"STAWAMUS RIVER AT HIGHWAY NO. 99 (PROJECT)",BC,Active,49.68982,-123.14648,2020,2024,"52.8",,,Flow and Level,Continuous,N,N,N,ASSUMED DATUM,VANCOUVER,"",N
08GAX79,"SEYMOUR RIVER ABOVE LAKEHEAD (PROJECT)",BC,Active,49.49761,-122.97314,2020,2024,"",,N,Flow and Level,Continuous,N,N,N,ASSUMED DATUM,VANCOUVER,"",N
08GB003,"LOIS RIVER BELOW SCANLON DAM",BC,Discontinued,49.79500,-124.31750,1921,1944,"456",,R,Flow,Continuous,N,N,N,ASSUMED DATUM,VANCOUVER,"",N
08GB005,"SLIAMMON CREEK NEAR POWELL RIVER",BC,Discontinued,49.89833,-124.60167,1949,1951,"",,N,Flow,Continuous,N,N,N,,VANCOUVER,"",N
08GB006,"PAQ LAKE CREEK AT MADEIRA PARK",BC,Discontinued,49.62194,-124.02389,1959,1960,"",,N,Flow,Continuous,N,N,N,,VANCOUVER,"",N
08GB007,"LANG CREEK NEAR POWELL RIVER",BC,Discontinued,49.79722,-124.38000,1960,1995,"128",,R,Flow,Continuous,N,N,N,ASSUMED DATUM,VANCOUVER,"",N
08GB008,"PAQ LAKE NEAR MADEIRA PARK",BC,Discontinued,49.61667,-124.02083,1959,1960,"",,N,Level,Continuous,N,N,N,ASSUMED DATUM,VANCOUVER,"",N
08GB009,"EARLE CREEK NEAR EGMONT",BC,Discontinued,49.73750,-123.88083,1971,1973,"22.5",,N,Flow,Miscellaneous,N,N,N,ASSUMED DATUM,VANCOUVER,"",N
08GB010,"HOMESITE CREEK NEAR HALFMOON BAY",BC,Discontinued,49.53194,-123.92917,1976,1981,"",,N,Flow,Continuous,N,N,N,ASSUMED DATUM,VANCOUVER,"",N
08GB011,"TROUT CREEK AT OUTLET OF TROUT LAKE",BC,Discontinued,49.50056,-123.88194,1977,1977,"",,N,Flow,Seasonal,N,N,N,ASSUMED DATUM,VANCOUVER,"B.C. MINISTRY OF ENVIRONMENT",Y
08GB012,"TROUT LAKE AT HALFMOON BAY",BC,Discontinued,49.50056,-123.88194,1977,1977,"",,N,Level,Seasonal,N,N,N,ASSUMED DATUM,VANCOUVER,"B.C. MINISTRY OF ENVIRONMENT",Y
08GB013,"CLOWHOM RIVER NEAR CLOWHOM LAKE",BC,Active,49.78719,-123.42042,1993,2024,"147",,N,Flow and Level,Continuous,N,N,Y,ASSUMED DATUM,VANCOUVER,"",N
08GB014,"HORSESHOE RIVER ABOVE LOIS LAKE",BC,Active,49.87803,-124.27836,2007,2024,"135",,N,Flow and Level,Continuous,N,N,Y,ASSUMED DATUM,VANCOUVER,"",N
08GC003,"TAHUMMING RIVER NEAR TOBA INLET",BC,Discontinued,50.51000,-124.42167,1922,1931,"233",,N,Flow,Continuous,N,N,N,ASSUMED DATUM,VANCOUVER,"",N
08GC004,"THEODOSIA RIVER NEAR BLISS LANDING",BC,Discontinued,50.09278,-124.62278,1979,1994,"140",,R,Flow,Continuous,N,N,N,ASSUMED DATUM NO. 4,VANCOUVER,"",N
08GC005,"THEODOSIA RIVER DIVERSION ABOVE OLSEN LAKE",BC,Active,50.12917,-124.54056,2000,2024,"",,R,Flow and Level,Continuous,N,N,Y,ASSUMED DATUM,VANCOUVER,"",N
08GC006,"THEODOSIA RIVER DIVERSION BYPASS",BC,Active,50.12833,-124.54250,2000,2024,"",,R,Flow and Level,Continuous,N,N,Y,ASSUMED DATUM,VANCOUVER,"",N
08GC007,"THEODOSIA RIVER BELOW OLSEN LAKE DIVERSION",BC,Active,50.12777,-124.54333,2000,2024,"",,R,Flow and Level,Continuous,N,N,Y,ASSUMED DATUM,VANCOUVER,"",N
08GC008,"THEODOSIA RIVER ABOVE SCOTTY CREEK",BC,Active,50.09750,-124.61611,2003,2024,"",,N,Flow and Level,Continuous,N,N,Y,ASSUMED DATUM,VANCOUVER,"",N
08GD002,"TATLAYOKO LAKE NEAR TATLA LAKE",BC,Discontinued,51.65000,-124.40000,1930,1932,"",,N,Level,Continuous,N,N,N,ASSUMED DATUM,VANCOUVER,"",N
08GD003,"HOMATHKO RIVER NEAR TATLA LAKE",BC,Discontinued,51.44500,-124.44917,1930,1932,"648",,N,Flow,Continuous,N,N,N,,VANCOUVER,"",N
08GD004,"HOMATHKO RIVER AT THE MOUTH",BC,Active,50.98636,-124.91864,1957,2024,"5680",,N,Flow and Level,Continuous,Y,Y,Y,ASSUMED DATUM,VANCOUVER,"",N
08GD005,"HOMATHKO RIVER BELOW NUDE CREEK",BC,Discontinued,51.37444,-124.76194,1982,1995,"1960",,N,Flow,Continuous,Y,N,N,ASSUMED DATUM,VANCOUVER,"",N
08GD006,"HOMATHKO RIVER AT TRAGEDY CANYON",BC,Discontinued,51.26611,-124.88694,1962,1995,"4070",,N,Flow,Continuous,Y,N,N,ASSUMED DATUM,VANCOUVER,"",N
08GD007,"MOSLEY CREEK NEAR DUMBELL LAKE",BC,Discontinued,51.40861,-124.93167,1982,1995,"1550",,N,Flow,Continuous,Y,N,N,ASSUMED DATUM,VANCOUVER,"",N
08GD008,"HOMATHKO RIVER AT INLET TO TATLAYOKO LAKE",BC,Active,51.67322,-124.40722,1982,2024,"486",,N,Flow and Level,Continuous,N,N,Y,ASSUMED DATUM,VANCOUVER,"",N
08GD009,"HOMATHKO RIVER BELOW NOSTETUKO RIVER",BC,Discontinued,51.42111,-124.50694,1984,1995,"1550",,N,Flow,Continuous,Y,N,N,ASSUMED DATUM,VANCOUVER,"",N
08GD010,"SOUTHGATE RIVER ABOVE ELLIOT CREEK",BC,Active,50.86167,-124.64389,2021,2024,"",,N,Flow and Level,Continuous,N,N,Y,ASSUMED DATUM,VANCOUVER,"",N
08GE001,"KLINAKLINI RIVER WEST CHANNEL (OVERFLOW) NEAR THE MOUTH",BC,Discontinued,51.14111,-125.61194,1980,1984,"5720",,N,Flow,Continuous,N,N,N,ASSUMED DATUM,VANCOUVER,"",N
08GE002,"KLINAKLINI RIVER EAST CHANNEL (MAIN) NEAR THE MOUTH",BC,Active,51.14478,-125.59436,1977,2024,"5780",,N,Flow and Level,Continuous,N,N,Y,ASSUMED DATUM,VANCOUVER,"",N
08GE003,"ICY CREEK NEAR THE MOUTH",BC,Active,51.22761,-125.67146,1998,2024,"23.0",,N,Flow and Level,Continuous,N,N,Y,ASSUMED DATUM,VANCOUVER,"",N
08GF001,"STAFFORD RIVER NEAR ROY",BC,Discontinued,50.73500,-125.47833,1922,1931,"326",,N,Flow,Seasonal,N,N,N,ASSUMED DATUM,VANCOUVER,"",N
08GF002,"CREEK NO. 2 NEAR KINGCOME INDIAN RESERVE",BC,Discontinued,50.96389,-126.17667,1950,1950,"",,N,Flow,Seasonal,N,N,N,,VANCOUVER,"",N
08GF003,"PHILLIPS LAKE NEAR THURLOW",BC,Discontinued,50.58333,-125.36667,1969,1970,"",,N,Level,Continuous,N,N,N,ASSUMED DATUM,VANCOUVER,"OCEAN SCIENCE AND SURVEYS (DFO) (CANADA)",Y
08GF004,"TOM BROWNE CREEK AT OUTLET OF TOM BROWNE LAKE",BC,Discontinued,50.64583,-125.72500,1972,1972,"",,N,Flow,Continuous,N,N,N,ASSUMED DATUM,VANCOUVER,"CITY OF CALGARY WATER WORKS DEPARTMENT",Y
08GF005,"KIPPAN CREEK NEAR THE MOUTH",BC,Discontinued,51.06831,-126.35844,1998,2010,"54.3",,N,Flow,Continuous,N,N,N,ASSUMED DATUM,VANCOUVER,"",N
08GF006,"MCALISTER CREEK AT THOMPSON SOUND",BC,Discontinued,50.79689,-126.00964,1998,2013,"36.9",,N,Flow and Level,Continuous,N,N,N,ASSUMED DATUM,VANCOUVER,"",N
08GF007,"WAKEMAN RIVER BELOW ATWAYKELLESSE RIVER",BC,Active,51.10278,-126.47500,2006,2024,"698",,N,Flow and Level,Continuous,N,N,Y,ASSUMED DATUM,VANCOUVER,"",N
08GF008,"KINGCOME RIVER ABOVE ATLATZI RIVER",BC,Discontinued,51.01500,-126.12167,2006,2010,"1040",,N,Flow,Continuous,N,N,N,ASSUMED DATUM,VANCOUVER,"",N
08GF009,"KINGCOME RIVER BELOW ATLATZI RIVER",BC,Active,51.00250,-126.11778,2012,2024,"",,,Level,Continuous,N,N,Y,ASSUMED DATUM,VANCOUVER,"",N
08HA001,"CHEMAINUS RIVER NEAR WESTHOLME",BC,Active,48.87836,-123.70464,1914,2024,"355",,N,Flow and Level,Continuous,N,Y,Y,ASSUMED DATUM,VANCOUVER,"",N
08HA002,"COWICHAN RIVER AT LAKE COWICHAN",BC,Active,48.82591,-124.05305,1913,2024,"594",,R,Flow and Level,Continuous,N,N,Y,ASSUMED DATUM,VANCOUVER,"",N
08HA003,"KOKSILAH RIVER AT COWICHAN STATION",BC,Active,48.72783,-123.67081,1914,2024,"209",,N,Flow and Level,Continuous,N,Y,Y,ASSUMED DATUM,VANCOUVER,"",N
08HA004,"SHAWNIGAN CREEK BELOW SHAWNIGAN LAKE",BC,Discontinued,48.65944,-123.63000,1914,1992,"68.8",,R,Flow,Continuous,N,N,N,ASSUMED DATUM,VANCOUVER,"B.C. MINISTRY OF ENVIRONMENT",Y
08HA005,"SOOKE RIVER NEAR SOOKE LAKE",BC,Discontinued,48.51833,-123.70056,1964,1966,"77.7",,R,Flow,Seasonal,N,N,N,ASSUMED DATUM,VANCOUVER,"CITY OF VICTORIA",Y
08HA006,"SOOKE RIVER (VICTORIA WATER SUPPLY)",BC,Discontinued,48.51833,-123.70056,1922,1966,"66.9",,R,Flow,Continuous,N,N,N,ASSUMED DATUM,VANCOUVER,"CITY OF VICTORIA",Y
08HA007,"PELKY SPRING NEAR SAANICHTON",BC,Discontinued,48.59028,-123.38750,1949,1949,"",,N,Flow,Seasonal,N,N,N,,VANCOUVER,"",N
08HA008,"BINGS CREEK NEAR DUNCAN",BC,Discontinued,48.78472,-123.74167,1952,1955,"14.8",,N,Flow,Seasonal,N,N,N,ASSUMED DATUM,VANCOUVER,"",N
08HA009,"COWICHAN LAKE NEAR LAKE COWICHAN",BC,Active,48.82440,-124.06153,1913,2024,"",,R,Level,Continuous,N,N,Y,ASSUMED DATUM,VANCOUVER,"",N
08HA010,"SAN JUAN RIVER NEAR PORT RENFREW",BC,Active,48.57623,-124.31138,1959,2024,"578",,N,Flow and Level,Continuous,Y,N,Y,ASSUMED DATUM,VANCOUVER,"",N
08HA011,"COWICHAN RIVER NEAR DUNCAN",BC,Active,48.77308,-123.71447,1960,2024,"826",,R,Flow and Level,Continuous,N,N,Y,ASSUMED DATUM,VANCOUVER,"",N
08HA013,"SOMENOS LAKE NEAR DUNCAN",BC,Discontinued,48.80361,-123.70722,1961,1989,"",,N,Level,Continuous,N,N,N,ASSUMED DATUM,VANCOUVER,"B.C. MINISTRY OF ENVIRONMENT",Y
08HA014,"SOMENOS CREEK NEAR DUNCAN",BC,Discontinued,48.78556,-123.68333,1921,1969,"63.7",,R,Flow,Miscellaneous,N,N,N,ASSUMED DATUM,VANCOUVER,"",N
08HA015,"AVERILL CREEK NEAR DUNCAN",BC,Discontinued,48.79694,-123.71500,1963,1989,"17.1",,R,Flow,Seasonal,N,N,N,,VANCOUVER,"",N
08HA016,"BINGS CREEK NEAR THE MOUTH",BC,Active,48.78922,-123.72547,1961,2024,"15.5",,N,Flow and Level,Continuous,N,N,Y,ASSUMED DATUM,VANCOUVER,"",N
08HA017,"LEECH RIVER AT THE MOUTH",BC,Discontinued,48.49722,-123.72778,1963,1966,"104",,N,Flow,Continuous,N,N,N,,VANCOUVER,"",N
08HA018,"SOOKE RIVER ABOVE TODD CREEK",BC,Discontinued,48.43194,-123.71250,1963,1965,"",,R,Flow,Seasonal,N,N,N,,VANCOUVER,"",N
08HA019,"PATROLAS CREEK NEAR COWICHAN STATION",BC,Discontinued,48.72361,-123.65778,1965,1965,"",,N,Flow,Miscellaneous,N,N,N,,VANCOUVER,"",N
08HA020,"QUAMICHAN LAKE NEAR DUNCAN",BC,Discontinued,48.79056,-123.67444,1980,1992,"",,N,Level,Seasonal,N,N,N,ASSUMED DATUM,VANCOUVER,"",N
08HA021,"QUAMICHAN CREEK AT OUTLET OF QUAMICHAN LAKE",BC,Discontinued,48.78806,-123.67139,1971,1998,"",,R,Flow,Seasonal,N,N,N,ASSUMED DATUM,VANCOUVER,"",N
08HA022,"BONSALL CREEK ABOVE WHITEHOUSE CREEK",BC,Discontinued,48.85444,-123.71306,1968,1968,"13.0",,N,Flow,Seasonal,N,N,N,ASSUMED DATUM,VANCOUVER,"",N
08HA023,"VEITCH CREEK AT THE MOUTH",BC,Discontinued,48.39111,-123.62194,1969,1970,"24.6",,N,Flow,Seasonal,N,N,N,ASSUMED DATUM,VANCOUVER,"",N
08HA024,"ST. MARY LAKE, SALTSPRING ISLAND",BC,Discontinued,48.89750,-123.54611,1969,1972,"",,N,Level,Seasonal,N,N,N,ASSUMED DATUM,VANCOUVER,"",N
08HA025,"DE MAMIEL CREEK AT THE MOUTH",BC,Discontinued,48.38972,-123.70861,1969,1974,"36.3",,N,Flow,Seasonal,N,N,N,ASSUMED DATUM,VANCOUVER,"",N
08HA026,"CUSHEON CREEK AT OUTLET OF CUSHEON LAKE",BC,Discontinued,48.81167,-123.45444,1976,1998,"12.4",,N,Flow,Continuous,N,N,N,ASSUMED DATUM,VANCOUVER,"",N
08HA027,"DUCK CREEK BELOW OUTLET OF ST. MARY LAKE",BC,Discontinued,48.87611,-123.53889,1970,1970,"8.29",,N,Flow,Seasonal,N,N,N,,VANCOUVER,"",N
08HA028,"NOBLE CREEK AT THE MOUTH",BC,Discontinued,48.54111,-123.36306,1971,1972,"",,N,Flow,Seasonal,N,N,N,,VANCOUVER,"",N
08HA029,"SOOKE RIVER BELOW CHARTERS RIVER",BC,Discontinued,48.41361,-123.71139,1971,1971,"",,R,Flow,Miscellaneous,N,N,N,,VANCOUVER,"",N
08HA031,"TUGWELL CREEK AT THE MOUTH",BC,Discontinued,48.37583,-123.84889,1973,1977,"26.9",,N,Flow,Seasonal,N,N,N,ASSUMED DATUM,VANCOUVER,"",N
08HA032,"SHAWNIGAN LAKE OPPOSITE MEMORY ISLAND",BC,Discontinued,48.60889,-123.64028,1970,1994,"",,R,Level,Seasonal,N,N,N,ASSUMED DATUM,VANCOUVER,"",N
08HA033,"SHAWNIGAN CREEK NEAR MILL BAY",BC,Discontinued,48.65806,-123.56889,1974,2009,"93.9",,R,Flow,Continuous,N,N,N,ASSUMED DATUM,VANCOUVER,"",N
08HA034,"CRAIGFLOWER CREEK BELOW BURNSIDE ROAD, VICTORIA",BC,Discontinued,48.46306,-123.43861,1974,1981,"13.5",,N,Flow,Continuous,N,N,N,ASSUMED DATUM,VANCOUVER,"",N
08HA036,"COWAN BROOK NEAR YOUBOU",BC,Discontinued,48.89556,-124.27778,1975,1979,"0.730",,R,Flow,Seasonal,N,N,N,ASSUMED DATUM,VANCOUVER,"",N
08HA037,"COLQUITZ RIVER AT HYACINTH ROAD",BC,Discontinued,48.46917,-123.40222,1978,1981,"",,R,Flow,Continuous,N,N,N,ASSUMED DATUM,VANCOUVER,"",N
08HA038,"CUSHEON LAKE NEAR GANGES",BC,Discontinued,48.81444,-123.46667,1976,1998,"",,N,Level,Continuous,N,N,N,ASSUMED DATUM,VANCOUVER,"",N
08HA039,"GOLDSTREAM RIVER IN GOLDSTREAM PROVINCIAL PARK",BC,Discontinued,48.46111,-123.55250,1976,1978,"",,R,Flow,Continuous,N,N,N,ASSUMED DATUM,VANCOUVER,"B.C. MINISTRY OF ENVIRONMENT",Y
08HA040,"DEFIANCE CREEK NEAR PORT RENFREW",BC,Discontinued,48.55000,-124.42278,1979,1985,"11.6",,R,Flow,Seasonal,N,N,N,ASSUMED DATUM,VANCOUVER,"",N
08HA041,"QUARANTINE LAKE NEAR METCHOSIN",BC,Discontinued,48.34667,-123.59444,1978,1984,"0.510",,R,Level,Seasonal,N,N,N,ASSUMED DATUM,VANCOUVER,"B.C. MINISTRY OF ENVIRONMENT",Y
08HA042,"BINGS CREEK (WEST BRANCH) NEAR DUNCAN",BC,Discontinued,48.80306,-123.76750,1980,1982,"2.25",,N,Flow,Seasonal,N,N,N,ASSUMED DATUM,VANCOUVER,"",N
08HA043,"BINGS CREEK AT DRINKWATER ROAD",BC,Discontinued,48.80306,-123.76444,1980,1982,"2.99",,N,Flow,Seasonal,N,N,N,ASSUMED DATUM,VANCOUVER,"",N
08HA044,"ST.MARY LAKE AT THE PUMPHOUSE",BC,Discontinued,48.89306,-123.54861,1978,1985,"",,R,Level,Continuous,N,N,N,ASSUMED DATUM,VANCOUVER,"B.C. MINISTRY OF ENVIRONMENT",Y
08HA045,"KOKSILAH RIVER BELOW KELVIN CREEK",BC,Discontinued,48.75583,-123.68333,1981,1982,"282",,N,Flow,Seasonal,N,N,N,ASSUMED DATUM,VANCOUVER,"",N
08HA046,"DUCK CREEK AT OUTLET OF ST. MARY LAKE",BC,Discontinued,48.87556,-123.53833,1980,1998,"5.47",,R,Flow,Seasonal,N,N,N,ASSUMED DATUM,VANCOUVER,"",N
08HA047,"COLQUITZ RIVER AT VIOLET AVENUE",BC,Discontinued,48.46750,-123.39889,1981,1999,"",,R,Flow,Continuous,N,N,N,ASSUMED DATUM,VANCOUVER,"",N
08HA048,"BLACKBURN LAKE ON SALTSPRING ISLAND",BC,Discontinued,48.82083,-123.48194,1982,1984,"",,N,Level,Seasonal,N,N,N,ASSUMED DATUM,VANCOUVER,"B.C. MINISTRY OF ENVIRONMENT",Y
08HA049,"FORD LAKE ON SALTSPRING ISLAND",BC,Discontinued,48.79444,-123.47361,1981,1984,"",,N,Level,Seasonal,N,N,N,ASSUMED DATUM,VANCOUVER,"B.C. MINISTRY OF ENVIRONMENT",Y
08HA050,"STOWELL LAKE ON SALTSPRING ISLAND",BC,Discontinued,48.78056,-123.44722,1981,1984,"",,N,Level,Seasonal,N,N,N,ASSUMED DATUM,VANCOUVER,"B.C. MINISTRY OF ENVIRONMENT",Y
08HA051,"WESTON LAKE ON SALTSPRING ISLAND",BC,Discontinued,48.78333,-123.42778,1981,1983,"",,N,Level,Seasonal,N,N,N,ASSUMED DATUM,VANCOUVER,"B.C. MINISTRY OF ENVIRONMENT",Y
08HA052,"KEMP LAKE NEAR SOOKE",BC,Discontinued,48.38111,-123.77778,1982,1989,"",,N,Level,Seasonal,N,N,N,ASSUMED DATUM,VANCOUVER,"",N
08HA053,"PROSPECT LAKE IN SAANICH",BC,Discontinued,48.51528,-123.44417,1982,1994,"",,N,Level,Seasonal,N,N,N,ASSUMED DATUM,VANCOUVER,"",N
08HA054,"TOD CREEK BELOW PROSPECT LAKE",BC,Discontinued,48.52472,-123.43778,1982,1992,"8.55",,R,Flow,Seasonal,N,N,N,ASSUMED DATUM,VANCOUVER,"",N
08HA055,"FULFORD CREEK ON SALTSPRING ISLAND",BC,Discontinued,48.77472,-123.47028,1983,1994,"11.8",,R,Flow,Seasonal,N,N,N,ASSUMED DATUM,VANCOUVER,"",N
08HA056,"GLENORA CREEK NEAR DUNCAN",BC,Discontinued,48.74611,-123.71278,1983,1989,"20.8",,N,Flow,Seasonal,N,N,N,ASSUMED DATUM,VANCOUVER,"",N
08HA057,"MAXWELL LAKE ON SALTSPRING ISLAND",BC,Discontinued,48.82500,-123.53750,1982,1985,"",,N,Level,Continuous,N,N,N,ASSUMED DATUM,VANCOUVER,"B.C. MINISTRY OF ENVIRONMENT",Y
08HA058,"ROE LAKE ON PENDER ISLAND",BC,Discontinued,48.78111,-123.30278,1982,1984,"",,N,Level,Seasonal,N,N,N,ASSUMED DATUM,VANCOUVER,"B.C. MINISTRY OF ENVIRONMENT",Y
08HA059,"SOOKE RIVER ABOVE CHARTERS RIVER",BC,Discontinued,48.42444,-123.71250,1989,1998,"262",,R,Flow,Continuous,N,N,N,ASSUMED DATUM,VANCOUVER,"",N
08HA060,"SANDHILL CREEK AT PAT BAY HIGHWAY",BC,Discontinued,48.58028,-123.39722,1993,2009,"3.07",,R,Flow,Seasonal,N,N,N,ASSUMED DATUM,VANCOUVER,"",N
08HA063,"HAGAN CREEK NEAR THE MOUTH",BC,Discontinued,48.59111,-123.46056,1995,1997,"",,R,Flow,Continuous,N,N,N,ASSUMED DATUM,VANCOUVER,"",N
08HA064,"METCHOSIN CREEK AT HAPPY VALLEY ROAD",BC,Discontinued,48.40361,-123.54861,1995,2000,"3.97",,N,Flow,Continuous,N,N,N,ASSUMED DATUM,VANCOUVER,"",N
08HA065,"BILSTON CREEK AT GLEN FOREST WAY",BC,Discontinued,48.39944,-123.54861,1995,2000,"",,R,Flow,Continuous,N,N,N,ASSUMED DATUM,VANCOUVER,"",N
08HA066,"WILKEN CREEK NEAR MILL BAY",BC,Discontinued,48.64222,-123.55778,1997,2000,"",,N,Flow,Continuous,N,N,N,ASSUMED DATUM,VANCOUVER,"",N
08HA067,"HANDYSEN CREEK NEAR MILL BAY",BC,Discontinued,48.64417,-123.56944,1997,2000,"3.49",,N,Flow,Continuous,N,N,N,ASSUMED DATUM,VANCOUVER,"",N
08HA068,"GARBAGE CREEK NEAR THE MOUTH",BC,Active,48.57835,-124.10572,1997,2024,"2.88",,N,Flow and Level,Continuous,N,Y,Y,ASSUMED DATUM,VANCOUVER,"",N
08HA069,"RENFREW CREEK NEAR PORT RENFREW",BC,Active,48.63675,-124.29172,1997,2024,"8.12",,N,Flow and Level,Continuous,N,N,Y,ASSUMED DATUM,VANCOUVER,"",N
08HA070,"HARRIS CREEK NEAR LAKE COWICHAN",BC,Active,48.71938,-124.22605,1997,2024,"28.0",,N,Flow and Level,Continuous,N,N,Y,ASSUMED DATUM,VANCOUVER,"",N
08HA071,"GRAHAM CREEK AT STELLY'S CROSS ROAD",BC,Discontinued,48.58167,-123.43194,1997,2001,"5.77",,R,Flow,Continuous,N,N,N,ASSUMED DATUM,VANCOUVER,"",N
08HA072,"COTTONWOOD CREEK HEADWATERS",BC,Active,48.93352,-124.24927,1998,2024,"13.0",,N,Flow and Level,Continuous,N,N,Y,ASSUMED DATUM,VANCOUVER,"",N
08HA073,"BONSALL CREEK NEAR THE MOUTH",BC,Discontinued,48.87722,-123.67889,2003,2005,"",,,Flow,Continuous,N,N,N,ASSUMED DATUM,VANCOUVER,"",N
08HAX03,"KOKSILAH RIVER AT COWICHAN STATION (TEST STATION)",BC,Discontinued,48.72783,-123.67081,2021,2022,"209",,,Flow and Level,Continuous,N,N,N,ASSUMED DATUM,VANCOUVER,"",N
08HB001,"QUALICUM RIVER NEAR BOWSER",BC,Discontinued,49.39417,-124.61500,1913,1974,"148",,R,Flow,Continuous,N,N,N,ASSUMED DATUM,VANCOUVER,"",N
08HB002,"ENGLISHMAN RIVER NEAR PARKSVILLE",BC,Active,49.31611,-124.28527,1915,2024,"319",,R,Flow and Level,Continuous,Y,N,Y,ASSUMED DATUM,VANCOUVER,"",N
08HB003,"HASLAM CREEK NEAR CASSIDY",BC,Discontinued,49.04000,-123.90778,1914,1998,"95.6",,N,Flow,Seasonal,N,N,N,ASSUMED DATUM,VANCOUVER,"",N
08HB004,"LITTLE QUALICUM RIVER AT OUTLET OF CAMERON LAKE",BC,Discontinued,49.29083,-124.58333,1913,2001,"135",,R,Flow,Continuous,N,N,N,ASSUMED DATUM,VANCOUVER,"",N
08HB005,"NANAIMO RIVER NEAR EXTENSION",BC,Discontinued,49.07222,-123.92361,1911,1965,"645",,R,Flow,Miscellaneous,N,N,N,ASSUMED DATUM,VANCOUVER,"",N
08HB006,"PUNTLEDGE RIVER AT COURTENAY",BC,Active,49.68803,-125.03419,1914,2024,"583",,R,Flow and Level,Continuous,N,N,Y,ASSUMED DATUM,VANCOUVER,"",N
08HB007,"PUNTLEDGE RIVER NEAR CUMBERLAND",BC,Discontinued,49.66389,-125.09306,1914,1953,"453",,R,Flow,Continuous,N,N,N,ASSUMED DATUM,VANCOUVER,"CANADIAN COLLIERS (DUNSMUIR) LIMITED",Y
08HB008,"SPROAT RIVER NEAR ALBERNI",BC,Active,49.28972,-124.91028,1913,2024,"351",,R,Flow and Level,Continuous,N,N,Y,ASSUMED DATUM,VANCOUVER,"",N
08HB009,"STAMP RIVER NEAR GREAT CENTRAL",BC,Discontinued,49.33925,-124.97747,1913,2000,"456",,R,Flow,Continuous,N,N,N,ASSUMED DATUM,VANCOUVER,"",N
08HB010,"STAMP RIVER NEAR ALBERNI",BC,Discontinued,49.33500,-124.92083,1914,1978,"899",,R,Flow,Continuous,N,N,N,ASSUMED DATUM,VANCOUVER,"",N
08HB011,"TSOLUM RIVER NEAR COURTENAY",BC,Active,49.70586,-125.01147,1914,2024,"251",,R,Flow and Level,Continuous,N,N,Y,ASSUMED DATUM,VANCOUVER,"",N
08HB012,"NAHMINT RIVER NEAR PORT ALBERNI",BC,Discontinued,49.12278,-124.99000,1924,1931,"140",,N,Flow,Continuous,N,N,N,ASSUMED DATUM,VANCOUVER,"",N
08HB014,"SARITA RIVER NEAR BAMFIELD",BC,Active,48.89250,-124.96944,1950,2024,"162",,N,Flow and Level,Continuous,N,N,Y,ASSUMED DATUM,VANCOUVER,"",N
08HB015,"SPROAT LAKE NEAR ALBERNI",BC,Discontinued,49.28472,-124.91667,1913,1996,"",,R,Level,Continuous,N,N,N,ASSUMED DATUM,VANCOUVER,"",N
08HB016,"ASH RIVER NEAR GREAT CENTRAL",BC,Discontinued,49.39556,-125.07639,1957,1966,"293",,R,Flow,Continuous,N,N,N,ASSUMED DATUM,VANCOUVER,"",N
08HB017,"SOMASS RIVER NEAR ALBERNI",BC,Active,49.27639,-124.85500,1957,2024,"1280",,R,Flow and Level,Continuous,N,N,Y,ASSUMED DATUM,VANCOUVER,"",N
08HB018,"QUALICUM RIVER AT OUTLET OF HORNE LAKE",BC,Discontinued,49.34000,-124.67500,1958,1962,"111",,N,Flow,Continuous,N,N,N,ASSUMED DATUM,VANCOUVER,"",N
08HB019,"CAMERON RIVER NEAR ALBERNI",BC,Discontinued,49.24583,-124.65694,1960,1966,"83.1",,N,Flow,Miscellaneous,N,N,N,ASSUMED DATUM,VANCOUVER,"",N
08HB021,"HORNE LAKE NEAR BOWSER",BC,Discontinued,49.34250,-124.65889,1958,1962,"",,N,Level,Continuous,N,N,N,ASSUMED DATUM,VANCOUVER,"",N
08HB022,"NILE CREEK NEAR BOWSER",BC,Active,49.41853,-124.65239,1959,2024,"15.0",,R,Flow and Level,Continuous,N,N,Y,ASSUMED DATUM,VANCOUVER,"",N
08HB023,"ASH RIVER BELOW MORAN CREEK",BC,Active,49.36992,-124.98411,1959,2024,"387",,R,Flow and Level,Continuous,N,N,Y,ASSUMED DATUM,VANCOUVER,"",N
08HB024,"TSABLE RIVER NEAR FANNY BAY",BC,Discontinued,49.51750,-124.84167,1960,2009,"113",,N,Flow,Continuous,N,N,N,ASSUMED DATUM,VANCOUVER,"",N
08HB025,"BROWNS RIVER NEAR COURTENAY",BC,Active,49.69283,-125.06925,1967,2024,"87.9",,N,Flow and Level,Continuous,N,Y,Y,ASSUMED DATUM,VANCOUVER,"",N
08HB026,"BRANNEN LAKE NEAR WELLINGTON",BC,Discontinued,49.21000,-124.05222,1961,1978,"",,N,Level,Continuous,N,N,N,ASSUMED DATUM,VANCOUVER,"",N
08HB027,"MILLSTONE RIVER NEAR WELLINGTON",BC,Discontinued,49.20611,-124.05222,1961,1974,"46.1",,N,Flow,Continuous,N,N,N,ASSUMED DATUM,VANCOUVER,"",N
08HB028,"LONG LAKE NEAR WELLINGTON",BC,Discontinued,49.21306,-124.02611,1964,1978,"",,N,Level,Continuous,N,N,N,ASSUMED DATUM,VANCOUVER,"",N
08HB029,"LITTLE QUALICUM RIVER NEAR QUALICUM BEACH",BC,Active,49.35460,-124.48340,1960,2024,"237",,R,Flow and Level,Continuous,N,N,Y,ASSUMED DATUM,VANCOUVER,"",N
08HB030,"ENOS CREEK AT OUTLET OF ENOS LAKE",BC,Discontinued,49.28694,-124.15889,1962,1978,"1.68",,R,Flow,Continuous,N,N,N,ASSUMED DATUM,VANCOUVER,"",N
08HB031,"ENOS LAKE NEAR NANOOSE BAY",BC,Discontinued,49.28694,-124.15889,1962,1978,"",,R,Level,Continuous,N,N,N,ASSUMED DATUM,VANCOUVER,"",N
08HB032,"MILLSTONE RIVER AT NANAIMO",BC,Active,49.17739,-123.96903,1961,2024,"86.2",,N,Flow and Level,Continuous,N,N,Y,ASSUMED DATUM,VANCOUVER,"",N
08HB033,"NANAIMO RIVER ABOVE ROCKYRUN CREEK",BC,Discontinued,49.08389,-124.39806,1965,1967,"75.6",,R,Flow,Miscellaneous,N,N,N,ASSUMED DATUM,VANCOUVER,"",N
08HB034,"NANAIMO RIVER NEAR CASSIDY",BC,Active,49.06861,-123.88694,1965,2024,"676",,R,Flow and Level,Continuous,N,N,Y,ASSUMED DATUM,VANCOUVER,"",N
08HB035,"CHERRY CREEK NEAR PORT ALBERNI",BC,Discontinued,49.27361,-124.78389,1968,1969,"17.1",,N,Flow,Seasonal,N,N,N,,VANCOUVER,"",N
08HB036,"BEAVER CREEK NEAR ALBERNI",BC,Discontinued,49.32361,-124.88778,1969,1981,"",,N,Flow,Seasonal,N,N,N,ASSUMED DATUM,VANCOUVER,"",N
08HB037,"ROSEWALL CREEK AT THE MOUTH",BC,Discontinued,49.46278,-124.77278,1968,1978,"43.3",,N,Flow,Continuous,N,N,N,ASSUMED DATUM,VANCOUVER,"",N
08HB038,"FRENCH CREEK AT COOMBS",BC,Discontinued,49.30472,-124.42500,1969,1989,"58.3",,N,Flow,Seasonal,N,N,N,ASSUMED DATUM,VANCOUVER,"",N
08HB039,"NANOOSE CREEK AT THE MOUTH",BC,Discontinued,49.26500,-124.20361,1970,1972,"",,N,Flow,Seasonal,N,N,N,,VANCOUVER,"",N
08HB040,"KNARSTON CREEK AT SUPERIOR ROAD",BC,Discontinued,49.24778,-124.10083,1970,1971,"3.89",,N,Flow,Seasonal,N,N,N,,VANCOUVER,"",N
08HB041,"JUMP CREEK AT THE MOUTH",BC,Active,49.02497,-124.18681,1972,2024,"62.2",,R,Flow and Level,Continuous,N,N,Y,ASSUMED DATUM,VANCOUVER,"",N
08HB042,"ROY CREEK AT CUMBERLAND ROAD",BC,Discontinued,49.63944,-124.95111,1971,1971,"",,N,Flow,Seasonal,N,N,N,,VANCOUVER,"",N
08HB043,"BEAR CREEK AT BRYSON ROAD",BC,Discontinued,49.37111,-124.93111,1971,2000,"11.4",,N,Flow,Seasonal,N,N,N,ASSUMED DATUM,VANCOUVER,"",N
08HB044,"TRENT RIVER NEAR ROYSTON",BC,Discontinued,49.63944,-124.93056,1971,1976,"72.0",,N,Flow,Seasonal,N,N,N,ASSUMED DATUM,VANCOUVER,"",N
08HB045,"GRAHAM CREEK AT THE MOUTH",BC,Discontinued,49.50667,-124.73111,1973,1978,"3.37",,N,Flow,Continuous,N,N,N,ASSUMED DATUM,VANCOUVER,"",N
08HB046,"HOGGAN CREEK AT OUTLET OF HOGGAN LAKE",BC,Discontinued,49.14917,-123.82722,1974,1978,"6.48",,R,Flow,Continuous,N,N,N,ASSUMED DATUM,VANCOUVER,"",N
08HB047,"OGDEN CREEK AT OUTLET OF OGDEN LAKE",BC,Discontinued,49.47944,-124.26667,1974,1978,"1.86",,N,Flow,Continuous,N,N,N,ASSUMED DATUM,VANCOUVER,"",N
08HB048,"CARNATION CREEK AT THE MOUTH",BC,Active,48.91556,-124.99778,1972,2024,"10.3",,N,Flow and Level,Continuous,Y,N,Y,ASSUMED DATUM,VANCOUVER,"",N
08HB050,"BEAVER CREEK ABOVE 180 M CONTOUR",BC,Discontinued,49.35000,-124.88500,1974,1976,"3.89",,N,Flow,Seasonal,N,N,N,ASSUMED DATUM,VANCOUVER,"",N
08HB051,"INDIAN RESERVE CREEK (NORTH FORK) NEAR LANTZVILLE",BC,Discontinued,49.25111,-124.12111,1975,1979,"",,N,Flow,Seasonal,N,N,N,ASSUMED DATUM,VANCOUVER,"",N
08HB052,"INDIAN RESERVE CREEK (SOUTH FORK) NEAR LANTZVILLE",BC,Discontinued,49.25111,-124.12083,1975,1979,"",,N,Flow,Seasonal,N,N,N,ASSUMED DATUM,VANCOUVER,"",N
08HB053,"HOGGAN LAKE ON GABRIOLA ISLAND",BC,Discontinued,49.15333,-123.82611,1974,1978,"",,R,Level,Continuous,N,N,N,ASSUMED DATUM,VANCOUVER,"",N
08HB054,"CHASE RIVER NEAR NANAIMO",BC,Discontinued,49.14778,-123.94333,1979,1979,"",,R,Flow,Miscellaneous,N,N,N,ASSUMED DATUM,VANCOUVER,"",N
08HB055,"QUENNELL LAKE NEAR CEDAR",BC,Discontinued,49.07167,-123.80667,1976,1980,"",,N,Level,Seasonal,N,N,N,ASSUMED DATUM,VANCOUVER,"",N
08HB056,"GRAHAM LAKE ON DENMAN ISLAND",BC,Discontinued,49.51139,-124.75111,1977,1981,"",,N,Level,Seasonal,N,N,N,ASSUMED DATUM,VANCOUVER,"",N
08HB057,"CHICADEE LAKE ON DENMAN ISLAND",BC,Discontinued,49.56083,-124.80889,1977,1981,"",,N,Level,Seasonal,N,N,N,ASSUMED DATUM,VANCOUVER,"",N
08HB058,"OGDEN LAKE ON LASQUETI ISLAND",BC,Discontinued,49.47972,-124.27000,1977,1978,"",,N,Level,Seasonal,N,N,N,ASSUMED DATUM,VANCOUVER,"",N
08HB059,"DEER CREEK AT BEAVER CREEK ROAD NEAR ALBERNI",BC,Discontinued,49.34444,-124.91500,1977,1981,"6.48",,N,Flow,Seasonal,N,N,N,ASSUMED DATUM,VANCOUVER,"",N
08HB060,"NAHMINT LAKE NEAR PORT ALBERNI",BC,Discontinued,49.12278,-124.99000,1983,1983,"",,N,Level,Seasonal,N,N,N,ASSUMED DATUM,VANCOUVER,"B.C. MINISTRY OF ENVIRONMENT",Y
08HB062,"LUGRIN CREEK NEAR PORT ALBERNI",BC,Discontinued,49.27083,-124.83361,1977,1979,"3.89",,N,Flow,Continuous,N,N,N,ASSUMED DATUM,VANCOUVER,"B.C. MINISTRY OF ENVIRONMENT",Y
08HB063,"KITSUCKSUS CREEK ABOVE CHERRY CREEK",BC,Discontinued,49.28444,-124.79944,1978,1981,"21.7",,N,Flow,Seasonal,N,N,N,ASSUMED DATUM,VANCOUVER,"",N
08HB064,"MERCANTILE CREEK NEAR UCLUELET",BC,Discontinued,48.95833,-125.52333,1979,1984,"10.4",,N,Flow,Seasonal,N,N,N,ASSUMED DATUM,VANCOUVER,"",N
08HB066,"PRIEST LAKE NEAR LADYSMITH",BC,Discontinued,49.05500,-123.77111,1979,1980,"",,R,Level,Continuous,N,N,N,ASSUMED DATUM,VANCOUVER,"B.C. MINISTRY OF ENVIRONMENT",Y
08HB068,"MCCOY CREEK NEAR ALBERNI",BC,Discontinued,49.26472,-124.86639,1980,1985,"15.2",,N,Flow,Seasonal,N,N,N,ASSUMED DATUM,VANCOUVER,"",N
08HB069,"CARNATION CREEK AT 150 M CONTOUR",BC,Discontinued,48.92889,-124.94111,1980,2000,"2.53",,N,Flow,Continuous,N,N,N,ASSUMED DATUM,VANCOUVER,"",N
08HB070,"MCCOY LAKE NEAR ALBERNI",BC,Discontinued,49.26500,-124.88417,1981,1985,"",,N,Level,Seasonal,N,N,N,ASSUMED DATUM,VANCOUVER,"",N
08HB071,"HOLDEN LAKE NEAR NANAIMO",BC,Discontinued,49.10889,-123.82917,1980,1985,"",,N,Level,Seasonal,N,N,N,ASSUMED DATUM,VANCOUVER,"B.C. MINISTRY OF ENVIRONMENT",Y
08HB072,"FAWN CREEK NEAR ALBERNI",BC,Discontinued,49.34028,-124.90944,1983,1989,"7.29",,N,Flow,Seasonal,N,N,N,ASSUMED DATUM,VANCOUVER,"",N
08HB073,"BEAR CREEK AT SOMERS ROAD NEAR ALBERNI",BC,Discontinued,49.37278,-124.94944,1982,1987,"1.65",,N,Flow,Seasonal,N,N,N,ASSUMED DATUM,VANCOUVER,"",N
08HB074,"CRUICKSHANK RIVER NEAR THE MOUTH",BC,Active,49.57878,-125.21403,1982,2024,"213",,N,Flow and Level,Continuous,N,N,Y,ASSUMED DATUM NO. 2,VANCOUVER,"",N
08HB075,"DOVE CREEK NEAR THE MOUTH",BC,Active,49.73658,-125.08572,1985,2024,"41.1",,N,Flow and Level,Continuous,N,Y,Y,ASSUMED DATUM,VANCOUVER,"",N
08HB076,"SUGSAW LAKE NEAR BAMFIELD",BC,Discontinued,48.84167,-125.09167,1981,1983,"",,R,Level,Seasonal,N,N,N,ASSUMED DATUM,VANCOUVER,"B.C. MINISTRY OF ENVIRONMENT",Y
08HB077,"CHINA CREEK BELOW MCFARLAND CREEK",BC,Discontinued,49.15972,-124.77500,1990,1995,"98.2",,R,Flow,Seasonal,N,N,N,ASSUMED DATUM,VANCOUVER,"",N
08HB078,"FRENCH CREEK ABOVE PUMPHOUSE",BC,Discontinued,49.34000,-124.37472,1990,1996,"86.6",,N,Flow,Seasonal,N,N,N,ASSUMED DATUM,VANCOUVER,"",N
08HB079,"BONELL CREEK NEAR NANOOSE",BC,Discontinued,49.22361,-124.19667,1990,1991,"",,N,Flow,Continuous,N,N,N,ASSUMED DATUM,VANCOUVER,"",N
08HB080,"ARROWSMITH CREEK AT OUTLET OF ARROWSMITH LAKE",BC,Discontinued,49.22111,-124.53472,1990,1998,"",,N,Flow,Continuous,N,N,N,ASSUMED DATUM,VANCOUVER,"",N
08HB082,"COMOX LAKE NEAR COURTENAY",BC,Active,49.64214,-125.09166,1993,2024,"",,N,Level,Continuous,N,N,Y,ASSUMED DATUM,VANCOUVER,"",N
08HB083,"COURTENAY RIVER AT 5TH AVENUE BRIDGE",BC,Active,49.69225,-124.99577,1993,2024,"858",,R,Level,Continuous,N,N,Y,ASSUMED DATUM,VANCOUVER,"",N
08HB084,"PUNTLEDGE RIVER BELOW DIVERSION",BC,Active,49.66833,-125.08722,1993,2024,"479",,R,Flow and Level,Continuous,N,N,Y,ASSUMED DATUM,VANCOUVER,"",N
08HB086,"TOFINO CREEK NEAR THE MOUTH",BC,Active,49.25083,-125.58333,1995,2024,"38.6",,N,Flow and Level,Continuous,N,Y,Y,ASSUMED DATUM,VANCOUVER,"",N
08HB087,"COMOX HARBOUR AT GOOSE SPIT",BC,Active,49.66389,-124.91736,1993,2024,"",,N,Level,Continuous,N,N,Y,ASSUMED DATUM,VANCOUVER,"",N
08HB088,"MARION CREEK NEAR UCLUELET",BC,Discontinued,49.20583,-125.31750,2002,2007,"",,N,Flow,Continuous,N,N,N,ASSUMED DATUM,VANCOUVER,"",N
08HB089,"TSOLUM RIVER BELOW MUREX CREEK",BC,Discontinued,49.80881,-125.19503,1997,2015,"86.8",,N,Flow and Level,Continuous,N,N,N,ASSUMED DATUM,VANCOUVER,"",N
08HB090,"HEADQUARTERS CREEK ABOVE TSOLUM RIVER",BC,Discontinued,49.76611,-125.12083,1997,1999,"",,R,Flow,Continuous,N,N,N,ASSUMED DATUM,VANCOUVER,"",N
08HB091,"PYRRHOTITE CREEK AT BRANCH 126",BC,Discontinued,49.77389,-125.30472,1997,1999,"",,N,Flow,Continuous,N,N,N,ASSUMED DATUM,VANCOUVER,"",N
08HB092,"SOUTH NANAIMO RIVER NEAR JUNCTION",BC,Active,49.06016,-124.12629,1997,2024,"211",,R,Flow and Level,Continuous,N,N,Y,ASSUMED DATUM,VANCOUVER,"",N
08HB093,"NAHMINT RIVER ABOVE BEVERLY CREEK",BC,Discontinued,49.21806,-125.16639,1999,1999,"",,N,Flow,Continuous,N,N,N,ASSUMED DATUM,VANCOUVER,"",N
08HB094,"NAHMINT RIVER SOUTH TRIBUTARY AT MOUTH",BC,Discontinued,49.23000,-125.22889,1999,1999,"",,N,Flow,Continuous,N,N,N,ASSUMED DATUM,VANCOUVER,"",N
08HB095,"NAHMINT RIVER SOUTH TRIBUTARY MID VALLEY",BC,Discontinued,49.20556,-125.24222,1999,1999,"",,N,Flow,Continuous,N,N,N,ASSUMED DATUM,VANCOUVER,"",N
08HB096,"NAHMINT RIVER NORTH TRIBUTARY AT MOUTH",BC,Discontinued,49.22611,-125.22694,1999,1999,"",,N,Flow,Continuous,N,N,N,ASSUMED DATUM,VANCOUVER,"",N
08HB097,"NAHMINT RIVER NORTH TRIBUTARY MID VALLEY",BC,Discontinued,49.23361,-125.25361,1999,1999,"",,N,Flow,Continuous,N,N,N,ASSUMED DATUM,VANCOUVER,"",N
08HB098,"NAHMINT RIVER TRIBUTARY TO NORTH TRIBUTARY MID VALLEY",BC,Discontinued,49.24528,-125.24639,1998,1999,"",,N,Flow,Continuous,N,N,N,ASSUMED DATUM,VANCOUVER,"",N
08HB099,"CHASE RIVER LOWER SPILLWAY",BC,Discontinued,49.14972,-123.96056,2004,2005,"",,R,Flow,Miscellaneous,N,N,N,ASSUMED DATUM,VANCOUVER,"",N
08HBX74,"CRUICKSHANK RIVER NEAR THE MOUTH NEW LOCATION",BC,Discontinued,49.57878,-125.21403,2012,2014,"213",,,Flow and Level,Continuous,N,N,N,,VANCOUVER,"",N
08HBX87,"COMOX HARBOUR AT GOOSE SPIT (AUXILIARY GAUGE)",BC,Active,49.66389,-124.91736,2019,2024,"",,N,Level,Continuous,N,N,Y,,VANCOUVER,"",N
08HC001,"GOLD RIVER BELOW UCONA RIVER",BC,Active,49.70231,-126.11141,1956,2024,"992",,R,Flow and Level,Continuous,N,N,Y,ASSUMED DATUM,VANCOUVER,"",N
08HC002,"UCONA RIVER AT THE MOUTH",BC,Discontinued,49.70843,-126.09861,1957,2014,"187",,N,Flow and Level,Continuous,N,N,N,ASSUMED DATUM,VANCOUVER,"",N
08HC003,"SHARP CREEK ON MEARES ISLAND",BC,Discontinued,49.18056,-125.86528,1982,1989,"2.40",,N,Flow,Seasonal,N,N,N,ASSUMED DATUM,VANCOUVER,"",N
08HC004,"BEDWELL RIVER ABOVE URSUS CREEK",BC,Discontinued,49.40444,-125.74750,1990,1999,"114",,N,Flow,Continuous,N,N,N,ASSUMED DATUM,VANCOUVER,"",N
08HC005,"HEBER RIVER NEAR GOLD RIVER",BC,Discontinued,49.81551,-125.98834,1993,2019,"60.0",,R,Flow and Level,Continuous,N,N,N,ASSUMED DATUM,VANCOUVER,"",N
08HC006,"CREST LAKE NEAR HIGHWAY 28",BC,Active,49.84107,-125.90671,1997,2024,"",,N,Flow and Level,Continuous,N,N,Y,ASSUMED DATUM,VANCOUVER,"",N
08HC007,"HEBER DIVERSION NEAR GOLD RIVER",BC,Discontinued,49.85444,-125.95222,1997,2011,"",,R,Flow and Level,Continuous,N,N,N,ASSUMED DATUM,VANCOUVER,"",N
08HC008,"URSUS CREEK NEAR TOFINO",BC,Discontinued,49.37972,-125.54278,1996,1998,"",,N,Flow,Seasonal,N,N,N,ASSUMED DATUM,VANCOUVER,"",N
08HC009,"HESQUIAT POINT CREEK AT HESQUIAT POINT",BC,Discontinued,49.41278,-126.38889,1997,1998,"",,N,Flow,Seasonal,N,N,N,ASSUMED DATUM,VANCOUVER,"",N
08HC010,"CYPRE RIVER NEAR GOLD RIVER",BC,Discontinued,49.36972,-125.86833,1997,1998,"",,N,Flow,Seasonal,N,N,N,ASSUMED DATUM,VANCOUVER,"",N
08HC011,"ATLEO RIVER NEAR GOLD RIVER",BC,Discontinued,49.36944,-126.01222,1997,1998,"",,N,Flow,Seasonal,N,N,N,ASSUMED DATUM,VANCOUVER,"",N
08HD001,"CAMPBELL RIVER AT OUTLET OF CAMPBELL LAKE",BC,Discontinued,50.00222,-125.38889,1910,1949,"1400",,N,Flow,Continuous,N,N,N,ASSUMED DATUM,VANCOUVER,"",N
08HD002,"OYSTER RIVER NEAR CAMPBELL RIVER",BC,Discontinued,49.86889,-125.12361,1916,1917,"363",,N,Flow,Seasonal,N,N,N,ASSUMED DATUM,VANCOUVER,"",N
08HD003,"CAMPBELL RIVER NEAR CAMPBELL RIVER",BC,Discontinued,50.03806,-125.29472,1949,2022,"1470",,R,Flow and Level,Continuous,N,N,N,ASSUMED DATUM NO. 1,VANCOUVER,"",N
08HD004,"CAMPBELL RIVER NEAR QUINSAM",BC,Discontinued,49.96500,-125.58611,1953,1956,"1150",,N,Flow,Continuous,N,N,N,,VANCOUVER,"",N
08HD005,"QUINSAM RIVER NEAR CAMPBELL RIVER",BC,Active,50.02921,-125.30000,1957,2024,"278",,R,Flow and Level,Continuous,N,N,Y,ASSUMED DATUM,VANCOUVER,"",N
08HD006,"SALMON RIVER NEAR SAYWARD",BC,Active,50.31247,-125.90750,1958,2024,"1210",,R,Flow and Level,Continuous,N,N,Y,ASSUMED DATUM,VANCOUVER,"",N
08HD007,"SALMON RIVER ABOVE MEMEKAY RIVER",BC,Active,50.19728,-125.74481,1960,2024,"439",,N,Flow and Level,Continuous,N,N,Y,ASSUMED DATUM,VANCOUVER,"",N
08HD008,"BLACK CREEK NEAR MIRACLE BEACH PARK",BC,Discontinued,49.83139,-125.12417,1968,1968,"72.8",,N,Flow,Seasonal,N,N,N,ASSUMED DATUM,VANCOUVER,"",N
08HD009,"STOWE CREEK NEAR SAYWARD",BC,Discontinued,50.29889,-125.88472,1969,1969,"17.1",,N,Flow,Seasonal,N,N,N,,VANCOUVER,"",N
08HD010,"QUINSAM RIVER BELOW QUINSAM LAKE",BC,Discontinued,49.96250,-125.39444,1957,1970,"231",,R,Flow,Seasonal,N,N,N,ASSUMED DATUM,VANCOUVER,"OCEAN SCIENCE AND SURVEYS (DFO) (CANADA)",Y
08HD011,"OYSTER RIVER BELOW WOODHUS CREEK",BC,Active,49.89458,-125.24175,1974,2024,"302",,N,Flow and Level,Continuous,N,N,Y,ASSUMED DATUM,VANCOUVER,"",N
08HD012,"SPRINGER CREEK NEAR SAYWARD",BC,Discontinued,50.34028,-125.90556,1976,1980,"17.4",,N,Flow,Continuous,N,N,N,ASSUMED DATUM,VANCOUVER,"B.C. MINISTRY OF ENVIRONMENT",Y
08HD013,"BARRON CREEK NEAR BLOEDEL",BC,Discontinued,50.11222,-125.33667,1978,1980,"",,N,Flow,Seasonal,N,N,N,ASSUMED DATUM,VANCOUVER,"",N
08HD014,"BLACK CREEK AT STURGESS ROAD",BC,Discontinued,49.80806,-125.14250,1980,1989,"71.7",,R,Flow,Seasonal,N,N,N,ASSUMED DATUM,VANCOUVER,"",N
08HD015,"SALMON RIVER ABOVE CAMPBELL LAKE DIVERSION",BC,Discontinued,50.09042,-125.67822,1981,2024,"268",,N,Flow and Level,Continuous,N,N,N,ASSUMED DATUM,VANCOUVER,"",N
08HD016,"HYACINTHE CREEK ON QUADRA ISLAND",BC,Discontinued,50.13389,-125.25361,1993,1999,"7.68",,N,Flow,Continuous,N,N,N,ASSUMED DATUM,VANCOUVER,"",N
08HD017,"BASIL BROOK ON CORTES ISLAND",BC,Discontinued,50.11528,-124.91583,1990,1992,"",,N,Flow,Seasonal,N,N,N,ASSUMED DATUM,VANCOUVER,"",N
08HD018,"ELK RIVER ABOVE CAMPBELL LAKE",BC,Active,49.85723,-125.81268,1991,2024,"132",,R,Flow and Level,Continuous,N,N,Y,ASSUMED DATUM,VANCOUVER,"",N
08HD020,"SALMON RIVER DIVERSION NEAR CAMPBELL RIVER",BC,Discontinued,50.09367,-125.66975,1993,2024,"270",,R,Flow and Level,Continuous,N,N,N,ASSUMED DATUM,VANCOUVER,"",N
08HD021,"QUINSAM RIVER AT ARGONAUT BRIDGE",BC,Active,49.92984,-125.50964,1993,2024,"84.2",,R,Flow and Level,Continuous,N,N,Y,ASSUMED DATUM,VANCOUVER,"",N
08HD022,"CAMPBELL RIVER AT CAMPBELL RIVER LODGE",BC,Active,50.03364,-125.26758,1993,2024,"1750",,R,Level,Continuous,N,N,Y,ASSUMED DATUM,VANCOUVER,"",N
08HD023,"LITTLE OYSTER RIVER AT YORKE ROAD",BC,Active,49.91158,-125.23197,1994,2024,"38.0",,N,Flow and Level,Continuous,N,N,Y,ASSUMED DATUM,VANCOUVER,"",N
08HD024,"CAMPBELL RIVER AT ARGONAUT WHARF",BC,Active,50.04228,-125.24717,2009,2024,"",,,Level,Continuous,N,N,Y,ASSUMED DATUM,VANCOUVER,"",N
08HD025,"WOKAS LAKE NEAR CAMPBELL RIVER",BC,Active,49.91028,-125.54639,1997,2024,"",,R,Level,Continuous,N,N,Y,ASSUMED DATUM,VANCOUVER,"",N
08HD026,"QUINSAM DIVERSION NEAR CAMPBELL RIVER",BC,Active,49.94147,-125.52531,1997,2024,"",,R,Flow and Level,Continuous,N,N,Y,ASSUMED DATUM,VANCOUVER,"",N
08HD027,"QUINSAM RIVER BELOW LOWER QUINSAM LAKE",BC,Active,49.92964,-125.33897,1997,2024,"215",,R,Flow and Level,Continuous,N,N,Y,ASSUMED DATUM,VANCOUVER,"",N
08HD029,"CAMPBELL RIVER (SPILLWAY FLOWS AT JOHN HART DAM)",BC,Discontinued,50.04333,-125.33708,2001,2020,"",,R,Flow,Miscellaneous,N,N,N,ASSUMED DATUM,VANCOUVER,"",N
08HD030,"PIGGOTT CREEK AT MOUNT WASHINGTON",BC,Discontinued,49.75000,-125.34028,1993,2005,"8.37",,R,Flow,Continuous,N,N,N,ASSUMED DATUM,VANCOUVER,"",N
08HD031,"UPPER CAMPBELL LAKE AT STRATHCONA DAM",BC,Active,49.99694,-125.58656,2007,2024,"",,R,Level,Continuous,N,N,Y,GEODETIC SURVEY OF CANADA DATUM (LOCAL 1970 ADJ.),VANCOUVER,"",N
08HD032,"SALMON RIVER BELOW CAMPBELL LAKE DIVERSION",BC,Discontinued,50.09367,-125.66975,2009,2023,"",,,Flow and Level,Continuous,N,N,N,ASSUMED DATUM,VANCOUVER,"",N
08HD033,"BUTTLE LAKE ABOVE UPPER CAMPBELL LAKE",BC,Active,49.83575,-125.61606,2011,2024,"",,R,Level,Continuous,N,N,Y,GEODETIC SURVEY OF CANADA DATUM (LOCAL 1970 ADJ.),VANCOUVER,"",N
08HD034,"QUINSAM RIVER DIVERSION HEADPOND",BC,Active,49.93000,-125.52055,2017,2024,"",,,Flow and Level,Continuous,N,N,Y,,VANCOUVER,"",N
08HD035,"CAMPBELL RIVER NEAR CAMPBELL RIVER CABLEWAY",BC,Active,50.03736,-125.28692,2021,2024,"1510",,R,Flow and Level,Continuous,N,N,Y,ASSUMED DATUM,VANCOUVER,"",N
08HDX03,"CAMPBELL RIVER NEAR CAMPBELL RIVER (TEST STATION)",BC,Discontinued,50.03731,-125.28750,2016,2021,"",,,Flow and Level,Continuous,N,N,N,ASSUMED DATUM,VANCOUVER,"",N
08HDX05,"QUINSAM RIVER NEAR CAMPBELL RIVER (AUXILIARY STATION)",BC,Active,50.02921,-125.30000,2021,2024,"278",,,Flow and Level,Continuous,N,N,Y,,VANCOUVER,"",N
08HDX22,"CAMPBELL RIVER AT CAMPBELL RIVER LODGE (AUXILIARY STATION)",BC,Active,50.03364,-125.26758,2021,2024,"1750",,,Level,Continuous,N,N,Y,ASSUMED DATUM,VANCOUVER,"",N
08HDX24,"CAMPBELL RIVER AT ARGONAUT WHARF (AUXILIARY GAUGE)",BC,Active,50.04200,-125.24700,2019,2024,"",,,Level,Continuous,N,N,Y,ASSUMED DATUM,VANCOUVER,"",N
08HDX35,"CAMPBELL RIVER NEAR CAMPBELL RIVER CABLEWAY (AUXILIARY STATION)",BC,Active,50.03736,-125.28692,2021,2024,"1510",,,Flow and Level,Continuous,N,N,Y,ASSUMED DATUM,VANCOUVER,"",N
08HE001,"MARBLE RIVER AT OUTLET OF ALICE LAKE",BC,Active,50.52389,-127.43083,1925,2024,"518",,R,Flow and Level,Continuous,N,N,Y,ASSUMED DATUM,VANCOUVER,"",N
08HE002,"MARBLE RIVER AT OUTLET OF VICTORIA LAKE",BC,Discontinued,50.43028,-127.40389,1925,1953,"122",,R,Flow,Continuous,N,N,N,ASSUMED DATUM,VANCOUVER,"",N
08HE003,"BENSON RIVER NEAR PORT ALICE",BC,Discontinued,50.40111,-127.29778,1925,1931,"228",,N,Flow,Continuous,N,N,N,ASSUMED DATUM,VANCOUVER,"",N
08HE004,"RAGING RIVER NEAR PORT ALICE",BC,Discontinued,50.38944,-127.23139,1925,1926,"117",,N,Flow,Seasonal,N,N,N,,VANCOUVER,"",N
08HE005,"VICTORIA LAKE NEAR PORT ALICE",BC,Discontinued,50.37917,-127.40861,1924,1953,"",,R,Level,Continuous,N,N,N,ASSUMED DATUM,VANCOUVER,"",N
08HE006,"ZEBALLOS RIVER NEAR ZEBALLOS",BC,Active,50.01249,-126.84340,1960,2024,"178",,R,Flow and Level,Continuous,N,N,Y,ASSUMED DATUM,VANCOUVER,"",N
08HE007,"CLANNINICK CREEK AT HEADWATERS",BC,Discontinued,50.10222,-127.39556,1998,2009,"",,N,Flow,Continuous,N,N,N,ASSUMED DATUM,VANCOUVER,"",N
08HE008,"ZEBALLOS RIVER AT MOOK PEAK",BC,Active,50.13569,-126.82006,1998,2024,"14.6",,N,Flow and Level,Continuous,N,N,Y,ASSUMED DATUM,VANCOUVER,"",N
08HE009,"KLASKISH RIVER NEAR KLASKINO INLET",BC,Active,50.29013,-127.69790,1998,2024,"33.3",,N,Flow and Level,Continuous,N,N,Y,ASSUMED DATUM,VANCOUVER,"",N
08HE010,"MCKELVIE CREEK ABOVE INTAKE",BC,Discontinued,49.93867,-126.64148,1998,2014,"19.6",,N,Flow and Level,Continuous,N,N,N,ASSUMED DATUM,VANCOUVER,"",N
08HF001,"KOKISH RIVER AT BEAVER COVE",BC,Discontinued,50.51667,-126.85556,1927,1941,"290",,N,Flow,Continuous,N,N,N,ASSUMED DATUM,VANCOUVER,"",N
08HF002,"NIMPKISH RIVER NEAR ENGLEWOOD",BC,Discontinued,50.52278,-127.01417,1936,1938,"1760",,N,Flow,Seasonal,N,N,N,,VANCOUVER,"",N
08HF003,"KOKISH RIVER BELOW BONANZA RIVER",BC,Discontinued,50.47972,-126.82556,1959,1970,"269",,N,Flow,Continuous,N,N,N,ASSUMED DATUM,VANCOUVER,"BRITISH COLUMBIA HYDRO AND POWER AUTHORITY",Y
08HF004,"TSITIKA RIVER BELOW CATHERINE CREEK",BC,Active,50.44036,-126.57851,1975,2024,"365",,N,Flow and Level,Continuous,Y,Y,Y,ASSUMED DATUM,VANCOUVER,"",N
08HF005,"NIMPKISH RIVER ABOVE WOSS RIVER",BC,Active,50.21483,-126.61081,1990,2024,"783",,N,Flow and Level,Continuous,N,N,Y,ASSUMED DATUM,VANCOUVER,"",N
08HF006,"SAN JOSEF RIVER BELOW SHARP CREEK",BC,Active,50.66933,-128.16840,1990,2024,"64.4",,N,Flow and Level,Continuous,N,N,Y,ASSUMED DATUM,VANCOUVER,"",N
08HF007,"RUSSELL CREEK NEAR THE MOUTH",BC,Discontinued,50.32472,-126.41944,1991,1998,"32.6",,N,Flow,Continuous,N,N,N,ASSUMED DATUM,VANCOUVER,"",N
08HF008,"CATHERINE CREEK NEAR THE MOUTH",BC,Discontinued,50.42472,-126.57889,1991,1999,"46.1",,N,Flow,Continuous,N,N,N,ASSUMED DATUM,VANCOUVER,"",N
08HF011,"GOLD CREEK NEAR WOSS",BC,Discontinued,50.21833,-126.61667,1998,2002,"",,N,Flow,Continuous,N,N,N,ASSUMED DATUM,VANCOUVER,"",N
08HF012,"PUGH CREEK NEAR NAHWITTI LAKE",BC,Active,50.73450,-127.88225,1999,2024,"22.3",,N,Flow and Level,Continuous,N,N,Y,ASSUMED DATUM,VANCOUVER,"",N
08HF013,"SIMPSON CREEK NEAR KOPRINO HARBOUR",BC,Active,50.51245,-127.84200,1999,2024,"16.3",,N,Flow and Level,Continuous,N,N,Y,ASSUMED DATUM,VANCOUVER,"",N
08HF014,"KEOGH RIVER NEAR PORT HARDY",BC,Active,50.67197,-127.34867,2016,2024,"122",,R,Flow and Level,Continuous,N,N,N,ASSUMED DATUM,VANCOUVER,"",N
08HF015,"EVE RIVER BELOW KUNNUM CREEK",BC,Active,50.31629,-126.23243,2019,2024,"",,,Flow and Level,Continuous,N,N,Y,,VANCOUVER,"",N
08JA001,"NECHAKO RIVER AT FORT FRASER",BC,Discontinued,54.05500,-124.56083,1954,1960,"17700",,R,Flow,Miscellaneous,N,N,N,ASSUMED DATUM,VANCOUVER,"",N
08JA002,"OOTSA RIVER AT OOTSA LAKE",BC,Discontinued,53.62500,-125.73333,1931,1952,"4450",,N,Flow,Continuous,N,N,N,ASSUMED DATUM,VANCOUVER,"",N
08JA003,"WHITESAIL RIVER NEAR OOTSA LAKE",BC,Discontinued,53.63889,-126.74889,1930,1952,"1010",,N,Flow,Seasonal,N,N,N,ASSUMED DATUM,VANCOUVER,"",N
08JA004,"TETACHUCK RIVER NEAR OOTSA LAKE",BC,Discontinued,53.35333,-125.56944,1935,1952,"3320",,N,Flow,Seasonal,N,N,N,ASSUMED DATUM,VANCOUVER,"",N
08JA005,"TAHTSA RIVER NEAR OOTSA LAKE",BC,Discontinued,53.75556,-126.70000,1933,1952,"1420",,N,Flow,Seasonal,N,N,N,ASSUMED DATUM,VANCOUVER,"",N
08JA006,"TAHTSA RIVER AT OUTLET OF TAHTSA LAKE",BC,Discontinued,53.68333,-127.23333,1930,1953,"578",,N,Flow,Seasonal,N,N,N,ASSUMED DATUM,VANCOUVER,"",N
08JA007,"NECHAKO RIVER AT OUTLET OF NATALKUZ LAKE",BC,Discontinued,53.42778,-125.11111,1930,1933,"12100",,N,Flow,Miscellaneous,N,N,N,ASSUMED DATUM,VANCOUVER,"",N
08JA008,"OOTSA LAKE NEAR OOTSA LAKE",BC,Discontinued,53.80750,-126.11389,1944,1952,"",,N,Level,Seasonal,N,N,N,ASSUMED DATUM,VANCOUVER,"",N
08JA009,"CHESLATTA RIVER NEAR OOTSA LAKE",BC,Discontinued,53.64333,-124.97500,1951,1951,"1580",,N,Flow,Seasonal,N,N,N,ASSUMED DATUM,VANCOUVER,"",N
08JA010,"NECHAKO RIVER BELOW BIG BEND CREEK",BC,Discontinued,53.56389,-124.86000,1950,1952,"13900",,N,Flow,Continuous,N,N,N,ASSUMED DATUM,VANCOUVER,"",N
08JA011,"NECHAKO RIVER NEAR OOTSA LAKE",BC,Discontinued,53.44444,-125.02778,1949,1950,"",,N,Flow,Seasonal,N,N,N,,VANCOUVER,"",N
08JA013,"SKINS LAKE SPILLWAY, NECHAKO RESERVOIR",BC,Active,53.77083,-125.97056,1956,2024,"",,R,Flow,Continuous,N,N,N,ASSUMED DATUM,VANCOUVER,"ALCAN SMELTERS AND CHEMICALS LTD.",Y
08JA014,"VAN TINE CREEK NEAR THE MOUTH",BC,Discontinued,53.26333,-125.40833,1974,2006,"150",,N,Flow,Continuous,N,N,N,ASSUMED DATUM,VANCOUVER,"",N
08JA015,"LAVENTIE CREEK NEAR THE MOUTH",BC,Active,53.65208,-127.53772,1976,2024,"86.5",,N,Flow and Level,Continuous,N,N,Y,ASSUMED DATUM,VANCOUVER,"",N
08JA016,"MACIVOR CREEK NEAR THE MOUTH",BC,Discontinued,53.80056,-126.36000,1976,1995,"53.4",,N,Flow,Continuous,N,N,N,ASSUMED DATUM,VANCOUVER,"",N
08JA017,"NECHAKO RIVER BELOW CHESLATTA FALLS",BC,Active,53.68550,-124.83928,1980,2024,"15500",,R,Flow and Level,Continuous,N,N,Y,ASSUMED DATUM,VANCOUVER,"",N
08JA018,"CHESLATTA LAKE AT WEST END",BC,Active,53.70778,-125.61106,1981,2024,"",,R,Level,Continuous,N,N,Y,ASSUMED DATUM,VANCOUVER,"",N
08JA019,"CHEDAKUZ CREEK AT THE MOUTH",BC,Discontinued,53.40028,-124.97111,1992,1995,"",,N,Flow,Continuous,N,N,N,ASSUMED DATUM,VANCOUVER,"",N
08JA020,"CHELASLIE RIVER NEAR THE MOUTH",BC,Discontinued,53.46222,-125.86444,1992,1995,"",,N,Flow,Continuous,N,N,N,ASSUMED DATUM,VANCOUVER,"",N
08JA021,"COLES CREEK ABOVE TROITSA CREEK",BC,Discontinued,53.49000,-127.20639,1992,1998,"",,N,Flow,Continuous,N,N,N,ASSUMED DATUM,VANCOUVER,"",N
08JA022,"NECHAKO RESERVOIR AT KENNEY DAM",BC,Discontinued,53.58028,-124.97278,1992,2013,"",,R,Level,Continuous,N,N,N,ASSUMED DATUM,VANCOUVER,"",N
08JA023,"NECHAKO RESERVOIR AT SKINS LAKE SPILLWAY",BC,Active,53.77238,-125.99724,1992,2024,"",,R,Level,Continuous,N,N,Y,ASSUMED DATUM,VANCOUVER,"",N
08JA024,"ENTIAKO RIVER NEAR THE MOUTH",BC,Discontinued,53.34778,-125.35139,1992,1995,"",,N,Flow,Continuous,N,N,N,ASSUMED DATUM,VANCOUVER,"",N
08JA025,"KASALKA CREEK AT THE MOUTH",BC,Discontinued,53.64222,-127.14583,1992,1998,"",,N,Flow,Continuous,N,N,N,ASSUMED DATUM,VANCOUVER,"",N
08JA026,"MOUNT BAPTISTE CREEK BELOW 1040 M CONTOUR",BC,Discontinued,53.65556,-127.39167,1992,1998,"",,N,Flow,Continuous,N,N,N,ASSUMED DATUM,VANCOUVER,"",N
08JA027,"NECHAKO RESERVOIR AT TAHTSA REACH",BC,Discontinued,53.66222,-127.15083,1992,1998,"",,R,Level,Continuous,N,N,N,ASSUMED DATUM,VANCOUVER,"",N
08JA028,"EUTSUK RIVER AT OUTLET OF EUTSUK LAKE",BC,Discontinued,53.23417,-126.11194,1992,2013,"",,N,Flow and Level,Continuous,N,N,N,ASSUMED DATUM,VANCOUVER,"",N
08JA029,"WHITESAIL MIDDLE CREEK NEAR TAHTSA REACH",BC,Active,53.66266,-126.99038,1997,2024,"7.72",,N,Flow and Level,Seasonal,N,N,Y,ASSUMED DATUM,VANCOUVER,"",N
08JA030,"TAHTSA LAKE NEAR KEMANO",BC,Discontinued,53.61722,-127.69417,1999,2013,"",,R,Level,Continuous,N,N,N,ALCAN DATUM,VANCOUVER,"",N
08JB001,"FRANCOIS LAKE AT SOUTHBANK",BC,Discontinued,54.02500,-125.76528,1955,1974,"",,N,Level,Continuous,N,N,N,ASSUMED DATUM,VANCOUVER,"",N
08JB002,"STELLAKO RIVER AT GLENANNAN",BC,Active,54.00780,-125.00892,1929,2024,"3600",,N,Flow and Level,Continuous,N,Y,Y,ASSUMED DATUM,VANCOUVER,"",N
08JB003,"NAUTLEY RIVER NEAR FORT FRASER",BC,Active,54.08507,-124.60085,1952,2024,"6030",,N,Flow and Level,Continuous,N,N,Y,ASSUMED DATUM,VANCOUVER,"",N
08JB004,"ENDAKO RIVER AT ENDAKO",BC,Discontinued,54.08194,-125.02111,1951,1951,"1750",,N,Flow,Miscellaneous,N,N,N,ASSUMED DATUM,VANCOUVER,"",N
08JB005,"FRASER LAKE AT LEJAC",BC,Discontinued,54.06444,-124.76333,1954,1978,"",,N,Level,Continuous,N,N,N,ASSUMED DATUM,VANCOUVER,"",N
08JB006,"NADINA RIVER NEAR NORALEE",BC,Discontinued,53.99722,-126.58750,1950,1958,"1050",,N,Flow,Seasonal,N,N,N,,VANCOUVER,"",N
08JB007,"NADINA LAKE NEAR NORALEE",BC,Active,53.90416,-126.97083,1975,2024,"",,R,Level,Continuous,N,N,Y,ASSUMED DATUM,VANCOUVER,"",N
08JB008,"NADINA RIVER AT OUTLET OF NADINA LAKE",BC,Active,53.90250,-126.95472,1975,2024,"369",,R,Flow and Level,Continuous,N,N,Y,ASSUMED DATUM,VANCOUVER,"",N
08JB011,"FRANCOIS LAKE AT FRANCOIS LAKE",BC,Discontinued,54.05139,-125.75444,1974,1995,"",,N,Level,Continuous,N,N,N,ASSUMED DATUM,VANCOUVER,"",N
08JB012,"ENDAKO RIVER AT OUTLET OF BURNS LAKE",BC,Discontinued,54.17806,-125.48889,1995,2004,"771",,N,Flow,Continuous,N,N,N,ASSUMED DATUM,VANCOUVER,"",N
08JB013,"NORTH BEACH CREEK ABOVE ALLIN CREEK",BC,Active,54.12694,-125.92833,2011,2024,"9.08",,N,Flow and Level,Seasonal,N,N,Y,ASSUMED DATUM,VANCOUVER,"",N
08JB014,"NITHI RIVER NEAR THE MOUTH",BC,Discontinued,53.94194,-124.91556,2000,2002,"",,R,Flow,Continuous,N,N,N,ASSUMED DATUM,VANCOUVER,"",N
08JC001,"NECHAKO RIVER AT VANDERHOOF",BC,Active,54.02673,-124.00865,1956,2024,"25200",,R,Flow and Level,Continuous,Y,N,Y,ASSUMED DATUM,VANCOUVER,"",N
08JC002,"NECHAKO RIVER AT ISLE PIERRE",BC,Active,53.96044,-123.23486,1950,2024,"42700",,R,Flow and Level,Continuous,N,N,Y,ASSUMED DATUM,VANCOUVER,"",N
08JC003,"NECHAKO RIVER BELOW ISLE DE PIERRE RAPIDS",BC,Discontinued,53.91750,-123.25167,1955,1955,"",,R,Level,Seasonal,N,N,N,ASSUMED DATUM,VANCOUVER,"",N
08JC004,"NECHAKO RIVER ABOVE ISLE DE PIERRE RAPIDS",BC,Discontinued,53.93222,-123.25667,1955,1955,"",,R,Level,Seasonal,N,N,N,ASSUMED DATUM,VANCOUVER,"",N
08JC005,"CHILAKO RIVER NEAR PRINCE GEORGE",BC,Discontinued,53.80889,-122.98889,1960,1974,"3390",,N,Flow,Continuous,N,N,N,ASSUMED DATUM,VANCOUVER,"",N
08JC006,"MURRAY CREEK AT VANDERHOOF",BC,Discontinued,54.03000,-124.01528,1968,1974,"125",,R,Flow,Continuous,N,N,N,ASSUMED DATUM,VANCOUVER,"",N
08JC007,"CLEAR CREEK NEAR VANDERHOOF",BC,Discontinued,54.10917,-124.13500,1967,1972,"52.1",,N,Flow,Seasonal,N,N,N,,VANCOUVER,"",N
08JC008,"MURRAY CREEK ABOVE EAST MURRAY CREEK",BC,Discontinued,54.05639,-124.07000,1967,1974,"20.2",,R,Flow,Continuous,N,N,N,ASSUMED DATUM,VANCOUVER,"",N
08JC009,"HOGSBACK CREEK NEAR MAPES",BC,Discontinued,53.90556,-123.86722,1970,1974,"110",,N,Flow,Seasonal,N,N,N,ASSUMED DATUM,VANCOUVER,"",N
08JC010,"STONY CREEK BELOW TACHICK LAKE",BC,Discontinued,53.99306,-124.12111,1977,1979,"451",,N,Flow,Seasonal,N,N,N,ASSUMED DATUM,VANCOUVER,"",N
08JC011,"TRANKLE CREEK NEAR BRAESIDE",BC,Discontinued,54.11611,-124.29528,1977,1977,"",,N,Flow,Seasonal,N,N,N,ASSUMED DATUM,VANCOUVER,"",N
08JC013,"STONY CREEK AT STONY CREEK",BC,Discontinued,53.94111,-124.10694,1981,1984,"342",,N,Flow,Seasonal,N,N,N,ASSUMED DATUM,VANCOUVER,"",N
08JC014,"BEAVERLEY CREEK NEAR THE MOUTH",BC,Discontinued,53.81194,-122.96806,1982,1982,"145",,N,Flow,Seasonal,N,N,N,,VANCOUVER,"",N
08JC015,"BEAVERLEY CREEK AT OUTLET OF NADSILNICH LAKE",BC,Discontinued,53.73389,-122.85139,1983,1984,"",,N,Flow,Continuous,N,N,N,ASSUMED DATUM,VANCOUVER,"",N
08JC016,"NADSILNICH LAKE AT THE OUTLET",BC,Discontinued,53.73389,-122.85139,1985,1987,"",,N,Level,Seasonal,N,N,N,ASSUMED DATUM,VANCOUVER,"B.C. MINISTRY OF ENVIRONMENT",Y
08JC017,"CORKSCREW CREEK NEAR THE MOUTH",BC,Discontinued,53.89686,-124.19800,1997,2007,"",,N,Flow,Continuous,N,N,N,ASSUMED DATUM,VANCOUVER,"",N
08JD006,"DRIFTWOOD RIVER ABOVE KASTBERG CREEK",BC,Active,55.97614,-126.67767,1980,2024,"403",,N,Flow and Level,Continuous,N,Y,Y,ASSUMED DATUM,VANCOUVER,"",N
08JE001,"STUART RIVER NEAR FORT ST. JAMES",BC,Active,54.41686,-124.27062,1935,2024,"14200",,N,Flow and Level,Continuous,N,Y,Y,ASSUMED DATUM,VANCOUVER,"",N
08JE002,"PINCHI CREEK AT PINCHI LAKE",BC,Discontinued,54.59167,-124.49000,1941,1942,"",,N,Flow,Seasonal,N,N,N,,VANCOUVER,"COMINCO LIMITED",Y
08JE003,"STUART LAKE NEAR FORT ST. JAMES",BC,Discontinued,54.45500,-124.28556,1964,1995,"",,N,Level,Continuous,N,N,N,ASSUMED DATUM,VANCOUVER,"",N
08JE004,"TSILCOH RIVER NEAR THE MOUTH",BC,Active,54.61081,-124.24776,1975,2024,"431",,N,Flow and Level,Continuous,N,Y,Y,ASSUMED DATUM,VANCOUVER,"",N
08JE005,"KAZCHEK CREEK NEAR THE MOUTH",BC,Discontinued,54.90028,-125.13806,1979,1990,"881",,N,Flow,Miscellaneous,N,N,N,ASSUMED DATUM,VANCOUVER,"",N
08KA001,"DORE RIVER NEAR MCBRIDE",BC,Active,53.30925,-120.24900,1966,2024,"409",,N,Flow and Level,Continuous,N,N,Y,ASSUMED DATUM,VANCOUVER,"",N
08KA003,"HOLMES RIVER NEAR MCBRIDE",BC,Discontinued,53.25333,-120.05611,1949,1952,"785",,N,Flow,Seasonal,N,N,N,ASSUMED DATUM,VANCOUVER,"",N
08KA004,"FRASER RIVER AT HANSARD",BC,Active,54.07867,-121.85036,1954,2024,"18000",,N,Flow and Level,Continuous,Y,N,Y,ASSUMED DATUM,VANCOUVER,"",N
08KA005,"FRASER RIVER AT MCBRIDE",BC,Active,53.30172,-120.14092,1956,2024,"6890",,N,Flow and Level,Continuous,N,N,Y,ASSUMED DATUM,VANCOUVER,"",N
08KA007,"FRASER RIVER AT RED PASS",BC,Active,52.98628,-119.00667,1955,2024,"1710",,N,Flow and Level,Continuous,N,N,Y,ASSUMED DATUM,VANCOUVER,"",N
08KA008,"MOOSE RIVER NEAR RED PASS",BC,Discontinued,52.92000,-118.80000,1955,1995,"458",,N,Flow,Continuous,N,N,N,ASSUMED DATUM,VANCOUVER,"",N
08KA009,"MCKALE RIVER NEAR 940 M CONTOUR",BC,Active,53.44406,-120.22014,1971,2024,"253",,N,Flow and Level,Continuous,N,Y,Y,ASSUMED DATUM,VANCOUVER,"",N
08KA010,"SWIFT CREEK ABOVE BARRETT CREEK",BC,Discontinued,52.87694,-119.19639,1982,1983,"111",,N,Flow,Miscellaneous,N,N,N,ASSUMED DATUM,VANCOUVER,"",N
08KA011,"MCLENNAN RIVER NEAR THE MOUTH",BC,Discontinued,52.96111,-119.45806,1981,1985,"534",,N,Flow,Seasonal,N,N,N,ASSUMED DATUM,VANCOUVER,"",N
08KA012,"SWIFT CREEK NEAR THE MOUTH",BC,Discontinued,52.83833,-119.26667,1985,1998,"132",,N,Flow,Continuous,N,N,N,ASSUMED DATUM,VANCOUVER,"",N
08KA013,"MORKILL RIVER BELOW HELLROARING CREEK",BC,Active,53.68167,-120.59139,1997,2024,"1260",,N,Flow and Level,Continuous,N,N,Y,ASSUMED DATUM,VANCOUVER,"",N
08KB001,"FRASER RIVER AT SHELLEY",BC,Active,54.00367,-122.62475,1950,2024,"32400",,N,Flow and Level,Continuous,N,N,Y,ASSUMED DATUM,VANCOUVER,"",N
08KB002,"FRASER RIVER AT GISCOME CANYON",BC,Discontinued,54.24611,-122.40222,1955,1955,"",,N,Level,Seasonal,N,N,N,ASSUMED DATUM,VANCOUVER,"",N
08KB003,"MCGREGOR RIVER AT LOWER CANYON",BC,Active,54.23117,-121.66875,1961,2024,"4780",,N,Flow and Level,Continuous,N,Y,Y,ASSUMED DATUM,VANCOUVER,"",N
08KB005,"MCGREGOR RIVER AT UPPER CANYON",BC,Discontinued,54.26806,-121.49500,1956,1963,"2430",,N,Flow,Seasonal,N,N,N,ASSUMED DATUM,VANCOUVER,"",N
08KB006,"MULLER CREEK NEAR THE MOUTH",BC,Active,54.29678,-120.97742,1977,2024,"103",,N,Flow and Level,Continuous,N,N,Y,ASSUMED DATUM,VANCOUVER,"",N
08KC001,"SALMON RIVER NEAR PRINCE GEORGE",BC,Active,54.09642,-122.67986,1953,2024,"4230",,N,Flow and Level,Continuous,N,N,Y,ASSUMED DATUM,VANCOUVER,"",N
08KC002,"WRIGHT CREEK AT THE MOUTH",BC,Discontinued,54.09444,-122.68611,1967,1974,"181",,N,Flow,Continuous,N,N,N,ASSUMED DATUM,VANCOUVER,"",N
08KC003,"MUSKEG RIVER NORTH OF JOANNE LAKE",BC,Discontinued,54.60528,-123.23722,1977,1998,"303",,N,Flow,Continuous,N,N,N,ASSUMED DATUM,VANCOUVER,"",N
08KD001,"BOWRON RIVER NEAR WELLS",BC,Discontinued,53.26111,-121.41389,1961,1995,"458",,N,Flow,Continuous,N,N,N,ASSUMED DATUM,VANCOUVER,"",N
08KD002,"WILLOW RIVER AT WELLS",BC,Discontinued,53.10222,-121.56944,1972,1975,"50.0",,N,Flow,Continuous,N,N,N,ASSUMED DATUM,VANCOUVER,"",N
08KD003,"WILLOW RIVER NEAR WILLOW RIVER",BC,Discontinued,54.06861,-122.46389,1953,1975,"3110",,N,Flow,Continuous,N,N,N,ASSUMED DATUM,VANCOUVER,"",N
08KD004,"BOWRON RIVER NEAR HANSARD",BC,Discontinued,54.03611,-121.87917,1958,1976,"3550",,N,Flow,Continuous,N,N,N,ASSUMED DATUM,VANCOUVER,"",N
08KD005,"BOWRON LAKE NEAR WELLS",BC,Discontinued,53.25833,-121.41389,1970,1985,"",,N,Level,Continuous,N,N,N,ASSUMED DATUM,VANCOUVER,"",N
08KD006,"WILLOW RIVER ABOVE HAY CREEK",BC,Discontinued,54.04556,-122.37306,1976,2011,"2860",,N,Flow and Level,Continuous,N,N,N,ASSUMED DATUM,VANCOUVER,"",N
08KD007,"BOWRON RIVER BELOW BOX CANYON",BC,Active,54.01694,-122.10286,1977,2024,"3330",,N,Flow and Level,Continuous,N,N,Y,ASSUMED DATUM,VANCOUVER,"",N
08KE001,"FRASER RIVER AT PRINCE GEORGE",BC,Discontinued,53.91250,-122.71167,1928,1968,"79500",,R,Flow and Level,Seasonal,N,N,N,GEODETIC SURVEY OF CANADA DATUM (LOCAL 1961 ADJ.),VANCOUVER,"",N
08KE002,"FRASER RIVER AT QUESNEL",BC,Discontinued,52.97444,-122.49694,1930,1994,"97900",,R,Flow and Level,Continuous,N,N,N,ASSUMED DATUM,VANCOUVER,"",N
08KE003,"NARCOSLI CREEK NEAR QUESNEL",BC,Discontinued,52.82389,-122.46833,1930,1951,"1540",,N,Flow,Seasonal,N,N,N,,VANCOUVER,"",N
08KE004,"LIGHTNING CREEK AT WINGDAM",BC,Discontinued,53.04972,-121.95806,1938,1940,"204",,N,Flow,Seasonal,N,N,N,,VANCOUVER,"",N
08KE005,"CUISSON CREEK NEAR ALEXANDRIA",BC,Discontinued,52.60694,-122.46528,1955,1956,"162",,N,Flow,Miscellaneous,N,N,N,ASSUMED DATUM,VANCOUVER,"",N
08KE006,"AUSTRALIAN CREEK AT AUSTRALIAN",BC,Discontinued,52.72111,-122.44306,1947,1989,"164",,R,Flow,Seasonal,N,N,N,ASSUMED DATUM,VANCOUVER,"B.C. MINISTRY OF ENVIRONMENT",Y
08KE008,"CUISSON CREEK (SOUTH FORK) NEAR MARGUERITE",BC,Discontinued,52.51806,-122.32778,1949,1956,"",,N,Flow,Seasonal,N,N,N,,VANCOUVER,"",N
08KE009,"COTTONWOOD RIVER NEAR CINEMA",BC,Discontinued,53.15528,-122.47611,1965,1999,"1910",,N,Flow,Continuous,N,N,N,ASSUMED DATUM,VANCOUVER,"",N
08KE010,"FRASER RIVER BELOW COTTONWOOD CANYON",BC,Discontinued,53.11750,-122.61417,1955,1955,"",,R,Level,Seasonal,N,N,N,ASSUMED DATUM,VANCOUVER,"",N
08KE011,"FRASER RIVER ABOVE COTTONWOOD CANYON",BC,Discontinued,53.15417,-122.70667,1955,1955,"",,R,Level,Seasonal,N,N,N,ASSUMED DATUM,VANCOUVER,"",N
08KE014,"NAVER CREEK AT HIXON",BC,Discontinued,53.42639,-122.58889,1956,1975,"658",,N,Flow,Continuous,N,N,N,ASSUMED DATUM,VANCOUVER,"",N
08KE015,"CALE CREEK NEAR RED ROCK",BC,Discontinued,53.75667,-122.64778,1956,1974,"188",,N,Flow,Continuous,N,N,N,ASSUMED DATUM,VANCOUVER,"",N
08KE016,"BAKER CREEK AT QUESNEL",BC,Active,52.97389,-122.50944,1963,2024,"1550",,N,Flow and Level,Continuous,N,Y,Y,ASSUMED DATUM,VANCOUVER,"",N
08KE017,"KERSLEY CREEK NEAR QUESNEL",BC,Discontinued,52.80556,-122.41528,1967,1973,"37.6",,R,Flow,Seasonal,N,N,N,ASSUMED DATUM,VANCOUVER,"",N
08KE018,"FRASER RIVER AT SOUTH FORT GEORGE",BC,Active,53.90078,-122.73494,1968,2024,"79900",,R,Level,Continuous,N,N,Y,ASSUMED DATUM,VANCOUVER,"",N
08KE019,"HODSON CREEK NEAR NARCOSLI CREEK",BC,Discontinued,52.71111,-122.51528,1970,1972,"",,N,Flow,Seasonal,N,N,N,,VANCOUVER,"",N
08KE020,"BOUCHIE CREEK ABOVE BOUCHIE LAKE",BC,Discontinued,53.03611,-122.63472,1970,1974,"",,N,Flow,Seasonal,N,N,N,ASSUMED DATUM,VANCOUVER,"",N
08KE022,"SOUTH SISTERS CREEK AT HIGHWAY NO. 97",BC,Discontinued,52.84806,-122.41083,1971,1979,"21.5",,N,Flow,Seasonal,N,N,N,ASSUMED DATUM,VANCOUVER,"",N
08KE023,"ALIX CREEK AT OUTLET OF ALIX LAKES",BC,Discontinued,52.63472,-122.41361,1971,1973,"36.3",,R,Flow,Seasonal,N,N,N,ASSUMED DATUM,VANCOUVER,"",N
08KE024,"LITTLE SWIFT RIVER AT THE MOUTH",BC,Active,52.91490,-121.76747,1971,2024,"127",,N,Flow and Level,Continuous,N,N,Y,ASSUMED DATUM,VANCOUVER,"",N
08KE025,"BOUCHIE CREEK BELOW BOUCHIE LAKE",BC,Discontinued,53.02556,-122.55972,1972,1974,"",,N,Flow,Seasonal,N,N,N,ASSUMED DATUM,VANCOUVER,"",N
08KE026,"GENERAL CREEK IN ALEXANDRIA I.R. NO. 3",BC,Discontinued,52.59083,-122.49500,1972,1974,"",,N,Flow,Seasonal,N,N,N,ASSUMED DATUM,VANCOUVER,"",N
08KE027,"TWAN CREEK BELOW STORAGE DAM",BC,Discontinued,52.53056,-122.60556,1974,1974,"218",,R,Flow,Miscellaneous,N,N,N,ASSUMED DATUM,VANCOUVER,"",N
08KE028,"TABOR CREEK AT HIGHWAY NO. 97 NEAR PRINCE GEORGE",BC,Discontinued,53.79500,-122.65194,1974,1981,"113",,N,Flow,Continuous,N,N,N,ASSUMED DATUM,VANCOUVER,"",N
08KE029,"LONG JOHN CREEK AT THE MOUTH",BC,Discontinued,52.81111,-123.02222,1982,1983,"169",,N,Flow,Miscellaneous,N,N,N,ASSUMED DATUM,VANCOUVER,"",N
08KE030,"SISTERS CREEK BELOW DALE LAKE",BC,Discontinued,52.87000,-122.39278,1978,1979,"16.1",,R,Flow,Seasonal,N,N,N,ASSUMED DATUM,VANCOUVER,"",N
08KE031,"GENERAL CREEK ABOVE DIVERSION",BC,Discontinued,52.59028,-122.53333,1978,1979,"",,N,Flow,Seasonal,N,N,N,ASSUMED DATUM,VANCOUVER,"",N
08KE032,"TABOR CREEK ABOVE SWEDE CREEK",BC,Discontinued,53.86250,-122.57056,1983,1999,"60.2",,N,Flow,Continuous,N,N,N,ASSUMED DATUM,VANCOUVER,"",N
08KE033,"ALIX CREEK ABOVE ALIX LAKES",BC,Discontinued,52.63694,-122.40556,1987,1995,"37.3",,N,Flow,Seasonal,N,N,N,ASSUMED DATUM,VANCOUVER,"",N
08KE034,"DESERTERS CREEK ABOVE NARCOSLI CREEK",BC,Discontinued,52.83111,-122.54028,1987,1994,"99.1",,N,Flow,Seasonal,N,N,N,ASSUMED DATUM,VANCOUVER,"",N
08KE035,"NARCOSLI CREEK ABOVE RAMSEY CREEK",BC,Discontinued,52.49500,-122.75583,1988,1992,"173",,N,Flow,Seasonal,N,N,N,ASSUMED DATUM,VANCOUVER,"B.C. MINISTRY OF ENVIRONMENT",Y
08KE036,"NARCOSLI CREEK BELOW RAMSEY CREEK",BC,Discontinued,52.50806,-122.67861,1988,1992,"629",,N,Flow,Seasonal,N,N,N,ASSUMED DATUM,VANCOUVER,"B.C. MINISTRY OF ENVIRONMENT",Y
08KE037,"CUISSON CREEK (EAST FORK) ABOVE DAM",BC,Discontinued,52.58111,-122.26917,1989,1989,"7.80",,N,Flow,Seasonal,N,N,N,ASSUMED DATUM,VANCOUVER,"B.C. MINISTRY OF ENVIRONMENT",Y
08KF001,"NAZKO RIVER ABOVE MICHELLE CREEK",BC,Discontinued,52.92917,-123.54722,1965,1995,"3240",,N,Flow,Continuous,N,N,N,ASSUMED DATUM,VANCOUVER,"",N
08KG001,"WEST ROAD RIVER NEAR CINEMA",BC,Active,53.30642,-122.89181,1971,2024,"12400",,N,Flow and Level,Continuous,N,N,Y,ASSUMED DATUM,VANCOUVER,"",N
08KG003,"BAEZAEKO RIVER AT LOT 10262",BC,Discontinued,52.98611,-123.80278,1974,1995,"992",,N,Flow,Continuous,N,N,N,ASSUMED DATUM,VANCOUVER,"",N
08KG004,"CHARLESON CREEK AT THE MOUTH",BC,Discontinued,53.29694,-122.95194,1975,1982,"145",,N,Flow,Continuous,N,N,N,ASSUMED DATUM,VANCOUVER,"",N
08KH001,"QUESNEL RIVER AT LIKELY",BC,Active,52.61583,-121.57233,1926,2024,"5970",,N,Flow and Level,Continuous,N,N,Y,ASSUMED DATUM,VANCOUVER,"",N
08KH002,"CARIBOO RIVER NEAR LIKELY",BC,Discontinued,52.65806,-121.47417,1926,1926,"2560",,N,Flow,Seasonal,N,N,N,,VANCOUVER,"",N
08KH003,"CARIBOO RIVER BELOW KANGAROO CREEK",BC,Discontinued,52.66667,-121.67083,1926,1995,"3260",,N,Flow,Continuous,N,N,N,ASSUMED DATUM,VANCOUVER,"",N
08KH004,"CARIBOO RIVER NEAR BARKERVILLE",BC,Discontinued,52.97778,-121.17639,1934,1934,"",,N,Flow,Seasonal,N,N,N,,VANCOUVER,"B.C. MINISTRY OF ENVIRONMENT",Y
08KH005,"MATTHEW RIVER NEAR BARKERVILLE",BC,Discontinued,52.99250,-121.12278,1934,1934,"",,N,Flow,Seasonal,N,N,N,,VANCOUVER,"B.C. MINISTRY OF ENVIRONMENT",Y
08KH006,"QUESNEL RIVER NEAR QUESNEL",BC,Active,52.84306,-122.22528,1942,2024,"11500",,N,Flow and Level,Continuous,N,N,Y,ASSUMED DATUM,VANCOUVER,"",N
08KH007,"HORSEFLY RIVER AT HORSEFLY",BC,Discontinued,52.33167,-121.41278,1946,1959,"2310",,N,Flow,Seasonal,N,N,N,ASSUMED DATUM,VANCOUVER,"",N
08KH008,"LITTLE HORSEFLY RIVER NEAR HORSEFLY",BC,Discontinued,52.37306,-121.31361,1950,1958,"422",,N,Flow,Continuous,N,N,N,ASSUMED DATUM,VANCOUVER,"",N
08KH010,"HORSEFLY RIVER ABOVE MCKINLEY CREEK",BC,Active,52.29139,-121.06694,1955,2024,"790",,N,Flow and Level,Continuous,N,N,Y,ASSUMED DATUM,VANCOUVER,"",N
08KH011,"QUESNEL LAKE NEAR LIKELY",BC,Active,52.57472,-121.54028,1956,2024,"",,N,Level,Continuous,N,N,Y,ASSUMED DATUM,VANCOUVER,"",N
08KH013,"CARIBOO RIVER NEAR KEITHLEY CREEK",BC,Discontinued,52.72944,-121.43472,1963,1974,"2870",,N,Flow,Continuous,N,N,N,ASSUMED DATUM,VANCOUVER,"",N
08KH014,"MITCHELL RIVER AT OUTLET OF MITCHELL LAKE",BC,Discontinued,52.84333,-120.74167,1962,1982,"245",,N,Flow,Continuous,N,N,N,ASSUMED DATUM,VANCOUVER,"",N
08KH015,"MITCHELL LAKE NEAR KEITHLEY CREEK",BC,Discontinued,52.84333,-120.73611,1974,1982,"",,N,Level,Continuous,N,N,N,ASSUMED DATUM,VANCOUVER,"",N
08KH016,"DRAGON CREEK AT OUTLET OF DRAGON LAKE",BC,Discontinued,52.97417,-122.43500,1962,1987,"",,R,Flow,Seasonal,N,N,N,ASSUMED DATUM,VANCOUVER,"",N
08KH017,"CARIBOO LAKE NEAR KEITHLEY CREEK",BC,Discontinued,52.74694,-121.42472,1961,1977,"",,N,Level,Seasonal,N,N,N,ASSUMED DATUM,VANCOUVER,"",N
08KH018,"BARLOW CREEK NEAR QUESNEL",BC,Discontinued,53.02583,-122.48833,1963,1974,"69.9",,N,Flow,Continuous,N,N,N,ASSUMED DATUM,VANCOUVER,"",N
08KH019,"MOFFAT CREEK NEAR HORSEFLY",BC,Active,52.31572,-121.40844,1967,2024,"548",,N,Flow and Level,Continuous,N,N,Y,ASSUMED DATUM,VANCOUVER,"",N
08KH020,"MCKINLEY CREEK BELOW OUTLET OF MCKINLEY LAKE",BC,Active,52.28083,-121.00136,1964,2024,"431",,R,Flow and Level,Continuous,N,N,Y,ASSUMED DATUM,VANCOUVER,"",N
08KH021,"BEAVER CREEK AT OUTLET OF BEAVER LAKE",BC,Discontinued,52.47750,-121.85056,1965,1975,"847",,N,Flow,Seasonal,N,N,N,ASSUMED DATUM,VANCOUVER,"",N
08KH022,"MACKAY RIVER AT THE MOUTH",BC,Discontinued,52.37389,-120.72222,1971,1985,"144",,N,Flow,Continuous,N,N,N,ASSUMED DATUM,VANCOUVER,"",N
08KH023,"DRAGON CREEK ABOVE DRAGON LAKE",BC,Discontinued,52.95333,-122.40361,1988,1994,"7.25",,N,Flow,Seasonal,N,N,N,ASSUMED DATUM,VANCOUVER,"",N
08KH024,"MOLYBDENITE CREEK NEAR HENDRIX LAKE",BC,Discontinued,52.13500,-120.88333,1977,1977,"",,N,Flow,Miscellaneous,N,N,N,ASSUMED DATUM,VANCOUVER,"",N
08KH025,"LITTLE HORSEFLY RIVER ABOVE GRUHS LAKE",BC,Discontinued,52.36556,-121.35528,1984,1990,"416",,N,Flow,Seasonal,N,N,N,ASSUMED DATUM,VANCOUVER,"",N
08KH026,"GERIMI CREEK NEAR THE MOUTH",BC,Discontinued,52.84778,-122.22250,1987,1989,"56.8",,N,Flow,Seasonal,N,N,N,ASSUMED DATUM,VANCOUVER,"B.C. MINISTRY OF ENVIRONMENT",Y
08KH027,"HAZELTINE CREEK BELOW POLLEY LAKE",BC,Discontinued,52.51278,-121.57111,1994,1995,"",,N,Flow,Continuous,N,N,N,ASSUMED DATUM,VANCOUVER,"",N
08KH028,"RUDY CREEK BELOW SANDY LAKE",BC,Discontinued,52.68722,-121.78167,1995,2003,"3.21",,R,Flow,Continuous,N,N,N,ASSUMED DATUM,VANCOUVER,"",N
08KH029,"CAMP CREEK NEAR THE MOUTH",BC,Discontinued,52.78306,-120.73778,1998,2015,"6.29",,N,Flow and Level,Continuous,N,N,N,ASSUMED DATUM,VANCOUVER,"",N
08KH030,"PENFOLD CREEK NEAR THE MOUTH",BC,Active,52.79194,-120.74972,1998,2024,"184",,N,Flow and Level,Continuous,N,N,Y,ASSUMED DATUM,VANCOUVER,"",N
08KH031,"HORSEFLY RIVER ABOVE QUESNEL LAKE",BC,Active,52.44431,-121.41814,2004,2024,"",,N,Flow and Level,Continuous,N,N,N,ASSUMED DATUM,VANCOUVER,"",N
08LA001,"CLEARWATER RIVER NEAR CLEARWATER STATION",BC,Active,51.65572,-120.06605,1914,2024,"10300",,N,Flow and Level,Continuous,Y,Y,Y,ASSUMED DATUM,VANCOUVER,"",N
08LA002,"HEMP CREEK NEAR RAFT RIVER",BC,Discontinued,51.91667,-120.04750,1928,1928,"177",,N,Flow,Miscellaneous,N,N,N,ASSUMED DATUM,VANCOUVER,"",N
08LA003,"MURTLE RIVER NEAR CLEARWATER STATION",BC,Discontinued,52.05972,-119.93333,1916,1924,"1240",,N,Flow,Seasonal,N,N,N,ASSUMED DATUM,VANCOUVER,"",N
08LA004,"MURTLE RIVER ABOVE DAWSON FALLS",BC,Discontinued,51.97944,-120.10361,1926,1983,"1380",,N,Flow,Continuous,N,N,N,ASSUMED DATUM,VANCOUVER,"",N
08LA005,"BRIDGE CREEK NEAR 100 MILE HOUSE",BC,Discontinued,51.70500,-121.17583,1969,1996,"1330",,R,Flow,Continuous,N,N,N,ASSUMED DATUM,VANCOUVER,"",N
08LA006,"CANIM RIVER AT OUTLET OF CANIM LAKE",BC,Discontinued,51.86861,-120.59722,1963,1964,"",,N,Flow,Miscellaneous,N,N,N,ASSUMED DATUM,VANCOUVER,"",N
08LA007,"CLEARWATER RIVER AT OUTLET OF CLEARWATER LAKE",BC,Discontinued,52.13889,-120.19167,1958,1995,"2950",,N,Flow,Continuous,N,N,N,ASSUMED DATUM,VANCOUVER,"",N
08LA008,"MAHOOD RIVER AT OUTLET OF MAHOOD LAKE",BC,Discontinued,51.93194,-120.24139,1961,1984,"4710",,N,Flow,Continuous,N,N,N,ASSUMED DATUM,VANCOUVER,"",N
08LA009,"CLEARWATER RIVER AT INLET TO CLEARWATER LAKE",BC,Discontinued,52.34861,-120.26389,1961,1968,"2380",,N,Flow,Continuous,N,N,N,ASSUMED DATUM,VANCOUVER,"",N
08LA010,"MAHOOD LAKE NEAR CLEARWATER STATION",BC,Discontinued,51.93833,-120.24111,1953,1984,"",,N,Level,Continuous,N,N,N,ASSUMED DATUM,VANCOUVER,"",N
08LA011,"CANIM LAKE NEAR CANIM LAKE",BC,Discontinued,51.84194,-120.73028,1944,1979,"",,N,Level,Continuous,N,N,N,ASSUMED DATUM,VANCOUVER,"",N
08LA012,"CLEARWATER LAKE NEAR CLEARWATER STATION",BC,Discontinued,52.14306,-120.19167,1958,1995,"",,N,Level,Continuous,N,N,N,ASSUMED DATUM,VANCOUVER,"",N
08LA013,"CLEARWATER RIVER AT OUTLET OF HOBSON LAKE",BC,Discontinued,52.42167,-120.32389,1960,1983,"904",,N,Flow,Continuous,N,N,N,,VANCOUVER,"",N
08LA014,"HOBSON LAKE NEAR CLEARWATER STATION",BC,Discontinued,52.42500,-120.32556,1967,1983,"",,N,Level,Continuous,N,N,N,ASSUMED DATUM,VANCOUVER,"",N
08LA015,"CANIM CREEK AT OUTLET OF SPOUT LAKE",BC,Discontinued,52.00972,-121.44444,1965,1970,"65.3",,N,Flow,Seasonal,N,N,N,,VANCOUVER,"",N
08LA016,"CANDLE CREEK NEAR CLEARWATER STATION",BC,Discontinued,51.69028,-120.00417,1957,1962,"25.1",,N,Flow,Seasonal,N,N,N,,VANCOUVER,"",N
08LA017,"HORSE LAKE NEAR 100 MILE HOUSE",BC,Discontinued,51.60167,-121.19222,1969,1984,"",,R,Level,Continuous,N,N,N,ASSUMED DATUM,VANCOUVER,"",N
08LA018,"HOBSON CREEK BELOW BOIS GRENIER CREEK",BC,Discontinued,52.67500,-120.10278,1971,1984,"162",,N,Flow,Continuous,N,N,N,ASSUMED DATUM,VANCOUVER,"",N
08LA019,"BOSS CREEK ABOVE HENDRIX CREEK",BC,Discontinued,51.94611,-120.70417,1973,1979,"122",,R,Flow,Continuous,N,N,N,ASSUMED DATUM,VANCOUVER,"",N
08LA020,"BRIDGE CREEK AT OUTLET OF HORSE LAKE",BC,Discontinued,51.60694,-121.23056,1974,1997,"912",,R,Flow,Continuous,N,N,N,ASSUMED DATUM,VANCOUVER,"",N
08LA021,"SPAHATS CREEK NEAR THE MOUTH",BC,Discontinued,51.73417,-120.00750,1981,1994,"52.5",,R,Flow,Seasonal,N,N,N,ASSUMED DATUM,VANCOUVER,"",N
08LA022,"BRADLEY CREEK NEAR FOREST GROVE",BC,Discontinued,51.85028,-121.02583,1982,1989,"174",,N,Flow,Seasonal,N,N,N,ASSUMED DATUM,VANCOUVER,"",N
08LA023,"HENDRIX CREEK BELOW STINSON CREEK",BC,Discontinued,52.04111,-120.74139,1982,1982,"",,R,Flow,Seasonal,N,N,N,ASSUMED DATUM,VANCOUVER,"",N
08LA024,"HENDRIX CREEK AT OUTLET OF HENDRIX LAKE",BC,Discontinued,52.09167,-120.78583,1983,1985,"",,R,Flow,Seasonal,N,N,N,ASSUMED DATUM,VANCOUVER,"",N
08LA025,"BUFFALO CREEK ABOVE BRIDGE CREEK",BC,Discontinued,51.67639,-121.18750,1987,1989,"228",,N,Flow,Seasonal,N,N,N,ASSUMED DATUM,VANCOUVER,"B.C. MINISTRY OF ENVIRONMENT",Y
08LA026,"LITTLE BRIDGE CREEK ABOVE EXETER LAKE",BC,Discontinued,51.64806,-121.37500,1987,1990,"",,N,Flow,Seasonal,N,N,N,ASSUMED DATUM,VANCOUVER,"B.C. MINISTRY OF ENVIRONMENT",Y
08LA027,"BRIDGE CREEK BELOW DEKA CREEK",BC,Active,51.58761,-120.92075,1998,2024,"",,N,Flow and Level,Continuous,N,N,Y,ASSUMED DATUM,VANCOUVER,"",N
08LA028,"WINDY CREEK ABOVE JIM CREEK",BC,Discontinued,51.62278,-120.67222,1999,2014,"79.4",,N,Flow and Level,Continuous,N,N,N,ASSUMED DATUM,VANCOUVER,"",N
08LA029,"JUDSON CREEK NEAR THE MOUTH",BC,Discontinued,51.57000,-120.79889,1999,2003,"20.1",,N,Flow,Continuous,N,N,N,ASSUMED DATUM,VANCOUVER,"",N
08LB001,"CAHILTY CREEK NEAR LOUIS CREEK",BC,Discontinued,50.95417,-120.02778,1914,1915,"57.2",,N,Flow,Miscellaneous,N,N,N,,VANCOUVER,"",N
08LB003,"EDWARDS CREEK NEAR HEFFLEY CREEK",BC,Discontinued,50.90556,-120.14167,1911,1925,"38.9",,R,Flow,Seasonal,N,N,N,,VANCOUVER,"",N
08LB004,"HEFFLEY CREEK NEAR KAMLOOPS",BC,Discontinued,50.86111,-120.25833,1911,1922,"168",,R,Flow,Seasonal,N,N,N,,VANCOUVER,"",N
08LB005,"HEFFLEY CREEK NEAR HEFFLEY CREEK",BC,Discontinued,50.85694,-120.15833,1928,1948,"72.5",,R,Flow,Miscellaneous,N,N,N,ASSUMED DATUM,VANCOUVER,"",N
08LB006,"HEFFLEY CREEK (ANDERSON DIVERSION) NEAR HEFFLEY CREEK",BC,Discontinued,50.86111,-120.25833,1914,1916,"",,R,Flow,Miscellaneous,N,N,N,ASSUMED DATUM,VANCOUVER,"",N
08LB007,"HEFFLEY CREEK (CRAWSHAW DITCH) NEAR HEFFLEY CREEK",BC,Discontinued,50.86111,-120.25833,1915,1916,"",,R,Flow,Miscellaneous,N,N,N,,VANCOUVER,"",N
08LB008,"JAMIESON CREEK ABOVE BRITISH COLUMBIA FRUITLANDS DIVERSION",BC,Discontinued,50.88500,-120.29000,1930,1930,"230",,R,Flow,Miscellaneous,N,N,N,,VANCOUVER,"",N
08LB009,"JAMIESON CREEK BELOW BRITISH COLUMBIA FRUITLANDS DIVERSION",BC,Discontinued,50.88333,-120.28500,1911,1912,"",,R,Flow,Seasonal,N,N,N,,VANCOUVER,"",N
08LB010,"LOUIS CREEK AT BOUNDARY OF RAILWAY BELT",BC,Discontinued,50.97000,-120.03583,1911,1980,"269",,N,Flow,Seasonal,N,N,N,,VANCOUVER,"",N
08LB011,"PAUL CREEK ABOVE PINANTAN LAKE",BC,Discontinued,50.72222,-120.00000,1911,1912,"38.9",,N,Flow,Seasonal,N,N,N,,VANCOUVER,"",N
08LB012,"PAUL CREEK AT THE OUTLET OF PINANTAN LAKE",BC,Discontinued,50.72500,-120.03278,1977,2009,"55.7",,N,Flow,Continuous,N,N,N,ASSUMED DATUM,VANCOUVER,"",N
08LB013,"PAUL CREEK NEAR KAMLOOPS (STATION A)",BC,Discontinued,50.73889,-120.15694,1911,1950,"139",,R,Flow,Seasonal,N,N,N,,VANCOUVER,"",N
08LB015,"NORTH THOMPSON RIVER NEAR BLACK PINES",BC,Discontinued,50.89167,-120.25417,1912,1913,"",,N,Flow,Seasonal,N,N,N,,VANCOUVER,"",N
08LB016,"HEFFLEY CREEK AT INLET TO HEFFLEY LAKE",BC,Discontinued,50.81667,-120.04722,1914,1914,"18.1",,N,Flow,Miscellaneous,N,N,N,ASSUMED DATUM,VANCOUVER,"",N
08LB017,"RAFT RIVER NEAR CLEARWATER",BC,Discontinued,51.63889,-119.96667,1952,1958,"764",,N,Flow,Continuous,N,N,N,ASSUMED DATUM,VANCOUVER,"",N
08LB019,"WHITEWOOD CREEK AT HIGHWAY BRIDGE NEAR BLACK PINES",BC,Discontinued,51.06250,-120.23889,1927,1928,"33.7",,N,Flow,Miscellaneous,N,N,N,ASSUMED DATUM,VANCOUVER,"",N
08LB020,"BARRIERE RIVER AT THE MOUTH",BC,Active,51.18802,-120.12654,1917,2024,"1140",,N,Flow and Level,Continuous,N,N,Y,ASSUMED DATUM,VANCOUVER,"",N
08LB021,"BARRIERE RIVER (EAST FORK) NEAR BARRIERE",BC,Discontinued,51.24583,-119.93333,1917,1931,"155",,R,Flow,Miscellaneous,N,N,N,,VANCOUVER,"",N
08LB022,"NORTH THOMPSON RIVER NEAR BARRIERE",BC,Discontinued,51.18611,-120.15139,1915,1959,"17700",,N,Flow,Seasonal,N,N,N,ASSUMED DATUM,VANCOUVER,"",N
08LB023,"EDWARDS CREEK (LYON'S DIVERSION) NEAR HEFFLEY CREEK",BC,Discontinued,50.90139,-120.14861,1917,1925,"",,R,Flow,Seasonal,N,N,N,ASSUMED DATUM,VANCOUVER,"",N
08LB024,"FISHTRAP CREEK NEAR MCLURE",BC,Active,51.12203,-120.20894,1970,2024,"135",,N,Flow and Level,Continuous,N,N,Y,ASSUMED DATUM,VANCOUVER,"",N
08LB025,"KNOUFF CREEK BELOW SULLIVAN LAKE",BC,Discontinued,50.93944,-120.18944,1911,1916,"41.4",,R,Flow,Seasonal,N,N,N,ASSUMED DATUM,VANCOUVER,"",N
08LB027,"PAUL CREEK NEAR KAMLOOPS (STATION F)",BC,Discontinued,50.70833,-120.32000,1918,1935,"",,R,Flow,Seasonal,N,N,N,ASSUMED DATUM,VANCOUVER,"",N
08LB028,"KNOUFF CREEK AT OUTLET OF SULLIVAN LAKE",BC,Discontinued,50.95556,-120.12083,1919,1925,"25.9",,R,Flow,Miscellaneous,N,N,N,ASSUMED DATUM,VANCOUVER,"",N
08LB029,"SIWASH CREEK NEAR HEFFLEY LAKE",BC,Discontinued,50.84722,-120.09444,1914,1918,"11.1",,N,Flow,Seasonal,N,N,N,,VANCOUVER,"",N
08LB030,"LEONIE CREEK NEAR BARRIERE",BC,Discontinued,51.21167,-120.11861,1920,1948,"25.9",,R,Flow,Miscellaneous,N,N,N,ASSUMED DATUM,VANCOUVER,"",N
08LB031,"NELSON CREEK NEAR BARRIERE",BC,Discontinued,51.25000,-120.20000,1920,1927,"13.0",,N,Flow,Seasonal,N,N,N,,VANCOUVER,"",N
08LB032,"PETERSON CREEK NEAR BARRIERE",BC,Discontinued,51.19444,-120.16389,1923,1930,"110",,N,Flow,Miscellaneous,N,N,N,ASSUMED DATUM,VANCOUVER,"",N
08LB033,"DUNN CREEK NEAR CHU CHUA",BC,Discontinued,51.41028,-120.09944,1921,1921,"",,N,Flow,Miscellaneous,N,N,N,ASSUMED DATUM,VANCOUVER,"",N
08LB037,"THUNDER RIVER NEAR BLUE RIVER",BC,Discontinued,52.22333,-119.21528,1928,1929,"175",,N,Flow,Continuous,N,N,N,ASSUMED DATUM,VANCOUVER,"",N
08LB038,"BLUE RIVER NEAR BLUE RIVER",BC,Active,52.11669,-119.30194,1926,2024,"272",,N,Flow and Level,Continuous,N,N,Y,ASSUMED DATUM,VANCOUVER,"",N
08LB039,"MAD RIVER NEAR IRVINE",BC,Discontinued,51.67639,-119.60417,1926,1928,"280",,N,Flow,Miscellaneous,N,N,N,ASSUMED DATUM,VANCOUVER,"",N
08LB040,"REG CHRISTIE CREEK NEAR VAVENBY",BC,Discontinued,51.59722,-119.66667,1926,1928,"72.0",,N,Flow,Seasonal,N,N,N,ASSUMED DATUM,VANCOUVER,"",N
08LB041,"CHUCK CREEK NEAR VAVENBY",BC,Discontinued,51.58889,-119.69861,1926,1928,"77.7",,N,Flow,Seasonal,N,N,N,,VANCOUVER,"",N
08LB042,"LEMIEUX CREEK NEAR MOUNT OLIE",BC,Discontinued,51.46667,-120.21611,1980,1987,"195",,R,Flow,Continuous,N,N,N,,VANCOUVER,"",N
08LB043,"NEHALLISTON CREEK NEAR MOUNT OLIE",BC,Discontinued,51.48333,-120.24306,1929,1929,"155",,N,Flow,Miscellaneous,N,N,N,,VANCOUVER,"",N
08LB044,"CHU CHUA CREEK NEAR CHU CHUA",BC,Discontinued,51.35139,-120.13333,1929,1929,"31.2",,N,Flow,Miscellaneous,N,N,N,ASSUMED DATUM,VANCOUVER,"",N
08LB045,"DARLINGTON CREEK NEAR CHINOOK COVE",BC,Discontinued,51.32361,-120.18333,1929,1930,"77.7",,N,Flow,Miscellaneous,N,N,N,,VANCOUVER,"",N
08LB046,"LINDQUIST CREEK NEAR CHINOOK COVE",BC,Discontinued,51.31389,-120.18194,1929,1930,"77.7",,N,Flow,Miscellaneous,N,N,N,ASSUMED DATUM,VANCOUVER,"",N
08LB047,"NORTH THOMPSON RIVER AT BIRCH ISLAND",BC,Active,51.60186,-119.91435,1960,2024,"4490",,N,Flow and Level,Continuous,N,N,Y,ASSUMED DATUM,VANCOUVER,"",N
08LB049,"LOUIS CREEK NEAR LOUIS CREEK",BC,Discontinued,51.13611,-120.11528,1915,1945,"515",,N,Flow,Miscellaneous,N,N,N,,VANCOUVER,"",N
08LB050,"MANN CREEK NEAR BLACKPOOL",BC,Discontinued,51.57611,-120.13833,1963,1981,"295",,N,Flow,Continuous,N,N,N,ASSUMED DATUM,VANCOUVER,"",N
08LB051,"BARRIERE RIVER NEAR BARRIERE (AT DAM)",BC,Discontinued,51.23750,-120.00556,1930,1932,"1030",,R,Flow,Continuous,N,N,N,,VANCOUVER,"",N
08LB052,"BARRIERE RIVER B.C.E.R. FLUME NEAR BARRIERE",BC,Discontinued,51.23333,-120.01528,1945,1945,"",,R,Flow,Miscellaneous,N,N,N,,VANCOUVER,"",N
08LB053,"PAUL LAKE NEAR KAMLOOPS",BC,Discontinued,50.73889,-120.15694,1933,1954,"",,R,Level,Seasonal,N,N,N,ASSUMED DATUM,VANCOUVER,"",N
08LB054,"PAUL CREEK NEAR KAMLOOPS (STATION B)",BC,Discontinued,50.74000,-120.19000,1933,1933,"117",,R,Flow,Seasonal,N,N,N,,VANCOUVER,"",N
08LB055,"PAUL CREEK NEAR KAMLOOPS (STATION C)",BC,Discontinued,50.73500,-120.21000,1933,1933,"222",,R,Flow,Seasonal,N,N,N,,VANCOUVER,"",N
08LB056,"PAUL CREEK NEAR KAMLOOPS (STATION D)",BC,Discontinued,50.72556,-120.26000,1933,1933,"212",,R,Flow,Seasonal,N,N,N,,VANCOUVER,"",N
08LB057,"PAUL CREEK NEAR KAMLOOPS (STATION E)",BC,Discontinued,50.71667,-120.27667,1933,1933,"254",,R,Flow,Seasonal,N,N,N,,VANCOUVER,"",N
08LB058,"COLD CREEK NEAR KAMLOOPS (UPPER STATION)",BC,Discontinued,50.76250,-120.20278,1933,1935,"59.6",,N,Flow,Seasonal,N,N,N,ASSUMED DATUM,VANCOUVER,"",N
08LB059,"COLD CREEK NEAR KAMLOOPS (LOWER STATION)",BC,Discontinued,50.74250,-120.20139,1933,1935,"64.8",,N,Flow,Seasonal,N,N,N,ASSUMED DATUM,VANCOUVER,"",N
08LB060,"PAUL CREEK (INDIAN DIVERSION) NEAR KAMLOOPS",BC,Discontinued,50.74306,-120.20000,1933,1933,"",,R,Flow,Seasonal,N,N,N,,VANCOUVER,"",N
08LB061,"BADGER CREEK NEAR HEFFLEY CREEK",BC,Discontinued,51.06667,-120.14583,1948,1948,"21.2",,N,Flow,Miscellaneous,N,N,N,,VANCOUVER,"",N
08LB062,"BADGER CREEK NEAR LOUIS CREEK",BC,Discontinued,51.09028,-120.16806,1949,1950,"29.0",,N,Flow,Seasonal,N,N,N,,VANCOUVER,"",N
08LB064,"NORTH THOMPSON RIVER AT MCLURE",BC,Active,51.04093,-120.24046,1958,2024,"19600",,N,Flow and Level,Continuous,Y,N,Y,ASSUMED DATUM,VANCOUVER,"",N
08LB065,"CHRISTIAN CREEK NEAR HEFFLEY CREEK",BC,Discontinued,50.83889,-120.00972,1960,1964,"7.51",,N,Flow,Seasonal,N,N,N,ASSUMED DATUM,VANCOUVER,"",N
08LB066,"HEFFLEY LAKE NEAR HEFFLEY CREEK",BC,Discontinued,50.83333,-120.04528,1960,1968,"",,N,Level,Seasonal,N,N,N,ASSUMED DATUM,VANCOUVER,"",N
08LB068,"BARRIERE RIVER BELOW LEE CREEK",BC,Discontinued,51.28056,-119.93333,1963,1964,"585",,N,Flow,Continuous,N,N,N,,VANCOUVER,"",N
08LB069,"BARRIERE RIVER BELOW SPRAGUE CREEK",BC,Active,51.24533,-119.93770,1964,2024,"624",,N,Flow and Level,Continuous,N,N,Y,ASSUMED DATUM,VANCOUVER,"",N
08LB070,"HASCHEAK CREEK BELOW RUSSELL CREEK",BC,Discontinued,51.63250,-120.02639,1969,1975,"24.3",,R,Flow,Continuous,N,N,N,ASSUMED DATUM,VANCOUVER,"",N
08LB071,"HASCHEAK CREEK ABOVE RUSSELL CREEK",BC,Discontinued,51.62917,-120.02222,1969,1975,"8.03",,R,Flow,Continuous,N,N,N,,VANCOUVER,"",N
08LB072,"LOUIS CREEK AT THE MOUTH",BC,Active,51.13500,-120.12278,1971,2024,"515",,R,Flow and Level,Continuous,N,N,Y,ASSUMED DATUM,VANCOUVER,"",N
08LB075,"MCDOUGALL CREEK NEAR BIRCH ISLAND",BC,Discontinued,51.60583,-119.98972,1974,1974,"17.9",,N,Flow,Miscellaneous,N,N,N,ASSUMED DATUM,VANCOUVER,"",N
08LB076,"HARPER CREEK NEAR THE MOUTH",BC,Active,51.35438,-119.88164,1973,2024,"166",,N,Flow and Level,Continuous,N,Y,Y,ASSUMED DATUM,VANCOUVER,"",N
08LB077,"BONE CREEK NEAR BLUE RIVER",BC,Discontinued,52.25500,-119.17861,1977,1983,"267",,N,Flow,Continuous,N,N,N,ASSUMED DATUM,VANCOUVER,"",N
08LB078,"LEMIEUX CREEK NEAR THE MOUTH",BC,Active,51.42759,-120.20204,1977,2024,"443",,R,Flow and Level,Continuous,N,N,Y,ASSUMED DATUM,VANCOUVER,"",N
08LB079,"AVOLA CREEK (SOUTH FORK) NEAR AVOLA",BC,Discontinued,51.78222,-119.32639,1977,1977,"",,N,Flow,Seasonal,N,N,N,ASSUMED DATUM,VANCOUVER,"",N
08LB081,"LOUIS CREEK ABOVE MCGILLIVRAY CREEK",BC,Discontinued,50.86028,-119.97333,1982,1998,"",,R,Flow,Continuous,N,N,N,ASSUMED DATUM,VANCOUVER,"",N
08LB082,"MCQUEEN LAKE AT THE OUTLET",BC,Discontinued,50.83028,-120.43750,1984,1991,"",,R,Level,Continuous,N,N,N,ASSUMED DATUM,VANCOUVER,"",N
08LB083,"JAMIESON CREEK ABOVE DIVERSIONS",BC,Discontinued,50.88472,-120.28778,1990,1994,"230",,N,Flow,Continuous,N,N,N,ASSUMED DATUM,VANCOUVER,"",N
08LC002,"SHUSWAP RIVER NEAR ENDERBY",BC,Active,50.54366,-119.01285,1914,2024,"4720",,R,Flow and Level,Continuous,N,N,Y,ASSUMED DATUM,VANCOUVER,"",N
08LC003,"SHUSWAP RIVER NEAR LUMBY",BC,Active,50.30278,-118.81861,1913,2024,"2000",,R,Flow and Level,Continuous,N,N,Y,ASSUMED DATUM,VANCOUVER,"",N
08LC004,"BRASH CREEK NEAR ENDERBY",BC,Discontinued,50.56667,-119.04167,1928,1968,"32.6",,N,Flow,Miscellaneous,N,N,N,ASSUMED DATUM,VANCOUVER,"",N
08LC005,"BESSETTE CREEK NEAR LUMBY",BC,Discontinued,50.23472,-118.96806,1919,1983,"253",,R,Flow,Seasonal,N,N,N,ASSUMED DATUM,VANCOUVER,"",N
08LC006,"DUTEAU CREEK NEAR LAVINGTON",BC,Discontinued,50.19750,-119.03444,1974,1998,"",,R,Flow,Continuous,N,N,N,ASSUMED DATUM,VANCOUVER,"",N
08LC007,"VERNON IRRIGATION DISTRICT DIVERSION NEAR LAVINGTON",BC,Discontinued,50.19778,-119.03472,1919,1966,"",,R,Flow,Seasonal,N,N,N,ASSUMED DATUM,VANCOUVER,"B.C. MINISTRY OF ENVIRONMENT",Y
08LC008,"NICKLEN CREEK NEAR LUMBY (LOWER STATION)",BC,Discontinued,50.19861,-119.00278,1920,1920,"30.8",,N,Flow,Seasonal,N,N,N,,VANCOUVER,"",N
08LC009,"MCAULEY CREEK NEAR LUMBY",BC,Discontinued,50.15778,-118.90556,1920,1920,"32.6",,N,Flow,Seasonal,N,N,N,,VANCOUVER,"",N
08LC010,"NICKLEN CREEK NEAR LUMBY (UPPER STATION)",BC,Discontinued,50.14167,-119.01528,1921,1921,"11.9",,N,Flow,Seasonal,N,N,N,,VANCOUVER,"",N
08LC014,"DUTEAU CREEK AT OUTLET OF HADDO LAKE",BC,Discontinued,50.09694,-119.08417,1921,1979,"81.1",,R,Flow,Seasonal,N,N,N,ASSUMED DATUM,VANCOUVER,"B.C. MINISTRY OF ENVIRONMENT",Y
08LC015,"PARADISE CREEK NEAR LUMBY",BC,Discontinued,50.06667,-118.91667,1921,1921,"13.5",,N,Flow,Seasonal,N,N,N,,VANCOUVER,"",N
08LC017,"DERMONT CREEK NEAR LAVINGTON",BC,Discontinued,50.10611,-119.07500,1921,1921,"",,R,Flow,Seasonal,N,N,N,,VANCOUVER,"",N
08LC018,"SHUSWAP RIVER AT OUTLET OF SUGAR LAKE RESERVOIR",BC,Active,50.34510,-118.54786,1926,2024,"1130",,R,Flow and Level,Continuous,N,N,Y,ASSUMED DATUM,VANCOUVER,"",N
08LC019,"SHUSWAP RIVER AT OUTLET OF MABEL LAKE",BC,Discontinued,50.60278,-118.73833,1927,1979,"4040",,R,Flow,Continuous,N,N,N,ASSUMED DATUM,VANCOUVER,"",N
08LC020,"VIOLET CREEK NEAR GRINDROD (UPPER STATION)",BC,Discontinued,50.69472,-119.12861,1934,1949,"13.0",,N,Flow,Seasonal,N,N,N,ASSUMED DATUM,VANCOUVER,"",N
08LC021,"LARCH HILLS CREEK NEAR MARA",BC,Discontinued,50.71528,-119.04167,1934,1953,"13.0",,N,Flow,Seasonal,N,N,N,,VANCOUVER,"",N
08LC022,"MONASHEE CREEK NEAR CHERRYVILLE",BC,Discontinued,50.21944,-118.54750,1938,1939,"311",,N,Flow,Seasonal,N,N,N,,VANCOUVER,"",N
08LC023,"HUMMING BIRD CREEK NEAR SICAMOUS",BC,Discontinued,50.76667,-119.00333,1946,1948,"23.3",,N,Flow,Seasonal,N,N,N,,VANCOUVER,"",N
08LC024,"MARA CREEK NEAR SICAMOUS",BC,Discontinued,50.76556,-119.00333,1946,1949,"23.3",,N,Flow,Seasonal,N,N,N,,VANCOUVER,"",N
08LC025,"BLURTON CREEK NEAR MARA",BC,Discontinued,50.67917,-119.04583,1946,1953,"19.2",,N,Flow,Seasonal,N,N,N,,VANCOUVER,"",N
08LC026,"JOHNSON CREEK NEAR MARA",BC,Discontinued,50.69944,-119.03472,1946,1953,"20.7",,R,Flow,Seasonal,N,N,N,,VANCOUVER,"",N
08LC027,"SICAMOUS CREEK NEAR SICAMOUS",BC,Discontinued,50.81000,-118.96833,1946,1948,"64.8",,N,Flow,Seasonal,N,N,N,,VANCOUVER,"",N
08LC028,"PTARMIGAN CREEK NEAR MARA",BC,Discontinued,50.66611,-119.06444,1946,1946,"",,N,Flow,Seasonal,N,N,N,,VANCOUVER,"",N
08LC029,"BONGARD CREEK NEAR MARA",BC,Discontinued,50.65750,-119.07000,1946,1946,"13.0",,N,Flow,Seasonal,N,N,N,,VANCOUVER,"",N
08LC030,"VIOLET CREEK NEAR GRINDROD (LOWER STATION)",BC,Discontinued,50.68750,-119.12278,1946,1953,"",,N,Flow,Seasonal,N,N,N,ASSUMED DATUM,VANCOUVER,"",N
08LC031,"FORTUNE CREEK AT STEPNEY",BC,Discontinued,50.50278,-119.12361,1949,1961,"132",,R,Flow,Miscellaneous,N,N,N,ASSUMED DATUM,VANCOUVER,"",N
08LC032,"SHUSWAP RIVER BELOW SKOOKUMCHUCK RAPIDS",BC,Discontinued,50.61111,-118.77500,1955,1956,"",,R,Level,Continuous,N,N,N,ASSUMED DATUM,VANCOUVER,"",N
08LC033,"CREIGHTON CREEK NEAR LUMBY",BC,Discontinued,50.21111,-118.77083,1966,1966,"37.6",,N,Flow,Miscellaneous,N,N,N,ASSUMED DATUM,VANCOUVER,"",N
08LC034,"FERRY CREEK NEAR LUMBY",BC,Discontinued,50.24194,-118.64722,1959,1977,"145",,N,Flow,Seasonal,N,N,N,ASSUMED DATUM,VANCOUVER,"",N
08LC035,"FORTUNE CREEK NEAR ARMSTRONG",BC,Discontinued,50.43833,-119.14222,1911,1984,"41.2",,R,Flow,Continuous,N,N,N,ASSUMED DATUM,VANCOUVER,"",N
08LC036,"GARDOM CREEK NEAR GRINDROD",BC,Discontinued,50.61250,-119.15000,1960,1964,"25.9",,N,Flow,Seasonal,N,N,N,,VANCOUVER,"",N
08LC037,"MARA LAKE NEAR SICAMOUS",BC,Discontinued,50.77639,-119.00444,1962,1974,"",,N,Level,Continuous,N,N,N,ASSUMED DATUM,VANCOUVER,"",N
08LC038,"MABEL LAKE AT THE OUTLET",BC,Discontinued,50.60278,-118.73833,1970,1979,"",,R,Level,Continuous,N,N,N,ASSUMED DATUM,VANCOUVER,"",N
08LC039,"BESSETTE CREEK ABOVE BEAVERJACK CREEK",BC,Active,50.29790,-118.85912,1975,2024,"769",,R,Flow and Level,Continuous,N,N,Y,ASSUMED DATUM,VANCOUVER,"",N
08LC040,"VANCE CREEK BELOW DEAFIES CREEK",BC,Active,50.28432,-118.94704,1978,2024,"70.9",,N,Flow and Level,Continuous,N,N,Y,ASSUMED DATUM,VANCOUVER,"",N
08LC041,"SUGAR LAKE RESERVOIR AT THE OUTLET",BC,Active,50.35767,-118.53826,1970,2024,"",,R,Level,Continuous,N,N,Y,ASSUMED DATUM,VANCOUVER,"",N
08LC042,"BESSETTE CREEK ABOVE LUMBY LAGOON OUTFALL",BC,Active,50.25247,-118.96124,1973,2024,"632",,R,Flow and Level,Continuous,N,N,Y,ASSUMED DATUM,VANCOUVER,"",N
08LC043,"ABERDEEN LAKE AT THE OUTLET",BC,Discontinued,50.10472,-119.07306,1979,1986,"",,R,Level,Continuous,N,N,N,ASSUMED DATUM,VANCOUVER,"B.C. MINISTRY OF ENVIRONMENT",Y
08LC044,"HADDO LAKE AT THE OUTLET",BC,Discontinued,50.09444,-119.08417,1977,1986,"",,R,Level,Continuous,N,N,N,ASSUMED DATUM,VANCOUVER,"B.C. MINISTRY OF ENVIRONMENT",Y
08LC046,"CREIGHTON CREEK NEAR CREIGHTON VALLEY",BC,Discontinued,50.21028,-118.85917,1977,1977,"",,R,Flow,Seasonal,N,N,N,ASSUMED DATUM,VANCOUVER,"",N
08LC047,"GRIZZLY SWAMP NEAR HADDO LAKE",BC,Discontinued,50.08889,-119.08333,1979,1986,"",,R,Level,Continuous,N,N,N,ASSUMED DATUM,VANCOUVER,"B.C. MINISTRY OF ENVIRONMENT",Y
08LC048,"TRINITY CREEK ABOVE DIVERSION",BC,Discontinued,50.41389,-118.93333,1981,1984,"42.9",,N,Flow,Seasonal,N,N,N,ASSUMED DATUM,VANCOUVER,"",N
08LC049,"CHERRY CREEK NEAR CHERRYVILLE",BC,Discontinued,50.25611,-118.63333,1982,1990,"503",,N,Flow,Seasonal,N,N,N,ASSUMED DATUM,VANCOUVER,"",N
08LC050,"TRINITY CREEK NEAR THE MOUTH",BC,Discontinued,50.53361,-118.96917,1982,1990,"191",,R,Flow,Seasonal,N,N,N,ASSUMED DATUM,VANCOUVER,"",N
08LD001,"ADAMS RIVER NEAR SQUILAX",BC,Active,50.93759,-119.65634,1911,2024,"3210",,N,Flow and Level,Continuous,N,Y,Y,ASSUMED DATUM,VANCOUVER,"",N
08LD002,"HIUIHILL CREEK ABOVE DIVERSIONS",BC,Discontinued,50.88556,-119.73278,1917,2002,"69.7",,N,Flow,Seasonal,N,N,N,ASSUMED DATUM,VANCOUVER,"",N
08LD003,"ADAMS LAKE NEAR SQUILAX",BC,Active,50.95358,-119.67539,1949,2024,"",,N,Level,Continuous,N,N,Y,ASSUMED DATUM,VANCOUVER,"",N
08LD004,"SINMAX CREEK BELOW JOHNSON CREEK",BC,Discontinued,51.12500,-119.86667,1926,1976,"130",,N,Flow,Seasonal,N,N,N,ASSUMED DATUM,VANCOUVER,"",N
08LD005,"HOMESTAKE CREEK NEAR LOUIS CREEK",BC,Discontinued,51.10833,-119.82778,1926,1928,"16.8",,N,Flow,Seasonal,N,N,N,ASSUMED DATUM,VANCOUVER,"",N
08LD006,"HIUIHILL CREEK NEAR SQUILAX (LOWER STATION)",BC,Discontinued,50.92167,-119.64472,1955,1964,"104",,N,Flow,Miscellaneous,N,N,N,ASSUMED DATUM,VANCOUVER,"",N
08LD009,"FISHER CREEK AT WEST BOUNDARY D.L. 3599",BC,Discontinued,51.42556,-119.46778,1981,1999,"14.7",,N,Flow,Seasonal,N,N,N,ASSUMED DATUM,VANCOUVER,"",N
08LE001,"BOLEAN CREEK AT FALKLAND",BC,Discontinued,50.50083,-119.56194,1913,1964,"228",,N,Flow,Seasonal,N,N,N,ASSUMED DATUM,VANCOUVER,"",N
08LE002,"CAMPBELL CREEK NEAR BARNHART VALE",BC,Discontinued,50.63778,-120.12222,1927,1929,"518",,N,Flow,Miscellaneous,N,N,N,,VANCOUVER,"",N
08LE003,"CAMPBELL CREEK NEAR MONTE CREEK",BC,Discontinued,50.65222,-120.08333,1928,1929,"",,N,Flow,Miscellaneous,N,N,N,,VANCOUVER,"",N
08LE004,"CANOE CREEK NEAR SALMON ARM",BC,Discontinued,50.72167,-119.22750,1911,1962,"70.2",,N,Flow,Seasonal,N,N,N,,VANCOUVER,"",N
08LE005,"CHASE CREEK NEAR CHASE",BC,Discontinued,50.79722,-119.65083,1911,1968,"279",,N,Flow,Seasonal,N,N,N,,VANCOUVER,"",N
08LE006,"PRINGLE CREEK NEAR WESTWOLD",BC,Discontinued,50.47889,-119.82000,1920,1954,"15.5",,R,Flow,Miscellaneous,N,N,N,ASSUMED DATUM,VANCOUVER,"",N
08LE007,"EAGLE RIVER NEAR SICAMOUS",BC,Discontinued,50.84167,-118.97917,1913,1913,"1230",,N,Flow,Miscellaneous,N,N,N,ASSUMED DATUM,VANCOUVER,"",N
08LE008,"INGRAM CREEK NEAR THE MOUTH",BC,Discontinued,50.45667,-119.69167,1918,1978,"63.2",,N,Flow,Miscellaneous,N,N,N,ASSUMED DATUM,VANCOUVER,"B.C. MINISTRY OF ENVIRONMENT",Y
08LE009,"JACKO CREEK NEAR KAMLOOPS",BC,Discontinued,50.59889,-120.44667,1928,1929,"10.9",,N,Flow,Miscellaneous,N,N,N,ASSUMED DATUM,VANCOUVER,"",N
08LE010,"MARTIN CREEK NEAR PRITCHARD",BC,Discontinued,50.67639,-119.75972,1911,1922,"38.9",,N,Flow,Seasonal,N,N,N,,VANCOUVER,"",N
08LE011,"MONTE CREEK (DIVERSION TO MONTE LAKE) NEAR MONTE LAKE",BC,Discontinued,50.51889,-119.85694,1911,1954,"",,R,Flow,Seasonal,N,N,N,ASSUMED DATUM,VANCOUVER,"",N
08LE012,"MONTE CREEK NEAR MONTE LAKE",BC,Discontinued,50.52000,-119.85889,1911,1980,"60.6",,R,Flow,Seasonal,N,N,N,,VANCOUVER,"",N
08LE013,"MONTE CREEK NEAR MONTE CREEK",BC,Discontinued,50.62083,-119.92250,1911,1980,"184",,R,Flow,Seasonal,N,N,N,,VANCOUVER,"",N
08LE014,"MOULTON CREEK NEAR PRITCHARD",BC,Discontinued,50.68333,-119.89028,1911,1912,"15.5",,N,Flow,Seasonal,N,N,N,,VANCOUVER,"",N
08LE015,"NEDS CREEK NEAR PRITCHARD (LOWER STATION)",BC,Discontinued,50.66722,-119.83944,1912,1927,"15.5",,R,Flow,Seasonal,N,N,N,ASSUMED DATUM,VANCOUVER,"",N
08LE016,"NISKONLITH CREEK NEAR SHUSWAP",BC,Discontinued,50.76111,-119.77361,1915,1915,"130",,R,Flow,Miscellaneous,N,N,N,ASSUMED DATUM,VANCOUVER,"",N
08LE017,"PEMBERTON CREEK NEAR PRITCHARD",BC,Discontinued,50.70222,-119.86250,1911,1912,"20.7",,N,Flow,Seasonal,N,N,N,,VANCOUVER,"",N
08LE018,"ROBBINS CREEK NEAR MONTE LAKE (LOWER STATION)",BC,Discontinued,50.61944,-119.98056,1915,1929,"38.9",,R,Flow,Miscellaneous,N,N,N,,VANCOUVER,"",N
08LE019,"SALMON RIVER ABOVE ADELPHI CREEK",BC,Discontinued,50.40833,-119.81083,1911,1978,"546",,R,Flow,Seasonal,N,N,N,ASSUMED DATUM,VANCOUVER,"B.C. MINISTRY OF ENVIRONMENT",Y
08LE020,"SALMON RIVER AT FALKLAND",BC,Active,50.49856,-119.55861,1952,2024,"1030",,R,Flow and Level,Continuous,N,N,Y,ASSUMED DATUM,VANCOUVER,"",N
08LE021,"SALMON RIVER NEAR SALMON ARM",BC,Active,50.69251,-119.33053,1974,2024,"1550",,R,Flow and Level,Continuous,N,N,Y,ASSUMED DATUM,VANCOUVER,"",N
08LE022,"ROBBINS CREEK NEAR ROBBINS RANGE",BC,Discontinued,50.57500,-120.03333,1919,1927,"15.5",,N,Flow,Seasonal,N,N,N,,VANCOUVER,"",N
08LE023,"WARREN CREEK NEAR SALMON ARM",BC,Discontinued,50.49028,-119.52917,1911,1912,"25.9",,N,Flow,Seasonal,N,N,N,,VANCOUVER,"",N
08LE024,"EAGLE RIVER NEAR MALAKWA",BC,Active,50.93634,-118.80165,1955,2024,"932",,N,Flow and Level,Continuous,N,N,Y,ASSUMED DATUM,VANCOUVER,"",N
08LE025,"CELISTA CREEK NEAR ALBAS",BC,Discontinued,51.20833,-119.00750,1915,1924,"282",,N,Flow,Continuous,N,N,N,ASSUMED DATUM,VANCOUVER,"",N
08LE026,"CRAZY CREEK AT TAFT",BC,Discontinued,50.99250,-118.64389,1933,1933,"117",,N,Flow,Miscellaneous,N,N,N,,VANCOUVER,"",N
08LE027,"SEYMOUR RIVER NEAR SEYMOUR ARM",BC,Active,51.26222,-118.94644,1969,2024,"805",,N,Flow and Level,Continuous,N,N,Y,ASSUMED DATUM,VANCOUVER,"",N
08LE028,"ONYX CREEK NEAR MAGNA BAY",BC,Discontinued,50.95694,-119.29306,1915,1925,"50.8",,N,Flow,Seasonal,N,N,N,,VANCOUVER,"",N
08LE029,"ROSS CREEK NEAR ANGLEMONT",BC,Discontinued,50.97639,-119.22778,1923,1927,"104",,N,Flow,Miscellaneous,N,N,N,ASSUMED DATUM,VANCOUVER,"",N
08LE030,"SCOTCH CREEK NEAR SORRENTO",BC,Discontinued,50.93194,-119.46528,1915,1948,"635",,N,Flow,Seasonal,N,N,N,,VANCOUVER,"",N
08LE031,"SOUTH THOMPSON RIVER AT CHASE",BC,Active,50.76311,-119.74312,1915,2024,"15800",,N,Flow and Level,Continuous,N,N,Y,ASSUMED DATUM,VANCOUVER,"",N
08LE032,"NISKONLITH CREEK ABOVE NISKONLITH LAKE",BC,Discontinued,50.76806,-119.80000,1920,1928,"31.1",,N,Flow,Miscellaneous,N,N,N,ASSUMED DATUM,VANCOUVER,"",N
08LE033,"LOAKIN CREEK ABOVE INDIAN DIVERSION",BC,Discontinued,50.83056,-119.75556,1918,1927,"51.8",,N,Flow,Seasonal,N,N,N,,VANCOUVER,"",N
08LE034,"NEDS CREEK NEAR PRITCHARD (UPPER STATION)",BC,Discontinued,50.65528,-119.79444,1918,1927,"5.18",,R,Flow,Seasonal,N,N,N,,VANCOUVER,"",N
08LE035,"PETERSON CREEK NEAR KAMLOOPS",BC,Discontinued,50.60639,-120.37500,1915,1929,"64.8",,R,Flow,Miscellaneous,N,N,N,,VANCOUVER,"",N
08LE036,"SCUITTO CREEK NEAR BARNHART VALE",BC,Discontinued,50.57361,-120.18333,1917,1948,"122",,N,Flow,Seasonal,N,N,N,ASSUMED DATUM,VANCOUVER,"",N
08LE037,"CAMPBELL CREEK NEAR BARNHART VALE (UPPER STATION)",BC,Discontinued,50.57139,-120.21111,1917,1951,"285",,N,Flow,Seasonal,N,N,N,,VANCOUVER,"",N
08LE038,"BLAIR CREEK NEAR FALKLAND (LOWER STATION)",BC,Discontinued,50.54667,-119.59833,1922,1922,"77.7",,N,Flow,Miscellaneous,N,N,N,,VANCOUVER,"",N
08LE039,"WHITE CREEK NEAR CARLIN",BC,Discontinued,50.87056,-119.31778,1921,1980,"64.2",,R,Flow,Seasonal,N,N,N,ASSUMED DATUM,VANCOUVER,"",N
08LE040,"BLAIR CREEK NEAR FALKLAND (UPPER STATION)",BC,Discontinued,50.57972,-119.58806,1921,1922,"77.7",,N,Flow,Miscellaneous,N,N,N,ASSUMED DATUM,VANCOUVER,"",N
08LE041,"TAPPEN CREEK NEAR TAPPEN",BC,Discontinued,50.78389,-119.34861,1923,1985,"26.9",,N,Flow,Seasonal,N,N,N,ASSUMED DATUM,VANCOUVER,"",N
08LE042,"SPA CREEK ABOVE COWPERSMITH DIVERSION",BC,Discontinued,50.54861,-119.40139,1923,1931,"13.0",,N,Flow,Seasonal,N,N,N,ASSUMED DATUM,VANCOUVER,"",N
08LE043,"SILVER CREEK NEAR SALMON ARM",BC,Discontinued,50.59167,-119.36389,1923,1948,"25.9",,N,Flow,Seasonal,N,N,N,,VANCOUVER,"",N
08LE044,"GORDON CREEK NEAR SALMON ARM",BC,Discontinued,50.66111,-119.37639,1966,1975,"18.9",,R,Flow,Continuous,N,N,N,ASSUMED DATUM,VANCOUVER,"",N
08LE045,"GRIER CREEK NEAR SALMON ARM",BC,Discontinued,50.62639,-119.40000,1930,1931,"13.0",,N,Flow,Seasonal,N,N,N,ASSUMED DATUM,VANCOUVER,"",N
08LE046,"KERNAGHAN CREEK NEAR SALMON ARM",BC,Discontinued,50.63889,-119.40139,1930,1931,"13.0",,N,Flow,Seasonal,N,N,N,ASSUMED DATUM,VANCOUVER,"",N
08LE047,"SHUSWAP LAKE NEAR SORRENTO",BC,Discontinued,50.88056,-119.46472,1923,1979,"",,N,Level,Continuous,N,N,N,ASSUMED DATUM,VANCOUVER,"",N
08LE048,"NISKONLITH CREEK (INDIAN DIVERSION) NEAR SHUSWAP",BC,Discontinued,50.76389,-119.77361,1933,1950,"",,R,Flow,Seasonal,N,N,N,,VANCOUVER,"",N
08LE049,"NISKONLITH CREEK (HOFFMAN AND ROSS DIVERSION) NEAR SHUSWAP",BC,Discontinued,50.76250,-119.78056,1933,1950,"",,R,Flow,Seasonal,N,N,N,ASSUMED DATUM,VANCOUVER,"",N
08LE050,"NISKONLITH LAKE SPILLWAY",BC,Discontinued,50.76417,-119.78306,1945,1950,"",,R,Flow,Seasonal,N,N,N,,VANCOUVER,"",N
08LE051,"LOAKIN CREEK (INDIAN DIVERSION) NEAR SHUSWAP",BC,Discontinued,50.82000,-119.75694,1934,1950,"",,R,Flow,Seasonal,N,N,N,,VANCOUVER,"",N
08LE053,"SHUSWAP LAKE NEAR SICAMOUS",BC,Discontinued,50.85139,-119.01194,1923,1974,"",,N,Level,Continuous,N,N,N,ASSUMED DATUM,VANCOUVER,"",N
08LE054,"EAST CANOE CREEK NEAR SALMON ARM",BC,Discontinued,50.69583,-119.19722,1945,1949,"20.5",,N,Flow,Seasonal,N,N,N,,VANCOUVER,"",N
08LE055,"FARRELL CREEK NEAR TAPPEN (LOWER STATION)",BC,Discontinued,50.77778,-119.28750,1939,1940,"9.58",,N,Flow,Seasonal,N,N,N,,VANCOUVER,"",N
08LE056,"FARRELL CREEK NEAR TAPPEN (UPPER STATION)",BC,Discontinued,50.80278,-119.28778,1940,1940,"",,N,Flow,Seasonal,N,N,N,,VANCOUVER,"",N
08LE057,"LITTLE SHUSWAP LAKE AT CHASE",BC,Discontinued,50.82833,-119.67444,1954,1987,"",,N,Level,Continuous,N,N,N,ASSUMED DATUM,VANCOUVER,"",N
08LE058,"CAMPBELL CREEK BELOW SCUITTO CREEK",BC,Discontinued,50.58111,-120.18972,1949,1967,"521",,R,Flow,Seasonal,N,N,N,,VANCOUVER,"",N
08LE059,"SALMON RIVER NEAR WESTWOLD",BC,Discontinued,50.45694,-119.77083,1947,1947,"601",,N,Flow,Miscellaneous,N,N,N,ASSUMED DATUM,VANCOUVER,"",N
08LE060,"SPA CREEK BELOW COWPERSMITH DIVERSION",BC,Discontinued,50.54444,-119.37778,1945,1948,"13.0",,R,Flow,Seasonal,N,N,N,,VANCOUVER,"",N
08LE061,"PETERSON CREEK NEAR KNUTSFORD",BC,Discontinued,50.63750,-120.33139,1950,1952,"103",,N,Flow,Seasonal,N,N,N,,VANCOUVER,"",N
08LE063,"SALMON RIVER NEAR DOUGLAS LAKE",BC,Discontinued,50.30000,-119.98611,1951,1953,"237",,N,Flow,Seasonal,N,N,N,ASSUMED DATUM,VANCOUVER,"",N
08LE064,"SALMON RIVER NEAR FALKLAND",BC,Discontinued,50.44750,-119.46944,1974,1978,"1120",,R,Flow,Continuous,N,N,N,ASSUMED DATUM,VANCOUVER,"B.C. MINISTRY OF ENVIRONMENT",Y
08LE065,"SALMON RIVER AT GLENEMMA",BC,Discontinued,50.46944,-119.35000,1959,1976,"1160",,N,Flow,Continuous,N,N,N,,VANCOUVER,"B.C. MINISTRY OF ENVIRONMENT",Y
08LE066,"NEWSOME CREEK AT SORRENTO",BC,Discontinued,50.87361,-119.46806,1954,1964,"18.9",,N,Flow,Seasonal,N,N,N,ASSUMED DATUM,VANCOUVER,"",N
08LE067,"FOWLER CREEK NEAR FALKLAND",BC,Discontinued,50.52556,-119.37528,1955,1964,"15.8",,N,Flow,Seasonal,N,N,N,,VANCOUVER,"",N
08LE068,"MONTE LAKE NEAR MONTE LAKE",BC,Discontinued,50.49167,-119.83333,1957,1975,"",,R,Level,Seasonal,N,N,N,ASSUMED DATUM,VANCOUVER,"",N
08LE069,"SOUTH THOMPSON RIVER AT MONTE CREEK",BC,Discontinued,50.65333,-119.95944,1971,1971,"16600",,N,Level,Seasonal,N,N,N,ASSUMED DATUM,VANCOUVER,"",N
08LE070,"SHUSWAP LAKE AT SALMON ARM",BC,Active,50.70943,-119.28406,1962,2024,"",,N,Level,Continuous,N,N,Y,GEODETIC SURVEY OF CANADA DATUM,VANCOUVER,"",N
08LE071,"SHUSWAP LAKE AT SEYMOUR ARM",BC,Discontinued,51.23889,-118.92778,1961,1979,"",,N,Level,Continuous,N,N,N,ASSUMED DATUM,VANCOUVER,"",N
08LE072,"PALMER CREEK NEAR SALMON ARM",BC,Discontinued,50.70417,-119.34722,1911,1979,"18.1",,R,Flow,Miscellaneous,N,N,N,ASSUMED DATUM,VANCOUVER,"",N
08LE073,"WHITE CREEK AT TAPPEN",BC,Discontinued,50.78889,-119.33111,1964,1980,"125",,R,Flow,Seasonal,N,N,N,ASSUMED DATUM,VANCOUVER,"",N
08LE074,"CANOE CREEK ABOVE EAST CANOE CREEK",BC,Discontinued,50.70139,-119.22361,1965,1974,"39.1",,N,Flow,Seasonal,N,N,N,ASSUMED DATUM,VANCOUVER,"",N
08LE075,"SALMON RIVER ABOVE SALMON LAKE",BC,Discontinued,50.28889,-119.95556,1967,2002,"143",,N,Flow,Continuous,N,N,N,ASSUMED DATUM,VANCOUVER,"",N
08LE077,"CORNING CREEK NEAR SQUILAX",BC,Active,50.91317,-119.53284,1980,2024,"26.2",,N,Flow and Level,Continuous,N,N,Y,ASSUMED DATUM,VANCOUVER,"",N
08LE078,"ROBBINS CREEK ABOVE DISDERO CREEK",BC,Discontinued,50.57500,-119.98139,1980,1980,"32.1",,N,Flow,Miscellaneous,N,N,N,ASSUMED DATUM,VANCOUVER,"",N
08LE079,"NISKONLITH LAKE NEAR SHUSWAP",BC,Discontinued,50.76417,-119.78306,1932,1950,"",,R,Level,Seasonal,N,N,N,ASSUMED DATUM,VANCOUVER,"",N
08LE080,"NEWSOME CREEK AT THE MOUTH",BC,Discontinued,50.88056,-119.47083,1971,1975,"20.2",,R,Flow,Continuous,N,N,N,ASSUMED DATUM,VANCOUVER,"",N
08LE081,"CHUM CREEK NEAR SQUILAX",BC,Discontinued,50.83444,-119.57083,1971,1980,"",,R,Flow,Seasonal,N,N,N,ASSUMED DATUM,VANCOUVER,"",N
08LE086,"RATCHFORD CREEK AT 600 M CONTOUR",BC,Discontinued,51.36500,-118.80639,1984,1984,"253",,N,Flow,Seasonal,N,N,N,ASSUMED DATUM,VANCOUVER,"",N
08LE087,"TAPPEN CREEK AT THE SOURCE",BC,Discontinued,50.79583,-119.39472,1981,1985,"4.40",,N,Flow,Seasonal,N,N,N,ASSUMED DATUM,VANCOUVER,"",N
08LE088,"SALMON RIVER ABOVE KERNAGHAN CREEK",BC,Discontinued,50.63472,-119.38750,1973,1979,"1400",,N,Flow,Continuous,N,N,N,ASSUMED DATUM,VANCOUVER,"",N
08LE089,"SALMON RIVER ABOVE FOWLER CREEK",BC,Discontinued,50.51333,-119.34917,1974,1986,"1070",,R,Flow,Continuous,N,N,N,ASSUMED DATUM,VANCOUVER,"B.C. MINISTRY OF ENVIRONMENT",Y
08LE090,"SALMON RIVER BELOW SILVER CREEK",BC,Discontinued,50.60861,-119.36278,1974,1977,"1210",,R,Flow,Continuous,N,N,N,ASSUMED DATUM,VANCOUVER,"B.C. MINISTRY OF ENVIRONMENT",Y
08LE091,"KERNAGHAN CREEK ABOVE DIVERSIONS",BC,Discontinued,50.63444,-119.39028,1987,1987,"8.29",,N,Flow,Seasonal,N,N,N,ASSUMED DATUM,VANCOUVER,"B.C. MINISTRY OF ENVIRONMENT",Y
08LE092,"GORDON CREEK ABOVE DIVERSIONS",BC,Discontinued,50.66111,-119.38306,1974,1979,"17.9",,N,Flow,Continuous,N,N,N,ASSUMED DATUM,VANCOUVER,"B.C. MINISTRY OF ENVIRONMENT",Y
08LE093,"PALMER CREEK ABOVE DIVERSIONS",BC,Discontinued,50.71667,-119.36306,1974,1979,"15.5",,N,Flow,Continuous,N,N,N,ASSUMED DATUM,VANCOUVER,"B.C. MINISTRY OF ENVIRONMENT",Y
08LE094,"BOLEAN CREEK NEAR THE MOUTH",BC,Discontinued,50.50917,-119.56944,1974,1986,"224",,N,Flow,Continuous,N,N,N,ASSUMED DATUM,VANCOUVER,"B.C. MINISTRY OF ENVIRONMENT",Y
08LE095,"WEYMAN CREEK NEAR THE MOUTH",BC,Discontinued,50.36222,-119.92917,1974,1978,"95.6",,N,Flow,Seasonal,N,N,N,ASSUMED DATUM,VANCOUVER,"B.C. MINISTRY OF ENVIRONMENT",Y
08LE096,"FOWLER CREEK AT 640 M CONTOUR",BC,Discontinued,50.52361,-119.38528,1974,1986,"15.8",,N,Flow,Continuous,N,N,N,ASSUMED DATUM,VANCOUVER,"B.C. MINISTRY OF ENVIRONMENT",Y
08LE097,"SALMON RIVER NEAR GLENEMMA",BC,Discontinued,50.49861,-119.34583,1974,1976,"1170",,R,Flow,Continuous,N,N,N,ASSUMED DATUM,VANCOUVER,"B.C. MINISTRY OF ENVIRONMENT",Y
08LE099,"NORTH PAXTON CREEK ABOVE DIVERSIONS",BC,Discontinued,50.53389,-119.81222,1979,1980,"",,R,Flow,Seasonal,N,N,N,ASSUMED DATUM,VANCOUVER,"",N
08LE101,"KNIGHT CREEK ABOVE DIVERSIONS",BC,Discontinued,50.80306,-119.17806,1981,1983,"5.67",,N,Flow,Seasonal,N,N,N,ASSUMED DATUM,VANCOUVER,"",N
08LE102,"PETERSON CREEK ABOVE JACKO CREEK",BC,Discontinued,50.58778,-120.44583,1981,1986,"21.4",,N,Flow,Seasonal,N,N,N,,VANCOUVER,"",N
08LE103,"MONTE CREEK ABOVE MONTE LAKE DIVERSION",BC,Discontinued,50.52278,-119.85250,1981,1994,"64.3",,N,Flow,Seasonal,N,N,N,ASSUMED DATUM,VANCOUVER,"",N
08LE104,"HLINA CREEK BELOW RASMUSSEN CREEK",BC,Discontinued,50.95750,-119.37694,1981,1985,"15.9",,R,Flow,Seasonal,N,N,N,ASSUMED DATUM,VANCOUVER,"",N
08LE105,"HLINA CREEK AT THE MOUTH",BC,Discontinued,50.94361,-119.34917,1981,1985,"24.7",,R,Flow,Seasonal,N,N,N,ASSUMED DATUM,VANCOUVER,"",N
08LE106,"SOUTH PASS CREEK AT THE MOUTH",BC,Discontinued,50.92639,-118.47444,1982,1994,"30.2",,N,Flow,Seasonal,N,N,N,ASSUMED DATUM,VANCOUVER,"",N
08LE107,"HUDSON CREEK NEAR THE MOUTH",BC,Discontinued,50.96361,-119.16333,1983,1987,"4.70",,R,Flow,Seasonal,N,N,N,ASSUMED DATUM,VANCOUVER,"",N
08LE108,"EAST CANOE CREEK ABOVE DAM",BC,Active,50.69665,-119.19616,1983,2024,"20.8",,N,Flow and Level,Continuous,N,N,Y,ASSUMED DATUM,VANCOUVER,"",N
08LE109,"SHUSWAP LAKE AT CANOE",BC,Discontinued,50.75472,-119.22861,1998,2010,"",,N,Level,Seasonal,N,N,N,GEODETIC SURVEY OF CANADA DATUM,VANCOUVER,"",N
08LE110,"LOFTUS CREEK AT MALAKWA",BC,Discontinued,50.93500,-118.80583,1988,1994,"",,R,Flow,Seasonal,N,N,N,ASSUMED DATUM,VANCOUVER,"",N
08LE111,"SHUSWAP LAKE AT BLIND BAY",BC,Active,50.88804,-119.39408,2023,2024,"",,,Level,Continuous,N,N,Y,,VANCOUVER,"",N
08LE112,"CHASE CREEK ABOVE THE MOUTH",BC,Active,50.81910,-119.68153,1996,2024,"297",,R,Flow and Level,Continuous,N,N,Y,ASSUMED DATUM,VANCOUVER,"",N
08LF001,"BARNES CREEK NEAR ASHCROFT",BC,Discontinued,50.70750,-121.23194,1928,1928,"100",,N,Flow,Miscellaneous,N,N,N,ASSUMED DATUM,VANCOUVER,"",N
08LF002,"BONAPARTE RIVER BELOW CACHE CREEK",BC,Active,50.80298,-121.32334,1973,2024,"5020",,R,Flow and Level,Continuous,N,N,Y,ASSUMED DATUM,VANCOUVER,"",N
08LF003,"BOTANIE CREEK NEAR LYTTON",BC,Discontinued,50.31250,-121.54861,1911,1912,"98.4",,R,Flow,Seasonal,N,N,N,,VANCOUVER,"",N
08LF004,"CACHE CREEK NEAR CACHE CREEK",BC,Discontinued,50.82500,-121.25833,1919,1921,"90.7",,R,Flow,Miscellaneous,N,N,N,ASSUMED DATUM,VANCOUVER,"",N
08LF005,"CHERRY CREEK NEAR KAMLOOPS",BC,Discontinued,50.62500,-120.53694,1929,1929,"53.1",,N,Flow,Miscellaneous,N,N,N,,VANCOUVER,"",N
08LF006,"CORNWALL CREEK NEAR ASHCROFT",BC,Discontinued,50.72639,-121.34444,1912,1931,"90.7",,R,Flow,Seasonal,N,N,N,ASSUMED DATUM,VANCOUVER,"",N
08LF007,"CRISS CREEK NEAR SAVONA",BC,Active,50.88390,-120.96594,1961,2024,"479",,R,Flow and Level,Continuous,N,N,Y,ASSUMED DATUM,VANCOUVER,"",N
08LF008,"BEATON CREEK NEAR KAMLOOPS",BC,Discontinued,50.65833,-120.62500,1913,1915,"33.7",,R,Flow,Miscellaneous,N,N,N,,VANCOUVER,"",N
08LF009,"DEADMAN RIVER ABOVE WALHACHIN FLUME",BC,Discontinued,50.87778,-120.97222,1911,1912,"1170",,N,Flow,Seasonal,N,N,N,,VANCOUVER,"",N
08LF010,"DEADMAN RIVER (WALHACHIN FLUME)",BC,Discontinued,50.85000,-120.96111,1912,1922,"",,R,Flow,Miscellaneous,N,N,N,ASSUMED DATUM,VANCOUVER,"",N
08LF011,"DEADMAN RIVER BELOW WALHACHIN FLUME",BC,Discontinued,50.78333,-120.92222,1911,1911,"",,R,Flow,Seasonal,N,N,N,,VANCOUVER,"",N
08LF012,"DUFFY CREEK NEAR CHERRY CREEK",BC,Discontinued,50.70639,-120.64583,1912,1956,"40.1",,N,Flow,Miscellaneous,N,N,N,,VANCOUVER,"",N
08LF013,"HAT CREEK NEAR ASHCROFT",BC,Discontinued,50.61222,-121.56917,1911,1922,"74.1",,N,Flow,Seasonal,N,N,N,,VANCOUVER,"",N
08LF014,"HAT CREEK - HAMMOND DIVERSION TO OREGON JACK CREEK",BC,Discontinued,50.62083,-121.56944,1912,1922,"",,N,Flow,Seasonal,N,N,N,,VANCOUVER,"",N
08LF015,"HAT CREEK NEAR CACHE CREEK",BC,Discontinued,50.88444,-121.42028,1960,1994,"658",,R,Flow,Continuous,N,N,N,ASSUMED DATUM,VANCOUVER,"",N
08LF017,"MURRAY CREEK NEAR SPENCES BRIDGE",BC,Discontinued,50.42500,-121.36944,1912,1951,"119",,N,Flow,Seasonal,N,N,N,,VANCOUVER,"",N
08LF018,"PUCKETT CREEK NEAR ASHCROFT",BC,Discontinued,50.68056,-121.25556,1913,1915,"13.0",,N,Flow,Miscellaneous,N,N,N,,VANCOUVER,"",N
08LF019,"OREGON JACK CREEK NEAR ASHCROFT",BC,Discontinued,50.63833,-121.42444,1915,1926,"64.8",,R,Flow,Miscellaneous,N,N,N,ASSUMED DATUM,VANCOUVER,"",N
08LF020,"PENDLETON CREEK NEAR CHERRY CREEK",BC,Discontinued,50.67500,-120.57500,1914,1915,"10.4",,N,Flow,Miscellaneous,N,N,N,,VANCOUVER,"",N
08LF021,"SCOTTIE CREEK NEAR CACHE CREEK",BC,Discontinued,50.95111,-121.43139,1967,1974,"174",,R,Flow,Continuous,N,N,N,ASSUMED DATUM,VANCOUVER,"",N
08LF022,"THOMPSON RIVER AT SPENCES BRIDGE",BC,Discontinued,50.42083,-121.34167,1911,1951,"54600",,N,Flow,Continuous,N,N,N,ASSUMED DATUM,VANCOUVER,"",N
08LF023,"THOMPSON RIVER AT KAMLOOPS",BC,Active,50.68752,-120.36412,1914,2024,"37800",,N,Flow and Level,Continuous,N,N,Y,ASSUMED DATUM,VANCOUVER,"",N
08LF024,"TRANQUILLE RIVER NEAR KAMLOOPS",BC,Discontinued,50.73611,-120.51667,1911,1980,"596",,N,Flow,Seasonal,N,N,N,ASSUMED DATUM,VANCOUVER,"",N
08LF025,"TWAAL CREEK NEAR SPENCES BRIDGE",BC,Discontinued,50.46667,-121.33750,1912,1930,"84.7",,N,Flow,Miscellaneous,N,N,N,,VANCOUVER,"",N
08LF026,"VENABLES CREEK AT OUTLET OF VENABLES LAKE",BC,Discontinued,50.55694,-121.33556,1923,1927,"15.5",,R,Flow,Seasonal,N,N,N,ASSUMED DATUM,VANCOUVER,"",N
08LF027,"DEADMAN RIVER ABOVE CRISS CREEK",BC,Active,50.89807,-120.97598,1961,2024,"878",,R,Flow and Level,Continuous,N,N,Y,ASSUMED DATUM,VANCOUVER,"",N
08LF028,"DURAND CREEK BELOW GUICHON DIVERSION",BC,Discontinued,50.62778,-120.80833,1912,1919,"130",,R,Flow,Miscellaneous,N,N,N,ASSUMED DATUM,VANCOUVER,"",N
08LF029,"CACHE CREEK (MCABEE DIVERSION) NEAR CACHE CREEK",BC,Discontinued,50.84639,-121.21056,1911,1921,"",,R,Flow,Miscellaneous,N,N,N,ASSUMED DATUM,VANCOUVER,"",N
08LF030,"DURAND CREEK (FERGUSON DIVERSION) NEAR SAVONA",BC,Discontinued,50.66333,-120.76417,1920,1928,"",,R,Flow,Seasonal,N,N,N,ASSUMED DATUM,VANCOUVER,"",N
08LF032,"DURAND CREEK NEAR SAVONA",BC,Discontinued,50.66583,-120.76556,1929,1929,"130",,R,Flow,Miscellaneous,N,N,N,,VANCOUVER,"",N
08LF033,"THOMPSON RIVER NEAR SAVONA",BC,Active,50.75208,-120.87361,1926,2024,"39100",,N,Flow and Level,Continuous,N,N,Y,ASSUMED DATUM,VANCOUVER,"",N
08LF034,"HAT CREEK ABOVE MARBLE CANYON",BC,Discontinued,50.79167,-121.61111,1921,1934,"430",,R,Flow,Seasonal,N,N,N,ASSUMED DATUM,VANCOUVER,"",N
08LF035,"HAT CREEK NEAR CARQUILE",BC,Discontinued,50.88472,-121.49861,1915,1915,"699",,N,Flow,Miscellaneous,N,N,N,,VANCOUVER,"",N
08LF036,"PUKAIST CREEK NEAR ASCROFT",BC,Discontinued,50.54750,-121.19556,1921,1927,"139",,N,Flow,Seasonal,N,N,N,,VANCOUVER,"",N
08LF037,"CUTOFF VALLEY CREEK NEAR CLINTON",BC,Discontinued,51.05611,-121.66167,1923,1974,"58.0",,R,Flow,Seasonal,N,N,N,ASSUMED DATUM,VANCOUVER,"",N
08LF038,"CLINTON CREEK AT CLINTON",BC,Discontinued,51.09722,-121.59028,1923,1960,"63.7",,N,Flow,Seasonal,N,N,N,,VANCOUVER,"",N
08LF039,"OREGON JACK CREEK NEAR ASHCROFT (LOWER STATION)",BC,Discontinued,50.61861,-121.33444,1911,1928,"82.1",,R,Flow,Miscellaneous,N,N,N,ASSUMED DATUM,VANCOUVER,"",N
08LF040,"STUDHORSE CREEK NEAR ASHCROFT",BC,Discontinued,50.71000,-121.19750,1928,1928,"25.9",,N,Flow,Miscellaneous,N,N,N,ASSUMED DATUM,VANCOUVER,"",N
08LF041,"ALKALI CREEK NEAR KAMLOOPS",BC,Discontinued,50.62222,-120.48750,1928,1928,"6.48",,R,Flow,Seasonal,N,N,N,,VANCOUVER,"",N
08LF042,"RUSH CREEK NEAR KAMLOOPS",BC,Discontinued,50.59444,-120.47083,1928,1928,"1.30",,N,Flow,Seasonal,N,N,N,,VANCOUVER,"",N
08LF043,"THOMPSON RIVER NEAR WALHACHIN",BC,Discontinued,50.76444,-121.03222,1932,1948,"40900",,N,Flow,Continuous,N,N,N,ASSUMED DATUM,VANCOUVER,"",N
08LF046,"KAMLOOPS LAKE AT SAVONA",BC,Discontinued,50.75278,-120.84722,1949,1984,"",,N,Level,Seasonal,N,N,N,ASSUMED DATUM,VANCOUVER,"",N
08LF047,"FIFTYSEVEN CREEK NEAR CLINTON",BC,Discontinued,51.18222,-121.58333,1948,1980,"80.5",,N,Flow,Seasonal,N,N,N,ASSUMED DATUM,VANCOUVER,"",N
08LF048,"FIFTYNINE CREEK NEAR CHASM",BC,Discontinued,51.21861,-121.50750,1947,1955,"203",,N,Flow,Seasonal,N,N,N,,VANCOUVER,"",N
08LF049,"WATCHING CREEK NEAR KAMLOOPS",BC,Discontinued,50.85278,-120.50167,1969,1974,"79.5",,N,Flow,Continuous,N,N,N,ASSUMED DATUM,VANCOUVER,"",N
08LF050,"NOISET SPRING NEAR SPENCES BRIDGE",BC,Discontinued,50.45417,-121.31167,1952,1952,"",,N,Flow,Seasonal,N,N,N,,VANCOUVER,"",N
08LF051,"THOMPSON RIVER NEAR SPENCES BRIDGE",BC,Active,50.35463,-121.39365,1951,2024,"55400",,N,Flow and Level,Continuous,N,N,Y,ASSUMED DATUM,VANCOUVER,"",N
08LF052,"THOMPSON RIVER NEAR GLADWIN COURT (ABOVE RAPIDS)",BC,Discontinued,50.25694,-121.51417,1955,1955,"",,N,Level,Seasonal,N,N,N,ASSUMED DATUM,VANCOUVER,"",N
08LF053,"THOMPSON RIVER NEAR GLADWIN COURT (BELOW RAPIDS)",BC,Discontinued,50.25889,-121.51861,1955,1955,"",,N,Level,Seasonal,N,N,N,ASSUMED DATUM,VANCOUVER,"",N
08LF054,"THOMPSON RIVER NEAR ASHCROFT",BC,Discontinued,50.71500,-121.28139,1955,1955,"",,N,Level,Seasonal,N,N,N,ASSUMED DATUM,VANCOUVER,"",N
08LF055,"THOMPSON RIVER NEAR BASQUE",BC,Discontinued,50.60528,-121.31306,1955,1955,"",,N,Level,Seasonal,N,N,N,ASSUMED DATUM,VANCOUVER,"",N
08LF056,"THOMPSON RIVER NEAR MCABEE",BC,Discontinued,50.76944,-121.15500,1955,1955,"",,N,Level,Seasonal,N,N,N,ASSUMED DATUM,VANCOUVER,"",N
08LF057,"THOMPSON RIVER BELOW DEADMAN RIVER",BC,Discontinued,50.74611,-120.92444,1955,1955,"",,N,Level,Seasonal,N,N,N,ASSUMED DATUM,VANCOUVER,"",N
08LF058,"THOMPSON RIVER BELOW SHAW SPRINGS",BC,Discontinued,50.32500,-121.39306,1955,1955,"",,N,Level,Seasonal,N,N,N,ASSUMED DATUM,VANCOUVER,"",N
08LF059,"THOMPSON RIVER NEAR MARTEL",BC,Discontinued,50.47139,-121.29722,1956,1956,"",,N,Level,Seasonal,N,N,N,ASSUMED DATUM,VANCOUVER,"",N
08LF060,"BONAPARTE RIVER NEAR CACHE CREEK",BC,Discontinued,50.91583,-121.41139,1960,1974,"4090",,R,Flow,Continuous,N,N,N,ASSUMED DATUM,VANCOUVER,"",N
08LF061,"HAT CREEK NEAR UPPER HAT CREEK",BC,Discontinued,50.75611,-121.58833,1985,1985,"350",,R,Flow,Miscellaneous,N,N,N,ASSUMED DATUM,VANCOUVER,"",N
08LF062,"BONAPARTE RIVER NEAR BRIDGE LAKE",BC,Discontinued,51.33556,-120.79861,1960,1995,"666",,R,Flow,Continuous,N,N,N,ASSUMED DATUM,VANCOUVER,"",N
08LF063,"GLADWIN CREEK NEAR LYTTON",BC,Discontinued,50.24694,-121.48417,1964,1968,"5.70",,N,Flow,Seasonal,N,N,N,,VANCOUVER,"",N
08LF064,"CLINTON CREEK NEAR THE MOUTH",BC,Discontinued,51.11111,-121.48750,1969,1975,"252",,R,Flow,Continuous,N,N,N,ASSUMED DATUM,VANCOUVER,"",N
08LF065,"BONAPARTE RIVER ABOVE CLINTON CREEK",BC,Discontinued,51.11389,-121.47361,1968,1971,"3210",,R,Flow,Continuous,N,N,N,ASSUMED DATUM,VANCOUVER,"",N
08LF066,"BONAPARTE RIVER ABOVE LOON CREEK",BC,Discontinued,51.03583,-121.44139,1969,1998,"3520",,R,Flow,Continuous,N,N,N,ASSUMED DATUM,VANCOUVER,"",N
08LF067,"BARNARD CREEK NEAR ASHCROFT",BC,Discontinued,50.66861,-121.27833,1966,1966,"29.0",,N,Flow,Miscellaneous,N,N,N,,VANCOUVER,"",N
08LF068,"VENABLES CREEK ABOVE VENABLES LAKE",BC,Discontinued,50.57500,-121.35000,1913,1913,"25.9",,N,Flow,Miscellaneous,N,N,N,,VANCOUVER,"",N
08LF069,"PUKAIST CREEK BELOW WOODS CREEK",BC,Discontinued,50.55750,-121.15778,1970,1977,"103",,R,Flow,Continuous,N,N,N,ASSUMED DATUM,VANCOUVER,"",N
08LF070,"BARNES CREEK ABOVE PENSE LAKE DIVERSION",BC,Discontinued,50.67472,-121.07000,1974,1974,"32.4",,N,Flow,Miscellaneous,N,N,N,ASSUMED DATUM,VANCOUVER,"",N
08LF071,"LOON CREEK NEAR THE MOUTH",BC,Discontinued,51.03611,-121.44083,1969,1998,"479",,R,Flow,Continuous,N,N,N,ASSUMED DATUM,VANCOUVER,"",N
08LF073,"CUTOFF VALLEY CREEK ABOVE JUAN CREEK",BC,Discontinued,51.07722,-121.62333,1968,1971,"78.7",,R,Flow,Miscellaneous,N,N,N,,VANCOUVER,"",N
08LF074,"RAYFIELD RIVER ABOVE PRESSY LAKE",BC,Discontinued,51.37778,-121.00556,1968,1974,"1230",,N,Flow,Miscellaneous,N,N,N,ASSUMED DATUM,VANCOUVER,"",N
08LF075,"GREEN LAKE NEAR 70 MILE HOUSE",BC,Discontinued,51.44167,-121.14167,1969,1995,"",,N,Level,Continuous,N,N,N,ASSUMED DATUM,VANCOUVER,"",N
08LF079,"CHERRY CREEK NEAR THE MOUTH",BC,Discontinued,50.71694,-120.63472,1980,1980,"190",,R,Flow,Miscellaneous,N,N,N,ASSUMED DATUM,VANCOUVER,"",N
08LF080,"FIFTYNINE CREEK NEAR CLINTON",BC,Discontinued,51.25833,-121.68111,1977,1996,"36.4",,N,Flow,Continuous,N,N,N,ASSUMED DATUM,VANCOUVER,"",N
08LF081,"AMBUSTEN CREEK NEAR THE MOUTH",BC,Discontinued,50.73694,-121.57611,1977,1998,"32.9",,N,Flow,Continuous,N,N,N,ASSUMED DATUM,VANCOUVER,"",N
08LF082,"MEDICINE CREEK NEAR THE MOUTH",BC,Discontinued,50.75917,-121.55611,1977,1984,"",,R,Flow,Continuous,N,N,N,ASSUMED DATUM,VANCOUVER,"",N
08LF083,"MEDICINE CREEK DIVERSION NEAR ASHCROFT",BC,Discontinued,50.75000,-121.47417,1977,1984,"",,R,Flow,Continuous,N,N,N,ASSUMED DATUM,VANCOUVER,"",N
08LF084,"ANDERSON CREEK ABOVE DIVERSIONS",BC,Discontinued,50.72639,-121.63528,1978,1998,"31.9",,N,Flow,Continuous,N,N,N,ASSUMED DATUM,VANCOUVER,"",N
08LF085,"KAMLOOPS LAKE NEAR KAMLOOPS",BC,Discontinued,50.70722,-120.53417,1978,1998,"",,N,Level,Continuous,N,N,N,ASSUMED DATUM,VANCOUVER,"",N
08LF086,"CHERRY CREEK BELOW PENDLETON CREEK",BC,Discontinued,50.67750,-120.57444,1980,1998,"143",,R,Flow,Continuous,N,N,N,ASSUMED DATUM,VANCOUVER,"",N
08LF087,"MOOSE CREEK ABOVE DIVERSIONS",BC,Discontinued,51.04861,-120.90250,1981,1981,"",,N,Flow,Miscellaneous,N,N,N,,VANCOUVER,"",N
08LF088,"GLADWIN CREEK ABOVE DIVERSIONS",BC,Discontinued,50.24222,-121.47028,1981,1985,"",,N,Flow,Seasonal,N,N,N,ASSUMED DATUM,VANCOUVER,"",N
08LF089,"SCOTTIE CREEK ABOVE CHROME CREEK",BC,Discontinued,50.98361,-121.39833,1981,1994,"141",,N,Flow,Seasonal,N,N,N,ASSUMED DATUM,VANCOUVER,"",N
08LF090,"HAT CREEK ABOVE HARRY CREEK",BC,Discontinued,50.79889,-121.60500,1982,1984,"",,R,Flow,Continuous,N,N,N,ASSUMED DATUM,VANCOUVER,"",N
08LF091,"HELLER CREEK ABOVE DIVERSIONS",BC,Discontinued,51.01028,-120.75361,1982,1994,"46.6",,N,Flow,Seasonal,N,N,N,ASSUMED DATUM,VANCOUVER,"",N
08LF092,"HAT CREEK ABOVE ANDERSON CREEK",BC,Discontinued,50.72667,-121.59944,1982,1984,"",,R,Flow,Continuous,N,N,N,ASSUMED DATUM,VANCOUVER,"",N
08LF093,"ROBERTSON CREEK NEAR THE MOUTH",BC,Discontinued,50.84528,-121.54250,1982,1986,"44.6",,N,Flow,Continuous,N,N,N,ASSUMED DATUM,VANCOUVER,"",N
08LF094,"JOE ROSS CREEK NEAR THE MOUTH",BC,Active,51.15229,-120.85823,1984,2024,"98.9",,N,Flow and Level,Seasonal,N,N,Y,ASSUMED DATUM,VANCOUVER,"",N
08LF095,"MCDONALD CREEK NEAR BRIDGE LAKE",BC,Discontinued,51.43194,-120.61528,1984,1994,"20.4",,N,Flow,Seasonal,N,N,N,ASSUMED DATUM,VANCOUVER,"",N
08LF096,"LOON CREEK ABOVE LOON LAKE",BC,Discontinued,51.16417,-121.13639,1987,1989,"",,R,Flow,Continuous,N,N,N,ASSUMED DATUM,VANCOUVER,"",N
08LF097,"BONAPARTE RIVER BELOW BONAPARTE LAKE",BC,Discontinued,51.28111,-120.67806,1990,1992,"325",,R,Flow,Seasonal,N,N,N,ASSUMED DATUM,VANCOUVER,"B.C. MINISTRY OF ENVIRONMENT",Y
08LF099,"ARROWSTONE CREEK NEAR THE MOUTH",BC,Active,50.83575,-121.23995,2001,2024,"50.5",,N,Flow and Level,Continuous,N,N,Y,ASSUMED DATUM,VANCOUVER,"",N
08LF100,"DAIRY CREEK ABOVE TSOTIN LAKE",BC,Active,50.84079,-121.15444,2001,2024,"10.6",,N,Flow and Level,Continuous,N,N,Y,ASSUMED DATUM,VANCOUVER,"",N
08LG001,"CHARTRAND CREEK NEAR MAMETTE LAKE POST OFFICE",BC,Discontinued,50.48917,-120.82333,1914,1928,"64.8",,N,Flow,Miscellaneous,N,N,N,ASSUMED DATUM,VANCOUVER,"",N
08LG002,"GREENSTONE CREEK NEAR MAMETTE LAKE",BC,Discontinued,50.48194,-120.69472,1912,1931,"51.8",,R,Flow,Seasonal,N,N,N,ASSUMED DATUM,VANCOUVER,"",N
08LG003,"GUICHON CREEK ABOVE MAMIT LAKE",BC,Discontinued,50.40278,-120.81528,1929,1930,"847",,R,Flow,Miscellaneous,N,N,N,,VANCOUVER,"",N
08LG004,"GUICHON CREEK NEAR LOWER NICOLA",BC,Discontinued,50.15011,-120.87808,1964,2018,"1230",,R,Flow and Level,Continuous,N,N,N,ASSUMED DATUM,VANCOUVER,"",N
08LG005,"MEADOW CREEK NEAR THE MOUTH",BC,Discontinued,50.47222,-120.80972,1911,1968,"",,N,Flow,Seasonal,N,N,N,ASSUMED DATUM,VANCOUVER,"",N
08LG006,"NICOLA RIVER NEAR SPENCES BRIDGE",BC,Discontinued,50.33086,-121.22681,1957,2021,"7100",,R,Flow and Level,Continuous,N,N,N,ASSUMED DATUM,VANCOUVER,"",N
08LG007,"NICOLA RIVER NEAR MERRITT",BC,Discontinued,50.14444,-120.88500,1911,2009,"4300",,R,Flow,Continuous,N,N,N,ASSUMED DATUM,VANCOUVER,"",N
08LG008,"SPIUS CREEK NEAR CANFORD",BC,Active,50.13618,-121.03002,1970,2024,"775",,N,Flow and Level,Continuous,N,N,N,ASSUMED DATUM,VANCOUVER,"",N
08LG009,"WITCHES BROOK NEAR MERRITT",BC,Discontinued,50.49250,-120.85806,1969,1998,"139",,R,Flow,Continuous,N,N,N,ASSUMED DATUM,VANCOUVER,"",N
08LG010,"COLDWATER RIVER AT MERRITT",BC,Active,50.10980,-120.80300,1961,2024,"917",,R,Flow and Level,Continuous,N,N,Y,ASSUMED DATUM,VANCOUVER,"",N
08LG011,"MOORE CREEK NEAR QUILCHENA",BC,Discontinued,50.30694,-120.44306,1915,1921,"215",,N,Flow,Seasonal,N,N,N,,VANCOUVER,"",N
08LG013,"NICOLA RIVER AT NICOLA",BC,Discontinued,50.16333,-120.66583,1913,1951,"2900",,R,Flow,Seasonal,N,N,N,ASSUMED DATUM,VANCOUVER,"",N
08LG014,"GUICHON CREEK DIVERSION TO TUNKWA LAKE",BC,Discontinued,50.60000,-120.88333,1919,1930,"",,R,Flow,Seasonal,N,N,N,ASSUMED DATUM,VANCOUVER,"",N
08LG015,"CLAPPERTON CREEK NEAR NICOLA",BC,Discontinued,50.16389,-120.66917,1912,1966,"181",,N,Flow,Miscellaneous,N,N,N,,VANCOUVER,"",N
08LG016,"PENNASK CREEK NEAR QUILCHENA",BC,Active,49.96492,-120.13493,1969,2024,"87.6",,N,Flow and Level,Continuous,N,Y,Y,ASSUMED DATUM,VANCOUVER,"",N
08LG017,"QUILCHENA CREEK AT QUILCHENA",BC,Active,50.14161,-120.49990,2019,2024,"787",,R,Flow and Level,Continuous,N,N,Y,ASSUMED DATUM,VANCOUVER,"",N
08LG018,"SPAHOMIN CREEK NEAR DOUGLAS LAKE",BC,Discontinued,50.11528,-120.28611,1920,1969,"233",,R,Flow,Miscellaneous,N,N,N,ASSUMED DATUM,VANCOUVER,"",N
08LG019,"STUMBLES CREEK NEAR LOWER NICOLA",BC,Discontinued,50.15111,-120.88556,1973,1987,"52.3",,R,Flow,Continuous,N,N,N,ASSUMED DATUM,VANCOUVER,"",N
08LG020,"SPAHOMIN CREEK AT OUTLET OF PENNASK LAKE",BC,Discontinued,50.02806,-120.11833,1970,1974,"130",,R,Flow,Continuous,N,N,N,ASSUMED DATUM,VANCOUVER,"",N
08LG021,"REY CREEK NEAR MAMETTE LAKE",BC,Discontinued,50.36000,-120.79556,1915,1928,"64.8",,N,Flow,Miscellaneous,N,N,N,ASSUMED DATUM,VANCOUVER,"",N
08LG022,"STUMPLAKE CREEK NEAR STUMP LAKE",BC,Discontinued,50.38750,-120.24833,1923,1928,"38.9",,N,Flow,Seasonal,N,N,N,,VANCOUVER,"",N
08LG023,"CHARTRAND CREEK NEAR SAVONA",BC,Discontinued,50.54167,-120.79167,1925,1928,"25.9",,N,Flow,Seasonal,N,N,N,,VANCOUVER,"",N
08LG024,"CHARTRAND CREEK DIVERSION TO TUNKWA LAKE",BC,Discontinued,50.60000,-120.85833,1924,1930,"",,R,Flow,Seasonal,N,N,N,,VANCOUVER,"",N
08LG025,"HOWARTH CREEK NEAR MERRITT",BC,Discontinued,50.00972,-120.74167,1928,1930,"13.0",,N,Flow,Seasonal,N,N,N,,VANCOUVER,"",N
08LG026,"HOWARTH CREEK (WEST FORK) NEAR MERRITT",BC,Discontinued,50.00139,-120.75694,1928,1930,"3.89",,N,Flow,Seasonal,N,N,N,,VANCOUVER,"",N
08LG027,"KWINSHATIN CREEK NEAR MERRITT",BC,Discontinued,50.02361,-120.83333,1928,1928,"18.9",,,Flow,Seasonal,N,N,N,,VANCOUVER,"",N
08LG028,"NICOLA RIVER AT OUTLET OF DOUGLAS LAKE",BC,Active,50.13989,-120.28364,2018,2024,"1300",,R,Flow,Continuous,N,N,Y,ASSUMED DATUM,VANCOUVER,"",N
08LG029,"MOORE CREEK AT THE MOUTH",BC,Discontinued,50.25611,-120.45333,1933,1933,"181",,N,Flow,Seasonal,N,N,N,,VANCOUVER,"",N
08LG030,"STUMPLAKE CREEK NEAR QUILCHENA",BC,Discontinued,50.24889,-120.45222,1933,1933,"306",,N,Flow,Seasonal,N,N,N,,VANCOUVER,"",N
08LG031,"MAMIT LAKE NEAR MERRITT",BC,Discontinued,50.36333,-120.80889,1934,1953,"",,R,Level,Seasonal,N,N,N,ASSUMED DATUM,VANCOUVER,"",N
08LG032,"GUICHON CREEK BELOW QUENVILLE CREEK",BC,Discontinued,50.41528,-120.81250,1933,1968,"800",,N,Flow,Miscellaneous,N,N,N,,VANCOUVER,"",N
08LG033,"QUENVILLE CREEK NEAR MERRITT",BC,Discontinued,50.42000,-120.80583,1934,1950,"41.4",,N,Flow,Seasonal,N,N,N,,VANCOUVER,"",N
08LG034,"PENNASK LAKE NEAR QUILCHENA",BC,Discontinued,49.99861,-120.14500,1920,1975,"",,R,Level,Seasonal,N,N,N,ASSUMED DATUM,VANCOUVER,"",N
08LG035,"DANISH CREEK NEAR MERRITT",BC,Discontinued,50.32361,-120.81528,1960,1962,"3.11",,N,Flow,Seasonal,N,N,N,,VANCOUVER,"",N
08LG036,"MELLIN CREEK NEAR DOUGLAS LAKE",BC,Discontinued,50.14306,-120.11083,1965,1974,"58.0",,N,Flow,Continuous,N,N,N,ASSUMED DATUM,VANCOUVER,"",N
08LG041,"GUICHON CREEK AT OUTLET OF MAMIT LAKE",BC,Active,50.36111,-120.80994,1982,2024,"871",,R,Flow and Level,Continuous,N,N,Y,ASSUMED DATUM,VANCOUVER,"",N
08LG042,"STUMPLAKE CREEK (NORTH FORK) NEAR QUILCHENA",BC,Discontinued,50.39167,-120.17500,1948,1949,"",,N,Flow,Seasonal,N,N,N,ASSUMED DATUM,VANCOUVER,"",N
08LG043,"NICOLA POWER CANAL AT NICOLA",BC,Discontinued,50.16361,-120.66583,1948,1950,"",,R,Flow,Seasonal,N,N,N,,VANCOUVER,"",N
08LG044,"STUMPLAKE CREEK (BELOW FORKS) NEAR QUILCHENA",BC,Discontinued,50.38611,-120.19167,1948,1949,"44.5",,R,Flow,Seasonal,N,N,N,ASSUMED DATUM,VANCOUVER,"",N
08LG046,"NICOLA LAKE NEAR QUILCHENA",BC,Active,50.15839,-120.52510,1935,2024,"",,R,Level,Continuous,N,N,Y,ASSUMED DATUM,VANCOUVER,"",N
08LG047,"NICOLA RIVER NEAR LOWER NICOLA",BC,Discontinued,50.13889,-120.93889,1955,1955,"",,R,Flow,Seasonal,N,N,N,,VANCOUVER,"",N
08LG048,"COLDWATER RIVER NEAR BROOKMERE",BC,Active,49.85422,-120.90846,1968,2024,"316",,N,Flow and Level,Continuous,N,N,Y,ASSUMED DATUM,VANCOUVER,"",N
08LG049,"NICOLA RIVER ABOVE NICOLA LAKE",BC,Discontinued,50.18256,-120.37511,1967,2018,"1500",,R,Flow and Level,Continuous,N,N,N,ASSUMED DATUM,VANCOUVER,"",N
08LG051,"AXE CREEK AT LOT 781",BC,Discontinued,50.53444,-120.86833,1965,1974,"26.2",,N,Flow,Continuous,N,N,N,ASSUMED DATUM,VANCOUVER,"",N
08LG052,"MELBA CREEK ABOVE WALLOPER CREEK",BC,Discontinued,50.48611,-120.55611,1966,1970,"14.2",,N,Flow,Seasonal,N,N,N,ASSUMED DATUM,VANCOUVER,"",N
08LG053,"WALLOPER CREEK ABOVE WALLOPER LAKE",BC,Discontinued,50.48556,-120.54444,1966,1970,"19.4",,N,Flow,Seasonal,N,N,N,ASSUMED DATUM,VANCOUVER,"",N
08LG054,"SKEIKUT CREEK ABOVE INTAKE",BC,Discontinued,50.32444,-121.22861,1966,1966,"24.1",,N,Flow,Seasonal,N,N,N,,VANCOUVER,"",N
08LG055,"BETHSAIDA CREEK ABOVE HIGHLAND VALLEY ROAD",BC,Discontinued,50.48000,-121.03333,1969,1985,"15.5",,N,Flow,Continuous,N,N,N,ASSUMED DATUM,VANCOUVER,"",N
08LG056,"GUICHON CREEK ABOVE TUNKWA LAKE DIVERSION",BC,Active,50.60783,-120.91086,1969,2024,"78.2",,N,Flow and Level,Continuous,N,Y,Y,ASSUMED DATUM,VANCOUVER,"",N
08LG057,"MIDDAY CREEK ABOVE DIVERSIONS",BC,Discontinued,50.00583,-120.98167,1970,1970,"34.4",,N,Flow,Seasonal,N,N,N,ASSUMED DATUM,VANCOUVER,"",N
08LG058,"MIDDAY CREEK NEAR THE MOUTH",BC,Discontinued,49.97778,-120.94000,1970,1971,"87.5",,R,Flow,Seasonal,N,N,N,ASSUMED DATUM,VANCOUVER,"",N
08LG059,"MIDDAY CREEK ABOVE 800 M CONTOUR",BC,Discontinued,49.99639,-120.98472,1971,1971,"44.0",,N,Flow,Seasonal,N,N,N,ASSUMED DATUM,VANCOUVER,"",N
08LG060,"SPAHOMIN CREEK NEAR THE MOUTH",BC,Discontinued,50.13556,-120.27500,1973,1996,"241",,R,Flow,Continuous,N,N,N,ASSUMED DATUM,VANCOUVER,"",N
08LG061,"SPAHOMIN CREEK BELOW DOUGLAS CREEK",BC,Discontinued,50.11611,-120.28611,1975,1975,"237",,R,Flow,Miscellaneous,N,N,N,ASSUMED DATUM,VANCOUVER,"",N
08LG062,"STUMPLAKE CREEK BELOW DIVERSION",BC,Discontinued,50.38472,-120.20250,1981,1981,"",,R,Flow,Seasonal,N,N,N,,VANCOUVER,"",N
08LG063,"SALT LAKE CREEK ABOVE NICOLA LAKE",BC,Discontinued,50.27417,-120.41167,1983,1983,"",,N,Flow,Seasonal,N,N,N,,VANCOUVER,"",N
08LG064,"BEAK CREEK AT THE MOUTH",BC,Discontinued,50.11111,-119.98250,1982,2001,"85.0",,N,Flow,Continuous,N,N,N,ASSUMED DATUM,VANCOUVER,"",N
08LG065,"NICOLA RIVER AT OUTLET OF NICOLA LAKE",BC,Active,50.16214,-120.66876,1983,2024,"2960",,R,Flow and Level,Continuous,N,N,Y,ASSUMED DATUM,VANCOUVER,"",N
08LG066,"CHATAWAY CREEK NEAR THE MOUTH",BC,Discontinued,50.33111,-120.92306,1984,1998,"32.2",,N,Flow,Continuous,N,N,N,ASSUMED DATUM,VANCOUVER,"",N
08LG067,"GUICHON CREEK AT THE MOUTH",BC,Discontinued,50.14588,-120.88227,1984,2017,"1230",,R,Flow and Level,Continuous,N,N,N,ASSUMED DATUM,VANCOUVER,"",N
08LG068,"SPIUS CREEK BELOW SILVER CREEK",BC,Discontinued,49.95027,-121.09644,1999,2021,"178",,N,Flow and Level,Continuous,N,N,N,ASSUMED DATUM,VANCOUVER,"",N
08LG069,"DOUGLAS LAKE AT SPAXOMIN",BC,Active,50.14325,-120.27957,2018,2024,"",,,Level,Continuous,N,N,N,ASSUMED DATUM,VANCOUVER,"",N
08LG070,"NICOLA RIVER SOUTH OF SHACKAN",BC,Active,50.24781,-121.11155,2022,2024,"6630",,,Flow and Level,Continuous,N,N,Y,,VANCOUVER,"",N
08LGX10,"COLDWATER RIVER AT MERRITT (PROJECT)",BC,Active,50.10980,-120.80300,2022,2024,"",,,Flow,Continuous,N,N,N,,VANCOUVER,"",N
08MA001,"CHILKO RIVER NEAR REDSTONE",BC,Active,52.06975,-123.53950,1935,2024,"6880",,N,Flow and Level,Continuous,Y,N,Y,ASSUMED DATUM,VANCOUVER,"",N
08MA002,"CHILKO RIVER AT OUTLET OF CHILKO LAKE",BC,Active,51.62486,-124.14336,1931,2024,"2130",,N,Flow and Level,Continuous,Y,Y,Y,ASSUMED DATUM,VANCOUVER,"",N
08MA003,"TASEKO RIVER AT OUTLET OF TASEKO LAKES",BC,Active,51.37900,-123.63122,1983,2024,"1520",,N,Flow and Level,Continuous,Y,N,Y,ASSUMED DATUM,VANCOUVER,"",N
08MA006,"LINGFIELD CREEK NEAR THE MOUTH",BC,Active,51.67386,-124.14531,1974,2024,"98.8",,N,Flow and Level,Continuous,N,Y,Y,ASSUMED DATUM,VANCOUVER,"",N
08MA007,"BIDWELL CREEK AT THE MOUTH",BC,Discontinued,51.92167,-123.82611,1987,1992,"144",,N,Flow,Seasonal,N,N,N,ASSUMED DATUM,VANCOUVER,"B.C. MINISTRY OF ENVIRONMENT",Y
08MB001,"BAMBRICK CREEK NEAR BIG CREEK",BC,Discontinued,51.67500,-123.15278,1930,1931,"",,N,Flow,Seasonal,N,N,N,,VANCOUVER,"",N
08MB002,"ANAHIM CREEK NEAR ALEXIS CREEK",BC,Discontinued,52.03167,-123.18528,1949,1954,"686",,N,Flow,Seasonal,N,N,N,ASSUMED DATUM,VANCOUVER,"",N
08MB003,"CHILCOTIN RIVER NEAR REDSTONE",BC,Discontinued,52.09333,-123.52917,1945,1949,"6220",,N,Flow,Seasonal,N,N,N,,VANCOUVER,"",N
08MB004,"CHILANKO RIVER NEAR REDSTONE",BC,Discontinued,52.12500,-123.69167,1972,1974,"1790",,N,Flow,Miscellaneous,N,N,N,ASSUMED DATUM,VANCOUVER,"",N
08MB005,"CHILCOTIN RIVER BELOW BIG CREEK",BC,Discontinued,51.84794,-122.65478,1970,2019,"19200",,N,Flow and Level,Continuous,Y,N,N,ASSUMED DATUM,VANCOUVER,"",N
08MB006,"BIG CREEK ABOVE GROUNDHOG CREEK",BC,Active,51.52369,-123.11589,1974,2024,"1010",,N,Flow and Level,Continuous,N,Y,Y,ASSUMED DATUM,VANCOUVER,"",N
08MB007,"BIG CREEK BELOW GRAVEYARD CREEK",BC,Active,51.25397,-123.10450,1974,2024,"232",,N,Flow and Level,Continuous,N,N,Y,ASSUMED DATUM,VANCOUVER,"",N
08MB008,"FARWELL CREEK NEAR THE MOUTH",BC,Discontinued,51.82778,-122.57222,1987,1992,"154",,R,Flow,Seasonal,N,N,N,ASSUMED DATUM,VANCOUVER,"B.C. MINISTRY OF ENVIRONMENT",Y
08MB009,"GROUNDHOG CREEK ABOVE BIG CREEK",BC,Discontinued,51.52306,-123.11667,1987,1994,"246",,N,Flow,Seasonal,N,N,N,ASSUMED DATUM,VANCOUVER,"",N
08MB010,"CHILCOTIN RIVER ABOVE CLUSKO RIVER",BC,Discontinued,52.42611,-124.15250,1988,1992,"1490",,N,Flow,Seasonal,N,N,N,ASSUMED DATUM,VANCOUVER,"B.C. MINISTRY OF ENVIRONMENT",Y
08MB011,"PUNTZI CREEK ABOVE PUNTZI LAKE",BC,Discontinued,52.20806,-124.06833,1988,1992,"508",,R,Flow,Seasonal,N,N,N,ASSUMED DATUM,VANCOUVER,"B.C. MINISTRY OF ENVIRONMENT",Y
08MB012,"CHILCOTIN RIVER NEAR HANCEVILLE",BC,Active,51.92061,-123.08083,2019,2024,"",,N,Flow and Level,Continuous,N,N,Y,ASSUMED DATUM,VANCOUVER,"",N
08MB013,"CHILCOTIN RIVER ABOVE BIG CREEK",BC,Discontinued,51.86628,-122.83747,2024,2024,"",,,Level,Continuous,N,N,N,ASSUMED DATUM,VANCOUVER,"",N
08MC001,"BORLAND CREEK NEAR 150 MILE HOUSE",BC,Discontinued,52.10833,-121.91250,1928,1930,"",,N,Flow,Seasonal,N,N,N,,VANCOUVER,"",N
08MC002,"VALLEY CREEK NEAR 150 MILE HOUSE",BC,Discontinued,52.11944,-121.91250,1927,1931,"",,N,Flow,Seasonal,N,N,N,ASSUMED DATUM,VANCOUVER,"",N
08MC003,"HAWKS CREEK NEAR OCHILTREE",BC,Discontinued,52.23333,-121.77917,1929,1941,"",,R,Flow,Seasonal,N,N,N,ASSUMED DATUM,VANCOUVER,"",N
08MC004,"CHIMNEY CREEK NEAR WILLIAMS LAKE",BC,Discontinued,52.03889,-122.05194,1928,1978,"",,R,Flow,Seasonal,N,N,N,ASSUMED DATUM,VANCOUVER,"",N
08MC005,"WILLIAMS LAKE RIVER AT OUTLET OF WILLIAMS LAKE",BC,Discontinued,52.12194,-122.14000,1968,1996,"2240",,R,Flow,Continuous,N,N,N,ASSUMED DATUM,VANCOUVER,"",N
08MC006,"SAN JOSE RIVER NEAR LAC LA HACHE",BC,Discontinued,51.87500,-121.66889,1972,1975,"",,R,Flow,Continuous,N,N,N,ASSUMED DATUM,VANCOUVER,"",N
08MC007,"ROCK CREEK NEAR 100 MILE HOUSE",BC,Discontinued,51.70583,-121.42333,1928,1930,"",,R,Flow,Seasonal,N,N,N,,VANCOUVER,"",N
08MC008,"ONE HUNDRED AND ELEVEN MILE CREEK NEAR 100 MILE HOUSE",BC,Discontinued,51.78944,-121.45000,1928,1931,"",,R,Flow,Seasonal,N,N,N,,VANCOUVER,"",N
08MC009,"LAC LA HACHE NEAR LAC LA HACHE",BC,Discontinued,51.84833,-121.58694,1965,1979,"",,R,Level,Continuous,N,N,N,ASSUMED DATUM,VANCOUVER,"",N
08MC011,"TINGLEY CREEK NEAR CASTLE ROCK",BC,Discontinued,52.50556,-122.44556,1930,1930,"",,N,Flow,Seasonal,N,N,N,,VANCOUVER,"",N
08MC012,"HAWKS CREEK NEAR WILLIAMS LAKE",BC,Discontinued,52.22083,-121.83750,1930,1941,"110",,R,Flow,Seasonal,N,N,N,,VANCOUVER,"",N
08MC013,"HAWKS CREEK NEAR SODA CREEK",BC,Discontinued,52.26528,-122.12889,1935,1941,"445",,R,Flow,Seasonal,N,N,N,ASSUMED DATUM,VANCOUVER,"",N
08MC014,"KNIFE CREEK AT 141 MILE HOUSE",BC,Discontinued,52.01194,-121.86528,1931,1994,"",,R,Flow,Seasonal,N,N,N,ASSUMED DATUM,VANCOUVER,"",N
08MC016,"ROSE LAKE NEAR OCHILTREE",BC,Discontinued,52.23889,-121.75972,1937,1941,"",,R,Level,Seasonal,N,N,N,ASSUMED DATUM,VANCOUVER,"",N
08MC017,"MELDRUM CREEK NEAR MELDRUM CREEK",BC,Discontinued,52.12056,-122.34611,1938,1952,"267",,N,Flow,Seasonal,N,N,N,ASSUMED DATUM,VANCOUVER,"",N
08MC018,"FRASER RIVER NEAR MARGUERITE",BC,Active,52.53028,-122.44433,1950,2024,"114000",,R,Flow and Level,Continuous,Y,N,Y,ASSUMED DATUM,VANCOUVER,"",N
08MC019,"JONES CREEK NEAR 150 MILE HOUSE",BC,Discontinued,52.07778,-121.91806,1950,1950,"92.7",,N,Flow,Seasonal,N,N,N,ASSUMED DATUM,VANCOUVER,"",N
08MC020,"FRASER RIVER ABOVE SODA CREEK CANYON",BC,Discontinued,52.33444,-122.28111,1955,1955,"",,R,Level,Seasonal,N,N,N,ASSUMED DATUM,VANCOUVER,"",N
08MC021,"FRASER RIVER BELOW SODA CREEK CANYON",BC,Discontinued,52.31611,-122.27583,1955,1955,"",,R,Level,Seasonal,N,N,N,ASSUMED DATUM,VANCOUVER,"",N
08MC022,"FORBES CREEK NEAR LAC LA HACHE",BC,Discontinued,51.85000,-121.58750,1957,1957,"",,N,Flow,Seasonal,N,N,N,,VANCOUVER,"",N
08MC023,"WILLIAMS LAKE NEAR WILLIAMS LAKE",BC,Discontinued,52.12194,-122.10917,1967,1995,"",,R,Level,Continuous,N,N,N,ASSUMED DATUM,VANCOUVER,"",N
08MC024,"HAWKS CREEK ABOVE LYNE CREEK",BC,Discontinued,52.27861,-122.15083,1964,1968,"456",,N,Flow,Seasonal,N,N,N,,VANCOUVER,"",N
08MC025,"MISSIONER CREEK BELOW RESERVOIR LAKE",BC,Discontinued,52.17111,-122.10167,1965,1975,"31.1",,R,Flow,Seasonal,N,N,N,ASSUMED DATUM,VANCOUVER,"",N
08MC026,"PABLO CREEK BELOW WESTWICK LAKE",BC,Discontinued,52.00611,-122.17306,1966,1966,"",,R,Flow,Seasonal,N,N,N,ASSUMED DATUM,VANCOUVER,"",N
08MC027,"FIVE MILE CREEK BELOW CARIBOO BILL LAKE",BC,Discontinued,52.17472,-121.95444,1965,1975,"",,R,Flow,Seasonal,N,N,N,ASSUMED DATUM,VANCOUVER,"",N
08MC028,"BORLAND CREEK ABOVE EAGLE MEADOWS DAM",BC,Discontinued,52.09167,-121.80556,1966,1970,"4.92",,N,Flow,Seasonal,N,N,N,,VANCOUVER,"",N
08MC029,"WEETMAN CREEK BELOW STORAGE DAM",BC,Discontinued,52.10444,-122.10417,1967,1973,"",,R,Flow,Miscellaneous,N,N,N,ASSUMED DATUM,VANCOUVER,"",N
08MC030,"SODA CREEK NEAR THE MOUTH",BC,Discontinued,52.34028,-122.26667,1967,1975,"54.9",,R,Flow,Seasonal,N,N,N,ASSUMED DATUM,VANCOUVER,"",N
08MC031,"ROBERTS SPRING OVERFLOW NEAR WILLIAMS LAKE",BC,Discontinued,52.10583,-122.04167,1969,1974,"",,R,Flow,Continuous,N,N,N,ASSUMED DATUM,VANCOUVER,"",N
08MC032,"MCLEESE CREEK BELOW DUCKWORTH LAKE",BC,Discontinued,52.36278,-122.27306,1969,1979,"151",,R,Flow,Continuous,N,N,N,ASSUMED DATUM,VANCOUVER,"",N
08MC033,"WEETMAN CREEK ABOVE STORAGE DAM",BC,Discontinued,52.10250,-122.11167,1974,1980,"",,N,Flow,Seasonal,N,N,N,ASSUMED DATUM,VANCOUVER,"",N
08MC035,"TINGLEY CREEK AT LOT 9494",BC,Discontinued,52.47500,-122.52639,1978,1979,"105",,N,Flow,Seasonal,N,N,N,ASSUMED DATUM,VANCOUVER,"",N
08MC036,"CHIMNEY CREEK AT DOG CREEK ROAD",BC,Discontinued,52.05833,-122.11167,1979,1980,"",,R,Flow,Seasonal,N,N,N,ASSUMED DATUM,VANCOUVER,"",N
08MC037,"BORLAND CREEK BELOW WISE CREEK",BC,Discontinued,52.11222,-121.90472,1979,1980,"",,R,Flow,Seasonal,N,N,N,ASSUMED DATUM,VANCOUVER,"",N
08MC038,"KNIFE CREEK BELOW OUTLET OF SQUAWK LAKE",BC,Discontinued,52.00333,-121.65556,1988,1988,"",,R,Flow,Miscellaneous,N,N,N,ASSUMED DATUM,VANCOUVER,"",N
08MC039,"BORLAND CREEK BELOW VALLEY CREEK",BC,Discontinued,52.11472,-121.93722,1984,2024,"192",,R,Flow and Level,Continuous,N,N,N,ASSUMED DATUM,VANCOUVER,"",N
08MC040,"SAN JOSE RIVER ABOVE BORLAND CREEK",BC,Active,52.07708,-121.99189,1984,2024,"1990",,R,Flow and Level,Continuous,N,N,Y,ASSUMED DATUM,VANCOUVER,"",N
08MC041,"FORBES CREEK NEAR THE MOUTH",BC,Discontinued,51.87250,-121.58806,1984,1991,"",,N,Flow,Continuous,N,N,N,ASSUMED DATUM,VANCOUVER,"",N
08MC042,"VALLEY CREEK AT THE MOUTH",BC,Discontinued,52.11500,-121.93306,1986,1988,"",,R,Flow,Seasonal,N,N,N,ASSUMED DATUM,VANCOUVER,"",N
08MC043,"MELDRUM CREEK BELOW MCTAGGART LAKE",BC,Discontinued,52.15278,-122.55639,1986,1994,"82.7",,N,Flow,Seasonal,N,N,N,ASSUMED DATUM,VANCOUVER,"",N
08MC044,"COLDSPRING CREEK NEAR 950 M CONTOUR",BC,Discontinued,52.02639,-121.68611,1987,1996,"",,N,Flow,Continuous,N,N,N,ASSUMED DATUM,VANCOUVER,"",N
08MC045,"SHERIDAN CREEK ABOVE MCLEESE LAKE",BC,Active,52.42625,-122.29464,2011,2024,"99.0",,N,Flow and Level,Continuous,N,N,Y,ASSUMED DATUM,VANCOUVER,"",N
08MC046,"SQUAWK LAKE NEAR 141 MILE HOUSE",BC,Discontinued,52.03778,-121.60361,1987,1992,"81.4",,R,Level,Seasonal,N,N,N,ASSUMED DATUM,VANCOUVER,"B.C. MINISTRY OF ENVIRONMENT",Y
08MC047,"KNIFE CREEK ABOVE DIVERSIONS",BC,Discontinued,52.00000,-121.66306,1988,1996,"",,R,Flow,Continuous,N,N,N,ASSUMED DATUM,VANCOUVER,"",N
08MC048,"KNIFE CREEK ABOVE COLDSPRING CREEK",BC,Discontinued,52.00639,-121.68222,1979,1980,"",,R,Flow,Seasonal,N,N,N,ASSUMED DATUM,VANCOUVER,"",N
08MC049,"BORLAND CREEK ABOVE VALLEY CREEK",BC,Active,52.11050,-121.93052,2019,2024,"192",,R,Flow and Level,Continuous,N,N,Y,ASSUMED DATUM,VANCOUVER,"",N
08MD001,"FOUNTAIN CREEK NEAR LILLOOET",BC,Discontinued,50.72083,-121.85972,1914,1927,"51.8",,N,Flow,Seasonal,N,N,N,,VANCOUVER,"",N
08MD002,"PAVILION CREEK NEAR PAVILION (LOWER STATION)",BC,Discontinued,50.89306,-121.79722,1915,1943,"207",,R,Flow,Seasonal,N,N,N,ASSUMED DATUM,VANCOUVER,"",N
08MD003,"PORCUPINE CREEK NEAR CLINTON",BC,Discontinued,51.04139,-121.79444,1980,1980,"",,N,Flow,Seasonal,N,N,N,ASSUMED DATUM,VANCOUVER,"",N
08MD004,"GILLON CREEK NEAR PAVILION",BC,Discontinued,50.93194,-121.81667,1924,1927,"13.0",,N,Flow,Miscellaneous,N,N,N,ASSUMED DATUM,VANCOUVER,"",N
08MD005,"MILKRANCH CREEK NEAR PAVILION",BC,Discontinued,50.92167,-121.76694,1927,1927,"5.18",,N,Flow,Seasonal,N,N,N,ASSUMED DATUM,VANCOUVER,"",N
08MD006,"CLARK CREEK NEAR PAVILION",BC,Discontinued,50.92056,-121.76222,1927,1927,"5.18",,N,Flow,Seasonal,N,N,N,ASSUMED DATUM,VANCOUVER,"",N
08MD007,"PAVILION CREEK NEAR PAVILION LAKE",BC,Discontinued,50.90972,-121.73472,1924,1927,"51.8",,N,Flow,Miscellaneous,N,N,N,ASSUMED DATUM,VANCOUVER,"",N
08MD008,"CANOE CREEK NEAR GANG RANCH",BC,Discontinued,51.43333,-122.07222,1929,1930,"267",,N,Flow,Seasonal,N,N,N,ASSUMED DATUM,VANCOUVER,"",N
08MD009,"DOG CREEK NEAR DOG CREEK",BC,Discontinued,51.61333,-122.06444,1928,1930,"570",,N,Flow,Seasonal,N,N,N,,VANCOUVER,"",N
08MD010,"GASPARD CREEK AT GANG RANCH",BC,Discontinued,51.56056,-122.36361,1929,1929,"",,R,Flow,Miscellaneous,N,N,N,,VANCOUVER,"",N
08MD011,"BIG BAR CREEK NEAR JESMOND",BC,Discontinued,51.25917,-121.99083,1928,1980,"",,R,Flow,Seasonal,N,N,N,ASSUMED DATUM,VANCOUVER,"",N
08MD012,"CHURN CREEK NEAR GANG RANCH",BC,Discontinued,51.51944,-122.28611,1961,1964,"979",,N,Flow,Miscellaneous,N,N,N,,VANCOUVER,"",N
08MD013,"FRASER RIVER AT BIG BAR CREEK",BC,Active,51.18367,-122.13208,1935,2024,"146000",,R,Flow and Level,Continuous,N,N,Y,ASSUMED DATUM,VANCOUVER,"",N
08MD014,"PAVILION LAKE NEAR PAVILION",BC,Discontinued,50.87083,-121.73889,1931,1943,"",,R,Level,Seasonal,N,N,N,ASSUMED DATUM,VANCOUVER,"",N
08MD016,"PAVILION CREEK AT OUTLET OF PAVILION LAKE",BC,Discontinued,50.88889,-121.76111,1937,1943,"106",,R,Flow,Seasonal,N,N,N,ASSUMED DATUM,VANCOUVER,"",N
08MD017,"PAVILION CREEK ABOVE PAVILION LAKE",BC,Discontinued,50.89167,-121.76111,1937,1943,"45.8",,R,Flow,Seasonal,N,N,N,ASSUMED DATUM,VANCOUVER,"",N
08MD018,"FRENCH BAR CREEK NEAR BIG BAR CREEK",BC,Discontinued,51.23333,-122.17056,1947,1950,"",,N,Flow,Seasonal,N,N,N,,VANCOUVER,"",N
08MD019,"KOSTERING CREEK NEAR JESMOND",BC,Discontinued,51.13500,-121.90694,1950,1950,"",,N,Flow,Seasonal,N,N,N,,VANCOUVER,"",N
08MD020,"KIRKPATRICK CREEK NEAR ALKALI LAKE",BC,Discontinued,51.78472,-122.21778,1947,1949,"",,N,Flow,Miscellaneous,N,N,N,ASSUMED DATUM,VANCOUVER,"",N
08MD023,"LEE CREEK NEAR PAVILION",BC,Discontinued,50.83472,-121.89583,1970,1970,"36.8",,R,Flow,Miscellaneous,N,N,N,,VANCOUVER,"",N
08MD024,"SLOK CREEK NEAR PAVILION",BC,Discontinued,50.86111,-121.90278,1967,1970,"",,R,Flow,Seasonal,N,N,N,,VANCOUVER,"",N
08MD025,"MCKAY CREEK NEAR PAVILION",BC,Discontinued,50.91250,-121.90417,1967,1970,"",,R,Flow,Seasonal,N,N,N,,VANCOUVER,"",N
08MD026,"FOUNTAIN CREEK ABOVE KWOTLENEMO LAKE",BC,Discontinued,50.67278,-121.80111,1971,1980,"29.8",,N,Flow,Seasonal,N,N,N,ASSUMED DATUM,VANCOUVER,"",N
08MD027,"BIG BAR CREEK BELOW KOSTERING CREEK",BC,Discontinued,51.22361,-122.06889,1978,1978,"440",,R,Flow,Seasonal,N,N,N,ASSUMED DATUM,VANCOUVER,"",N
08MD028,"PAVILION CREEK ABOVE DIVERSIONS",BC,Discontinued,50.91139,-121.71778,1979,1998,"37.1",,N,Flow,Seasonal,N,N,N,ASSUMED DATUM,VANCOUVER,"",N
08MD029,"BLACKHILL CREEK NEAR PAVILION",BC,Discontinued,50.80222,-121.89528,1981,1985,"13.8",,R,Flow,Seasonal,N,N,N,ASSUMED DATUM,VANCOUVER,"",N
08MD030,"RUSTY CREEK NEAR THE MOUTH",BC,Discontinued,50.69611,-121.81222,1981,1986,"10.9",,R,Flow,Seasonal,N,N,N,ASSUMED DATUM,VANCOUVER,"",N
08MD031,"GASPARD LAKE ABOVE OUTLET",BC,Discontinued,51.47750,-122.74472,1982,1994,"",,R,Level,Seasonal,N,N,N,ASSUMED DATUM,VANCOUVER,"",N
08MD032,"GASPARD CREEK BELOW OUTLET OF GASPARD LAKE",BC,Discontinued,51.47833,-122.74472,1982,1994,"",,R,Flow,Seasonal,N,N,N,ASSUMED DATUM,VANCOUVER,"",N
08MD033,"LEE CREEK ABOVE DIVERSIONS",BC,Discontinued,50.83528,-121.90139,1982,1994,"36.3",,N,Flow,Seasonal,N,N,N,ASSUMED DATUM,VANCOUVER,"",N
08MD034,"FAIRLESS CREEK BELOW BORIN CREEK",BC,Discontinued,51.36889,-122.61083,1987,1990,"",,R,Flow,Continuous,N,N,N,ASSUMED DATUM,VANCOUVER,"",N
08MD035,"DASH CREEK ABOVE CHURN CREEK",BC,Active,51.24492,-122.92169,2000,2024,"",,N,Flow and Level,Continuous,N,N,Y,ASSUMED DATUM,VANCOUVER,"",N
08ME001,"BRIDGE RIVER NEAR SHALALTH",BC,Discontinued,50.78750,-122.22500,1913,1948,"3650",,R,Flow,Continuous,N,N,N,,VANCOUVER,"",N
08ME002,"CAYOOSH CREEK NEAR LILLOOET",BC,Active,50.66932,-121.96534,1914,2024,"885",,R,Flow and Level,Continuous,N,N,Y,ASSUMED DATUM,VANCOUVER,"",N
08ME003,"SETON RIVER NEAR LILLOOET",BC,Active,50.67111,-121.96953,1914,2024,"1020",,R,Flow and Level,Continuous,N,N,Y,ASSUMED DATUM,VANCOUVER,"",N
08ME004,"BRIDGE RIVER AT LAJOIE FALLS",BC,Discontinued,50.83750,-122.85667,1925,1948,"956",,N,Flow,Continuous,N,N,N,ASSUMED DATUM,VANCOUVER,"",N
08ME005,"BRIDGE RIVER NEAR GOLD BRIDGE",BC,Discontinued,50.85111,-122.84583,1924,1941,"1650",,N,Flow,Continuous,N,N,N,ASSUMED DATUM,VANCOUVER,"",N
08ME006,"GUN CREEK NEAR MINTO CITY",BC,Discontinued,50.89500,-122.77333,1933,1937,"570",,N,Flow,Seasonal,N,N,N,ASSUMED DATUM,VANCOUVER,"",N
08ME007,"TYAUGHTON CREEK NEAR BRIDGE RIVER",BC,Discontinued,50.89861,-122.61389,1928,1941,"759",,N,Flow,Miscellaneous,N,N,N,ASSUMED DATUM,VANCOUVER,"",N
08ME011,"HURLEY RIVER NEAR BRALORNE",BC,Discontinued,50.76806,-122.85694,1926,1936,"368",,N,Flow,Seasonal,N,N,N,ASSUMED DATUM,VANCOUVER,"",N
08ME012,"DICKEY CREEK NEAR LILLOOET",BC,Discontinued,50.73611,-121.94167,1963,1970,"14.8",,R,Flow,Miscellaneous,N,N,N,,VANCOUVER,"",N
08ME013,"TOWN CREEK AT LILLOOET",BC,Discontinued,50.68889,-121.95278,1924,1964,"13.5",,N,Flow,Miscellaneous,N,N,N,,VANCOUVER,"",N
08ME014,"BRIDGE RIVER BELOW TYAUGHTON CREEK",BC,Discontinued,50.89028,-122.62500,1929,1941,"3190",,N,Flow,Continuous,N,N,N,,VANCOUVER,"",N
08ME015,"PORTAGE RIVER NEAR SETON LAKE P.O.",BC,Discontinued,50.70278,-122.30000,1949,1955,"728",,N,Flow,Continuous,N,N,N,,VANCOUVER,"",N
08ME016,"PETERS CREEK NEAR SHALALTH",BC,Discontinued,50.72361,-122.24444,1949,1950,"",,N,Flow,Seasonal,N,N,N,ASSUMED DATUM,VANCOUVER,"",N
08ME017,"SETON LAKE NEAR SHALALTH",BC,Discontinued,50.72778,-122.23333,1929,1978,"",,R,Level,Continuous,N,N,N,ASSUMED DATUM,VANCOUVER,"",N
08ME018,"SETON RIVER BELOW CAYOOSH CREEK",BC,Discontinued,50.67222,-121.95694,1952,1953,"1660",,R,Flow,Continuous,N,N,N,ASSUMED DATUM,VANCOUVER,"",N
08ME019,"FRASER RIVER AT LILLOOET",BC,Discontinued,50.70972,-121.91250,1943,1969,"",,R,Level,Seasonal,N,N,N,ASSUMED DATUM,VANCOUVER,"",N
08ME022,"GATES RIVER BELOW HAYLMORE CREEK",BC,Discontinued,50.54361,-122.49167,1965,1968,"326",,N,Flow,Continuous,N,N,N,,VANCOUVER,"",N
08ME023,"BRIDGE RIVER (SOUTH BRANCH) BELOW BRIDGE GLACIER",BC,Active,50.85622,-123.45328,1978,2024,"144",,N,Flow and Level,Continuous,N,N,Y,ASSUMED DATUM,VANCOUVER,"",N
08ME024,"MOON CREEK ABOVE DIVERSIONS",BC,Discontinued,50.76250,-122.02472,1981,1987,"11.1",,N,Flow,Seasonal,N,N,N,ASSUMED DATUM,VANCOUVER,"",N
08ME025,"YALAKOM RIVER ABOVE ORE CREEK",BC,Active,50.91261,-122.23931,1983,2024,"581",,N,Flow and Level,Continuous,N,N,N,ASSUMED DATUM,VANCOUVER,"",N
08ME026,"JUNCTION CREEK NEAR LILLOOET",BC,Discontinued,50.96056,-122.30361,1988,1994,"86.4",,N,Flow,Seasonal,N,N,N,ASSUMED DATUM,VANCOUVER,"",N
08ME027,"HURLEY RIVER BELOW LONE GOAT CREEK",BC,Active,50.73089,-122.94202,1995,2024,"312",,N,Flow and Level,Continuous,N,N,Y,ASSUMED DATUM,VANCOUVER,"",N
08ME028,"BRIDGE RIVER ABOVE DOWNTON LAKE",BC,Active,50.82094,-123.20349,1995,2024,"708",,N,Flow and Level,Continuous,N,Y,Y,ASSUMED DATUM,VANCOUVER,"",N
08ME029,"BRIDGE RIVER BELOW LAJOIE DAM",BC,Active,50.84540,-122.84940,2016,2024,"",,R,Flow and Level,Continuous,N,N,Y,ASSUMED DATUM,VANCOUVER,"",N
08ME030,"GUN CREEK ABOVE CARPENTER LAKE",BC,Active,50.91353,-122.92511,2023,2024,"",,N,Flow and Level,Continuous,N,N,Y,ASSUMED DATUM,VANCOUVER,"",N
08MF001,"ANDERSON RIVER NEAR BOSTON BAR",BC,Discontinued,49.84000,-121.42833,1950,1983,"492",,N,Flow,Miscellaneous,N,N,N,ASSUMED DATUM,VANCOUVER,"",N
08MF002,"BOULDER CREEK NEAR LAIDLAW",BC,Discontinued,49.25083,-121.60222,1921,1951,"29.8",,N,Flow,Seasonal,N,N,N,,VANCOUVER,"",N
08MF003,"COQUIHALLA RIVER NEAR HOPE",BC,Discontinued,49.37528,-121.41944,1911,1983,"741",,N,Flow,Continuous,N,N,N,ASSUMED DATUM,VANCOUVER,"",N
08MF004,"FRASER RIVER ABOVE THOMPSON RIVER",BC,Discontinued,50.24806,-121.58917,1912,1914,"154000",,R,Flow,Continuous,N,N,N,ASSUMED DATUM,VANCOUVER,"",N
08MF005,"FRASER RIVER AT HOPE",BC,Active,49.38596,-121.45424,1912,2024,"217000",,R,Flow and Level,Continuous,Y,N,Y,ASSUMED DATUM,VANCOUVER,"",N
08MF006,"WAHLEACH CREEK NEAR LAIDLAW (UPPER STATION)",BC,Discontinued,49.25056,-121.60444,1950,1951,"64.8",,N,Flow,Seasonal,N,N,N,ASSUMED DATUM,VANCOUVER,"",N
08MF007,"NAHATLATCH RIVER AT OUTLET OF FRANCES LAKE",BC,Discontinued,50.00917,-121.64639,1912,1921,"777",,N,Flow,Miscellaneous,N,N,N,ASSUMED DATUM,VANCOUVER,"",N
08MF008,"NAHATLATCH RIVER NEAR KEEFERS",BC,Discontinued,50.00667,-121.61500,1917,1921,"1040",,N,Flow,Continuous,N,N,N,ASSUMED DATUM,VANCOUVER,"",N
08MF009,"SILVERHOPE CREEK NEAR HOPE",BC,Discontinued,49.36306,-121.46917,1911,1971,"350",,N,Flow,Continuous,Y,N,N,ASSUMED DATUM,VANCOUVER,"",N
08MF011,"STEIN RIVER NEAR LYTTON",BC,Discontinued,50.28417,-121.63333,1945,1945,"1050",,N,Flow,Miscellaneous,N,N,N,ASSUMED DATUM,VANCOUVER,"",N
08MF012,"NICOLUM CREEK NEAR HOPE",BC,Discontinued,49.33417,-121.29694,1914,1922,"77.7",,N,Flow,Miscellaneous,N,N,N,ASSUMED DATUM,VANCOUVER,"",N
08MF013,"LALUWISSIN CREEK NEAR LYTTON",BC,Discontinued,50.46583,-121.67556,1917,1922,"73.0",,N,Flow,Miscellaneous,N,N,N,,VANCOUVER,"",N
08MF014,"RILEY CREEK NEAR LILLOOET",BC,Discontinued,50.58444,-121.86722,1914,1980,"19.2",,N,Flow,Seasonal,N,N,N,ASSUMED DATUM,VANCOUVER,"",N
08MF015,"TEXAS CREEK NEAR LILLOOET",BC,Discontinued,50.56111,-121.82917,1914,1921,"163",,N,Flow,Seasonal,N,N,N,ASSUMED DATUM,VANCOUVER,"",N
08MF016,"MCGILLIVRAY CREEK NEAR LILLOOET",BC,Discontinued,50.49861,-121.69556,1915,1926,"47.4",,N,Flow,Seasonal,N,N,N,,VANCOUVER,"",N
08MF017,"FRASER RIVER BELOW SETON RIVER",BC,Discontinued,50.67778,-121.92222,1915,1942,"",,N,Flow and Level,Seasonal,N,N,N,ASSUMED DATUM,VANCOUVER,"",N
08MF018,"ELK CREEK NEAR ROSEDALE",BC,Discontinued,49.13861,-121.83111,1915,1920,"11.1",,N,Flow,Miscellaneous,N,N,N,ASSUMED DATUM,VANCOUVER,"",N
08MF020,"CINQUEFOIL CREEK NEAR LILLOOET",BC,Discontinued,50.56306,-121.76722,1923,1965,"57.0",,R,Flow,Seasonal,N,N,N,ASSUMED DATUM,VANCOUVER,"",N
08MF021,"IZMAN CREEK NEAR LYTTON",BC,Discontinued,50.38389,-121.65306,1920,1921,"15.5",,N,Flow,Seasonal,N,N,N,,VANCOUVER,"",N
08MF022,"LOCHORE CREEK NEAR LILLOOET",BC,Discontinued,50.53889,-121.73889,1921,1928,"13.0",,N,Flow,Miscellaneous,N,N,N,ASSUMED DATUM,VANCOUVER,"",N
08MF023,"CINQUEFOIL DIVERSION TO LOCHORE CREEK",BC,Discontinued,50.53889,-121.74167,1926,1927,"",,R,Flow,Seasonal,N,N,N,ASSUMED DATUM,VANCOUVER,"",N
08MF027,"COPELAND SPRINGS NEAR LILLOOET",BC,Discontinued,50.66111,-121.92639,1921,1939,"10.4",,R,Flow,Miscellaneous,N,N,N,,VANCOUVER,"",N
08MF028,"FRASER RIVER AT CATHMAR (ABOVE HELLS GATE)",BC,Discontinued,49.78528,-121.44972,1927,1931,"",,N,Level,Seasonal,N,N,N,ASSUMED DATUM,VANCOUVER,"",N
08MF029,"FRASER RIVER AT GORGE (BELOW HELLS GATE)",BC,Discontinued,49.78111,-121.44833,1931,1961,"",,N,Level,Seasonal,N,N,N,ASSUMED DATUM,VANCOUVER,"",N
08MF030,"EMORY CREEK NEAR CHOATE",BC,Discontinued,49.50917,-121.42056,1933,1936,"65.3",,N,Flow,Continuous,N,N,N,,VANCOUVER,"",N
08MF031,"YALE CREEK AT YALE",BC,Discontinued,49.56417,-121.42472,1933,1936,"37.3",,N,Flow,Continuous,N,N,N,ASSUMED DATUM,VANCOUVER,"",N
08MF032,"AMERICAN CREEK NEAR HOPE",BC,Discontinued,49.43111,-121.43639,1940,1940,"32.4",,N,Flow,Miscellaneous,N,N,N,ASSUMED DATUM,VANCOUVER,"",N
08MF033,"AINSLIE CREEK NEAR BOSTON BAR",BC,Discontinued,49.95611,-121.45361,1945,1948,"148",,N,Flow,Miscellaneous,N,N,N,,VANCOUVER,"",N
08MF034,"WAHLEACH CREEK NEAR LAIDLAW (LOWER STATION)",BC,Discontinued,49.31306,-121.62556,1970,1970,"114",,R,Flow,Miscellaneous,N,N,N,ASSUMED DATUM,VANCOUVER,"",N
08MF035,"FRASER RIVER NEAR AGASSIZ",BC,Active,49.20369,-121.77583,1949,2024,"218000",,R,Flow and Level,Seasonal,Y,N,Y,GEODETIC SURVEY OF CANADA DATUM,VANCOUVER,"",N
08MF036,"HOPE SLOUGH NEAR ROSEDALE",BC,Discontinued,49.17528,-121.85444,1959,1961,"",,N,Flow,Miscellaneous,N,N,N,,VANCOUVER,"",N
08MF037,"WAHLEACH CREEK NEAR LAIDLAW (MIDDLE STATION)",BC,Discontinued,49.25056,-121.60444,1951,1952,"88.3",,N,Flow,Seasonal,N,N,N,ASSUMED DATUM,VANCOUVER,"",N
08MF038,"FRASER RIVER AT CANNOR",BC,Active,49.14398,-122.07085,2012,2024,"",,R,Level,Seasonal,N,N,Y,GEODETIC SURVEY OF CANADA DATUM,VANCOUVER,"",N
08MF039,"ONE AND ONE QUARTER MILE CREEK NEAR BOSTON BAR",BC,Discontinued,49.87222,-121.43889,1953,1954,"",,N,Flow,Seasonal,N,N,N,,VANCOUVER,"",N
08MF040,"FRASER RIVER ABOVE TEXAS CREEK",BC,Active,50.61367,-121.85344,1951,2024,"154000",,R,Flow and Level,Continuous,N,N,Y,ASSUMED DATUM,VANCOUVER,"",N
08MF041,"FRASER RIVER NEAR BOSTON BAR",BC,Discontinued,49.84861,-121.43583,1955,1955,"",,R,Level,Continuous,N,N,N,ASSUMED DATUM,VANCOUVER,"",N
08MF042,"FRASER RIVER NEAR SPUZZUM",BC,Discontinued,49.67333,-121.41444,1955,1955,"",,R,Level,Continuous,N,N,N,ASSUMED DATUM,VANCOUVER,"",N
08MF043,"FRASER RIVER NEAR STOUT",BC,Discontinued,49.66361,-121.40444,1955,1955,"",,R,Level,Continuous,N,N,N,ASSUMED DATUM,VANCOUVER,"",N
08MF044,"FRASER RIVER NEAR YALE",BC,Discontinued,49.51778,-121.41361,1955,1956,"",,R,Level,Continuous,N,N,N,ASSUMED DATUM,VANCOUVER,"",N
08MF045,"FRASER RIVER NEAR CISCO",BC,Discontinued,50.09806,-121.56222,1955,1955,"",,R,Level,Continuous,N,N,N,ASSUMED DATUM,VANCOUVER,"",N
08MF046,"FRASER RIVER AT LYTTON",BC,Discontinued,50.22500,-121.58417,1955,1956,"209000",,R,Level,Seasonal,N,N,N,ASSUMED DATUM,VANCOUVER,"",N
08MF047,"FRASER RIVER AT WAHLEACH POWER HOUSE",BC,Discontinued,49.23750,-121.68333,1960,1964,"",,R,Level,Seasonal,N,N,N,ASSUMED DATUM,VANCOUVER,"",N
08MF048,"ELK CREEK AT PRAIRIE CENTRAL ROAD",BC,Discontinued,49.14611,-121.83333,1971,1975,"11.9",,N,Flow,Miscellaneous,N,N,N,ASSUMED DATUM,VANCOUVER,"",N
08MF049,"ANNIS DITCH NEAR ROSEDALE",BC,Discontinued,49.15861,-121.82639,1960,1964,"",,N,Flow,Continuous,N,N,N,,VANCOUVER,"",N
08MF052,"MARIA SLOUGH NEAR AGASSIZ",BC,Discontinued,49.24722,-121.73194,1964,1964,"",,N,Flow,Miscellaneous,N,N,N,ASSUMED DATUM,VANCOUVER,"",N
08MF054,"MOUNTAIN SLOUGH NEAR AGASSIZ",BC,Discontinued,49.25417,-121.84722,1964,1964,"",,N,Flow,Miscellaneous,N,N,N,ASSUMED DATUM,VANCOUVER,"",N
08MF056,"FRASER RIVER AT CHILLIWACK MOUNTAIN",BC,Discontinued,49.16333,-122.02361,1963,1968,"",,R,Level,Continuous,N,N,N,ASSUMED DATUM,VANCOUVER,"",N
08MF057,"FRASER RIVER AT CHILLIWACK SEWER OUTFALL",BC,Discontinued,49.16861,-122.00444,1962,1963,"",,R,Level,Continuous,N,N,N,ASSUMED DATUM,VANCOUVER,"",N
08MF058,"FRASER RIVER AT SHEFFORD SLOUGH",BC,Discontinued,49.18694,-121.99083,1962,1964,"",,R,Level,Continuous,N,N,N,ASSUMED DATUM,VANCOUVER,"",N
08MF059,"WILSON SLOUGH NEAR SARDIS",BC,Discontinued,49.14083,-122.03806,1961,1964,"",,N,Flow,Seasonal,N,N,N,,VANCOUVER,"",N
08MF060,"FRASER RIVER AT MAGELLAN",BC,Discontinued,49.22583,-121.89444,1964,1964,"",,N,Level,Seasonal,N,N,N,ASSUMED DATUM,VANCOUVER,"",N
08MF061,"CHILLIWACK CREEK NEAR CHILLIWACK",BC,Discontinued,49.15139,-121.94861,1960,1964,"",,N,Flow,Seasonal,N,N,N,ASSUMED DATUM,VANCOUVER,"",N
08MF062,"COQUIHALLA RIVER BELOW NEEDLE CREEK",BC,Active,49.54189,-121.11997,1965,2024,"85.5",,N,Flow and Level,Continuous,N,Y,Y,ASSUMED DATUM,VANCOUVER,"",N
08MF063,"LYTTON CREEK AT LYTTON",BC,Discontinued,50.21667,-121.55139,1956,1958,"",,N,Flow,Seasonal,N,N,N,,VANCOUVER,"",N
08MF064,"FRASER RIVER NEAR CHILLIWACK",BC,Discontinued,49.19889,-121.95139,1936,1950,"",,N,Level,Seasonal,N,N,N,ASSUMED DATUM,VANCOUVER,"",N
08MF065,"NAHATLATCH RIVER BELOW TACHEWANA CREEK",BC,Active,49.95386,-121.86287,1973,2024,"712",,N,Flow and Level,Continuous,N,Y,Y,APPROXIMATE GEODETIC SURVEY OF CANADA DATUM,VANCOUVER,"",N
08MF066,"CINQUEFOIL CREEK ABOVE DIVERSIONS",BC,Discontinued,50.63444,-121.77028,1979,1980,"",,N,Flow,Seasonal,N,N,N,ASSUMED DATUM,VANCOUVER,"",N
08MF067,"KOPP CREEK ABOVE MENZ CREEK",BC,Discontinued,49.38417,-121.39111,1982,1985,"",,R,Flow,Seasonal,N,N,N,ASSUMED DATUM,VANCOUVER,"",N
08MF068,"COQUIHALLA RIVER ABOVE ALEXANDER CREEK",BC,Active,49.36846,-121.38449,1987,2024,"720",,N,Flow and Level,Continuous,N,N,Y,ASSUMED DATUM,VANCOUVER,"",N
08MF069,"SEMMIHAULT CREEK AT PRAIRIE CENTRAL ROAD",BC,Discontinued,49.14750,-121.92806,1986,1986,"",,N,Flow,Miscellaneous,N,N,N,ASSUMED DATUM,VANCOUVER,"",N
08MF070,"CHILLIWACK CREEK AT HIGHWAY NO. 1",BC,Discontinued,49.14833,-121.94611,1986,1986,"",,N,Flow,Miscellaneous,N,N,N,ASSUMED DATUM,VANCOUVER,"",N
08MF071,"BOULDER CREEK NEAR THE MOUTH",BC,Discontinued,49.24917,-121.60000,1995,1998,"",,N,Flow,Continuous,N,N,N,ASSUMED DATUM,VANCOUVER,"",N
08MF072,"FRASER RIVER AT LAIDLAW",BC,Active,49.31769,-121.62928,2012,2024,"",,R,Level,Seasonal,N,N,Y,GEODETIC SURVEY OF CANADA DATUM,VANCOUVER,"",N
08MF073,"FRASER RIVER AT HARRISON MILLS",BC,Active,49.21806,-121.94713,2012,2024,"",,R,Level,Seasonal,N,N,Y,GEODETIC SURVEY OF CANADA DATUM,VANCOUVER,"",N
08MF074,"FRASER RIVER ABOVE HERRLING ISLAND",BC,Active,49.26500,-121.68128,2019,2024,"",,R,Level,Seasonal,N,N,Y,GEODETIC SURVEY OF CANADA DATUM,VANCOUVER,"",N
08MF075,"FRASER RIVER AT LOWER KENT",BC,Active,49.22644,-121.90608,2019,2024,"",,R,Level,Seasonal,N,N,Y,GEODETIC SURVEY OF CANADA DATUM,VANCOUVER,"",N
08MF076,"FRASER RIVER ABOVE HUNTER CREEK",BC,Active,49.36064,-121.56919,2019,2024,"",,R,Level,Seasonal,N,N,Y,GEODETIC SURVEY OF CANADA DATUM,VANCOUVER,"",N
08MFX05,"FRASER RIVER AT HOPE (AUXILIARY GAUGE)",BC,Active,49.38596,-121.45424,2021,2024,"217000",,R,Flow and Level,Continuous,N,N,Y,ASSUMED DATUM,VANCOUVER,"",N
08MG001,"CHEHALIS RIVER NEAR HARRISON MILLS",BC,Active,49.30003,-121.93777,1913,2024,"383",,N,Flow and Level,Continuous,N,Y,Y,ASSUMED DATUM,VANCOUVER,"",N
08MG003,"GREEN RIVER NEAR PEMBERTON",BC,Discontinued,50.28194,-122.85139,1913,1951,"855",,N,Flow,Continuous,N,N,N,ASSUMED DATUM,VANCOUVER,"",N
08MG004,"GREEN RIVER NEAR RAINBOW",BC,Discontinued,50.17083,-122.91667,1914,1948,"195",,N,Flow,Continuous,N,N,N,ASSUMED DATUM,VANCOUVER,"",N
08MG005,"LILLOOET RIVER NEAR PEMBERTON",BC,Active,50.33602,-122.80025,1914,2024,"2100",,N,Flow and Level,Continuous,N,Y,Y,ASSUMED DATUM,VANCOUVER,"",N
08MG006,"RUTHERFORD CREEK NEAR PEMBERTON",BC,Discontinued,50.26667,-122.87222,1924,1948,"179",,N,Flow,Continuous,N,N,N,ASSUMED DATUM,VANCOUVER,"",N
08MG007,"SOO RIVER NEAR PEMBERTON",BC,Discontinued,50.22500,-122.88333,1924,1948,"283",,N,Flow,Continuous,N,N,N,ASSUMED DATUM,VANCOUVER,"",N
08MG008,"BIRKENHEAD RIVER AT MOUNT CURRIE",BC,Discontinued,50.33889,-122.72778,1946,1971,"596",,N,Flow,Continuous,N,N,N,ASSUMED DATUM,VANCOUVER,"",N
08MG009,"WEAVER CREEK NEAR HARRISON HOT SPRINGS",BC,Discontinued,49.32111,-121.88111,1960,1964,"42.2",,N,Flow,Seasonal,N,N,N,ASSUMED DATUM,VANCOUVER,"",N
08MG010,"WEAVER CREEK NEAR HARRISON HOT SPRINGS (UPPER STATION)",BC,Discontinued,49.33000,-121.87389,1946,1946,"",,N,Flow,Seasonal,N,N,N,,VANCOUVER,"",N
08MG012,"HARRISON LAKE NEAR HARRISON HOT SPRINGS",BC,Active,49.30926,-121.77373,1933,2024,"",,N,Level,Continuous,N,N,Y,GEODETIC SURVEY OF CANADA DATUM,VANCOUVER,"",N
08MG013,"HARRISON RIVER NEAR HARRISON HOT SPRINGS",BC,Active,49.30042,-121.82964,1951,2024,"7890",,N,Flow,Continuous,Y,N,N,ASSUMED DATUM,VANCOUVER,"",N
08MG014,"HARRISON RIVER AT HARRISON MILLS",BC,Active,49.23465,-121.95931,1938,2024,"",,N,Level,Continuous,N,N,Y,ASSUMED DATUM,VANCOUVER,"",N
08MG015,"HARRISON RIVER ABOVE MORRIS CREEK",BC,Discontinued,49.30139,-121.85222,1962,1964,"",,N,Level,Continuous,N,N,N,ASSUMED DATUM,VANCOUVER,"",N
08MG016,"HARRISON RIVER OPPOSITE CHEHALIS RIVER",BC,Discontinued,49.25889,-121.92028,1962,1963,"",,N,Level,Continuous,N,N,N,ASSUMED DATUM,VANCOUVER,"",N
08MG017,"MIAMI CREEK NEAR HARRISON HOT SPRINGS (LOWER STATION)",BC,Discontinued,49.28056,-121.78333,1959,1964,"",,N,Flow,Seasonal,N,N,N,ASSUMED DATUM,VANCOUVER,"",N
08MG018,"MIAMI CREEK NEAR AGASSIZ (UPPER STATION)",BC,Discontinued,49.25972,-121.79028,1959,1964,"",,N,Flow,Seasonal,N,N,N,ASSUMED DATUM,VANCOUVER,"",N
08MG019,"PLACE CREEK NEAR BIRKEN",BC,Discontinued,50.43611,-122.61083,1969,1989,"7.25",,N,Flow,Seasonal,Y,N,N,ASSUMED DATUM,VANCOUVER,"",N
08MG020,"LILLOOET LAKE NEAR PEMBERTON",BC,Active,50.24036,-122.48113,1973,2024,"",,N,Level,Continuous,N,N,Y,ASSUMED DATUM,VANCOUVER,"",N
08MG021,"TWENTYONE MILE CREEK AT 670 M CONTOUR",BC,Discontinued,50.13056,-122.98611,1974,1985,"28.2",,N,Flow,Seasonal,N,N,N,ASSUMED DATUM,VANCOUVER,"",N
08MG022,"HARRISON RIVER BELOW MORRIS CREEK",BC,Active,49.28501,-121.90420,1973,2024,"7950",,N,Level,Continuous,N,N,Y,ASSUMED DATUM,VANCOUVER,"",N
08MG023,"CHEHALIS RIVER BELOW STATLU CREEK",BC,Discontinued,49.32972,-121.97528,1982,1983,"357",,N,Flow,Continuous,N,N,N,ASSUMED DATUM,VANCOUVER,"",N
08MG024,"ALTA CREEK ABOVE TWENTYONE MILE CREEK",BC,Discontinued,50.12722,-122.97278,1982,1983,"",,N,Flow,Miscellaneous,N,N,N,ASSUMED DATUM,VANCOUVER,"",N
08MG025,"PEMBERTON CREEK NEAR PEMBERTON",BC,Active,50.31554,-122.80465,1987,2024,"32.4",,R,Flow and Level,Continuous,N,N,Y,ASSUMED DATUM,VANCOUVER,"",N
08MG026,"FITZSIMMONS CREEK BELOW BLACKCOMB CREEK",BC,Active,50.12025,-122.94881,1993,2024,"89.7",,N,Flow and Level,Continuous,N,N,Y,ASSUMED DATUM,VANCOUVER,"",N
08MG027,"LILLOOET RIVER AT TENAS NARROWS",BC,Active,50.09160,-122.53656,2012,2024,"",,N,Flow and Level,Continuous,N,N,Y,,VANCOUVER,"",N
08MG028,"RYAN RIVER NEAR PEMBERTON MEADOWS",BC,Active,50.39933,-122.89583,2021,2024,"416",,,Flow and Level,Continuous,N,N,Y,ASSUMED DATUM,VANCOUVER,"",N
08MGX13,"HARRISON RIVER NEAR HARRISON HOT SPRINGS (PROJECT)",BC,Active,49.30042,-121.82964,2021,2024,"7890",,,Flow,Continuous,N,N,N,ASSUMED DATUM,VANCOUVER,"",N
08MGX25,"PEMBERTON CREEK NEAR PEMBERTON (PROJECT)",BC,Active,50.31554,-122.80465,2020,2024,"32.4",,,Flow,Continuous,N,N,Y,ASSUMED DATUM,VANCOUVER,"",N
08MH001,"CHILLIWACK RIVER AT VEDDER CROSSING",BC,Active,49.09738,-121.96748,1911,2024,"1230",,N,Flow and Level,Continuous,Y,Y,Y,ASSUMED DATUM,VANCOUVER,"",N
08MH002,"COQUITLAM RIVER AT PORT COQUITLAM",BC,Active,49.26524,-122.78150,1915,2024,"238",,R,Flow and Level,Continuous,Y,N,Y,ASSUMED DATUM,VANCOUVER,"",N
08MH003,"MUNRO CREEK NEAR PORT COQUITLAM",BC,Discontinued,49.32917,-122.67500,1911,1912,"20.7",,R,Flow,Continuous,N,N,N,,VANCOUVER,"",N
08MH004,"OR CREEK NEAR PORT COQUITLAM",BC,Discontinued,49.35417,-122.75694,1956,1958,"19.2",,N,Flow,Continuous,N,N,N,ASSUMED DATUM,VANCOUVER,"",N
08MH005,"ALOUETTE RIVER NEAR HANEY",BC,Active,49.23900,-122.57975,1911,2024,"233",,R,Flow and Level,Continuous,N,N,Y,ASSUMED DATUM,VANCOUVER,"",N
08MH006,"NORTH ALOUETTE RIVER AT 232ND STREET, MAPLE RIDGE",BC,Active,49.24265,-122.58018,1911,2024,"37.3",,N,Flow and Level,Continuous,N,Y,Y,ASSUMED DATUM,VANCOUVER,"",N
08MH008,"GURNEY CREEK NEAR PORT COQUITLAM",BC,Discontinued,49.48333,-122.53444,1912,1913,"38.9",,N,Flow,Seasonal,N,N,N,ASSUMED DATUM,VANCOUVER,"",N
08MH009,"RUSHTON CREEK NEAR THE MOUTH",BC,Discontinued,49.39500,-122.53194,1912,1913,"",,N,Flow,Continuous,N,N,N,ASSUMED DATUM,VANCOUVER,"",N
08MH010,"WIDGEON CREEK NEAR PORT COQUITLAM",BC,Discontinued,49.38417,-122.63444,1912,1915,"50.8",,N,Flow,Continuous,N,N,N,,VANCOUVER,"",N
08MH011,"STAVE RIVER AT STAVE FALLS",BC,Discontinued,49.22944,-122.35500,1901,1913,"1140",,R,Flow and Level,Seasonal,N,N,N,ASSUMED DATUM,VANCOUVER,"BRITISH COLUMBIA HYDRO AND POWER AUTHORITY",Y
08MH012,"SWELTZER RIVER NEAR SARDIS",BC,Discontinued,49.08972,-121.96028,1911,1912,"90.7",,N,Flow,Continuous,N,N,N,ASSUMED DATUM,VANCOUVER,"",N
08MH014,"ALOUETTE RIVER AT OUTLET OF ALOUETTE LAKE",BC,Discontinued,49.28667,-122.48667,1916,1925,"",,R,Flow,Continuous,N,N,N,ASSUMED DATUM,VANCOUVER,"BRITISH COLUMBIA ELECTRIC RAILWAY COMPANY",Y
08MH016,"CHILLIWACK RIVER AT OUTLET OF CHILLIWACK LAKE",BC,Active,49.08365,-121.45844,1923,2024,"335",,N,Flow and Level,Continuous,N,Y,Y,ASSUMED DATUM,VANCOUVER,"",N
08MH017,"PITT RIVER NEAR ALVIN",BC,Discontinued,49.66389,-122.68611,1952,1965,"515",,N,Flow,Continuous,N,N,N,ASSUMED DATUM,VANCOUVER,"",N
08MH018,"MAHOOD CREEK NEAR NEWTON",BC,Discontinued,49.15611,-122.84194,1926,1986,"18.4",,N,Flow,Continuous,N,N,N,ASSUMED DATUM,VANCOUVER,"",N
08MH019,"SPRING CREEK NEAR NEWTON",BC,Discontinued,49.15111,-122.83556,1926,1928,"1.04",,N,Flow,Continuous,N,N,N,,VANCOUVER,"",N
08MH020,"MAHOOD CREEK NEAR SULLIVAN",BC,Discontinued,49.14528,-122.79944,1973,1981,"34.4",,N,Flow,Miscellaneous,N,N,N,ASSUMED DATUM,VANCOUVER,"",N
08MH021,"BRUNETTE RIVER NEAR BUENA VISTA",BC,Discontinued,49.24917,-122.91278,1926,1935,"",,R,Flow,Seasonal,N,N,N,ASSUMED DATUM,VANCOUVER,"",N
08MH022,"DEER CREEK AT BURNABY LAKE",BC,Discontinued,49.24056,-122.96361,1929,1935,"13.0",,N,Flow,Seasonal,N,N,N,,VANCOUVER,"",N
08MH024,"FRASER RIVER AT MISSION",BC,Active,49.12774,-122.30294,1936,2024,"228000",,R,Flow and Level,Continuous,Y,N,Y,ASSUMED DATUM,VANCOUVER,"",N
08MH025,"FRASER RIVER AT NEW WESTMINSTER",BC,Discontinued,49.20361,-122.90306,1935,1969,"232000",,R,Level,Continuous,N,N,N,SAND HEADS DATUM,VANCOUVER,"",N
08MH026,"BRUNETTE RIVER AT SAPPERTON",BC,Discontinued,49.24389,-122.89861,1934,1971,"68.6",,R,Flow,Seasonal,N,N,N,ASSUMED DATUM,VANCOUVER,"",N
08MH028,"FRASER RIVER AT STEVESTON",BC,Active,49.12389,-123.18678,1933,2024,"",,R,Level,Continuous,N,N,Y,ASSUMED DATUM,VANCOUVER,"",N
08MH029,"SUMAS RIVER NEAR HUNTINGDON",BC,Active,49.00249,-122.23230,1950,2024,"144",,N,Flow and Level,Continuous,N,N,Y,ASSUMED DATUM,VANCOUVER,"",N
08MH031,"MILLER SLOUGH NEAR SARDIS",BC,Discontinued,49.12750,-122.08389,1943,1943,"",,R,Level,Seasonal,N,N,N,ASSUMED DATUM,VANCOUVER,"",N
08MH032,"NORTH ARM FRASER RIVER AT VANCOUVER",BC,Active,49.20536,-123.08864,1945,2024,"",,R,Level,Continuous,N,N,Y,SAND HEADS DATUM,VANCOUVER,"",N
08MH033,"SWELTZER RIVER AT CULTUS LAKE",BC,Discontinued,49.07778,-121.97778,1947,1964,"65.0",,N,Flow,Seasonal,N,N,N,,VANCOUVER,"",N
08MH034,"PITT LAKE AT ALVIN",BC,Discontinued,49.54167,-122.60167,1947,1952,"",,N,Level,Seasonal,N,N,N,ASSUMED DATUM,VANCOUVER,"",N
08MH035,"PITT RIVER NEAR PORT COQUITLAM",BC,Active,49.24481,-122.73407,1948,2024,"1640",,N,Level,Continuous,Y,N,Y,SAND HEADS DATUM,VANCOUVER,"",N
08MH037,"TAMIHI CREEK NEAR VEDDER CROSSING",BC,Discontinued,49.07083,-121.84000,1950,1951,"",,N,Flow,Seasonal,N,N,N,,VANCOUVER,"",N
08MH039,"SUMAS RIVER NEAR SARDIS",BC,Discontinued,49.13833,-122.09444,1951,1984,"",,N,Level,Continuous,N,N,N,ASSUMED DATUM,VANCOUVER,"",N
08MH042,"FRASER RIVER AT BURR LANDING",BC,Discontinued,49.12917,-123.04917,1954,1961,"",,N,Level,Continuous,N,N,N,ASSUMED DATUM,VANCOUVER,"",N
08MH043,"FRASER RIVER AT PORT HAMMOND",BC,Discontinued,49.20250,-122.65444,1954,1994,"",,R,Level,Continuous,N,N,N,ASSUMED DATUM,VANCOUVER,"",N
08MH044,"FRASER RIVER AT WHONOCK",BC,Active,49.17230,-122.47544,1954,2024,"",,R,Level,Continuous,N,N,Y,ASSUMED DATUM,VANCOUVER,"",N
08MH045,"BOUCHIER CREEK NEAR HATZIC",BC,Discontinued,49.21333,-122.25417,1960,1964,"1.14",,N,Flow,Seasonal,N,N,N,ASSUMED DATUM,VANCOUVER,"",N
08MH046,"BURNABY LAKE AT PIPER AVENUE",BC,Discontinued,49.24222,-122.93389,1960,1970,"",,R,Level,Seasonal,N,N,N,ASSUMED DATUM,VANCOUVER,"",N
08MH047,"VEDDER RIVER NEAR YARROW",BC,Discontinued,49.09167,-122.03611,1952,1995,"",,N,Level,Continuous,N,N,N,ASSUMED DATUM,VANCOUVER,"",N
08MH049,"CLAYBURN CREEK NEAR CLAYBURN (UPPER STATION)",BC,Discontinued,49.08278,-122.25222,1964,1964,"",,N,Flow,Miscellaneous,N,N,N,ASSUMED DATUM,VANCOUVER,"",N
08MH050,"NICOMEKL RIVER AT 192ND STREET",BC,Discontinued,49.09583,-122.68972,1952,1981,"99.5",,R,Flow and Level,Continuous,N,N,N,ASSUMED DATUM,VANCOUVER,"",N
08MH051,"WILLBAND CREEK AT ABBOTSFORD",BC,Discontinued,49.04583,-122.29722,1955,1962,"",,N,Flow and Level,Seasonal,N,N,N,ASSUMED DATUM,VANCOUVER,"",N
08MH052,"PITT LAKE NEAR ALVIN",BC,Discontinued,49.43611,-122.51250,1956,1975,"",,N,Level,Continuous,N,N,N,ASSUMED DATUM,VANCOUVER,"",N
08MH053,"FRASER RIVER AT DEAS ISLAND TUNNEL",BC,Active,49.12421,-123.07696,1956,2024,"",,R,Level,Continuous,N,N,Y,GEODETIC SURVEY OF CANADA DATUM,VANCOUVER,"",N
08MH054,"FRASER RIVER AT PORT MANN",BC,Discontinued,49.21750,-122.83889,1956,1971,"232000",,R,Level,Continuous,N,N,N,SAND HEADS DATUM,VANCOUVER,"",N
08MH055,"CHILLIWACK RIVER BELOW SLESSE CREEK",BC,Discontinued,49.08167,-121.72056,1956,1962,"860",,N,Flow,Continuous,N,N,N,,VANCOUVER,"",N
08MH056,"SLESSE CREEK NEAR VEDDER CROSSING",BC,Active,49.07172,-121.69975,1957,2024,"160",,N,Flow and Level,Continuous,N,N,Y,ASSUMED DATUM,VANCOUVER,"",N
08MH058,"NORRISH CREEK NEAR DEWDNEY",BC,Discontinued,49.19028,-122.15917,1960,2007,"117",,R,Flow,Continuous,Y,N,N,ASSUMED DATUM,VANCOUVER,"",N
08MH059,"CAMPBELL RIVER NEAR WHITE ROCK",BC,Discontinued,49.01583,-122.72278,1951,1966,"63.7",,N,Flow,Miscellaneous,N,N,N,ASSUMED DATUM,VANCOUVER,"",N
08MH060,"SERPENTINE RIVER NEAR PORT KELLS",BC,Discontinued,49.17306,-122.75556,1964,1970,"13.0",,N,Flow,Miscellaneous,N,N,N,ASSUMED DATUM,VANCOUVER,"",N
08MH061,"STILL CREEK AT BURNABY",BC,Discontinued,49.26222,-123.01361,1958,1978,"",,R,Flow,Continuous,N,N,N,ASSUMED DATUM,VANCOUVER,"",N
08MH062,"PITT LAKE NEAR OUTLET",BC,Discontinued,49.35417,-122.57722,1962,1994,"",,N,Level,Continuous,N,N,N,ASSUMED DATUM,VANCOUVER,"",N
08MH063,"PITT RIVER OPPOSITE WIDGEON CREEK",BC,Discontinued,49.34472,-122.62556,1962,1963,"",,N,Level,Continuous,N,N,N,ASSUMED DATUM,VANCOUVER,"",N
08MH064,"PITT RIVER BELOW STURGEON SLOUGH",BC,Discontinued,49.28778,-122.67194,1962,1963,"",,N,Level,Continuous,N,N,N,ASSUMED DATUM,VANCOUVER,"",N
08MH068,"CLAYBURN CREEK AT CLAYBURN ROAD, MATSQUI",BC,Discontinued,49.08194,-122.27722,1961,1971,"37.0",,R,Flow,Seasonal,N,N,N,ASSUMED DATUM,VANCOUVER,"",N
08MH069,"DEER LAKE NEAR NORTH BURNABY",BC,Discontinued,49.23611,-122.96528,1960,1964,"",,N,Level,Seasonal,N,N,N,ASSUMED DATUM,VANCOUVER,"",N
08MH070,"DEROCHE CREEK AT DEROCHE",BC,Discontinued,49.18611,-122.07500,1960,1964,"",,N,Flow,Seasonal,N,N,N,,VANCOUVER,"",N
08MH071,"FRASER RIVER AT HATZIC LAKE PUMPHOUSE",BC,Discontinued,49.14611,-122.24639,1960,1964,"",,R,Level,Seasonal,N,N,N,ASSUMED DATUM,VANCOUVER,"",N
08MH072,"FROSST CREEK NEAR LINDELL BEACH",BC,Discontinued,49.03389,-122.02500,1984,1986,"36.3",,N,Flow,Miscellaneous,N,N,N,ASSUMED DATUM NO. 2,VANCOUVER,"",N
08MH073,"GIFFORD SLOUGH NEAR MATSQUI",BC,Discontinued,49.08361,-122.31611,1960,1964,"",,N,Flow,Seasonal,N,N,N,ASSUMED DATUM,VANCOUVER,"",N
08MH074,"HATZIC LAKE NEAR HATZIC",BC,Discontinued,49.17083,-122.24444,1960,1964,"",,R,Level,Seasonal,N,N,N,ASSUMED DATUM,VANCOUVER,"",N
08MH075,"HATZIC LAKE AT PUMPHOUSE",BC,Discontinued,49.14444,-122.23333,1960,1964,"",,R,Level,Seasonal,N,N,N,ASSUMED DATUM,VANCOUVER,"",N
08MH076,"KANAKA CREEK NEAR WEBSTER CORNERS",BC,Active,49.20709,-122.53661,1960,2024,"47.7",45.6,N,Flow and Level,Continuous,N,N,Y,ASSUMED DATUM,VANCOUVER,"",N
08MH077,"KENWORTHY CREEK NEAR HATZIC",BC,Discontinued,49.19861,-122.25833,1960,1964,"4.92",,N,Flow,Seasonal,N,N,N,,VANCOUVER,"",N
08MH079,"LONZO CREEK (NORTH FORK) NEAR KILGARD",BC,Discontinued,49.05778,-122.19556,1961,1964,"",,N,Flow,Seasonal,N,N,N,,VANCOUVER,"",N
08MH080,"LONZO CREEK NEAR ABBOTSFORD",BC,Discontinued,49.02917,-122.26194,1960,1964,"",,N,Flow,Seasonal,N,N,N,,VANCOUVER,"",N
08MH081,"MCGILLIVRAY SLOUGH NEAR YARROW",BC,Discontinued,49.12778,-122.04444,1961,1964,"",,N,Flow,Seasonal,N,N,N,ASSUMED DATUM,VANCOUVER,"",N
08MH082,"MCLENNAN CREEK NEAR MOUNT LEHMAN",BC,Discontinued,49.08667,-122.36389,1960,1964,"9.07",,N,Flow,Seasonal,N,N,N,ASSUMED DATUM,VANCOUVER,"",N
08MH083,"MATSQUI SLOUGH AT MATSQUI",BC,Discontinued,49.10972,-122.29167,1969,1971,"",,R,Level,Continuous,N,N,N,ASSUMED DATUM,VANCOUVER,"",N
08MH084,"NATHAN CREEK NEAR GLEN VALLEY",BC,Discontinued,49.13444,-122.47083,1960,1990,"",,N,Flow,Seasonal,N,N,N,ASSUMED DATUM,VANCOUVER,"",N
08MH085,"NICOMEN SLOUGH AT DEROCHE",BC,Discontinued,49.18611,-122.06806,1960,1964,"",,N,Level,Seasonal,N,N,N,ASSUMED DATUM,VANCOUVER,"",N
08MH086,"NICOMEN SLOUGH AT DEWDNEY",BC,Discontinued,49.16306,-122.19306,1960,1964,"",,N,Level,Seasonal,N,N,N,ASSUMED DATUM,VANCOUVER,"",N
08MH088,"SAAR CREEK NEAR UPPER SUMAS",BC,Discontinued,49.01722,-122.18833,1964,1964,"",,N,Flow,Seasonal,N,N,N,ASSUMED DATUM,VANCOUVER,"",N
08MH089,"SALMON RIVER AT SEAL KAP FARMS",BC,Discontinued,49.14250,-122.60028,1951,1964,"",,N,Flow,Miscellaneous,N,N,N,,VANCOUVER,"",N
08MH090,"SALMON RIVER AT 72 AVENUE, LANGLEY",BC,Active,49.13354,-122.59643,1960,2024,"48.9",,R,Flow and Level,Continuous,N,N,Y,ASSUMED DATUM,VANCOUVER,"",N
08MH091,"SILVERDALE CREEK NEAR MISSION",BC,Discontinued,49.14833,-122.33722,1960,1995,"17.1",,R,Flow,Continuous,N,N,N,ASSUMED DATUM,VANCOUVER,"",N
08MH092,"SMILING CREEK NEAR PORT COQUITLAM",BC,Discontinued,49.28889,-122.74250,1960,1964,"",,N,Flow,Seasonal,N,N,N,,VANCOUVER,"",N
08MH093,"SUMAS RIVER AT ATKINSON ROAD",BC,Discontinued,49.06333,-122.17083,1971,1980,"",,R,Level,Continuous,N,N,N,ASSUMED DATUM,VANCOUVER,"",N
08MH094,"SUMAS RIVER NEAR YARROW",BC,Discontinued,49.11583,-122.11111,1960,1964,"",,R,Level,Seasonal,N,N,N,ASSUMED DATUM,VANCOUVER,"",N
08MH095,"UNNAMED CREEK NEAR HATZIC",BC,Discontinued,49.21806,-122.25056,1960,1964,"",,N,Flow,Seasonal,N,N,N,,VANCOUVER,"",N
08MH096,"UNNAMED CREEK NEAR KILGARD",BC,Discontinued,49.04861,-122.22333,1961,1964,"",,N,Flow,Seasonal,N,N,N,,VANCOUVER,"",N
08MH097,"YORKSON CREEK NEAR WALNUT GROVE",BC,Discontinued,49.17722,-122.65139,1965,1978,"5.96",,N,Flow,Continuous,N,N,N,ASSUMED DATUM,VANCOUVER,"",N
08MH098,"WEST CREEK NEAR FORT LANGLEY",BC,Active,49.14767,-122.53187,1965,2024,"11.4",,R,Flow and Level,Continuous,N,N,Y,ASSUMED DATUM,VANCOUVER,"",N
08MH099,"WHONOCK CREEK NEAR WHONOCK",BC,Discontinued,49.17500,-122.45528,1960,1964,"",,N,Flow,Continuous,N,N,N,ASSUMED DATUM,VANCOUVER,"",N
08MH100,"WHONOCK LAKE NEAR WEBSTER CORNERS",BC,Discontinued,49.21667,-122.44806,1960,1964,"",,N,Level,Continuous,N,N,N,ASSUMED DATUM,VANCOUVER,"",N
08MH103,"CHILLIWACK RIVER ABOVE SLESSE CREEK",BC,Active,49.10172,-121.66300,1963,2024,"650",,N,Flow and Level,Continuous,N,N,Y,ASSUMED DATUM,VANCOUVER,"",N
08MH104,"ANDERSON CREEK AT THE MOUTH",BC,Discontinued,49.09278,-122.68278,1965,1987,"27.2",,N,Flow,Continuous,N,N,N,ASSUMED DATUM,VANCOUVER,"",N
08MH105,"NICOMEKL RIVER BELOW MURRAY CREEK",BC,Discontinued,49.10056,-122.64556,1965,1984,"64.5",,N,Flow,Continuous,N,N,N,ASSUMED DATUM,VANCOUVER,"",N
08MH107,"MURRAY CREEK NEAR MURRAYVILLE",BC,Discontinued,49.08972,-122.63611,1965,1968,"",,N,Flow,Continuous,N,N,N,ASSUMED DATUM,VANCOUVER,"",N
08MH108,"JACOBS CREEK ABOVE JACOBS LAKE",BC,Discontinued,49.31889,-122.54694,1980,1980,"12.2",,N,Flow,Miscellaneous,N,N,N,ASSUMED DATUM,VANCOUVER,"",N
08MH112,"DEER LAKE BROOK AT BURNABY",BC,Discontinued,49.24250,-122.96250,1965,1965,"",,N,Flow,Seasonal,N,N,N,,VANCOUVER,"",N
08MH117,"STONEY CREEK NEAR BURNABY",BC,Discontinued,49.25000,-122.90750,1965,1965,"",,N,Flow,Seasonal,N,N,N,,VANCOUVER,"",N
08MH119,"SERPENTINE RIVER ABOVE FLOOD GATE",BC,Discontinued,49.08694,-122.81722,1965,1966,"",,R,Level,Seasonal,N,N,N,ASSUMED DATUM,VANCOUVER,"",N
08MH120,"SERPENTINE RIVER BELOW FLOOD GATE",BC,Discontinued,49.08667,-122.81750,1965,1966,"",,N,Level,Seasonal,N,N,N,ASSUMED DATUM,VANCOUVER,"",N
08MH121,"NICOMEKL RIVER ABOVE FLOOD GATE",BC,Discontinued,49.06972,-122.82333,1965,1966,"",,R,Level,Seasonal,N,N,N,ASSUMED DATUM,VANCOUVER,"",N
08MH122,"NICOMEKL RIVER BELOW FLOOD GATE",BC,Discontinued,49.06972,-122.82361,1965,1966,"",,N,Level,Seasonal,N,N,N,ASSUMED DATUM,VANCOUVER,"",N
08MH123,"CAMPBELL RIVER ABOVE SAM HILL CREEK",BC,Discontinued,49.02417,-122.71778,1966,1994,"",,R,Flow,Seasonal,N,N,N,ASSUMED DATUM,VANCOUVER,"",N
08MH124,"FRASER RIVER AT COX",BC,Discontinued,49.12778,-122.19472,1974,1981,"228000",,R,Level,Continuous,N,N,N,GEODETIC SURVEY OF CANADA DATUM,VANCOUVER,"",N
08MH125,"JACOBS LAKE NEAR HANEY",BC,Discontinued,49.30972,-122.54806,1968,1977,"",,N,Level,Continuous,N,N,N,ASSUMED DATUM,VANCOUVER,"",N
08MH126,"FRASER RIVER AT PORT MANN PUMPING STATION",BC,Active,49.21780,-122.82466,1965,2024,"232000",,R,Flow and Level,Continuous,Y,N,Y,SAND HEADS DATUM,VANCOUVER,"",N
08MH127,"COGHLAN CREEK AT 248TH STREET, LANGLEY",BC,Discontinued,49.12444,-122.53556,1968,1968,"",,N,Flow,Miscellaneous,N,N,N,,VANCOUVER,"",N
08MH129,"MURRAY CREEK AT 216 STREET, LANGLEY",BC,Discontinued,49.07250,-122.62417,1969,1983,"26.2",,N,Flow,Continuous,N,N,N,ASSUMED DATUM,VANCOUVER,"",N
08MH130,"SUMAS RIVER NEAR B.C. HYDRO RAILWAY BRIDGE",BC,Discontinued,49.01583,-122.21556,1969,1975,"",,N,Level,Continuous,N,N,N,ASSUMED DATUM,VANCOUVER,"",N
08MH131,"SUMAS RIVER ABOVE PUMPHOUSE",BC,Discontinued,49.11444,-122.11083,1970,1974,"",,R,Level,Continuous,N,N,N,GEODETIC SURVEY OF CANADA DATUM,VANCOUVER,"",N
08MH132,"MATSQUI SLOUGH AT GLADWIN ROAD",BC,Discontinued,49.10972,-122.31500,1970,1971,"",,R,Level,Continuous,N,N,N,ASSUMED DATUM,VANCOUVER,"",N
08MH133,"SUMAS RIVER AT MCDERMOT ROAD",BC,Discontinued,49.07556,-122.16222,1971,1981,"",,R,Level,Continuous,N,N,N,ASSUMED DATUM,VANCOUVER,"",N
08MH134,"UNNAMED CREEK AT 114 AVENUE, WHALLEY",BC,Discontinued,49.20972,-122.85194,1972,1984,"",,R,Flow,Continuous,N,N,N,ASSUMED DATUM,VANCOUVER,"",N
08MH135,"DOMINION AVENUE SLOUGH AT PUMPHOUSE",BC,Discontinued,49.25889,-122.72139,1971,1974,"",,R,Level,Continuous,N,N,N,ASSUMED DATUM,VANCOUVER,"",N
08MH136,"DOMINION AVENUE SLOUGH BRANCH D1 AT FLOODBOX",BC,Discontinued,49.25500,-122.72389,1971,1974,"",,R,Level,Continuous,N,N,N,ASSUMED DATUM,VANCOUVER,"",N
08MH138,"HAIRSINE CREEK NEAR THE MOUTH",BC,Discontinued,49.19056,-122.37500,1980,1984,"",,R,Flow,Seasonal,N,N,N,ASSUMED DATUM,VANCOUVER,"",N
08MH139,"HYDE CREEK AT DE BOVILLE SLOUGH",BC,Discontinued,49.28333,-122.73667,1980,1980,"",,R,Flow,Seasonal,N,N,N,ASSUMED DATUM,VANCOUVER,"",N
08MH140,"PITT RIVER BELOW ALOUETTE RIVER",BC,Discontinued,49.26389,-122.70694,1981,1981,"",,N,Level,Seasonal,N,N,N,SAND HEADS DATUM,VANCOUVER,"",N
08MH141,"COQUITLAM RIVER ABOVE COQUITLAM LAKE",BC,Active,49.48794,-122.79251,1982,2024,"52.5",,N,Flow and Level,Continuous,N,N,Y,ASSUMED DATUM,VANCOUVER,"",N
08MH145,"DOWNES CREEK NEAR CLEARBROOK",BC,Discontinued,49.07472,-122.32556,1982,1985,"",,N,Flow,Seasonal,N,N,N,ASSUMED DATUM,VANCOUVER,"",N
08MH146,"RICHMOND LANDFILL OUTFALL",BC,Discontinued,49.16250,-123.04444,1982,1984,"",,R,Flow,Continuous,N,N,N,ASSUMED DATUM,VANCOUVER,"",N
08MH147,"STAVE RIVER ABOVE STAVE LAKE",BC,Active,49.55619,-122.32307,1983,2024,"290",,N,Flow and Level,Continuous,N,N,Y,ASSUMED DATUM,VANCOUVER,"",N
08MH148,"ALOUETTE LAKE FOREBAY",BC,Discontinued,49.28722,-122.48444,1983,1996,"",,R,Level,Continuous,N,N,N,ASSUMED DATUM,VANCOUVER,"",N
08MH149,"COQUITLAM LAKE FOREBAY",BC,Active,49.35574,-122.77920,1984,2024,"",,R,Level,Continuous,N,N,Y,ASSUMED DATUM,VANCOUVER,"",N
08MH150,"NORRISH CREEK ABOVE ROSE CREEK",BC,Discontinued,49.23972,-122.12722,1984,2006,"78.2",,R,Flow,Continuous,N,N,N,ASSUMED DATUM,VANCOUVER,"",N
08MH151,"RICHMOND LANDFILL OUTFALL SITE 2",BC,Discontinued,49.14806,-123.04583,1984,1994,"",,R,Flow,Continuous,N,N,N,ASSUMED DATUM,VANCOUVER,"",N
08MH152,"BERTRAND CREEK AT INTERNATIONAL BOUNDARY",BC,Active,49.00239,-122.52340,2011,2024,"46.6",,R,Flow,Continuous,N,N,N,ASSUMED DATUM,VANCOUVER,"UNITED STATES GEOLOGICAL SURVEY",Y
08MH153,"FISHTRAP CREEK AT INTERNATIONAL BOUNDARY",BC,Active,49.00233,-122.40696,1987,2024,"19.0",,R,Flow and Level,Continuous,N,N,Y,ASSUMED DATUM,VANCOUVER,"",N
08MH154,"MAHOOD CREEK AT 144 STREET, SURREY",BC,Discontinued,49.14611,-122.82194,1985,1998,"",,N,Flow,Continuous,N,N,N,ASSUMED DATUM,VANCOUVER,"",N
08MH155,"NICOMEKL RIVER AT 203 STREET, LANGLEY",BC,Active,49.09570,-122.66009,1985,2024,"70.0",,N,Flow and Level,Continuous,N,N,Y,ASSUMED DATUM,VANCOUVER,"",N
08MH156,"PEPIN CREEK AT INTERNATIONAL BOUNDARY",BC,Active,49.00368,-122.47187,1985,2024,"12.2",,R,Flow and Level,Seasonal,N,N,Y,ASSUMED DATUM,VANCOUVER,"",N
08MH157,"LIUMCHEN CREEK NEAR THE MOUTH",BC,Discontinued,49.07778,-121.91722,1985,1989,"54.4",,N,Flow,Continuous,N,N,N,ASSUMED DATUM,VANCOUVER,"",N
08MH158,"FRASER RIVER (ANNIEVILLE CHANNEL) AT SURREY DOCKS",BC,Discontinued,49.18028,-122.91667,1986,1992,"",,R,Level,Continuous,N,N,N,ASSUMED DATUM,VANCOUVER,"",N
08MH159,"FRASER RIVER (ANNACIS CHANNEL) AT PEMBINA ST.,DELTA",BC,Discontinued,49.18417,-122.93111,1986,1994,"",,R,Level,Continuous,N,N,N,ASSUMED DATUM,VANCOUVER,"",N
08MH160,"FRASER RIVER (NORTH ARM) ABOVE TREE ISLAND",BC,Discontinued,49.19056,-122.95472,1986,1987,"",,R,Level,Continuous,N,N,N,ASSUMED DATUM,VANCOUVER,"",N
08MH161,"FRASER RIVER (NORTH ARM) BELOW TREE ISLAND",BC,Discontinued,49.18389,-122.96889,1987,1994,"",,R,Level,Continuous,N,N,N,ASSUMED DATUM,VANCOUVER,"",N
08MH163,"FOLEY CREEK ABOVE FOLEY LAKE",BC,Discontinued,49.15278,-121.53861,1991,1995,"",,N,Flow,Continuous,N,N,N,ASSUMED DATUM,VANCOUVER,"",N
08MH166,"CEDAR CREEK ABOVE THE MOUTH",BC,Active,49.38099,-122.77685,2001,2024,"",,N,Flow and Level,Continuous,N,N,Y,ASSUMED DATUM NO. 1,VANCOUVER,"",N
08MH167,"HAYWARD LAKE ABOVE RUSKIN DAM",BC,Discontinued,49.19791,-122.40737,2008,2022,"",,R,Level,Continuous,N,N,N,GEODETIC SURVEY OF CANADA DATUM,VANCOUVER,"",N
08MH168,"OR CREEK NEAR COQUITLAM",BC,Active,49.36387,-122.73466,2008,2024,"",,N,Flow and Level,Continuous,N,N,Y,ASSUMED DATUM,VANCOUVER,"",N
08MHQ27,"SUMAS RIVER AT INTERNATIONAL BOUNDARY WQ",BC,Active,49.00239,-122.23194,2019,2024,"144",,,Flow and Level,Continuous,N,N,N,,VANCOUVER,"",N
08MHQ53,"FRASER RIVER (MAIN ARM) NEAR GRAVESEND REACH - BUOY WQ",BC,Discontinued,49.14861,-123.03859,2019,2024,"229000",,,Flow and Level,Continuous,N,N,N,,VANCOUVER,"",N
08MHX15,"NICOMEKL RIVER AT 203 STREET, LANGLEY (PROJECT)",BC,Active,49.09570,-122.66009,2020,2024,"70.0",,N,Level,Continuous,N,N,N,ASSUMED DATUM,VANCOUVER,"",N
08MHX24,"FRASER RIVER AT MISSION (AUXILIARY GAUGE)",BC,Active,49.12774,-122.30294,2017,2024,"228000",,R,Flow and Level,Continuous,N,N,Y,ASSUMED DATUM,VANCOUVER,"",N
08NA001,"BUGABOO CREEK NEAR SPILLIMACHEEN",BC,Discontinued,50.87722,-116.37833,1917,1956,"381",,N,Flow,Continuous,N,N,N,ASSUMED DATUM,VANCOUVER,"",N
08NA002,"COLUMBIA RIVER AT NICHOLSON",BC,Active,51.24356,-116.91293,1917,2024,"6660",,N,Flow and Level,Continuous,Y,N,Y,ASSUMED DATUM,VANCOUVER,"",N
08NA004,"COLUMBIA RIVER AT ATHALMER",BC,Discontinued,50.51556,-116.01889,1944,1984,"1340",,N,Level,Continuous,N,N,N,ASSUMED DATUM,VANCOUVER,"",N
08NA005,"HORSETHIEF CREEK NEAR WILMER",BC,Discontinued,50.57333,-116.09556,1915,1954,"606",,N,Flow,Miscellaneous,N,N,N,ASSUMED DATUM,VANCOUVER,"",N
08NA006,"KICKING HORSE RIVER AT GOLDEN",BC,Active,51.30118,-116.97207,1917,2024,"1850",,N,Flow and Level,Continuous,N,N,Y,ASSUMED DATUM,VANCOUVER,"",N
08NA007,"KICKING HORSE RIVER NEAR FIELD",BC,Discontinued,51.41833,-116.44000,1919,1921,"344",,N,Flow,Miscellaneous,N,N,N,ASSUMED DATUM,VANCOUVER,"",N
08NA008,"KICKING HORSE RIVER AT NO. 2 TUNNEL",BC,Discontinued,51.43278,-116.39861,1919,1921,"126",,N,Flow,Miscellaneous,N,N,N,ASSUMED DATUM,VANCOUVER,"",N
08NA009,"FORSTER CREEK NEAR WILMER",BC,Discontinued,50.58833,-116.12917,1916,1922,"508",,N,Flow,Miscellaneous,N,N,N,ASSUMED DATUM,VANCOUVER,"",N
08NA010,"OTTERTAIL RIVER NEAR FIELD",BC,Discontinued,51.33222,-116.54972,1912,1913,"233",,N,Flow,Seasonal,N,N,N,ASSUMED DATUM,VANCOUVER,"",N
08NA011,"SPILLIMACHEEN RIVER NEAR SPILLIMACHEEN",BC,Active,50.90435,-116.40682,1917,2024,"1460",,R,Flow and Level,Continuous,N,N,Y,ASSUMED DATUM,VANCOUVER,"",N
08NA012,"TOBY CREEK NEAR ATHALMER",BC,Discontinued,50.51083,-116.04361,1943,1984,"684",,N,Flow,Continuous,N,N,N,ASSUMED DATUM,VANCOUVER,"",N
08NA014,"DUTCH CREEK NEAR FAIRMONT HOT SPRINGS",BC,Discontinued,50.31194,-115.89750,1912,1937,"686",,N,Flow,Miscellaneous,N,N,N,,VANCOUVER,"",N
08NA015,"FIELD SPRING (NO. 1) NEAR FIELD",BC,Discontinued,51.39750,-116.47694,1914,1915,"",,N,Flow,Continuous,N,N,N,,VANCOUVER,"",N
08NA016,"FIELD SPRING (NO. 2) NEAR FIELD",BC,Discontinued,51.39750,-116.47694,1914,1915,"",,N,Flow,Continuous,N,N,N,,VANCOUVER,"",N
08NA017,"FIELD SPRING (NO. 3) NEAR FIELD",BC,Discontinued,51.39750,-116.47694,1914,1915,"",,N,Flow,Seasonal,N,N,N,ASSUMED DATUM,VANCOUVER,"",N
08NA018,"SINCLAIR CREEK AT RADIUM HOT SPRINGS",BC,Discontinued,50.62917,-116.06722,1944,1978,"94.3",,R,Flow,Continuous,N,N,N,ASSUMED DATUM,VANCOUVER,"",N
08NA019,"SHUSWAP CREEK NEAR ATHALMER",BC,Discontinued,50.53500,-115.96333,1926,1927,"41.2",,N,Flow,Seasonal,N,N,N,ASSUMED DATUM,VANCOUVER,"",N
08NA020,"STODDART CREEK NEAR ATHALMER",BC,Discontinued,50.56833,-115.99139,1973,1982,"21.2",,N,Flow,Continuous,N,N,N,ASSUMED DATUM,VANCOUVER,"",N
08NA021,"LUXOR CREEK NEAR BRISCO",BC,Discontinued,50.75944,-116.19000,1914,1929,"87.1",,N,Flow,Seasonal,N,N,N,,VANCOUVER,"",N
08NA022,"KINDERSLEY CREEK NEAR BRISCO",BC,Discontinued,50.76167,-116.05250,1914,1929,"",,N,Flow,Seasonal,N,N,N,,VANCOUVER,"",N
08NA023,"FRALING CREEK NEAR SPILLIMACHEEN",BC,Discontinued,50.90167,-116.33667,1912,1943,"31.6",,R,Flow,Miscellaneous,N,N,N,,VANCOUVER,"",N
08NA024,"WINDERMERE CREEK NEAR WINDERMERE",BC,Discontinued,50.48417,-115.93389,1959,1979,"84.2",,N,Flow,Continuous,N,N,N,ASSUMED DATUM,VANCOUVER,"",N
08NA025,"MALLARD CREEK NEAR PARSON",BC,Discontinued,51.09472,-116.68028,1930,1931,"6.99",,N,Flow,Seasonal,N,N,N,,VANCOUVER,"",N
08NA026,"GOLDIE CREEK NEAR INVERMERE",BC,Discontinued,50.46972,-116.04944,1920,1966,"32.9",,R,Flow,Miscellaneous,N,N,N,,VANCOUVER,"",N
08NA027,"COLUMBIA RIVER NEAR ATHALMER",BC,Discontinued,50.53444,-116.03611,1948,1950,"",,N,Level,Seasonal,N,N,N,ASSUMED DATUM,VANCOUVER,"",N
08NA028,"QUINN CREEK NEAR CASTLEDALE",BC,Discontinued,51.04222,-116.54056,1930,1931,"6.48",,N,Flow,Seasonal,N,N,N,,VANCOUVER,"",N
08NA029,"BIRCHLANDS CREEK NEAR GOLDEN",BC,Discontinued,51.15889,-116.79250,1931,1931,"16.6",,N,Flow,Miscellaneous,N,N,N,ASSUMED DATUM,VANCOUVER,"",N
08NA030,"COOLSPRING CREEK NEAR FAIRMONT HOT SPRINGS",BC,Discontinued,50.33528,-115.85000,1924,1964,"8.55",,N,Flow,Seasonal,N,N,N,,VANCOUVER,"",N
08NA031,"WARM SPRINGS CREEK NEAR FAIRMONT",BC,Discontinued,50.32917,-115.83750,1925,1926,"10.1",,N,Flow,Miscellaneous,N,N,N,,VANCOUVER,"",N
08NA034,"WARM SPRINGS CREEK NEAR FAIRMONT (UPPER STATION)",BC,Discontinued,50.32917,-115.83750,1928,1928,"",,R,Flow,Miscellaneous,N,N,N,,VANCOUVER,"",N
08NA035,"WARM SPRINGS CREEK NEAR FAIRMONT (LOWER STATION)",BC,Discontinued,50.32917,-115.83750,1924,1928,"",,R,Flow,Miscellaneous,N,N,N,,VANCOUVER,"",N
08NA036,"BEARD CREEK NEAR PARSON",BC,Discontinued,51.06528,-116.57694,1912,1968,"9.58",,N,Flow,Miscellaneous,N,N,N,ASSUMED DATUM,VANCOUVER,"",N
08NA037,"CARBONATE CREEK NEAR MCMURDO",BC,Discontinued,51.14306,-116.73972,1924,1998,"8.03",,N,Flow,Seasonal,N,N,N,ASSUMED DATUM,VANCOUVER,"",N
08NA038,"HOGRANCH CREEK AT PARSON",BC,Discontinued,51.06889,-116.63417,1928,1930,"13.2",,N,Flow,Seasonal,N,N,N,,VANCOUVER,"",N
08NA039,"MACAULAY CREEK NEAR EDGEWATER",BC,Discontinued,50.69722,-116.08611,1930,1980,"9.84",,N,Flow,Seasonal,N,N,N,ASSUMED DATUM,VANCOUVER,"",N
08NA041,"HORSE CREEK NEAR GOLDEN",BC,Discontinued,51.22028,-116.86222,1931,1931,"22.8",,N,Flow,Seasonal,N,N,N,,VANCOUVER,"",N
08NA042,"MCCREADY CREEK NEAR BRISCO",BC,Discontinued,50.78972,-116.21250,1931,1931,"2.85",,N,Flow,Seasonal,N,N,N,,VANCOUVER,"",N
08NA043,"EAST SPRING CREEK NEAR WINDERMERE",BC,Discontinued,50.45194,-115.96333,1940,1941,"",,R,Flow,Seasonal,N,N,N,,VANCOUVER,"",N
08NA045,"COLUMBIA RIVER NEAR FAIRMONT HOT SPRINGS",BC,Discontinued,50.32361,-115.86250,1944,1998,"891",,N,Flow,Continuous,N,N,N,ASSUMED DATUM,VANCOUVER,"",N
08NA046,"SOLES CREEK NEAR GALENA",BC,Discontinued,50.95722,-116.40722,1945,1948,"9.07",,N,Flow,Seasonal,N,N,N,,VANCOUVER,"",N
08NA047,"CEDARED CREEK NEAR SPILLIMACHEEN",BC,Discontinued,50.93472,-116.38444,1946,1947,"13.7",,N,Flow,Seasonal,N,N,N,,VANCOUVER,"",N
08NA048,"HATCH CREEK NEAR SPILLIMACHEEN",BC,Discontinued,50.97500,-116.42778,1946,1950,"12.2",,N,Flow,Seasonal,N,N,N,,VANCOUVER,"",N
08NA049,"TEMPLETON RIVER NEAR BRISCO",BC,Discontinued,50.83500,-116.31833,1946,1951,"170",,N,Flow,Continuous,N,N,N,,VANCOUVER,"",N
08NA050,"SIXTY TWO MILE CREEK NEAR EDGEWATER",BC,Discontinued,50.70000,-116.11667,1947,1950,"10.6",,N,Flow,Seasonal,N,N,N,,VANCOUVER,"",N
08NA051,"FRANCES CREEK NEAR WILMER",BC,Discontinued,50.69167,-116.26583,1948,1954,"225",,N,Flow,Continuous,N,N,N,,VANCOUVER,"",N
08NA052,"COLUMBIA RIVER NEAR EDGEWATER",BC,Discontinued,50.73278,-116.19444,1951,1956,"3550",,N,Flow,Continuous,N,N,N,ASSUMED DATUM,VANCOUVER,"",N
08NA053,"KICKING HORSE RIVER BELOW SHERBROOKE CREEK",BC,Discontinued,51.43694,-116.37444,1991,1998,"119",,N,Flow,Continuous,N,N,N,ASSUMED DATUM,VANCOUVER,"",N
08NA054,"SUNLIGHT CREEK NEAR INVERMERE",BC,Discontinued,50.47028,-116.09444,1961,1961,"2.59",,N,Flow,Seasonal,N,N,N,,VANCOUVER,"",N
08NA055,"GOLDIE CREEK (SOUTH FORK) NEAR INVERMERE",BC,Discontinued,50.46028,-116.09611,1961,1970,"17.6",,N,Flow,Seasonal,N,N,N,ASSUMED DATUM,VANCOUVER,"",N
08NA056,"DRY GULCH CREEK NEAR RADIUM JUNCTION",BC,Discontinued,50.58694,-116.03333,1965,1974,"4.40",,N,Flow,Continuous,N,N,N,ASSUMED DATUM,VANCOUVER,"",N
08NA057,"WILMER CREEK NEAR WILMER",BC,Discontinued,50.54639,-116.09833,1964,1969,"6.73",,R,Flow,Seasonal,N,N,N,ASSUMED DATUM,VANCOUVER,"",N
08NA058,"HOTSPRING CREEK NEAR FAIRMONT HOT SPRINGS",BC,Discontinued,50.32833,-115.83917,1964,1969,"10.4",,N,Flow,Seasonal,N,N,N,,VANCOUVER,"",N
08NA059,"JOHNSON DRAW CREEK NEAR MCMURDO",BC,Discontinued,51.11972,-116.68778,1925,1968,"5.70",,N,Flow,Miscellaneous,N,N,N,ASSUMED DATUM,VANCOUVER,"",N
08NA060,"BRUCE CREEK NEAR WILMER",BC,Discontinued,50.56222,-116.24111,1965,1977,"80.8",,N,Flow,Seasonal,N,N,N,ASSUMED DATUM,VANCOUVER,"",N
08NA061,"UNNAMED CREEK NEAR MCMURDO",BC,Discontinued,51.11556,-116.71472,1963,1964,"11.1",,N,Flow,Seasonal,N,N,N,,VANCOUVER,"",N
08NA062,"MARION CREEK NEAR CANAL FLATS",BC,Discontinued,50.21250,-115.88556,1967,1971,"0.360",,R,Flow,Seasonal,N,N,N,,VANCOUVER,"",N
08NA063,"MARION CREEK (WEST FORK) NEAR CANAL FLATS",BC,Discontinued,50.21194,-115.88611,1967,1971,"9.07",,R,Flow,Seasonal,N,N,N,,VANCOUVER,"",N
08NA064,"COLUMBIA LAKE AT CANAL FLATS",BC,Discontinued,50.16472,-115.84639,1966,1984,"",,N,Level,Seasonal,N,N,N,ASSUMED DATUM,VANCOUVER,"",N
08NA067,"BOWER CREEK NEAR THE MOUTH",BC,Discontinued,51.19778,-116.85000,1972,1982,"",,N,Flow,Continuous,N,N,N,,VANCOUVER,"",N
08NA068,"PAGLIARO CREEK NEAR GOLDEN",BC,Discontinued,51.19778,-116.85306,1972,1978,"4.40",,R,Flow,Continuous,N,N,N,ASSUMED DATUM,VANCOUVER,"",N
08NB001,"BLAEBERRY RIVER NEAR GOLDEN",BC,Discontinued,51.42389,-117.04056,1965,1969,"738",,N,Flow,Continuous,N,N,N,ASSUMED DATUM,VANCOUVER,"",N
08NB002,"HOSPITAL CREEK NEAR GOLDEN",BC,Discontinued,51.32361,-116.95917,1915,1964,"54.1",,N,Flow,Continuous,N,N,N,ASSUMED DATUM,VANCOUVER,"",N
08NB003,"BEAVER RIVER NEAR ROGERS",BC,Discontinued,51.48722,-117.49083,1913,1914,"1140",,N,Flow,Seasonal,N,N,N,,VANCOUVER,"",N
08NB004,"EDELWEISS CREEK NEAR GOLDEN",BC,Discontinued,51.32500,-116.97361,1928,1975,"",,N,Flow,Seasonal,N,N,N,ASSUMED DATUM,VANCOUVER,"",N
08NB005,"COLUMBIA RIVER AT DONALD",BC,Active,51.48330,-117.18039,1944,2024,"9700",,N,Flow and Level,Continuous,Y,Y,Y,ASSUMED DATUM,VANCOUVER,"",N
08NB006,"COLUMBIA RIVER AT SURPRISE RAPIDS",BC,Discontinued,51.77139,-117.68667,1948,1966,"14000",,N,Flow,Continuous,N,N,N,ASSUMED DATUM,VANCOUVER,"",N
08NB008,"COLUMBIA RIVER AT CALAMITY CURVE NEAR BEAVERMOUTH",BC,Discontinued,51.50778,-117.30917,1955,1955,"",,R,Level,Seasonal,N,N,N,ASSUMED DATUM,VANCOUVER,"",N
08NB009,"HOSPITAL CREEK NORTH FORK NEAR GOLDEN",BC,Discontinued,51.34139,-116.94972,1965,1976,"25.1",,N,Flow,Seasonal,N,N,N,ASSUMED DATUM,VANCOUVER,"",N
08NB010,"HOSPITAL CREEK ABOVE HOSPITAL CREEK NORTH FORK",BC,Discontinued,51.32972,-116.95778,1966,1976,"21.5",,N,Flow,Seasonal,N,N,N,ASSUMED DATUM,VANCOUVER,"",N
08NB011,"COLUMBIA RIVER AT BIG BEND HIGHWAY CROSSING",BC,Discontinued,52.11472,-118.42444,1946,1949,"16800",,N,Flow,Continuous,N,N,N,ASSUMED DATUM,VANCOUVER,"",N
08NB012,"BLAEBERRY RIVER ABOVE WILLOWBANK CREEK",BC,Active,51.48250,-116.96936,1970,2024,"587",,N,Flow and Level,Continuous,N,N,Y,ASSUMED DATUM,VANCOUVER,"",N
08NB013,"GOLD RIVER ABOVE BACHELOR CREEK",BC,Discontinued,51.61306,-117.74111,1974,1995,"135",,N,Flow,Continuous,N,N,N,ASSUMED DATUM,VANCOUVER,"",N
08NB014,"GOLD RIVER ABOVE PALMER CREEK",BC,Active,51.67799,-117.71850,1973,2024,"429",,N,Flow and Level,Continuous,N,N,Y,ASSUMED DATUM,VANCOUVER,"",N
08NB015,"BLAEBERRY RIVER BELOW ENSIGN CREEK",BC,Discontinued,51.65472,-116.74250,1974,1998,"230",,N,Flow,Continuous,N,N,N,ASSUMED DATUM,VANCOUVER,"",N
08NB016,"SPLIT CREEK AT THE MOUTH",BC,Active,51.52650,-116.89890,1974,2024,"80.5",,N,Flow and Level,Continuous,N,N,Y,ASSUMED DATUM,VANCOUVER,"",N
08NB017,"KINBASKET LAKE BELOW GARRETT CREEK",BC,Active,51.89067,-117.91208,1980,2024,"",,R,Level,Continuous,N,N,Y,APPROXIMATE GEODETIC SURVEY OF CANADA DATUM,VANCOUVER,"",N
08NB018,"CONNAUGHT CREEK ABOVE DIVERSION",BC,Discontinued,51.30556,-117.51667,1987,1987,"11.9",,N,Flow,Miscellaneous,N,N,N,ASSUMED DATUM,VANCOUVER,"",N
08NB019,"BEAVER RIVER NEAR THE MOUTH",BC,Discontinued,51.50909,-117.46530,1985,2021,"1150",,N,Flow and Level,Continuous,N,N,N,ASSUMED DATUM,VANCOUVER,"",N
08NB020,"NORDIC CREEK AT THE OUTLET OF NORDIC GLACIER",BC,Active,51.44881,-117.69397,2015,2024,"7.49",,N,Flow and Level,Seasonal,N,N,N,ASSUMED DATUM,VANCOUVER,"",N
08NB021,"BEAVER RIVER ABOVE CUPOLA CREEK",BC,Active,51.48781,-117.49161,2021,2024,"950",,N,Flow and Level,Continuous,N,N,Y,ASSUMED DATUM,VANCOUVER,"",N
08NBX17,"KINBASKET LAKE BELOW GARRETT CREEK (AUXILIARY STATION)",BC,Active,51.89067,-117.91208,2017,2024,"",,,Level,Continuous,N,N,Y,,VANCOUVER,"",N
08NC001,"WOOD RIVER NEAR DONALD",BC,Discontinued,52.15222,-118.40444,1948,1972,"956",,N,Flow,Continuous,N,N,N,ASSUMED DATUM,VANCOUVER,"",N
08NC002,"CANOE RIVER NEAR DONALD",BC,Discontinued,52.18917,-118.45333,1949,1967,"3290",,N,Flow,Continuous,N,N,N,ASSUMED DATUM,VANCOUVER,"",N
08NC003,"CANOE RIVER NEAR VALEMOUNT",BC,Discontinued,52.76667,-119.26167,1968,1968,"368",,N,Flow,Miscellaneous,N,N,N,,VANCOUVER,"",N
08NC004,"CANOE RIVER BELOW KIMMEL CREEK",BC,Active,52.73153,-119.38486,1971,2024,"305",,N,Flow and Level,Continuous,N,Y,Y,ASSUMED DATUM,VANCOUVER,"",N
08NC005,"CAMP CREEK AT HIGHWAY NO. 5",BC,Discontinued,52.73361,-119.26722,1995,1996,"",,N,Flow,Continuous,N,N,N,ASSUMED DATUM,VANCOUVER,"",N
08ND001,"AKOLKOLEX RIVER NEAR REVELSTOKE",BC,Discontinued,50.82444,-118.02889,1954,1954,"394",,N,Flow,Seasonal,N,N,N,ASSUMED DATUM,VANCOUVER,"",N
08ND002,"COLUMBIA RIVER AT REVELSTOKE",BC,Discontinued,51.00806,-118.21917,1918,1987,"26700",,R,Flow and Level,Continuous,N,N,N,ASSUMED DATUM,VANCOUVER,"",N
08ND003,"ILLECILLEWAET RIVER NEAR REVELSTOKE",BC,Discontinued,50.98583,-118.18167,1917,1924,"1230",,N,Flow,Miscellaneous,N,N,N,,VANCOUVER,"",N
08ND004,"JORDAN RIVER NEAR REVELSTOKE",BC,Discontinued,51.01444,-118.23778,1946,1957,"350",,N,Flow,Seasonal,N,N,N,ASSUMED DATUM,VANCOUVER,"",N
08ND005,"ILLECILLEWAET RIVER NEAR GLACIER",BC,Discontinued,51.26639,-117.51778,1915,1915,"53.4",,N,Flow,Miscellaneous,N,N,N,,VANCOUVER,"",N
08ND006,"COLUMBIA RIVER AT TWELVE MILE FERRY",BC,Discontinued,50.85306,-118.10667,1944,1968,"28500",,N,Flow and Level,Continuous,N,N,N,ASSUMED DATUM,VANCOUVER,"",N
08ND007,"COLUMBIA RIVER ABOVE NAGLE CREEK",BC,Discontinued,52.05528,-118.58417,1947,1983,"21500",,R,Flow,Continuous,N,N,N,ASSUMED DATUM,VANCOUVER,"",N
08ND009,"DOWNIE CREEK NEAR REVELSTOKE",BC,Discontinued,51.47694,-118.42556,1953,1983,"655",,N,Flow,Continuous,N,N,N,,VANCOUVER,"",N
08ND010,"COLUMBIA RIVER ABOVE DOWNIE CREEK",BC,Discontinued,51.46194,-118.46861,1953,1964,"25000",,N,Flow,Miscellaneous,N,N,N,,VANCOUVER,"",N
08ND011,"COLUMBIA RIVER ABOVE STEAMBOAT RAPIDS",BC,Discontinued,51.04194,-118.21306,1955,1986,"26400",,R,Flow,Continuous,Y,N,N,ASSUMED DATUM,VANCOUVER,"",N
08ND012,"GOLDSTREAM RIVER BELOW OLD CAMP CREEK",BC,Active,51.66878,-118.59620,1964,2024,"934",,N,Flow and Level,Continuous,N,N,Y,ASSUMED DATUM,VANCOUVER,"",N
08ND013,"ILLECILLEWAET RIVER AT GREELEY",BC,Active,51.01263,-118.08514,1963,2024,"1150",,N,Flow and Level,Continuous,N,Y,Y,ASSUMED DATUM,VANCOUVER,"",N
08ND014,"JORDAN RIVER ABOVE KIRKUP CREEK",BC,Discontinued,51.04444,-118.26917,1964,1988,"272",,N,Flow,Continuous,N,N,N,,VANCOUVER,"",N
08ND015,"MICA CREEK NEAR REVELSTOKE",BC,Discontinued,52.01139,-118.56750,1964,1965,"82.4",,N,Flow,Seasonal,N,N,N,ASSUMED DATUM,VANCOUVER,"",N
08ND016,"WEST WOOLSEY CREEK AT SOURCE",BC,Discontinued,51.13389,-118.03611,1967,1974,"",,N,Flow,Seasonal,N,N,N,ASSUMED DATUM,VANCOUVER,"",N
08ND017,"KINBASKET LAKE AT MICA DAM",BC,Active,52.07806,-118.56167,1974,2024,"",,R,Level,Continuous,N,N,N,GEODETIC SURVEY OF CANADA DATUM,VANCOUVER,"BRITISH COLUMBIA HYDRO AND POWER AUTHORITY",Y
08ND018,"STITT CREEK AT THE MOUTH",BC,Discontinued,51.65944,-118.10444,1973,1998,"139",,N,Flow,Continuous,N,N,N,ASSUMED DATUM,VANCOUVER,"",N
08ND019,"KIRBYVILLE CREEK NEAR THE MOUTH",BC,Discontinued,51.63944,-118.67056,1973,2007,"112",,N,Flow,Continuous,N,N,N,ASSUMED DATUM,VANCOUVER,"",N
08ND021,"GREELEY CREEK ABOVE DIVERSION",BC,Active,51.00600,-118.05700,2021,2024,"47.0",,N,Flow and Level,Continuous,N,N,Y,,VANCOUVER,"",N
08ND022,"DOLAN CREEK ABOVE DIVERSIONS",BC,Discontinued,50.98889,-118.23972,1985,1989,"",,N,Flow,Seasonal,N,N,N,ASSUMED DATUM,VANCOUVER,"",N
08ND024,"GREELEY CREEK NEAR THE MOUTH",BC,Discontinued,51.01722,-118.06111,1985,1985,"47.6",,R,Flow,Seasonal,N,N,N,ASSUMED DATUM,VANCOUVER,"",N
08ND025,"REVELSTOKE PROJECT OUTFLOW",BC,Active,51.04444,-118.19722,1986,2024,"",,R,Flow,Continuous,N,N,N,ASSUMED DATUM,VANCOUVER,"BRITISH COLUMBIA HYDRO AND POWER AUTHORITY",Y
08ND026,"REVELSTOKE RESERVOIR AT MARTHA CREEK",BC,Active,51.14661,-118.20053,2018,2024,"",,R,Level,Continuous,N,N,Y,ASSUMED DATUM,VANCOUVER,"",N
08NE001,"INCOMAPPLEUX RIVER NEAR BEATON",BC,Discontinued,50.77361,-117.67667,1952,1998,"1020",,N,Flow,Continuous,N,N,N,ASSUMED DATUM,VANCOUVER,"",N
08NE002,"COLUMBIA RIVER AT CASTLEGAR",BC,Discontinued,49.33222,-117.67583,1913,1985,"36500",,R,Flow and Level,Continuous,N,N,N,ASSUMED DATUM,VANCOUVER,"",N
08NE003,"COLUMBIA RIVER AT TRAIL",BC,Discontinued,49.09389,-117.69778,1913,1969,"88100",,R,Flow and Level,Continuous,N,N,N,ASSUMED DATUM,VANCOUVER,"",N
08NE004,"PEND D'OREILLE RIVER NEAR WANETA",BC,Discontinued,49.03333,-117.50000,1913,1915,"68900",,N,Flow,Continuous,N,N,N,ASSUMED DATUM,VANCOUVER,"",N
08NE005,"CARIBOU CREEK NEAR BURTON CITY",BC,Discontinued,49.98778,-117.89861,1915,1915,"531",,N,Flow,Miscellaneous,N,N,N,,VANCOUVER,"",N
08NE006,"KUSKANAX CREEK NEAR NAKUSP",BC,Active,50.28291,-117.73448,1914,2024,"330",,N,Flow and Level,Continuous,N,Y,Y,ASSUMED DATUM,VANCOUVER,"",N
08NE007,"NAKUSP CREEK NEAR NAKUSP",BC,Discontinued,50.22889,-117.77250,1914,1914,"104",,R,Flow,Seasonal,N,N,N,,VANCOUVER,"",N
08NE008,"BEATON CREEK NEAR BEATON",BC,Active,50.73446,-117.72935,1952,2024,"96.7",,N,Flow and Level,Continuous,N,N,Y,ASSUMED DATUM,VANCOUVER,"",N
08NE009,"INONOAKLIN CREEK NEAR EDGEWOOD",BC,Discontinued,49.79000,-118.14556,1917,1920,"401",,N,Flow,Continuous,N,N,N,ASSUMED DATUM,VANCOUVER,"",N
08NE010,"PEND OREILLE RIVER AT INTERNATIONAL BOUNDARY",BC,Discontinued,48.99889,-117.35250,1908,1991,"65300",,R,Flow and Level,Continuous,N,N,N,ASSUMED DATUM,VANCOUVER,"",N
08NE011,"WENSLEY CREEK NEAR BROUSE",BC,Discontinued,50.21750,-117.72194,1919,1921,"18.1",,N,Flow,Seasonal,N,N,N,ASSUMED DATUM,VANCOUVER,"",N
08NE012,"INCOMAPPLEUX RIVER NEAR CAMBORNE",BC,Discontinued,50.80500,-117.64278,1916,1920,"930",,N,Flow,Continuous,N,N,N,ASSUMED DATUM,VANCOUVER,"",N
08NE013,"IRRIGATION CREEK NEAR EAST ROBSON",BC,Discontinued,49.34139,-117.73306,1921,1921,"0.670",,N,Flow,Miscellaneous,N,N,N,,VANCOUVER,"",N
08NE016,"FRUITVALE CREEK NEAR FRUITVALE",BC,Discontinued,49.12500,-117.56583,1922,1924,"5.70",,R,Flow,Seasonal,N,N,N,,VANCOUVER,"",N
08NE017,"SHEEP CREEK NEAR SALMO",BC,Discontinued,49.14250,-117.25306,1922,1936,"134",,N,Flow,Miscellaneous,N,N,N,,VANCOUVER,"",N
08NE019,"HADDEN CREEK NEAR ARROW PARK",BC,Discontinued,50.09583,-117.94722,1924,1924,"2.15",,N,Flow,Seasonal,N,N,N,ASSUMED DATUM,VANCOUVER,"",N
08NE020,"SWEETING CREEK NEAR ARROW PARK",BC,Discontinued,50.10472,-117.94611,1924,1926,"",,N,Flow,Seasonal,N,N,N,ASSUMED DATUM,VANCOUVER,"",N
08NE021,"BROUSE CREEK ABOVE DIVERSIONS",BC,Discontinued,50.25000,-117.72778,1975,1986,"1.01",,N,Flow,Continuous,N,N,N,ASSUMED DATUM,VANCOUVER,"",N
08NE022,"BROUSE CREEK NEAR NAKUSP (LOWER STATION)",BC,Discontinued,50.23417,-117.75361,1924,1925,"6.22",,N,Flow,Seasonal,N,N,N,ASSUMED DATUM,VANCOUVER,"",N
08NE023,"MAUCHLINE CREEK NEAR ARROW PARK",BC,Discontinued,50.08167,-117.97139,1923,1926,"0.340",,N,Flow,Seasonal,N,N,N,,VANCOUVER,"",N
08NE024,"MCQUARRIE CREEK NEAR TRAIL",BC,Discontinued,49.10417,-117.69806,1923,1926,"1.76",,N,Flow,Seasonal,N,N,N,,VANCOUVER,"",N
08NE025,"BATH CREEK NEAR FRUITVALE",BC,Discontinued,49.09444,-117.57917,1924,1964,"3.63",,N,Flow,Seasonal,N,N,N,ASSUMED DATUM,VANCOUVER,"",N
08NE026,"BROUSE CREEK (WEST FORK) NEAR NAKUSP",BC,Discontinued,50.23806,-117.75611,1925,1929,"4.66",,N,Flow,Seasonal,N,N,N,,VANCOUVER,"",N
08NE027,"FERGUSON CREEK NEAR EDGEWOOD",BC,Discontinued,49.85000,-118.16944,1925,1959,"1.92",,N,Flow,Seasonal,N,N,N,,VANCOUVER,"",N
08NE028,"RENATA CREEK NEAR RENATA",BC,Discontinued,49.42083,-118.10917,1912,1931,"195",,N,Flow,Miscellaneous,N,N,N,,VANCOUVER,"",N
08NE030,"MCLEAN CREEK NEAR EDGEWOOD",BC,Discontinued,49.82333,-118.16222,1927,1929,"6.99",,R,Flow,Seasonal,N,N,N,,VANCOUVER,"",N
08NE031,"BLOOMER CREEK NEAR CASTLEGAR",BC,Discontinued,49.31917,-117.67194,1927,1929,"",,N,Flow,Seasonal,N,N,N,,VANCOUVER,"",N
08NE032,"MERRY CREEK NEAR CASTLEGAR",BC,Discontinued,49.29639,-117.67583,1928,1929,"",,N,Flow,Seasonal,N,N,N,,VANCOUVER,"",N
08NE033,"TOPPING (STONY) CREEK NEAR TRAIL",BC,Discontinued,49.11194,-117.75000,1928,1929,"20.7",,N,Flow,Seasonal,N,N,N,,VANCOUVER,"",N
08NE034,"REINECKER CREEK NEAR BURTON",BC,Discontinued,50.02639,-117.90139,1928,1929,"3.63",,N,Flow,Seasonal,N,N,N,,VANCOUVER,"",N
08NE035,"STRAUSS CREEK NEAR NAKUSP",BC,Discontinued,50.23750,-117.75722,1928,1929,"",,N,Flow,Seasonal,N,N,N,,VANCOUVER,"",N
08NE036,"YMIR CREEK NEAR YMIR",BC,Discontinued,49.29528,-117.20611,1928,1931,"80.0",,N,Flow,Seasonal,N,N,N,,VANCOUVER,"",N
08NE037,"ACTIVE CREEK NEAR YMIR",BC,Discontinued,49.25694,-117.14333,1928,1930,"11.4",,N,Flow,Seasonal,N,N,N,ASSUMED DATUM,VANCOUVER,"",N
08NE038,"UPPER ARROW LAKE AT ARROWHEAD",BC,Discontinued,50.69250,-117.89667,1935,1968,"",,N,Level,Continuous,N,N,N,ASSUMED DATUM,VANCOUVER,"",N
08NE039,"BIG SHEEP CREEK NEAR ROSSLAND",BC,Active,49.01465,-117.94530,1949,2024,"347",,N,Flow and Level,Continuous,N,N,Y,ASSUMED DATUM,VANCOUVER,"",N
08NE042,"BEAVER CREEK AT FRUITVALE",BC,Discontinued,49.11528,-117.54028,1929,1972,"196",,N,Flow,Miscellaneous,N,N,N,,VANCOUVER,"",N
08NE043,"BLUEBERRY CREEK AT BLUEBERRY CREEK",BC,Discontinued,49.24139,-117.66444,1930,1930,"147",,R,Flow,Seasonal,N,N,N,,VANCOUVER,"",N
08NE044,"SALMO RIVER NEAR WANETA",BC,Discontinued,49.03028,-117.37389,1936,1950,"1300",,N,Flow and Level,Continuous,N,N,N,ASSUMED DATUM,VANCOUVER,"",N
08NE045,"UPPER ARROW LAKE AT NAKUSP",BC,Discontinued,50.23667,-117.80194,1922,1969,"",,N,Level,Continuous,N,N,N,ASSUMED DATUM,VANCOUVER,"",N
08NE046,"LOWER ARROW LAKE AT NEEDLES",BC,Discontinued,49.87417,-118.09306,1930,1968,"",,N,Level,Continuous,N,N,N,ASSUMED DATUM,VANCOUVER,"",N
08NE047,"GILLIAM CREEK NEAR ERIE",BC,Discontinued,49.18056,-117.33417,1937,1939,"4.14",,N,Flow,Seasonal,N,N,N,,VANCOUVER,"",N
08NE048,"HALFWAY CREEK NEAR SALMO",BC,Discontinued,49.17222,-117.25500,1937,1939,"7.25",,N,Flow,Seasonal,N,N,N,,VANCOUVER,"",N
08NE049,"COLUMBIA RIVER AT BIRCHBANK",BC,Active,49.17784,-117.71765,1937,2024,"87400",,R,Flow and Level,Continuous,Y,N,Y,ASSUMED DATUM,VANCOUVER,"",N
08NE050,"PIN CREEK NEAR FAUQUIER",BC,Discontinued,49.88750,-118.05556,1938,1942,"0.850",,N,Flow,Seasonal,N,N,N,,VANCOUVER,"",N
08NE051,"HEART CREEK NEAR FAUQUIER",BC,Discontinued,49.85222,-118.05444,1938,1939,"23.8",,N,Flow,Seasonal,N,N,N,,VANCOUVER,"",N
08NE052,"FAUQUIER CREEK NEAR FAUQUIER",BC,Discontinued,49.87278,-118.06194,1938,1944,"9.84",,N,Flow,Seasonal,N,N,N,,VANCOUVER,"",N
08NE053,"NUGGET CREEK NEAR SHEEP CREEK",BC,Discontinued,49.15111,-117.14500,1938,1939,"9.32",,R,Flow,Seasonal,N,N,N,,VANCOUVER,"",N
08NE054,"BILLINGS CREEK NEAR SHEEP CREEK",BC,Discontinued,49.14444,-117.14722,1938,1939,"2.85",,N,Flow,Seasonal,N,N,N,ASSUMED DATUM,VANCOUVER,"",N
08NE055,"CASINO CREEK NEAR TRAIL",BC,Discontinued,49.05139,-117.66111,1939,1957,"0.910",,N,Flow,Seasonal,N,N,N,,VANCOUVER,"",N
08NE056,"KELLY CREEK NEAR FRUITVALE (UPPER STATION)",BC,Discontinued,49.11278,-117.49083,1940,1940,"19.2",,N,Flow,Seasonal,N,N,N,ASSUMED DATUM,VANCOUVER,"",N
08NE057,"KELLY CREEK NEAR FRUITVALE (LOWER STATION)",BC,Discontinued,49.10500,-117.55278,1940,1942,"61.4",,R,Flow,Seasonal,N,N,N,ASSUMED DATUM,VANCOUVER,"",N
08NE058,"COLUMBIA RIVER AT INTERNATIONAL BOUNDARY",BC,Active,49.00083,-117.62833,1938,2024,"156000",,R,Flow,Continuous,N,N,Y,ASSUMED DATUM,VANCOUVER,"WATER SURVEY OF CANADA (DOE) (CANADA)",N
08NE060,"BANGOR BROOK NEAR ROSSLAND",BC,Discontinued,49.07306,-117.77556,1944,1944,"",,N,Flow,Seasonal,N,N,N,,VANCOUVER,"",N
08NE061,"ANDREAS SPRING NEAR TRAIL",BC,Discontinued,49.13917,-117.74361,1944,1947,"",,N,Flow,Seasonal,N,N,N,,VANCOUVER,"",N
08NE062,"BALFOUR CREEK NEAR ROBSON",BC,Discontinued,49.34722,-117.73167,1930,1965,"10.6",,N,Flow,Seasonal,N,N,N,ASSUMED DATUM,VANCOUVER,"",N
08NE063,"WHATSHAN RIVER AT NEEDLES",BC,Discontinued,49.87083,-118.10361,1950,1951,"609",,R,Flow,Seasonal,N,N,N,ASSUMED DATUM,VANCOUVER,"",N
08NE064,"BARCLAY CREEK NEAR FRUITVALE",BC,Discontinued,49.08944,-117.55639,1945,1948,"2.49",,N,Flow,Seasonal,N,N,N,,VANCOUVER,"",N
08NE065,"CREGGAN CREEK NEAR NELWAY",BC,Discontinued,49.01111,-117.27444,1945,1948,"2.12",,R,Flow,Seasonal,N,N,N,,VANCOUVER,"",N
08NE066,"ELDORADO CREEK NEAR NELWAY",BC,Discontinued,49.01611,-117.27722,1945,1950,"7.77",,N,Flow,Seasonal,N,N,N,,VANCOUVER,"",N
08NE067,"WALKER CREEK NEAR ROBSON",BC,Discontinued,49.34722,-117.74833,1946,1950,"0.670",,N,Flow,Seasonal,N,N,N,,VANCOUVER,"",N
08NE068,"UPPER ARROW LAKE AT BEATON",BC,Discontinued,50.74000,-117.73250,1946,1946,"",,N,Level,Seasonal,N,N,N,ASSUMED DATUM,VANCOUVER,"",N
08NE069,"ALLISON BROOK NEAR BRILLIANT",BC,Discontinued,49.41167,-117.68472,1946,1950,"",,N,Flow,Seasonal,N,N,N,,VANCOUVER,"",N
08NE070,"LANG CREEK NEAR BRILLIANT",BC,Discontinued,49.41222,-117.68778,1946,1950,"1.14",,N,Flow,Seasonal,N,N,N,,VANCOUVER,"",N
08NE071,"KELLY CREEK NEAR FRUITVALE",BC,Discontinued,49.10500,-117.51917,1946,1951,"31.3",,R,Flow,Seasonal,N,N,N,,VANCOUVER,"",N
08NE072,"NORNS CREEK NEAR CASTLEGAR",BC,Discontinued,49.34778,-117.66806,1947,1954,"194",,N,Flow,Seasonal,N,N,N,,VANCOUVER,"",N
08NE073,"BLUEBERRY CREEK NEAR BLUEBERRY CREEK",BC,Discontinued,49.25556,-117.68056,1956,1969,"145",,N,Flow,Continuous,N,N,N,ASSUMED DATUM,VANCOUVER,"",N
08NE074,"SALMO RIVER NEAR SALMO",BC,Active,49.04714,-117.29429,1949,2024,"1240",,N,Flow and Level,Continuous,N,N,Y,ASSUMED DATUM,VANCOUVER,"",N
08NE075,"SULLIVAN CREEK NEAR TRAIL",BC,Discontinued,49.19222,-117.73000,1945,1946,"11.7",,N,Flow,Miscellaneous,N,N,N,ASSUMED DATUM,VANCOUVER,"",N
08NE076,"MERRY CREEK NEAR KINNAIRD",BC,Discontinued,49.29444,-117.66028,1951,1956,"3.63",,N,Flow,Seasonal,N,N,N,,VANCOUVER,"",N
08NE077,"BARNES CREEK NEAR NEEDLES",BC,Discontinued,49.90518,-118.12547,1951,2021,"204",,N,Flow and Level,Continuous,N,Y,N,ASSUMED DATUM,VANCOUVER,"",N
08NE078,"WHATSHAN RIVER NEAR NEEDLES",BC,Discontinued,49.91222,-118.12333,1915,1965,"396",,R,Flow,Miscellaneous,N,N,N,ASSUMED DATUM,VANCOUVER,"",N
08NE080,"HANNA CREEK NEAR TRAIL",BC,Discontinued,49.13583,-117.79139,1953,1953,"25.0",,N,Flow,Seasonal,N,N,N,,VANCOUVER,"",N
08NE082,"CAYUSE CREEK NEAR DEER PARK",BC,Discontinued,49.40694,-117.98889,1955,1958,"51.3",,N,Flow,Seasonal,N,N,N,,VANCOUVER,"",N
08NE083,"LITTLE CAYUSE CREEK NEAR DEER PARK",BC,Discontinued,49.41111,-118.00000,1955,1958,"24.6",,N,Flow,Seasonal,N,N,N,,VANCOUVER,"",N
08NE085,"SYRINGA CREEK NEAR SYRINGA CREEK",BC,Discontinued,49.34444,-117.87083,1958,1960,"21.5",,N,Flow,Seasonal,N,N,N,,VANCOUVER,"",N
08NE086,"GIBSON CREEK NEAR BRILLIANT",BC,Discontinued,49.36528,-117.65833,1958,1959,"2.02",,N,Flow,Seasonal,N,N,N,,VANCOUVER,"",N
08NE087,"DEER CREEK AT DEER PARK",BC,Active,49.44847,-118.04200,1958,2024,"81.6",,N,Flow and Level,Continuous,N,N,Y,ASSUMED DATUM,VANCOUVER,"",N
08NE088,"CHINA CREEK NEAR CHINA CREEK",BC,Discontinued,49.22778,-117.69167,1951,1980,"28.5",,N,Flow,Seasonal,N,N,N,ASSUMED DATUM,VANCOUVER,"",N
08NE089,"PETERSON BROOK NEAR BLUEBERRY CREEK",BC,Discontinued,49.23750,-117.67278,1960,1968,"",,N,Flow,Seasonal,N,N,N,,VANCOUVER,"",N
08NE090,"BEAR CREEK NEAR TRAIL",BC,Discontinued,49.09889,-117.63556,1956,1960,"40.7",,N,Flow,Seasonal,N,N,N,,VANCOUVER,"",N
08NE091,"IRON CREEK NEAR BRILLIANT",BC,Discontinued,49.28472,-117.60556,1961,1966,"7.77",,N,Flow,Seasonal,N,N,N,,VANCOUVER,"",N
08NE092,"OOTISCHENIA CREEK NEAR BRILLIANT",BC,Discontinued,49.29306,-117.60556,1961,1966,"0.520",,N,Flow,Seasonal,N,N,N,,VANCOUVER,"",N
08NE094,"CAI CREEK NEAR BRILLIANT",BC,Discontinued,49.26722,-117.62417,1964,1967,"2.85",,N,Flow,Seasonal,N,N,N,,VANCOUVER,"",N
08NE095,"CHAMPION CREEK NEAR CHINA CREEK",BC,Discontinued,49.21917,-117.64889,1964,1967,"67.9",,R,Flow,Seasonal,N,N,N,,VANCOUVER,"",N
08NE096,"BEAR CREEK ABOVE FALLS NEAR TRAIL",BC,Discontinued,49.10167,-117.63111,1964,1967,"40.1",,N,Flow,Seasonal,N,N,N,,VANCOUVER,"",N
08NE097,"PARKS CREEK AT PARKS",BC,Discontinued,49.16806,-117.48889,1965,1974,"5.44",,N,Flow,Seasonal,N,N,N,ASSUMED DATUM,VANCOUVER,"",N
08NE098,"COLUMBIA RIVER AT CASTLEGAR (AUXILIARY GAUGE NO. 1)",BC,Discontinued,49.31917,-117.65194,1961,1974,"",,R,Level,Continuous,N,N,N,ASSUMED DATUM,VANCOUVER,"",N
08NE099,"MICHAEL CREEK NEAR CASTLEGAR",BC,Discontinued,49.38583,-117.69028,1967,1974,"1.37",,N,Flow,Seasonal,N,N,N,ASSUMED DATUM,VANCOUVER,"",N
08NE100,"BARRIE CREEK NEAR CASTLEGAR",BC,Discontinued,49.38472,-117.69056,1967,1974,"0.930",,N,Flow,Seasonal,N,N,N,ASSUMED DATUM,VANCOUVER,"",N
08NE101,"HALFWAY CREEK (WEST FORK OF WENSLEY CREEK) NEAR NAKUSP",BC,Discontinued,50.25278,-117.70333,1968,1975,"2.07",,N,Flow,Seasonal,N,N,N,ASSUMED DATUM,VANCOUVER,"",N
08NE102,"ARROW RESERVOIR AT FAUQUIER",BC,Active,49.87205,-118.08169,1969,2024,"",,R,Level,Continuous,N,N,Y,GEODETIC SURVEY OF CANADA DATUM,VANCOUVER,"",N
08NE103,"ARROW RESERVOIR AT HUGH KEENLEYSIDE DAM",BC,Discontinued,49.33833,-117.77056,1968,1992,"",,R,Level,Continuous,N,N,N,GEODETIC SURVEY OF CANADA DATUM,VANCOUVER,"BRITISH COLUMBIA HYDRO AND POWER AUTHORITY",Y
08NE104,"ARROW RESERVOIR AT NAKUSP",BC,Active,50.23744,-117.79785,1969,2024,"",,R,Level,Continuous,N,N,Y,GEODETIC SURVEY OF CANADA DATUM (LOCAL 1970 ADJ.),VANCOUVER,"",N
08NE105,"COLUMBIA RIVER AT HUGH KEENLEYSIDE DAM TAILRACE",BC,Discontinued,49.33889,-117.76417,1968,1992,"",,R,Level,Continuous,N,N,N,GEODETIC SURVEY OF CANADA DATUM,VANCOUVER,"BRITISH COLUMBIA HYDRO AND POWER AUTHORITY",Y
08NE106,"BEAVER CREEK AT THE MOUTH",BC,Discontinued,49.06944,-117.60083,1969,1978,"267",,R,Flow,Continuous,N,N,N,ASSUMED DATUM,VANCOUVER,"",N
08NE107,"ARROW RESERVOIR AT SHELTER BAY",BC,Discontinued,50.62778,-117.94444,1969,1974,"",,R,Level,Seasonal,N,N,N,ASSUMED DATUM,VANCOUVER,"",N
08NE108,"EDGREN CREEK AT THE MOUTH",BC,Discontinued,49.01722,-117.72222,1970,1974,"3.89",,N,Flow,Seasonal,N,N,N,ASSUMED DATUM,VANCOUVER,"",N
08NE109,"STUSSI CREEK AT THE MOUTH",BC,Discontinued,49.02333,-117.71861,1971,1974,"1.30",,N,Flow,Miscellaneous,N,N,N,ASSUMED DATUM,VANCOUVER,"",N
08NE110,"INONOAKLIN CREEK ABOVE VALLEY CREEK",BC,Active,49.89695,-118.18984,1971,2024,"298",,N,Flow and Level,Continuous,N,N,Y,ASSUMED DATUM,VANCOUVER,"",N
08NE111,"LITTLE SHEEP CREEK NEAR ROSSLAND",BC,Discontinued,49.09833,-117.82778,1971,1974,"1.27",,N,Flow,Seasonal,N,N,N,ASSUMED DATUM,VANCOUVER,"",N
08NE112,"RECORD CREEK NEAR ROSSLAND",BC,Discontinued,49.06111,-117.86778,1971,1974,"5.44",,N,Flow,Seasonal,N,N,N,ASSUMED DATUM,VANCOUVER,"",N
08NE113,"KELLY CREEK AT 850 M CONTOUR",BC,Discontinued,49.10944,-117.50222,1971,1982,"23.1",,N,Flow,Continuous,N,N,N,ASSUMED DATUM,VANCOUVER,"",N
08NE114,"HIDDEN CREEK NEAR THE MOUTH",BC,Active,49.23454,-117.23917,1973,2024,"56.7",,N,Flow and Level,Continuous,N,Y,Y,ASSUMED DATUM,VANCOUVER,"",N
08NE115,"APEX CREEK NEAR THE MOUTH",BC,Discontinued,49.40694,-117.20278,1973,1975,"21.8",,N,Flow,Seasonal,N,N,N,ASSUMED DATUM,VANCOUVER,"",N
08NE116,"CLEARWATER CREEK BELOW QUA CREEK",BC,Discontinued,49.39028,-117.18889,1973,1975,"49.7",,N,Flow,Seasonal,N,N,N,ASSUMED DATUM,VANCOUVER,"",N
08NE117,"KUSKANAX CREEK AT 1040 M CONTOUR",BC,Discontinued,50.34333,-117.51806,1973,1998,"113",,N,Flow,Continuous,N,N,N,ASSUMED DATUM,VANCOUVER,"",N
08NE118,"TRAIL CREEK AT FRENCH STREET,TRAIL",BC,Discontinued,49.09639,-117.73472,1975,1989,"51.0",,R,Flow,Seasonal,N,N,N,ASSUMED DATUM,VANCOUVER,"",N
08NE119,"PEND D'OREILLE RIVER BELOW INTERNATIONAL BOUNDARY",BC,Discontinued,49.01472,-117.36778,1975,1991,"",,R,Level,Continuous,N,N,N,ASSUMED DATUM,VANCOUVER,"",N
08NE120,"HILL CREEK AT MILL ROAD BRIDGE",BC,Discontinued,50.67556,-117.82444,1977,1980,"28.2",,N,Flow,Continuous,N,N,N,ASSUMED DATUM,VANCOUVER,"",N
08NE121,"HILL CREEK NEAR 820 M CONTOUR",BC,Discontinued,50.68528,-117.77306,1977,1981,"17.1",,N,Flow,Continuous,N,N,N,ASSUMED DATUM,VANCOUVER,"",N
08NE122,"MACKENZIE CREEK NEAR 520 M CONTOUR",BC,Discontinued,50.65306,-117.82778,1977,1981,"20.7",,N,Flow,Continuous,N,N,N,ASSUMED DATUM,VANCOUVER,"",N
08NE123,"CRANBERRY CREEK ABOVE B.C. HYDRO INTAKE",BC,Active,50.79389,-118.08073,1980,2024,"99.6",,R,Flow and Level,Continuous,N,N,Y,ASSUMED DATUM,VANCOUVER,"",N
08NE124,"HILL CREEK ABOVE SPAWNING CHANNEL",BC,Discontinued,50.67806,-117.81111,1982,1984,"15.1",,N,Flow,Continuous,N,N,N,ASSUMED DATUM,VANCOUVER,"",N
08NE125,"MACKENZIE CREEK ABOVE FISH AND WILDLIFE DIVERSION",BC,Discontinued,50.65556,-117.81639,1982,1984,"",,N,Flow,Continuous,N,N,N,ASSUMED DATUM,VANCOUVER,"",N
08NE126,"ARROW RESERVOIR OUTFLOW",BC,Active,49.33889,-117.76417,1973,2024,"",,R,Flow,Continuous,N,N,N,ASSUMED DATUM,VANCOUVER,"BRITISH COLUMBIA HYDRO AND POWER AUTHORITY",Y
08NE127,"INONOAKLIN CREEK NEAR THE MOUTH",BC,Discontinued,49.78111,-118.13778,1987,1992,"377",,N,Flow,Seasonal,N,N,N,ASSUMED DATUM,VANCOUVER,"B.C. MINISTRY OF ENVIRONMENT",Y
08NE128,"COURSIER LAKE AT THE DAM",BC,Discontinued,50.70639,-118.11028,1995,2004,"",,R,Level,Continuous,N,N,N,GEODETIC SURVEY OF CANADA DATUM,VANCOUVER,"",N
08NE129,"TRIDENT CREEK AT NANCY GREENE JUNCTION",BC,Discontinued,49.26361,-117.93278,1998,1998,"",,N,Flow,Seasonal,N,N,N,ASSUMED DATUM,VANCOUVER,"",N
08NE130,"WHATSHAN RIVER BELOW BARNES CREEK",BC,Active,49.89956,-118.12539,2021,2024,"",,,Flow and Level,Continuous,N,N,Y,,VANCOUVER,"",N
08NF001,"KOOTENAY RIVER AT KOOTENAY CROSSING",BC,Active,50.88703,-116.04610,1944,2024,"416",,N,Flow and Level,Continuous,N,Y,Y,ASSUMED DATUM,VANCOUVER,"",N
08NF002,"KOOTENAY RIVER AT CANAL FLATS",BC,Discontinued,50.14778,-115.79917,1945,1995,"5390",,N,Flow,Continuous,Y,N,N,ASSUMED DATUM,VANCOUVER,"",N
08NF003,"WHITE RIVER NEAR CANAL FLATS",BC,Discontinued,50.15833,-115.41667,1943,1948,"987",,N,Flow,Seasonal,N,N,N,ASSUMED DATUM,VANCOUVER,"",N
08NF004,"VERMILION RIVER NEAR RADIUM HOT SPRINGS",BC,Discontinued,50.91667,-116.00139,1946,1956,"951",,N,Flow,Continuous,N,N,N,ASSUMED DATUM,VANCOUVER,"",N
08NF005,"ALBERT RIVER AT 1310 M CONTOUR",BC,Discontinued,50.65972,-115.53000,1972,1999,"69.7",,N,Flow,Continuous,N,N,N,ASSUMED DATUM,VANCOUVER,"",N
08NF006,"PALLISER RIVER IN LOT SL49",BC,Discontinued,50.52528,-115.61917,1973,1995,"653",,N,Flow,Continuous,N,N,N,ASSUMED DATUM,VANCOUVER,"",N
08NG001,"FINDLAY CREEK NEAR CANAL FLATS",BC,Discontinued,50.13194,-115.96528,1947,1955,"793",,N,Flow,Continuous,N,N,N,ASSUMED DATUM,VANCOUVER,"",N
08NG002,"BULL RIVER NEAR WARDNER",BC,Active,49.49362,-115.36584,1919,2024,"1520",,R,Flow and Level,Continuous,N,N,Y,ASSUMED DATUM,VANCOUVER,"",N
08NG003,"MATHER CREEK NEAR THE MOUTH",BC,Discontinued,49.69028,-115.73722,1912,1928,"264",,R,Flow,Miscellaneous,N,N,N,,VANCOUVER,"",N
08NG004,"GOLD CREEK NEAR NEWGATE",BC,Discontinued,49.07472,-115.24306,1949,1955,"914",,N,Flow,Continuous,N,N,N,,VANCOUVER,"",N
08NG005,"KOOTENAY RIVER AT WARDNER",BC,Discontinued,49.42028,-115.41944,1914,1972,"13600",,N,Flow,Continuous,N,N,N,ASSUMED DATUM,VANCOUVER,"",N
08NG006,"LINKLATER CREEK NEAR NEWGATE",BC,Discontinued,49.03917,-115.23444,1914,1966,"94.0",,R,Flow,Seasonal,N,N,N,,VANCOUVER,"",N
08NG007,"MARK CREEK NEAR MARYSVILLE",BC,Discontinued,49.63750,-115.96056,1913,1922,"233",,N,Flow,Miscellaneous,N,N,N,,VANCOUVER,"",N
08NG008,"PHILLIPPS CREEK AT ROOSVILLE",BC,Discontinued,49.02500,-115.01472,1912,1938,"59.6",,R,Flow,Miscellaneous,N,N,N,,VANCOUVER,"",N
08NG009,"CAITHNESS (ROCK) CREEK NEAR GALLOWAY",BC,Discontinued,49.32250,-115.17694,1952,1956,"39.4",,N,Flow,Continuous,N,N,N,,VANCOUVER,"",N
08NG010,"SAND CREEK NEAR GALLOWAY",BC,Discontinued,49.36889,-115.24528,1953,1955,"135",,N,Flow,Continuous,N,N,N,ASSUMED DATUM,VANCOUVER,"",N
08NG011,"LITTLE SAND CREEK NEAR JAFFRAY",BC,Discontinued,49.37778,-115.29083,1953,1956,"116",,N,Flow,Continuous,N,N,N,,VANCOUVER,"",N
08NG012,"ST. MARY RIVER AT WYCLIFFE",BC,Discontinued,49.60028,-115.86278,1946,1995,"2360",,N,Flow,Continuous,N,N,N,ASSUMED DATUM,VANCOUVER,"",N
08NG013,"MUD CREEK NEAR ELKO",BC,Discontinued,49.32556,-115.17556,1914,1914,"",,N,Flow,Seasonal,N,N,N,,VANCOUVER,"",N
08NG014,"JOSEPH CREEK NEAR CRANBROOK",BC,Discontinued,49.48611,-115.71111,1920,1927,"",,R,Flow,Seasonal,N,N,N,ASSUMED DATUM,VANCOUVER,"",N
08NG015,"JOSEPH CREEK AT CRANBROOK",BC,Discontinued,49.51111,-115.75972,1920,1927,"",,R,Flow,Seasonal,N,N,N,ASSUMED DATUM,VANCOUVER,"",N
08NG016,"LUSSIER CREEK NEAR WASA",BC,Discontinued,49.96028,-115.66944,1914,1923,"777",,N,Flow,Miscellaneous,N,N,N,,VANCOUVER,"",N
08NG017,"GOLD CREEK NEAR CRANBROOK",BC,Discontinued,49.39944,-115.62028,1920,1977,"95.3",,R,Flow,Miscellaneous,N,N,N,ASSUMED DATUM,VANCOUVER,"",N
08NG021,"TAMARACK CREEK NEAR SKOOKUMCHUCK",BC,Discontinued,49.93083,-115.79667,1930,1931,"",,N,Flow,Seasonal,N,N,N,,VANCOUVER,"",N
08NG022,"FINDLAY CREEK AT THE MOUTH",BC,Discontinued,50.09583,-115.79028,1925,1927,"886",,N,Flow,Seasonal,N,N,N,ASSUMED DATUM,VANCOUVER,"",N
08NG023,"PERRY CREEK NEAR WYCLIFFE",BC,Discontinued,49.55333,-115.96500,1924,1966,"156",,N,Flow,Seasonal,N,N,N,ASSUMED DATUM,VANCOUVER,"",N
08NG024,"JIM SMITH CREEK NEAR CRANBROOK",BC,Discontinued,49.48833,-115.82500,1924,1967,"",,N,Flow,Seasonal,N,N,N,,VANCOUVER,"",N
08NG026,"TA TA CREEK AT TA TA CREEK",BC,Discontinued,49.77917,-115.79028,1926,1966,"",,N,Flow,Seasonal,N,N,N,,VANCOUVER,"",N
08NG027,"LAKIT CREEK AT THE UPPER FORKS",BC,Discontinued,49.67833,-115.63861,1927,1929,"",,R,Flow,Seasonal,N,N,N,,VANCOUVER,"",N
08NG028,"EIMER CREEK NEAR KIMBERLEY",BC,Discontinued,49.66944,-115.98056,1927,1943,"",,N,Flow,Seasonal,N,N,N,,VANCOUVER,"",N
08NG029,"FLAG CREEK NEAR FLAGSTONE",BC,Discontinued,49.12500,-115.09000,1927,1943,"",,R,Flow,Seasonal,N,N,N,,VANCOUVER,"",N
08NG030,"MAUSE CREEK NEAR FORT STEELE",BC,Discontinued,49.63500,-115.54833,1927,1929,"",,N,Flow,Seasonal,N,N,N,,VANCOUVER,"",N
08NG031,"CASSIMAYOOK CREEK NEAR BAKER",BC,Discontinued,49.50750,-115.60222,1928,1931,"23.1",,N,Flow,Seasonal,N,N,N,,VANCOUVER,"",N
08NG032,"WOLF CREEK NEAR TA TA CREEK",BC,Discontinued,49.83806,-115.67222,1928,1954,"29.5",,N,Flow,Seasonal,N,N,N,ASSUMED DATUM,VANCOUVER,"",N
08NG033,"MARK CREEK NEAR KIMBERLEY",BC,Discontinued,49.69444,-116.01611,1912,1950,"",,N,Flow,Miscellaneous,N,N,N,,VANCOUVER,"",N
08NG034,"HAHA CREEK NEAR WARDNER",BC,Discontinued,49.45028,-115.54694,1928,1959,"30.8",,N,Flow,Seasonal,N,N,N,,VANCOUVER,"",N
08NG035,"RED CANYON CREEK NEAR FLAGSTONE",BC,Discontinued,49.14778,-115.09083,1928,1943,"",,N,Flow,Seasonal,N,N,N,ASSUMED DATUM,VANCOUVER,"",N
08NG036,"MATHER CREEK ABOVE WAIT CREEK",BC,Discontinued,49.67556,-115.78944,1929,1929,"",,R,Flow,Seasonal,N,N,N,,VANCOUVER,"",N
08NG037,"ARNOLD CREEK NEAR BAKER",BC,Discontinued,49.48139,-115.59722,1929,1931,"",,N,Flow,Seasonal,N,N,N,,VANCOUVER,"",N
08NG038,"ANGUS CREEK NEAR CRANBROOK",BC,Discontinued,49.48583,-115.84806,1929,1929,"6.22",,N,Flow,Seasonal,N,N,N,,VANCOUVER,"",N
08NG039,"KOOTENAI RIVER NEAR REXFORD",BC,Discontinued,48.86667,-115.23333,1929,1940,"21800",,N,Flow,Continuous,N,N,N,,VANCOUVER,"",N
08NG040,"MATHER CREEK BELOW LOST DOG CANYON",BC,Discontinued,49.70139,-115.85000,1930,1944,"215",,N,Flow,Seasonal,N,N,N,,VANCOUVER,"",N
08NG042,"KOOTENAY RIVER AT NEWGATE",BC,Discontinued,49.01444,-115.17417,1930,1972,"20000",,N,Flow,Continuous,N,N,N,ASSUMED DATUM,VANCOUVER,"",N
08NG043,"GOLD CREEK DIVERSION NEAR CRANBROOK",BC,Discontinued,49.43972,-115.66306,1931,1968,"",,R,Flow,Seasonal,N,N,N,,VANCOUVER,"",N
08NG044,"LUSSIER RIVER NEAR CANAL FLATS",BC,Discontinued,50.12667,-115.56500,1922,1949,"246",,N,Flow,Miscellaneous,N,N,N,ASSUMED DATUM,VANCOUVER,"",N
08NG045,"ARCHIBALD BROOK NEAR KIMBERLEY",BC,Discontinued,49.67778,-115.98194,1944,1945,"",,N,Flow,Seasonal,N,N,N,,VANCOUVER,"",N
08NG046,"ST. MARY RIVER NEAR MARYSVILLE",BC,Discontinued,49.60806,-116.16861,1945,1995,"1480",,N,Flow,Continuous,N,N,N,ASSUMED DATUM,VANCOUVER,"",N
08NG047,"PHILLIPPS CREEK NEAR ROOSVILLE (LOWER STATION)",BC,Discontinued,49.00333,-115.05889,1929,1965,"120",,N,Flow,Miscellaneous,N,N,N,ASSUMED DATUM,VANCOUVER,"",N
08NG048,"PHILLIPPS CREEK NEAR ROOSVILLE (UPPER STATION)",BC,Discontinued,49.02500,-115.02778,1947,1965,"52.8",,N,Flow,Seasonal,N,N,N,ASSUMED DATUM,VANCOUVER,"",N
08NG049,"LEWIS CREEK NEAR TA TA CREEK",BC,Discontinued,49.81222,-115.62667,1949,1954,"",,N,Flow,Seasonal,N,N,N,ASSUMED DATUM,VANCOUVER,"",N
08NG051,"SKOOKUMCHUCK CREEK NEAR SKOOKUMCHUCK",BC,Discontinued,49.91167,-115.76750,1949,1984,"637",,N,Flow,Continuous,N,N,N,,VANCOUVER,"",N
08NG052,"WILD HORSE RIVER NEAR FORT STEELE",BC,Discontinued,49.62000,-115.61889,1949,1954,"201",,N,Flow,Seasonal,N,N,N,ASSUMED DATUM,VANCOUVER,"",N
08NG053,"KOOTENAY RIVER NEAR SKOOKUMCHUCK",BC,Discontinued,49.91056,-115.73556,1950,1998,"7120",,N,Flow,Continuous,N,N,N,,VANCOUVER,"",N
08NG056,"HOULE CREEK NEAR KIMBERLEY",BC,Discontinued,49.73333,-115.93056,1956,1956,"",,N,Flow,Seasonal,N,N,N,,VANCOUVER,"",N
08NG057,"KIMBERLEY CREEK NEAR KIMBERLEY",BC,Discontinued,49.69667,-115.97417,1968,1973,"14.8",,N,Flow,Continuous,N,N,N,ASSUMED DATUM,VANCOUVER,"",N
08NG058,"NORBURY CREEK NEAR WARDNER",BC,Discontinued,49.48556,-115.45528,1959,1975,"55.9",,R,Flow,Continuous,N,N,N,ASSUMED DATUM,VANCOUVER,"",N
08NG059,"LAKIT CREEK NEAR FORT STEELE",BC,Discontinued,49.70500,-115.64833,1961,1965,"14.8",,N,Flow,Seasonal,N,N,N,,VANCOUVER,"",N
08NG060,"SAND CREEK NEAR GALLOWAY ABOVE DIVERSION",BC,Discontinued,49.37639,-115.22389,1963,1963,"",,N,Flow,Seasonal,N,N,N,,VANCOUVER,"",N
08NG061,"CHIPKA CREEK NEAR WARDNER",BC,Discontinued,49.37972,-115.45000,1964,1966,"16.8",,N,Flow,Continuous,N,N,N,,VANCOUVER,"",N
08NG062,"LITTLE BULL CREEK NEAR BULL RIVER",BC,Discontinued,49.50667,-115.44778,1968,1969,"16.8",,N,Flow,Continuous,N,N,N,,VANCOUVER,"",N
08NG063,"NORBURY CREEK AT OUTLET OF NORBURY LAKES",BC,Discontinued,49.53028,-115.47861,1968,1969,"",,N,Flow,Continuous,N,N,N,,VANCOUVER,"",N
08NG064,"SUPPLY CREEK NEAR BULL RIVER",BC,Discontinued,49.47917,-115.32944,1965,1966,"",,N,Flow,Seasonal,N,N,N,,VANCOUVER,"",N
08NG065,"KOOTENAY RIVER AT FORT STEELE",BC,Active,49.61203,-115.63534,1963,2024,"11500",,N,Flow and Level,Continuous,Y,N,Y,ASSUMED DATUM,VANCOUVER,"",N
08NG067,"WASA LAKE NEAR WASA",BC,Discontinued,49.78917,-115.74000,1966,1966,"",,N,Level,Continuous,N,N,N,ASSUMED DATUM,VANCOUVER,"",N
08NG068,"JOSEPH CREEK IN LOT SL-1A",BC,Discontinued,49.45111,-115.68778,1969,1977,"54.1",,N,Flow,Miscellaneous,N,N,N,ASSUMED DATUM,VANCOUVER,"",N
08NG069,"GOLD CREEK ABOVE DIVERSION",BC,Discontinued,49.37583,-115.63167,1969,1969,"84.7",,N,Flow,Miscellaneous,N,N,N,ASSUMED DATUM,VANCOUVER,"",N
08NG070,"JOSEPH CREEK IN LOT 5450",BC,Discontinued,49.46889,-115.70528,1970,1974,"58.5",,R,Flow,Continuous,N,N,N,,VANCOUVER,"",N
08NG071,"WAIT CREEK ABOVE BARTHOLOMEW LAKE",BC,Discontinued,49.69389,-115.78833,1969,1975,"19.4",,R,Flow,Seasonal,N,N,N,ASSUMED DATUM,VANCOUVER,"",N
08NG072,"WAIT CREEK IN LOT 7660",BC,Discontinued,49.69861,-115.79167,1969,1975,"14.8",,R,Flow,Seasonal,N,N,N,ASSUMED DATUM,VANCOUVER,"",N
08NG073,"MARK CREEK IN LOT 12434",BC,Discontinued,49.69417,-116.01028,1970,1978,"103",,R,Flow,Continuous,N,N,N,ASSUMED DATUM,VANCOUVER,"",N
08NG074,"JOSEPH CREEK ABOVE LAGOON OUTFALL",BC,Discontinued,49.54139,-115.74222,1971,1978,"",,R,Flow,Continuous,N,N,N,,VANCOUVER,"",N
08NG076,"MATHER CREEK BELOW HOULE CREEK",BC,Active,49.71366,-115.89673,1972,2024,"135",,N,Flow and Level,Continuous,N,N,Y,ASSUMED DATUM,VANCOUVER,"",N
08NG077,"ST. MARY RIVER BELOW MORRIS CREEK",BC,Active,49.73727,-116.43504,1973,2024,"208",,N,Flow and Level,Continuous,N,N,Y,ASSUMED DATUM,VANCOUVER,"",N
08NG078,"CAVEN CREEK BELOW BLOOM CREEK",BC,Discontinued,49.18833,-115.43639,1972,1995,"313",,N,Flow,Continuous,N,N,N,ASSUMED DATUM,VANCOUVER,"",N
08NG079,"LAKE KOOCANUSA AT INTERNATIONAL BOUNDARY",BC,Discontinued,48.99972,-115.17000,1974,1996,"",,R,Level,Seasonal,N,N,N,ASSUMED DATUM,VANCOUVER,"",N
08NG080,"GOLD CREEK DIVERSION CHANNEL NEAR THE MOUTH",BC,Discontinued,49.44861,-115.68250,1977,1977,"",,R,Flow,Miscellaneous,N,N,N,ASSUMED DATUM,VANCOUVER,"",N
08NG082,"MILLER CREEK AT HIGHWAY NO. 93",BC,Discontinued,49.05278,-115.06306,1977,1983,"",,R,Flow,Continuous,N,N,N,ASSUMED DATUM,VANCOUVER,"",N
08NG083,"MILLER CREEK NEAR 1160 M CONTOUR",BC,Discontinued,49.05667,-115.04444,1978,1983,"6.99",,N,Flow,Continuous,N,N,N,ASSUMED DATUM,VANCOUVER,"",N
08NG084,"LEWIS CREEK AT THE MOUTH",BC,Discontinued,49.76556,-115.72306,1977,1980,"76.7",,R,Flow,Seasonal,N,N,N,ASSUMED DATUM,VANCOUVER,"",N
08NG085,"MARK CREEK ABOVE DIVERSIONS",BC,Discontinued,49.69667,-116.03000,1989,1999,"102",,N,Flow,Continuous,N,N,N,ASSUMED DATUM,VANCOUVER,"",N
08NG086,"MATTHEW CREEK ABOVE DIVERSIONS",BC,Discontinued,49.66056,-116.07028,1989,1998,"148",,N,Flow,Continuous,N,N,N,ASSUMED DATUM,VANCOUVER,"",N
08NG087,"MARK CREEK AT KIMBERLEY",BC,Discontinued,49.68722,-115.98944,1995,1998,"",,R,Flow,Continuous,N,N,N,ASSUMED DATUM,VANCOUVER,"",N
08NG088,"MARK CREEK AT THE MOUTH",BC,Discontinued,49.63056,-115.96111,1995,1998,"",,R,Flow,Continuous,N,N,N,ASSUMED DATUM,VANCOUVER,"",N
08NH001,"DUNCAN RIVER NEAR HOWSER",BC,Discontinued,50.28583,-116.94556,1915,1967,"2160",,N,Flow,Continuous,N,N,N,ASSUMED DATUM,VANCOUVER,"",N
08NH002,"FRY CREEK NEAR LARDO",BC,Discontinued,50.05722,-116.86139,1915,1915,"",,N,Flow,Seasonal,N,N,N,ASSUMED DATUM,VANCOUVER,"",N
08NH003,"GLACIER CREEK NEAR HOWSER",BC,Discontinued,50.28139,-116.92278,1961,1966,"282",,N,Flow,Continuous,N,N,N,ASSUMED DATUM,VANCOUVER,"",N
08NH004,"GOAT RIVER NEAR ERICKSON",BC,Discontinued,49.08917,-116.45556,1919,1995,"1180",,R,Flow,Continuous,N,N,N,ASSUMED DATUM,VANCOUVER,"",N
08NH005,"KASLO RIVER BELOW KEMP CREEK",BC,Active,49.90762,-116.95349,1914,2024,"442",,N,Flow and Level,Continuous,N,Y,Y,ASSUMED DATUM,VANCOUVER,"",N
08NH006,"MOYIE RIVER AT EASTPORT",BC,Active,48.99917,-116.17972,1929,2024,"1480",,N,Flow,Continuous,N,N,N,ASSUMED DATUM,VANCOUVER,"UNITED STATES GEOLOGICAL SURVEY",Y
08NH007,"LARDEAU RIVER AT MARBLEHEAD",BC,Active,50.26287,-116.96829,1917,2024,"1640",,N,Flow and Level,Continuous,N,N,N,ASSUMED DATUM,VANCOUVER,"",N
08NH008,"FLOYD CREEK NEAR ERICKSON",BC,Discontinued,49.06250,-116.44583,1924,1927,"1.74",,N,Flow,Miscellaneous,N,N,N,,VANCOUVER,"",N
08NH009,"CAMP RUN CREEK NEAR CANYON",BC,Discontinued,49.07944,-116.42500,1921,1983,"5.44",,N,Flow,Seasonal,N,N,N,ASSUMED DATUM,VANCOUVER,"",N
08NH010,"HUGGARD CREEK NEAR WYNNDEL",BC,Discontinued,49.20139,-116.53000,1921,1966,"2.59",,N,Flow,Seasonal,N,N,N,,VANCOUVER,"",N
08NH011,"HUSCROFT CREEK NEAR LISTER",BC,Discontinued,49.01083,-116.44278,1921,1969,"",,N,Flow,Seasonal,N,N,N,,VANCOUVER,"",N
08NH012,"WYNNDEL CREEK NEAR CRESTON",BC,Discontinued,49.16111,-116.52778,1921,1967,"",,N,Flow,Seasonal,N,N,N,,VANCOUVER,"",N
08NH013,"RYKERT CREEK NEAR LISTER",BC,Discontinued,49.01361,-116.43278,1963,1969,"8.03",,R,Flow,Miscellaneous,N,N,N,,VANCOUVER,"",N
08NH014,"SULLIVAN CREEK NEAR ERICKSON",BC,Discontinued,49.10111,-116.44278,1921,1924,"5.70",,N,Flow,Seasonal,N,N,N,,VANCOUVER,"",N
08NH015,"WILDS CREEK (SOUTH FORK) NEAR WYNNDEL",BC,Discontinued,49.20833,-116.56667,1921,1929,"1.22",,N,Flow,Seasonal,N,N,N,ASSUMED DATUM,VANCOUVER,"",N
08NH016,"DUCK CREEK NEAR WYNNDEL",BC,Active,49.20263,-116.53391,1946,2024,"57.0",,N,Flow and Level,Continuous,Y,Y,Y,ASSUMED DATUM,VANCOUVER,"",N
08NH018,"KOOTENAY LAKE AT PROCTER (GAUGE NO. 24)",BC,Discontinued,49.62111,-116.95778,1923,1948,"",,R,Level,Continuous,N,N,N,ASSUMED DATUM,VANCOUVER,"",N
08NH019,"DAVIS CREEK NEAR CRAWFORD BAY",BC,Discontinued,49.70000,-116.80000,1924,1929,"",,N,Flow,Seasonal,N,N,N,,VANCOUVER,"",N
08NH020,"MCGREGOR CREEK NEAR CRAWFORD BAY",BC,Discontinued,49.44667,-116.76333,1925,1929,"",,N,Flow,Seasonal,N,N,N,,VANCOUVER,"",N
08NH021,"KOOTENAI RIVER AT PORTHILL",BC,Active,49.00000,-116.50278,1924,2024,"34300",,R,Flow and Level,Continuous,N,N,N,ASSUMED DATUM,VANCOUVER,"UNITED STATES GEOLOGICAL SURVEY",Y
08NH022,"KOOTENAY LAKE AT KOOTENAY LANDING",BC,Discontinued,49.25333,-116.68333,1902,1937,"",,R,Flow and Level,Continuous,N,N,N,ASSUMED DATUM,VANCOUVER,"",N
08NH023,"KOOTENAY LAKE AT GRAY CREEK",BC,Discontinued,49.62694,-116.78722,1924,1931,"",,N,Level,Continuous,N,N,N,ASSUMED DATUM,VANCOUVER,"",N
08NH024,"KOOTENAY LAKE AT KASLO",BC,Discontinued,49.91417,-116.90694,1930,1932,"",,R,Level,Seasonal,N,N,N,ASSUMED DATUM,VANCOUVER,"",N
08NH025,"KOOTENAY LAKE AT LARDEAU",BC,Discontinued,50.14694,-116.95194,1945,1945,"",,R,Level,Seasonal,N,N,N,ASSUMED DATUM,VANCOUVER,"",N
08NH026,"KOOTENAY RIVER AT SLOUGH BRIDGE",BC,Discontinued,49.26111,-116.64778,1925,1971,"",,R,Level,Continuous,N,N,N,ASSUMED DATUM,VANCOUVER,"",N
08NH027,"KOOTENAY RIVER BELOW SUMMIT CREEK",BC,Discontinued,49.18889,-116.64250,1925,1929,"",,N,Level,Continuous,N,N,N,ASSUMED DATUM,VANCOUVER,"",N
08NH028,"KOOTENAY RIVER AT CRESTON FERRY",BC,Discontinued,49.08500,-116.57917,1931,1973,"",,R,Level,Seasonal,N,N,N,ASSUMED DATUM,VANCOUVER,"",N
08NH030,"KOOTENAI RIVER AT BOOM CAMP",BC,Discontinued,48.70139,-116.24167,1925,1930,"33700",,N,Level,Continuous,N,N,N,ASSUMED DATUM,VANCOUVER,"",N
08NH031,"KOOTENAI RIVER NEAR COPELAND",BC,Discontinued,48.90500,-116.40194,1925,1992,"34700",,R,Flow and Level,Continuous,Y,N,N,ASSUMED DATUM,VANCOUVER,"",N
08NH032,"BOUNDARY CREEK NEAR PORTHILL",BC,Active,48.99722,-116.56806,1931,2024,"242",,N,Flow,Continuous,N,Y,N,ASSUMED DATUM,VANCOUVER,"UNITED STATES GEOLOGICAL SURVEY",Y
08NH034,"MOYIE RIVER AT MOYIE",BC,Discontinued,49.25833,-115.85000,1944,1970,"725",,N,Flow,Continuous,N,N,N,ASSUMED DATUM,VANCOUVER,"",N
08NH036,"AYLMER CREEK (SOUTH FORK) NEAR QUEENS BAY",BC,Discontinued,49.66667,-116.93889,1926,1958,"",,N,Flow,Seasonal,N,N,N,ASSUMED DATUM,VANCOUVER,"",N
08NH037,"AYLMER CREEK (NORTH FORK) NEAR QUEENS BAY",BC,Discontinued,49.66667,-116.93611,1926,1929,"",,R,Flow,Seasonal,N,N,N,ASSUMED DATUM,VANCOUVER,"",N
08NH038,"AYLMER CREEK NEAR QUEENS BAY",BC,Discontinued,49.65833,-116.93056,1926,1926,"",,R,Flow,Seasonal,N,N,N,ASSUMED DATUM,VANCOUVER,"",N
08NH039,"UNNAMED CREEK NEAR CRESTON",BC,Discontinued,49.10917,-116.50472,1927,1961,"",,N,Flow,Seasonal,N,N,N,,VANCOUVER,"",N
08NH040,"ROSS CREEK NEAR QUEENS BAY",BC,Discontinued,49.66056,-116.93556,1927,1929,"1.19",,R,Flow,Seasonal,N,N,N,,VANCOUVER,"",N
08NH041,"MUNN CREEK NEAR AINSWORTH",BC,Discontinued,49.73639,-116.91389,1927,1959,"0.800",,N,Flow,Seasonal,N,N,N,,VANCOUVER,"",N
08NH042,"HOLIDAY CREEK NEAR BOSWELL",BC,Discontinued,49.47889,-116.75639,1927,1929,"2.07",,N,Flow,Seasonal,N,N,N,,VANCOUVER,"",N
08NH043,"ELSIE HOLMES CREEK NEAR WYNNDEL",BC,Discontinued,49.17667,-116.53083,1928,1929,"",,N,Flow,Seasonal,N,N,N,,VANCOUVER,"",N
08NH044,"WILDS CREEK (NORTH FORK) NEAR WYNNDEL",BC,Discontinued,49.20833,-116.56667,1928,1929,"",,N,Flow,Seasonal,N,N,N,,VANCOUVER,"",N
08NH045,"SIRDAR CREEK AT SIRDAR",BC,Discontinued,49.24389,-116.61944,1928,1930,"",,N,Flow,Seasonal,N,N,N,,VANCOUVER,"",N
08NH046,"WING CREEK NEAR KASLO",BC,Discontinued,49.95500,-116.91667,1928,1974,"1.48",,N,Flow,Seasonal,N,N,N,ASSUMED DATUM,VANCOUVER,"",N
08NH047,"ATHOL CREEK NEAR KASLO",BC,Discontinued,49.94778,-116.91222,1928,1931,"",,N,Flow,Seasonal,N,N,N,,VANCOUVER,"",N
08NH048,"GOLDSMITH CREEK NEAR KASLO",BC,Discontinued,49.95000,-116.91583,1928,1929,"0.910",,N,Flow,Seasonal,N,N,N,,VANCOUVER,"",N
08NH049,"BIRKBECK CREEK NEAR GRAY CREEK",BC,Discontinued,49.61028,-116.77000,1928,1929,"1.61",,N,Flow,Seasonal,N,N,N,,VANCOUVER,"",N
08NH050,"TUNNEL CREEK NEAR WYNNDEL",BC,Discontinued,49.17917,-116.53611,1928,1929,"",,R,Flow,Seasonal,N,N,N,,VANCOUVER,"",N
08NH051,"ARGENTA CREEK NEAR ARGENTA",BC,Discontinued,50.16389,-116.90028,1975,1986,"5.70",,N,Flow,Continuous,N,N,N,ASSUMED DATUM,VANCOUVER,"",N
08NH052,"BURDEN CREEK NEAR CRAWFORD BAY",BC,Discontinued,49.67028,-116.80000,1928,1975,"3.37",,R,Flow,Seasonal,N,N,N,ASSUMED DATUM,VANCOUVER,"",N
08NH053,"KOOTENAY LAKE NEAR BALFOUR (GAUGE NO. 25)",BC,Discontinued,49.63000,-116.94472,1929,1933,"",,R,Level,Continuous,N,N,N,ASSUMED DATUM,VANCOUVER,"",N
08NH054,"KEMP CREEK NEAR KASLO",BC,Discontinued,49.90389,-116.96861,1929,1930,"11.9",,N,Flow,Seasonal,N,N,N,,VANCOUVER,"",N
08NH055,"TWELVE MILE CREEK NEAR KASLO",BC,Discontinued,49.96806,-117.10500,1929,1930,"10.4",,N,Flow,Miscellaneous,N,N,N,,VANCOUVER,"",N
08NH056,"BOND CREEK NEAR CANYON",BC,Discontinued,49.07917,-116.42694,1936,1936,"",,N,Flow,Miscellaneous,N,N,N,,VANCOUVER,"",N
08NH057,"BJERKNESS CREEK AT MIRROR LAKE",BC,Discontinued,49.87167,-116.91056,1957,1968,"25.1",,R,Flow,Continuous,N,N,N,,VANCOUVER,"",N
08NH058,"ELMIRA CREEK NEAR YAHK",BC,Discontinued,49.05833,-116.14167,1930,1931,"8.03",,N,Flow,Seasonal,N,N,N,,VANCOUVER,"",N
08NH059,"ELMER CREEK NEAR KINGSGATE",BC,Discontinued,49.03278,-116.16806,1930,1931,"15.0",,N,Flow,Seasonal,N,N,N,,VANCOUVER,"",N
08NH060,"KOOTENAY RIVER AT SIX MILE LAKE",BC,Discontinued,49.25278,-116.67806,1930,1950,"",,R,Level,Seasonal,N,N,N,ASSUMED DATUM,VANCOUVER,"",N
08NH061,"CROASDAILE CREEK NEAR GRAY CREEK",BC,Discontinued,49.63222,-116.77972,1930,1931,"5.44",,R,Flow,Seasonal,N,N,N,,VANCOUVER,"",N
08NH062,"KOOTENAY RIVER AT KOOTENAY LANDING",BC,Discontinued,49.25222,-116.68306,1933,1971,"",,R,Level,Continuous,N,N,N,ASSUMED DATUM,VANCOUVER,"",N
08NH063,"MARTELL CREEK NEAR SANCA",BC,Discontinued,49.39250,-116.72500,1963,1968,"3.89",,N,Flow,Miscellaneous,N,N,N,,VANCOUVER,"",N
08NH064,"KOOTENAY LAKE AT QUEENS BAY",BC,Active,49.65404,-116.93032,1931,2024,"",,R,Level,Continuous,N,N,Y,GEODETIC SURVEY OF CANADA DATUM 1928 ADJUSTMENT,VANCOUVER,"",N
08NH065,"GRAY CREEK NEAR GRAY CREEK",BC,Discontinued,49.62333,-116.77472,1931,1931,"40.1",,N,Flow,Seasonal,N,N,N,,VANCOUVER,"",N
08NH066,"LARDEAU RIVER AT GERRARD",BC,Discontinued,50.51000,-117.27472,1955,1956,"769",,N,Flow,Seasonal,N,N,N,ASSUMED DATUM,VANCOUVER,"",N
08NH067,"KOOTENAY LAKE AT KUSKONOOK",BC,Active,49.29882,-116.65956,1936,2024,"",,R,Level,Continuous,N,N,Y,GEODETIC SURVEY OF CANADA DATUM (LOCAL 1972 ADJ.),VANCOUVER,"",N
08NH068,"CORN CREEK NEAR CRESTON",BC,Discontinued,49.07917,-116.64722,1937,1955,"133",,N,Flow,Seasonal,N,N,N,ASSUMED DATUM,VANCOUVER,"",N
08NH069,"CHINA CUP CREEK NEAR CRESTON",BC,Discontinued,49.04500,-116.51250,1937,1937,"",,N,Flow,Seasonal,N,N,N,,VANCOUVER,"",N
08NH070,"HENDRYX CREEK NEAR RIONDEL",BC,Discontinued,49.76611,-116.85111,1939,1954,"5.18",,N,Flow,Seasonal,N,N,N,,VANCOUVER,"",N
08NH071,"MCGREGOR CREEK NEAR BOSWELL",BC,Discontinued,49.45667,-116.75194,1939,1939,"3.37",,N,Flow,Seasonal,N,N,N,,VANCOUVER,"",N
08NH072,"ENGLISH CREEK NEAR CRESTON",BC,Discontinued,49.09722,-116.62250,1939,1943,"",,N,Flow,Seasonal,N,N,N,,VANCOUVER,"",N
08NH073,"PETERMAN CREEK NEAR CRESTON",BC,Discontinued,49.07667,-116.60278,1939,1943,"",,N,Flow,Seasonal,N,N,N,,VANCOUVER,"",N
08NH074,"FLOYD CREEK NEAR CANYON (UPPER STATION)",BC,Discontinued,49.06083,-116.45083,1940,1959,"12.4",,N,Flow,Seasonal,N,N,N,,VANCOUVER,"",N
08NH075,"FLOYD CREEK NEAR CANYON (LOWER STATION)",BC,Discontinued,49.06222,-116.45556,1940,1944,"17.4",,N,Flow,Seasonal,N,N,N,,VANCOUVER,"",N
08NH076,"CHARLES CREEK NEAR BOSWELL",BC,Discontinued,49.44444,-116.75417,1942,1945,"1.42",,N,Flow,Seasonal,N,N,N,,VANCOUVER,"",N
08NH077,"SIMMONDS CREEK NEAR CRESTON",BC,Discontinued,49.06583,-116.61111,1944,1948,"0.910",,N,Flow,Seasonal,N,N,N,,VANCOUVER,"",N
08NH078,"EZEKIEL CREEK NEAR CRESTON",BC,Discontinued,49.06583,-116.60389,1944,1948,"15.3",,N,Flow,Seasonal,N,N,N,,VANCOUVER,"",N
08NH079,"BRIDALVEIL CREEK AT QUEENS BAY",BC,Discontinued,49.64972,-116.94722,1944,1974,"2.59",,R,Flow,Seasonal,N,N,N,ASSUMED DATUM,VANCOUVER,"",N
08NH080,"QUEENS CREEK AT QUEENS BAY",BC,Discontinued,49.64611,-116.95167,1945,1948,"2.59",,N,Flow,Seasonal,N,N,N,ASSUMED DATUM,VANCOUVER,"",N
08NH081,"ORDE CREEK NEAR CANYON",BC,Discontinued,49.06306,-116.42444,1944,1948,"2.85",,N,Flow,Seasonal,N,N,N,,VANCOUVER,"",N
08NH082,"LISTER CREEK NEAR CANYON",BC,Discontinued,49.05472,-116.42500,1945,1950,"1.24",,N,Flow,Seasonal,N,N,N,,VANCOUVER,"",N
08NH083,"DUNSFORD CREEK NEAR CANYON",BC,Discontinued,49.06361,-116.42556,1945,1948,"7.25",,N,Flow,Seasonal,N,N,N,,VANCOUVER,"",N
08NH084,"ARROW CREEK NEAR ERICKSON",BC,Active,49.15912,-116.45249,1947,2024,"78.3",,N,Flow and Level,Continuous,Y,Y,Y,ASSUMED DATUM,VANCOUVER,"",N
08NH085,"THOMPSON CREEK NEAR KITCHENER",BC,Discontinued,49.13861,-116.39278,1974,1982,"8.29",,N,Flow,Continuous,N,N,N,ASSUMED DATUM,VANCOUVER,"",N
08NH086,"ZIMMER CREEK NEAR CRAWFORD BAY",BC,Discontinued,49.70750,-116.79722,1945,1948,"0.410",,N,Flow,Seasonal,N,N,N,,VANCOUVER,"",N
08NH087,"PREACHER CREEK NEAR CRAWFORD BAY",BC,Discontinued,49.71167,-116.78639,1945,1950,"11.1",,N,Flow,Seasonal,N,N,N,,VANCOUVER,"",N
08NH089,"TROUT LAKE AT TROUT LAKE",BC,Discontinued,50.64528,-117.53500,1945,1945,"",,N,Level,Seasonal,N,N,N,ASSUMED DATUM,VANCOUVER,"",N
08NH090,"TROUT LAKE AT GERRARD",BC,Discontinued,50.50944,-117.27861,1945,1945,"",,N,Level,Seasonal,N,N,N,ASSUMED DATUM,VANCOUVER,"",N
08NH091,"TROUT LAKE NEAR GERRARD",BC,Discontinued,50.54389,-117.36667,1945,1945,"",,N,Level,Seasonal,N,N,N,ASSUMED DATUM,VANCOUVER,"",N
08NH092,"KOOTENAY RIVER AT DUCK SLOUGH (INSIDE DYKE)",BC,Discontinued,49.17250,-116.55917,1946,1950,"",,R,Level,Continuous,N,N,N,ASSUMED DATUM,VANCOUVER,"",N
08NH093,"KOOTENAY RIVER AT DUCK SLOUGH (OUTSIDE DYKE)",BC,Discontinued,49.17250,-116.55917,1946,1950,"",,R,Level,Continuous,N,N,N,ASSUMED DATUM,VANCOUVER,"",N
08NH094,"KOOTENAY RIVER NEAR CRESTON (WELL NO. 436)",BC,Discontinued,49.15028,-116.59861,1946,1950,"",,R,Level,Seasonal,N,N,N,ASSUMED DATUM,VANCOUVER,"",N
08NH095,"KOOTENAY RIVER AT GOAT SLOUGH (INSIDE DYKE)",BC,Discontinued,49.15611,-116.58806,1946,1950,"",,R,Level,Continuous,N,N,N,ASSUMED DATUM,VANCOUVER,"",N
08NH096,"KOOTENAY RIVER AT GOAT SLOUGH (OUTSIDE DYKE)",BC,Discontinued,49.15611,-116.58806,1948,1950,"",,R,Level,Seasonal,N,N,N,ASSUMED DATUM,VANCOUVER,"",N
08NH098,"KOOTENAY RIVER (EAST BRANCH) NEAR SIRDAR",BC,Discontinued,49.18694,-116.62722,1949,1955,"",,R,Level,Continuous,N,N,N,ASSUMED DATUM,VANCOUVER,"",N
08NH099,"LA FRANCE CREEK NEAR BOSWELL",BC,Discontinued,49.52917,-116.78167,1946,1948,"55.9",,N,Flow,Seasonal,N,N,N,,VANCOUVER,"",N
08NH100,"SUMMIT CREEK NEAR CRESTON",BC,Discontinued,49.14306,-116.65417,1951,1955,"293",,N,Flow,Seasonal,N,N,N,,VANCOUVER,"",N
08NH101,"COFFEE CREEK NEAR AINSWORTH",BC,Discontinued,49.69694,-116.91778,1988,1994,"87.3",,N,Flow,Continuous,N,N,N,ASSUMED DATUM,VANCOUVER,"",N
08NH102,"AKOKLI CREEK NEAR BOSWELL",BC,Discontinued,49.42833,-116.74417,1947,1952,"50.5",,N,Flow,Seasonal,N,N,N,,VANCOUVER,"",N
08NH103,"MACK CREEK NEAR BOSWELL",BC,Discontinued,49.48611,-116.76917,1947,1951,"4.66",,N,Flow,Seasonal,N,N,N,,VANCOUVER,"",N
08NH104,"CRAWFORD CREEK NEAR CRAWFORD BAY",BC,Discontinued,49.69778,-116.80222,1947,1952,"171",,N,Flow,Seasonal,N,N,N,,VANCOUVER,"",N
08NH105,"OKELL CREEK NEAR ERICKSON",BC,Discontinued,49.15472,-116.46889,1949,1962,"12.7",,N,Flow,Seasonal,N,N,N,,VANCOUVER,"",N
08NH106,"KITCHENER CREEK NEAR KITCHENER",BC,Discontinued,49.15833,-116.31944,1949,1953,"256",,N,Flow,Seasonal,N,N,N,ASSUMED DATUM,VANCOUVER,"",N
08NH107,"DUCK LAKE NEAR SIRDAR",BC,Discontinued,49.25861,-116.64611,1952,2003,"",,R,Level,Continuous,N,N,N,GEODETIC SURVEY OF CANADA DATUM (LOCAL 1971 ADJ.),VANCOUVER,"",N
08NH108,"DUNCAN RIVER NEAR ARGENTA",BC,Discontinued,50.25278,-116.94028,1954,1954,"2160",,N,Flow,Miscellaneous,N,N,N,ASSUMED DATUM,VANCOUVER,"",N
08NH109,"INDIAN CREEK NEAR RIONDEL",BC,Discontinued,49.76972,-116.83139,1951,1954,"3.89",,N,Flow,Continuous,N,N,N,ASSUMED DATUM,VANCOUVER,"",N
08NH110,"DUNCAN LAKE AT HOWSER",BC,Discontinued,50.30417,-116.93889,1915,1967,"",,N,Level,Continuous,N,N,N,ASSUMED DATUM,VANCOUVER,"",N
08NH111,"MOYIE LAKE AT MOYIE",BC,Discontinued,49.29028,-115.83333,1946,1970,"",,N,Level,Continuous,N,N,N,ASSUMED DATUM,VANCOUVER,"",N
08NH112,"CAMP RUN CREEK DIVERSION NEAR CANYON",BC,Discontinued,49.07944,-116.41667,1957,1959,"",,N,Flow,Seasonal,N,N,N,,VANCOUVER,"",N
08NH113,"DISTRICT BROOK NEAR CANYON",BC,Discontinued,49.08222,-116.42889,1958,1961,"",,N,Flow,Seasonal,N,N,N,,VANCOUVER,"",N
08NH114,"FLOYD CREEK ABOVE ORDE CREEK",BC,Discontinued,49.07528,-116.42889,1958,1959,"0.600",,N,Flow,Seasonal,N,N,N,,VANCOUVER,"",N
08NH115,"SULLIVAN CREEK NEAR CANYON",BC,Active,49.10427,-116.43675,1964,2024,"6.22",,N,Flow and Level,Continuous,N,N,Y,ASSUMED DATUM,VANCOUVER,"",N
08NH116,"GLASER CREEK NEAR CRESTON",BC,Discontinued,49.10667,-116.51528,1960,1961,"",,N,Flow,Seasonal,N,N,N,,VANCOUVER,"",N
08NH117,"TWIN BAYS CREEK NEAR KUSKONOOK",BC,Discontinued,49.33694,-116.71111,1997,1999,"12.7",,N,Flow,Continuous,N,N,N,ASSUMED DATUM,VANCOUVER,"",N
08NH118,"DUNCAN RIVER BELOW LARDEAU RIVER",BC,Active,50.23286,-116.95519,1963,2024,"4080",,R,Flow and Level,Continuous,N,N,Y,ASSUMED DATUM,VANCOUVER,"",N
08NH119,"DUNCAN RIVER BELOW B.B. CREEK",BC,Active,50.63750,-117.04803,1964,2024,"1310",,N,Flow and Level,Continuous,N,N,Y,ASSUMED DATUM,VANCOUVER,"",N
08NH120,"MOYIE RIVER ABOVE NEGRO CREEK",BC,Discontinued,49.42215,-115.94129,1964,2018,"239",,N,Flow and Level,Continuous,N,N,N,ASSUMED DATUM,VANCOUVER,"",N
08NH121,"MCDONALD CREEK NEAR KASLO",BC,Discontinued,49.91806,-116.92000,1965,1974,"2.38",,N,Flow,Seasonal,N,N,N,ASSUMED DATUM,VANCOUVER,"",N
08NH122,"PEAVINE CREEK NEAR CRANBROOK",BC,Discontinued,49.45111,-115.73861,1965,1967,"13.5",,N,Flow,Seasonal,N,N,N,,VANCOUVER,"",N
08NH124,"MEADOW CREEK ABOVE JOHN CREEK",BC,Discontinued,50.26722,-116.99750,1967,1973,"62.7",,N,Flow,Continuous,Y,N,N,ASSUMED DATUM,VANCOUVER,"",N
08NH125,"JOHN CREEK NEAR MEADOW CREEK",BC,Discontinued,50.25889,-116.99917,1967,1973,"34.7",,N,Flow,Continuous,Y,N,N,,VANCOUVER,"",N
08NH126,"DUNCAN RIVER BELOW DUNCAN DAM",BC,Active,50.25139,-116.94750,1969,2024,"",,R,Flow,Continuous,N,N,N,ASSUMED DATUM,VANCOUVER,"BRITISH COLUMBIA HYDRO AND POWER AUTHORITY",Y
08NH127,"DUNCAN RESERVOIR AT DUNCAN DAM",BC,Active,50.25541,-116.94856,1967,2024,"",,R,Level,Continuous,N,N,Y,GEODETIC SURVEY OF CANADA DATUM (LOCAL 1945 ADJ.),VANCOUVER,"",N
08NH128,"MEADOW CREEK DIVERSION BELOW JOHN CREEK",BC,Discontinued,50.25417,-116.99750,1970,1973,"",,R,Flow,Continuous,Y,N,N,ASSUMED DATUM,VANCOUVER,"",N
08NH129,"KOOTENAY RIVER AT NICKS ISLAND",BC,Discontinued,49.11722,-116.57750,1970,1987,"",,R,Level,Continuous,Y,N,N,ASSUMED DATUM,VANCOUVER,"",N
08NH130,"FRY CREEK BELOW CARNEY CREEK",BC,Discontinued,50.08200,-116.78486,1973,2019,"585",,N,Flow and Level,Continuous,N,Y,N,ASSUMED DATUM,VANCOUVER,"",N
08NH131,"CARNEY CREEK BELOW PAMBRUN CREEK",BC,Discontinued,50.15833,-116.57528,1973,2004,"119",,N,Flow,Continuous,N,N,N,ASSUMED DATUM,VANCOUVER,"",N
08NH132,"KEEN CREEK BELOW KYAWATS CREEK",BC,Active,49.87255,-117.12198,1973,2024,"92.3",,N,Flow and Level,Continuous,N,N,Y,ASSUMED DATUM,VANCOUVER,"",N
08NH133,"RUSSEL CREEK NEAR THE MOUTH",BC,Discontinued,49.14167,-116.33611,1979,1980,"",,,Flow,Seasonal,N,N,N,ASSUMED DATUM,VANCOUVER,"B.C. MINISTRY OF ENVIRONMENT",Y
08NH137,"TEETZEL CREEK ABOVE DIVERSIONS",BC,Discontinued,49.09972,-116.64083,1983,1985,"6.94",,N,Flow,Seasonal,N,N,N,ASSUMED DATUM,VANCOUVER,"",N
08NH138,"HUMPHRIES CREEK NEAR TROUT LAKE",BC,Active,50.63361,-117.54472,1998,2024,"8.84",,N,Flow and Level,Continuous,N,N,Y,ASSUMED DATUM,VANCOUVER,"",N
08NH139,"MOYIE RIVER ABOVE NOKE CREEK",BC,Active,49.39950,-115.99778,2018,2024,"192",,,Flow and Level,Continuous,N,N,Y,ASSUMED DATUM,VANCOUVER,"",N
08NHX18,"DUNCAN RIVER BELOW LARDEAU RIVER (AUXILIARY GAUGE)",BC,Active,50.23286,-116.95519,2018,2024,"",,R,Flow and Level,Continuous,N,N,Y,ASSUMED DATUM,VANCOUVER,"",N
08NJ001,"KOOTENAY RIVER AT GLADE",BC,Discontinued,49.40556,-117.53750,1913,1944,"49200",,R,Flow,Continuous,N,N,N,,VANCOUVER,"",N
08NJ002,"KOOTENAY RIVER NEAR TAGHUM",BC,Discontinued,49.49333,-117.38472,1931,1932,"",,R,Level,Continuous,N,N,N,ASSUMED DATUM,VANCOUVER,"",N
08NJ003,"CARPENTER CREEK NEAR NEW DENVER",BC,Discontinued,49.99167,-117.35139,1928,1930,"168",,R,Flow,Continuous,N,N,N,ASSUMED DATUM,VANCOUVER,"",N
08NJ004,"CARPENTER CREEK (SOUTH FORK) AT SANDON",BC,Discontinued,49.97778,-117.23194,1914,1917,"50.0",,N,Flow,Continuous,N,N,N,,VANCOUVER,"",N
08NJ005,"SILVERTON CREEK NEAR SILVERTON (LOWER STATION)",BC,Discontinued,49.93972,-117.29222,1918,1920,"99.7",,R,Flow,Miscellaneous,N,N,N,ASSUMED DATUM,VANCOUVER,"",N
08NJ006,"SILVERTON CREEK NEAR SILVERTON (UPPER STATION)",BC,Discontinued,49.93333,-117.28028,1920,1920,"97.6",,N,Flow,Miscellaneous,N,N,N,ASSUMED DATUM,VANCOUVER,"",N
08NJ007,"KOOTENAY RIVER NEAR BONNINGTON FALLS",BC,Discontinued,49.46111,-117.48889,1907,1939,"45800",,N,Flow,Continuous,N,N,N,ASSUMED DATUM,VANCOUVER,"WEST KOOTENAY POWER",Y
08NJ008,"KOOTENAY RIVER NEAR BONNINGTON POOL",BC,Discontinued,49.45111,-117.52000,1913,1914,"",,N,Flow,Seasonal,N,N,N,ASSUMED DATUM,VANCOUVER,"",N
08NJ009,"KOOTENAY RIVER AT NELSON",BC,Discontinued,49.50917,-117.27944,1894,2003,"45300",,R,Flow and Level,Continuous,N,N,N,GEODETIC SURVEY OF CANADA DATUM 1928 ADJUSTMENT,VANCOUVER,"",N
08NJ010,"SAWMILL CREEK NEAR NEW DENVER",BC,Discontinued,50.00528,-117.41722,1914,1914,"55.2",,N,Flow,Seasonal,N,N,N,ASSUMED DATUM,VANCOUVER,"",N
08NJ011,"WILSON CREEK NEAR ROSEBERY",BC,Discontinued,50.04306,-117.38611,1914,1917,"562",,N,Flow,Miscellaneous,N,N,N,,VANCOUVER,"",N
08NJ012,"VEVEY CREEK NEAR SILVERTON",BC,Discontinued,49.91167,-117.35694,1916,1920,"6.22",,N,Flow,Continuous,N,N,N,ASSUMED DATUM,VANCOUVER,"",N
08NJ013,"SLOCAN RIVER NEAR CRESCENT VALLEY",BC,Active,49.46008,-117.56480,1913,2024,"3330",,N,Flow and Level,Continuous,N,Y,Y,ASSUMED DATUM,VANCOUVER,"",N
08NJ014,"SLOCAN RIVER AT SLOCAN CITY",BC,Discontinued,49.76889,-117.47306,1911,1969,"1660",,N,Flow,Miscellaneous,N,N,N,ASSUMED DATUM,VANCOUVER,"",N
08NJ015,"RICHARDS CREEK NEAR APPLEDALE",BC,Discontinued,49.64861,-117.54722,1921,1929,"1.89",,N,Flow,Seasonal,N,N,N,,VANCOUVER,"",N
08NJ016,"JEROME CREEK NEAR APPLEDALE",BC,Discontinued,49.65972,-117.53611,1921,1977,"2.85",,N,Flow,Seasonal,N,N,N,ASSUMED DATUM,VANCOUVER,"",N
08NJ017,"PERCY CREEK NEAR APPLEDALE",BC,Discontinued,49.63833,-117.55694,1921,1924,"0.700",,N,Flow,Miscellaneous,N,N,N,ASSUMED DATUM,VANCOUVER,"",N
08NJ018,"FALLS CREEK NEAR SOUTH SLOCAN",BC,Discontinued,49.48528,-117.49333,1921,1970,"30.6",,N,Flow,Seasonal,N,N,N,ASSUMED DATUM,VANCOUVER,"",N
08NJ019,"LAIRD CREEK NEAR BALFOUR",BC,Discontinued,49.63639,-117.00417,1993,2000,"15.0",,N,Flow,Continuous,N,N,N,ASSUMED DATUM,VANCOUVER,"",N
08NJ020,"NARROWS CREEK NEAR PROCTER",BC,Discontinued,49.60556,-116.98556,1921,1950,"22.3",,N,Flow,Seasonal,N,N,N,,VANCOUVER,"",N
08NJ021,"PROCTER CREEK AT PROCTER",BC,Discontinued,49.61417,-116.95639,1921,1950,"7.77",,N,Flow,Seasonal,N,N,N,,VANCOUVER,"",N
08NJ022,"GREENWOOD CREEK NEAR PROCTER",BC,Discontinued,49.60000,-117.02000,1921,1927,"1.89",,N,Flow,Seasonal,N,N,N,ASSUMED DATUM,VANCOUVER,"",N
08NJ023,"SANDY CREEK NEAR NELSON",BC,Discontinued,49.47889,-117.35694,1921,1933,"11.7",,N,Flow,Seasonal,N,N,N,ASSUMED DATUM,VANCOUVER,"",N
08NJ024,"SLATER CREEK NEAR HARROP",BC,Discontinued,49.60000,-117.02917,1921,1962,"7.51",,N,Flow,Seasonal,N,N,N,,VANCOUVER,"",N
08NJ026,"DUHAMEL CREEK ABOVE DIVERSIONS",BC,Active,49.59031,-117.24235,1995,2024,"52.9",,N,Flow and Level,Continuous,N,N,Y,ASSUMED DATUM,VANCOUVER,"",N
08NJ027,"HARROP CREEK NEAR HARROP",BC,Discontinued,49.59472,-117.05889,1922,1994,"42.2",,N,Flow,Seasonal,N,N,N,ASSUMED DATUM,VANCOUVER,"",N
08NJ028,"FLORENCE CREEK NEAR NEW DENVER",BC,Discontinued,50.00833,-117.31111,1922,1922,"1.74",,N,Flow,Seasonal,N,N,N,,VANCOUVER,"",N
08NJ029,"SIMPSON CREEK NEAR NEW DENVER",BC,Discontinued,50.00611,-117.31528,1922,1922,"1.22",,N,Flow,Seasonal,N,N,N,,VANCOUVER,"",N
08NJ030,"EZRA CREEK NEAR THRUMS",BC,Discontinued,49.34972,-117.58917,1926,1929,"4.40",,N,Flow,Seasonal,N,N,N,ASSUMED DATUM,VANCOUVER,"",N
08NJ031,"MAIN CREEK NEAR THRUMS",BC,Discontinued,49.34861,-117.58889,1922,1947,"",,N,Flow,Seasonal,N,N,N,,VANCOUVER,"",N
08NJ032,"BIRD CREEK NEAR BLEWETT",BC,Discontinued,49.44306,-117.44389,1946,1950,"4.14",,N,Flow,Seasonal,N,N,N,,VANCOUVER,"",N
08NJ033,"CRYSTAL CREEK NEAR NELSON",BC,Discontinued,49.56611,-117.26111,1926,1927,"2.23",,N,Flow,Seasonal,N,N,N,ASSUMED DATUM,VANCOUVER,"",N
08NJ034,"SHANNON CREEK NEAR NELSON",BC,Discontinued,49.55806,-117.25972,1925,1966,"4.40",,N,Flow,Seasonal,N,N,N,ASSUMED DATUM,VANCOUVER,"",N
08NJ035,"WATERWHEEL CREEK NEAR NELSON",BC,Discontinued,49.56611,-117.25222,1926,1927,"",,N,Flow,Seasonal,N,N,N,ASSUMED DATUM,VANCOUVER,"",N
08NJ036,"ISAAC CREEK NEAR NELSON",BC,Discontinued,49.51750,-117.28583,1926,1970,"",,R,Flow,Seasonal,N,N,N,ASSUMED DATUM,VANCOUVER,"",N
08NJ037,"VAN WAGNER CREEK NEAR NELSON",BC,Discontinued,49.51722,-117.28528,1931,1931,"",,N,Flow,Seasonal,N,N,N,ASSUMED DATUM,VANCOUVER,"",N
08NJ038,"VAN WAGNER CREEK NORTH FORK",BC,Discontinued,49.53417,-117.28417,1923,1923,"",,R,Flow,Miscellaneous,N,N,N,ASSUMED DATUM,VANCOUVER,"",N
08NJ039,"TARRYS CREEK NEAR TARRYS",BC,Discontinued,49.38278,-117.56833,1926,1969,"1.37",,N,Flow,Seasonal,N,N,N,ASSUMED DATUM,VANCOUVER,"",N
08NJ040,"TARRYS CREEK NEAR TARRYS (LOWER STATION)",BC,Discontinued,49.38278,-117.55833,1923,1925,"1.61",,R,Flow,Miscellaneous,N,N,N,ASSUMED DATUM,VANCOUVER,"",N
08NJ041,"COUTTS CREEK AT THRUMS",BC,Discontinued,49.36111,-117.57639,1924,1961,"",,N,Flow,Seasonal,N,N,N,ASSUMED DATUM,VANCOUVER,"",N
08NJ042,"AIRY CREEK NEAR PASSMORE",BC,Discontinued,49.55528,-117.72028,1925,1926,"58.0",,N,Flow,Seasonal,N,N,N,ASSUMED DATUM,VANCOUVER,"",N
08NJ044,"CARSON CREEK NEAR PROCTER",BC,Discontinued,49.62083,-116.94722,1925,1943,"2.05",,N,Flow,Seasonal,N,N,N,,VANCOUVER,"",N
08NJ046,"JARVIS CREEK NEAR NELSON",BC,Discontinued,49.51944,-117.28333,1926,1958,"",,N,Flow,Seasonal,N,N,N,,VANCOUVER,"",N
08NJ047,"VAN WAGNER CREEK ABOVE EAST FORK",BC,Discontinued,49.51722,-117.28528,1926,1929,"",,N,Flow,Seasonal,N,N,N,,VANCOUVER,"",N
08NJ048,"VAN WAGNER CREEK BELOW EAST FORK",BC,Discontinued,49.51667,-117.28333,1926,1929,"",,N,Flow,Seasonal,N,N,N,,VANCOUVER,"",N
08NJ049,"MORLEY CREEK NEAR NELSON",BC,Discontinued,49.60694,-117.16306,1926,1966,"1.19",,N,Flow,Seasonal,N,N,N,,VANCOUVER,"",N
08NJ050,"RINGROSE CREEK ABOVE DIVERSIONS",BC,Discontinued,49.72528,-117.46083,1926,1926,"0.960",,N,Flow,Seasonal,N,N,N,,VANCOUVER,"",N
08NJ051,"ANGUS CREEK NEAR WINLAW",BC,Discontinued,49.62222,-117.56111,1944,1944,"",,N,Flow,Miscellaneous,N,N,N,,VANCOUVER,"",N
08NJ053,"BROGAN CREEK NEAR PERRY SIDING",BC,Discontinued,49.67028,-117.49083,1927,1929,"1.55",,N,Flow,Seasonal,N,N,N,,VANCOUVER,"",N
08NJ054,"GRANT CREEK NEAR SLOCAN",BC,Discontinued,49.75833,-117.45833,1927,1929,"",,N,Flow,Seasonal,N,N,N,,VANCOUVER,"",N
08NJ055,"HIRD CREEK NEAR WINLAW",BC,Discontinued,49.60806,-117.57111,1927,1929,"13.0",,R,Flow,Seasonal,N,N,N,,VANCOUVER,"",N
08NJ056,"PEDRO CREEK NEAR WINLAW",BC,Discontinued,49.58944,-117.58000,1927,1948,"17.1",,N,Flow,Seasonal,N,N,N,,VANCOUVER,"",N
08NJ057,"PERRY CREEK NEAR PERRY SIDING",BC,Discontinued,49.66861,-117.49861,1927,1927,"",,N,Flow,Seasonal,N,N,N,,VANCOUVER,"",N
08NJ058,"VINCENT CREEK NEAR SLOCAN",BC,Discontinued,49.75833,-117.45833,1927,1929,"",,N,Flow,Seasonal,N,N,N,,VANCOUVER,"",N
08NJ059,"STAR CREEK NEAR TAGHUM",BC,Discontinued,49.47444,-117.41222,1927,1929,"",,N,Flow,Seasonal,N,N,N,,VANCOUVER,"",N
08NJ060,"FOSTER CREEK NEAR NELSON",BC,Discontinued,49.52000,-117.28028,1927,1931,"1.04",,N,Flow,Seasonal,N,N,N,,VANCOUVER,"",N
08NJ061,"REDFISH CREEK NEAR HARROP",BC,Active,49.62257,-117.05574,1967,2024,"27.2",,N,Flow and Level,Continuous,N,N,Y,ASSUMED DATUM,VANCOUVER,"",N
08NJ062,"HUME CREEK NEAR NELSON",BC,Discontinued,49.49083,-117.27056,1928,1931,"",,N,Flow,Seasonal,N,N,N,ASSUMED DATUM,VANCOUVER,"",N
08NJ064,"RINGROSE CREEK BELOW CLAY'S DIVERSION",BC,Discontinued,49.72556,-117.46222,1927,1927,"0.980",,R,Flow,Seasonal,N,N,N,,VANCOUVER,"",N
08NJ065,"EAGLE CREEK (SOUTH FORK) NEAR BLEWETT",BC,Discontinued,49.47083,-117.38611,1928,1962,"5.44",,N,Flow,Seasonal,N,N,N,ASSUMED DATUM,VANCOUVER,"",N
08NJ066,"SMOKY CREEK NEAR SOUTH SLOCAN",BC,Discontinued,49.46000,-117.51222,1940,1940,"4.40",,R,Flow,Miscellaneous,N,N,N,,VANCOUVER,"",N
08NJ067,"PEARSON CREEK NEAR PROCTER",BC,Discontinued,49.60556,-116.98333,1928,1944,"",,N,Flow,Seasonal,N,N,N,,VANCOUVER,"",N
08NJ068,"FORTY-NINE CREEK NEAR BLEWETT",BC,Discontinued,49.46056,-117.42500,1911,1962,"25.6",,N,Flow,Miscellaneous,N,N,N,,VANCOUVER,"",N
08NJ069,"CHRISTIAN CREEK NEAR PERRY SIDING",BC,Discontinued,49.66111,-117.49722,1928,1974,"2.59",,N,Flow,Seasonal,N,N,N,ASSUMED DATUM,VANCOUVER,"",N
08NJ070,"WARD CREEK NEAR NELSON",BC,Discontinued,49.48306,-117.27972,1928,1929,"1.27",,N,Flow,Seasonal,N,N,N,,VANCOUVER,"",N
08NJ071,"TANK CREEK NEAR NELSON",BC,Discontinued,49.48944,-117.27361,1928,1929,"",,N,Flow,Seasonal,N,N,N,,VANCOUVER,"",N
08NJ072,"ELLIOTT CREEK NEAR APPLEDALE",BC,Discontinued,49.67917,-117.49167,1928,1959,"2.85",,N,Flow,Seasonal,N,N,N,,VANCOUVER,"",N
08NJ073,"KOOTENAY RIVER NEAR NELSON (GAUGE NO. 7)",BC,Discontinued,49.49639,-117.34417,1929,1948,"",,R,Level,Continuous,N,N,N,ASSUMED DATUM,VANCOUVER,"",N
08NJ074,"KOOTENAY RIVER NEAR NELSON (GAUGE NO. 8)",BC,Discontinued,49.49917,-117.36083,1929,1948,"",,R,Level,Continuous,N,N,N,ASSUMED DATUM,VANCOUVER,"",N
08NJ075,"KOOTENAY RIVER NEAR TAGHUM (GAUGE NO. 9)",BC,Discontinued,49.49806,-117.36944,1929,1933,"",,R,Level,Continuous,N,N,N,ASSUMED DATUM,VANCOUVER,"WEST KOOTENAY POWER",Y
08NJ076,"KOOTENAY LAKE NEAR NELSON (GAUGE NO. 11)",BC,Discontinued,49.54972,-117.25583,1929,1948,"",,R,Level,Continuous,N,N,N,ASSUMED DATUM,VANCOUVER,"",N
08NJ077,"KOOTENAY LAKE NEAR NELSON (GAUGE NO. 12)",BC,Discontinued,49.56500,-117.23861,1929,1948,"",,R,Level,Continuous,N,N,N,ASSUMED DATUM,VANCOUVER,"",N
08NJ078,"KOOTENAY LAKE NEAR NELSON (GAUGE NO. 13)",BC,Discontinued,49.57944,-117.21611,1929,1949,"",,R,Level,Continuous,N,N,N,ASSUMED DATUM,VANCOUVER,"",N
08NJ079,"KOOTENAY LAKE NEAR NELSON (GAUGE NO. 14)",BC,Discontinued,49.59667,-117.17833,1929,1949,"",,R,Level,Continuous,N,N,N,ASSUMED DATUM,VANCOUVER,"",N
08NJ080,"KOOTENAY LAKE NEAR BALFOUR (GAUGE NO. 20)",BC,Discontinued,49.61667,-117.00389,1929,1949,"",,R,Level,Continuous,N,N,N,ASSUMED DATUM,VANCOUVER,"",N
08NJ081,"KOOTENAY LAKE NEAR BALFOUR (GAUGE NO. 21)",BC,Discontinued,49.61917,-116.99000,1929,1949,"",,R,Level,Continuous,N,N,N,ASSUMED DATUM,VANCOUVER,"",N
08NJ082,"KOOTENAY LAKE NEAR BALFOUR (GAUGE NO. 22)",BC,Discontinued,49.62167,-116.97917,1929,1949,"",,R,Level,Continuous,N,N,N,ASSUMED DATUM,VANCOUVER,"",N
08NJ083,"KOOTENAY LAKE AT BALFOUR (GAUGE NO. 23)",BC,Discontinued,49.62306,-116.96500,1929,1948,"",,R,Level,Continuous,N,N,N,ASSUMED DATUM,VANCOUVER,"",N
08NJ084,"KOOTENAY LAKE NEAR NELSON (GAUGE NO. 15)",BC,Discontinued,49.60333,-117.16111,1929,1949,"",,R,Level,Continuous,N,N,N,ASSUMED DATUM,VANCOUVER,"",N
08NJ085,"KOOTENAY LAKE NEAR NELSON (GAUGE NO. 16)",BC,Discontinued,49.60778,-117.14111,1929,1949,"",,R,Level,Continuous,N,N,N,ASSUMED DATUM,VANCOUVER,"",N
08NJ086,"KOOTENAY LAKE NEAR NELSON (GAUGE NO. 17)",BC,Discontinued,49.61028,-117.11222,1929,1949,"",,R,Level,Continuous,N,N,N,ASSUMED DATUM,VANCOUVER,"",N
08NJ087,"KOOTENAY LAKE NEAR HARROP (GAUGE NO. 18)",BC,Discontinued,49.61250,-117.05750,1929,1946,"",,R,Level,Continuous,N,N,N,ASSUMED DATUM,VANCOUVER,"",N
08NJ088,"KOOTENAY LAKE NEAR HARROP (GAUGE NO. 19)",BC,Discontinued,49.60306,-117.02611,1929,1949,"",,R,Level,Continuous,N,N,N,ASSUMED DATUM,VANCOUVER,"",N
08NJ089,"KOOTENAY RIVER NEAR NELSON (GAUGE NO. 1)",BC,Discontinued,49.49361,-117.33417,1928,1948,"",,R,Level,Continuous,N,N,N,ASSUMED DATUM,VANCOUVER,"",N
08NJ090,"KOOTENAY RIVER NEAR NELSON (GAUGE NO. 2)",BC,Discontinued,49.49389,-117.33750,1928,1939,"",,R,Level,Continuous,N,N,N,ASSUMED DATUM,VANCOUVER,"",N
08NJ091,"KOOTENAY RIVER NEAR NELSON (GAUGE NO. 3)",BC,Discontinued,49.49694,-117.34833,1928,1948,"",,R,Level,Continuous,N,N,N,ASSUMED DATUM,VANCOUVER,"",N
08NJ092,"KOOTENAY RIVER NEAR TAGHUM (GAUGE NO. 4)",BC,Discontinued,49.49639,-117.37472,1928,1948,"",,R,Level,Continuous,N,N,N,ASSUMED DATUM,VANCOUVER,"",N
08NJ093,"KOOTENAY RIVER NEAR TAGHUM (GAUGE NO. 5)",BC,Discontinued,49.49222,-117.38444,1928,1948,"",,R,Level,Continuous,N,N,N,ASSUMED DATUM,VANCOUVER,"",N
08NJ094,"KOOTENAY RIVER NEAR TAGHUM (GAUGE NO. 6)",BC,Discontinued,49.48972,-117.39250,1927,1933,"",,R,Level,Seasonal,N,N,N,ASSUMED DATUM,VANCOUVER,"WEST KOOTENAY POWER",Y
08NJ095,"SCHIAVON CREEK NEAR THRUMS",BC,Discontinued,49.40750,-117.55000,1929,1959,"",,N,Flow,Seasonal,N,N,N,,VANCOUVER,"",N
08NJ096,"KOOTENAY LAKE NEAR BALFOUR (GAUGE NO. 26)",BC,Discontinued,49.62167,-116.97472,1929,1949,"",,R,Level,Continuous,N,N,N,ASSUMED DATUM,VANCOUVER,"",N
08NJ097,"LIMEKILN CREEK NEAR SLOCAN",BC,Discontinued,49.73861,-117.45611,1929,1929,"1.37",,N,Flow,Seasonal,N,N,N,,VANCOUVER,"",N
08NJ098,"SELOUS CREEK NEAR NELSON",BC,Discontinued,49.45222,-117.26389,1967,1975,"14.5",,N,Flow,Continuous,N,N,N,ASSUMED DATUM,VANCOUVER,"",N
08NJ099,"GROHMAN CREEK NEAR NELSON",BC,Discontinued,49.49861,-117.33306,1923,1952,"88.8",,N,Flow,Miscellaneous,N,N,N,,VANCOUVER,"",N
08NJ101,"NELLY CREEK NEAR PERRY SIDING",BC,Discontinued,49.67778,-117.52556,1930,1930,"0.800",,N,Flow,Seasonal,N,N,N,,VANCOUVER,"",N
08NJ102,"THRUMS CREEK NEAR THRUMS",BC,Discontinued,49.34722,-117.59583,1930,1967,"0.880",,N,Flow,Seasonal,N,N,N,,VANCOUVER,"",N
08NJ103,"DEMSAL CREEK NEAR THRUMS",BC,Discontinued,49.34722,-117.59583,1930,1967,"0.180",,N,Flow,Seasonal,N,N,N,,VANCOUVER,"",N
08NJ104,"SMALLWOOD CREEK NEAR TAGHUM",BC,Discontinued,49.49472,-117.42306,1930,1966,"16.6",,N,Flow,Seasonal,N,N,N,ASSUMED DATUM,VANCOUVER,"",N
08NJ106,"AIREY CREEK NEAR NELSON",BC,Discontinued,49.59250,-117.20806,1931,1994,"2.78",,N,Flow,Seasonal,N,N,N,,VANCOUVER,"",N
08NJ107,"SUTHERLAND CREEK NEAR NELSON",BC,Discontinued,49.51444,-117.28694,1954,1954,"1.92",,N,Flow,Miscellaneous,N,N,N,ASSUMED DATUM,VANCOUVER,"",N
08NJ108,"TROZZO CREEK NEAR APPLEDALE",BC,Discontinued,49.63889,-117.52917,1931,1966,"27.2",,N,Flow,Seasonal,N,N,N,,VANCOUVER,"",N
08NJ109,"SPROULE CREEK AT TAGHUM",BC,Discontinued,49.49333,-117.38833,1929,1962,"52.8",,N,Flow,Miscellaneous,N,N,N,,VANCOUVER,"",N
08NJ110,"GARRITY CREEK NEAR TAGHUM",BC,Discontinued,49.48361,-117.45556,1930,1933,"4.92",,N,Flow,Miscellaneous,N,N,N,ASSUMED DATUM,VANCOUVER,"WEST KOOTENAY POWER",Y
08NJ111,"ROVER CREEK NEAR SOUTH SLOCAN",BC,Discontinued,49.45611,-117.51167,1913,1940,"44.3",,N,Flow,Miscellaneous,N,N,N,,VANCOUVER,"WEST KOOTENAY POWER",Y
08NJ112,"GOOSE CREEK NEAR CRESCENT VALLEY",BC,Discontinued,49.43889,-117.56111,1972,1981,"83.7",,N,Flow,Continuous,N,N,N,ASSUMED DATUM,VANCOUVER,"",N
08NJ113,"KOOTENAY RIVER ABOVE CORRA LINN",BC,Discontinued,49.46944,-117.46722,1932,2003,"",,R,Level,Continuous,N,N,N,GEODETIC SURVEY OF CANADA DATUM 1928 ADJUSTMENT,VANCOUVER,"",N
08NJ114,"KOOTENAY RIVER BELOW CORRA LINN",BC,Discontinued,49.46889,-117.46806,1932,2003,"",,R,Level,Continuous,N,N,N,GEODETIC SURVEY OF CANADA DATUM 1928 ADJUSTMENT,VANCOUVER,"",N
08NJ115,"SITKUM CREEK NEAR NELSON",BC,Discontinued,49.60500,-117.18750,1937,1948,"24.3",,N,Flow,Seasonal,N,N,N,ASSUMED DATUM,VANCOUVER,"",N
08NJ116,"CADDEN CREEK NEAR ROSEBERY",BC,Discontinued,50.11278,-117.48139,1939,1950,"6.48",,N,Flow,Seasonal,N,N,N,,VANCOUVER,"",N
08NJ117,"ARTHUR CREEK NEAR ROSEBERY",BC,Discontinued,50.10583,-117.46333,1939,1950,"2.85",,N,Flow,Seasonal,N,N,N,,VANCOUVER,"",N
08NJ118,"AHRENS BROOK NEAR NELSON",BC,Discontinued,49.48167,-117.30972,1944,1947,"",,N,Flow,Seasonal,N,N,N,,VANCOUVER,"",N
08NJ119,"BOURKE CREEK NEAR NELSON",BC,Discontinued,49.60333,-117.17167,1944,1948,"1.58",,N,Flow,Seasonal,N,N,N,,VANCOUVER,"",N
08NJ120,"WINLAW CREEK NEAR WINLAW",BC,Discontinued,49.60417,-117.54500,1944,1980,"40.7",,N,Flow,Seasonal,N,N,N,ASSUMED DATUM,VANCOUVER,"",N
08NJ121,"O'SHEA CREEK NEAR SLOCAN CITY",BC,Discontinued,49.73889,-117.45611,1946,1946,"",,N,Flow,Miscellaneous,N,N,N,ASSUMED DATUM,VANCOUVER,"",N
08NJ122,"DIETRICH CREEK AT NELSON",BC,Discontinued,49.48472,-117.29722,1944,1944,"",,N,Flow,Seasonal,N,N,N,,VANCOUVER,"",N
08NJ123,"GIVEOUT CREEK NEAR NELSON",BC,Discontinued,49.46250,-117.29444,1944,1948,"14.8",,N,Flow,Seasonal,N,N,N,,VANCOUVER,"",N
08NJ124,"ROSLING SPRING NEAR NELSON",BC,Discontinued,49.52389,-117.27500,1945,1945,"",,N,Flow,Miscellaneous,N,N,N,,VANCOUVER,"",N
08NJ125,"RUCKS CREEK AT SUNSHINE BAY",BC,Discontinued,49.60944,-116.99833,1945,1947,"",,N,Flow,Seasonal,N,N,N,,VANCOUVER,"",N
08NJ126,"MCFAYDEN CREEK NEAR VALLICAN",BC,Discontinued,49.57056,-117.65389,1944,1994,"5.70",,N,Flow,Seasonal,N,N,N,ASSUMED DATUM,VANCOUVER,"",N
08NJ128,"KOOTENAY RIVER AT BRILLIANT (FOREBAY)",BC,Discontinued,49.32556,-117.61944,1944,1950,"",,R,Level,Continuous,N,N,N,ASSUMED DATUM,VANCOUVER,"",N
08NJ129,"FELL CREEK NEAR NELSON",BC,Discontinued,49.50333,-117.26028,1966,1998,"4.40",,N,Flow,Continuous,Y,N,N,,VANCOUVER,"",N
08NJ130,"ANDERSON CREEK NEAR NELSON",BC,Active,49.50195,-117.26128,1966,2024,"9.07",,N,Flow and Level,Continuous,Y,Y,Y,ASSUMED DATUM,VANCOUVER,"",N
08NJ131,"SANDY CREEK NEAR BLEWETT",BC,Discontinued,49.47417,-117.35306,1947,1960,"10.9",,N,Flow,Seasonal,N,N,N,,VANCOUVER,"",N
08NJ132,"GWILLIM CREEK NEAR SLOCAN CITY",BC,Discontinued,49.75417,-117.48333,1949,1953,"79.3",,N,Flow,Seasonal,N,N,N,,VANCOUVER,"",N
08NJ133,"CARPENTER CREEK NEAR SANDON",BC,Discontinued,49.97361,-117.18472,1953,1957,"17.6",,N,Flow,Seasonal,N,N,N,ASSUMED DATUM,VANCOUVER,"",N
08NJ134,"CODY CREEK NEAR SANDON",BC,Discontinued,49.96944,-117.19444,1953,1957,"15.3",,N,Flow,Seasonal,N,N,N,,VANCOUVER,"",N
08NJ135,"GOOSE CREEK ABOVE GANDER CREEK",BC,Discontinued,49.42361,-117.61389,1954,1957,"52.1",,N,Flow,Miscellaneous,N,N,N,,VANCOUVER,"",N
08NJ137,"SLOCAN LAKE AT SLOCAN CITY",BC,Discontinued,49.77028,-117.47083,1917,1969,"",,N,Level,Continuous,N,N,N,ASSUMED DATUM,VANCOUVER,"",N
08NJ138,"FOUR MILE CREEK NEAR WILLOW POINT",BC,Discontinued,49.55000,-117.27500,1957,1958,"2.85",,N,Flow,Seasonal,N,N,N,,VANCOUVER,"",N
08NJ139,"FLYNN CREEK NEAR WINLAW",BC,Discontinued,49.61944,-117.56667,1959,1959,"",,N,Flow,Miscellaneous,N,N,N,,VANCOUVER,"",N
08NJ140,"SCHIAVON CREEK BELOW HIGHEST DIVERSION NEAR THRUMS",BC,Discontinued,49.40556,-117.54722,1958,1958,"",,R,Flow,Seasonal,N,N,N,,VANCOUVER,"",N
08NJ141,"KITTO CREEK NEAR BALFOUR",BC,Discontinued,49.61278,-117.10222,1959,1960,"1.35",,N,Flow,Seasonal,N,N,N,,VANCOUVER,"",N
08NJ143,"EAGLE CREEK (WEST FORK) NEAR BLEWETT",BC,Discontinued,49.46028,-117.37889,1959,1962,"2.07",,N,Flow,Seasonal,N,N,N,,VANCOUVER,"",N
08NJ145,"RICE CREEK NEAR APPLEDALE",BC,Discontinued,49.64306,-117.55694,1921,1966,"2.28",,N,Flow,Seasonal,N,N,N,ASSUMED DATUM,VANCOUVER,"",N
08NJ146,"AIRPORT CREEK NEAR BRILLIANT",BC,Discontinued,49.31111,-117.59861,1961,1966,"0.340",,N,Flow,Seasonal,N,N,N,,VANCOUVER,"",N
08NJ147,"THOMPSON CREEK NEAR WILLOW POINT",BC,Discontinued,49.57056,-117.24806,1963,1967,"0.540",,R,Flow,Seasonal,N,N,N,ASSUMED DATUM,VANCOUVER,"",N
08NJ149,"GLADE CREEK NEAR SHOREACRES",BC,Discontinued,49.37639,-117.53667,1964,1968,"29.3",,N,Flow,Seasonal,N,N,N,,VANCOUVER,"",N
08NJ150,"LITTLE MCPHEE CREEK NEAR BRILLIANT",BC,Discontinued,49.32778,-117.59389,1964,1966,"8.29",,N,Flow,Seasonal,N,N,N,,VANCOUVER,"",N
08NJ151,"MCPHEE CREEK NEAR BRILLIANT",BC,Discontinued,49.33361,-117.57444,1964,1966,"35.5",,N,Flow,Seasonal,N,N,N,,VANCOUVER,"",N
08NJ152,"WOLVERTON CREEK NEAR SLOCAN PARK",BC,Discontinued,49.52000,-117.63806,1965,1971,"14.5",,N,Flow,Seasonal,N,N,N,,VANCOUVER,"",N
08NJ153,"SUTHERLAND CREEK ABOVE POWER LINE",BC,Discontinued,49.51444,-117.28972,1965,1974,"1.86",,N,Flow,Seasonal,N,N,N,ASSUMED DATUM,VANCOUVER,"",N
08NJ154,"SHER CREEK NEAR CRESCENT VALLEY",BC,Discontinued,49.45472,-117.59861,1966,1969,"1.30",,N,Flow,Seasonal,N,N,N,ASSUMED DATUM,VANCOUVER,"",N
08NJ155,"VAN WAGNER CREEK (EAST FORK) NEAR NELSON",BC,Discontinued,49.51750,-117.28444,1966,1970,"",,N,Flow,Seasonal,N,N,N,,VANCOUVER,"",N
08NJ156,"VAN WAGNER CREEK (WEST FORK) NEAR NELSON",BC,Discontinued,49.51694,-117.28417,1966,1970,"",,N,Flow,Seasonal,N,N,N,,VANCOUVER,"",N
08NJ157,"MCDERMID CREEK NEAR KRESTOVA",BC,Discontinued,49.45389,-117.60222,1966,1969,"3.37",,N,Flow,Seasonal,N,N,N,,VANCOUVER,"",N
08NJ158,"KOOTENAY LAKE OUTFLOW NEAR CORRA LINN",BC,Active,49.46694,-117.46500,1937,2024,"46400",,R,Flow,Continuous,N,N,N,ASSUMED DATUM,VANCOUVER,"WEST KOOTENAY POWER",Y
08NJ159,"GOOSE CREEK AT PROVINCIAL FOREST ROAD",BC,Discontinued,49.41806,-117.65278,1970,1973,"26.7",,N,Flow,Seasonal,N,N,N,ASSUMED DATUM,VANCOUVER,"",N
08NJ160,"LEMON CREEK ABOVE SOUTH LEMON CREEK",BC,Active,49.69712,-117.44597,1973,2024,"181",,N,Flow and Level,Continuous,N,N,Y,ASSUMED DATUM,VANCOUVER,"",N
08NJ161,"BAGLEY CREEK NEAR BALFOUR",BC,Discontinued,49.61806,-117.08472,1927,1930,"2.59",,N,Flow,Seasonal,N,N,N,,VANCOUVER,"",N
08NJ162,"SMOKY CREEK ABOVE DIVERSIONS",BC,Discontinued,49.46583,-117.51778,1981,1993,"5.59",,N,Flow,Continuous,Y,N,N,ASSUMED DATUM,VANCOUVER,"",N
08NJ163,"FALLS CREEK ABOVE B.I.D. DIVERSION",BC,Discontinued,49.48722,-117.49778,1981,1988,"29.4",,N,Flow,Seasonal,N,N,N,ASSUMED DATUM,VANCOUVER,"",N
08NJ164,"CADDEN CREEK ABOVE DIVERSIONS",BC,Discontinued,50.11167,-117.48556,1982,1998,"6.70",,N,Flow,Seasonal,N,N,N,ASSUMED DATUM,VANCOUVER,"",N
08NJ165,"ELLIOTT CREEK ABOVE DIVERSIONS",BC,Discontinued,49.67722,-117.48500,1982,1994,"",,N,Flow,Seasonal,N,N,N,ASSUMED DATUM,VANCOUVER,"",N
08NJ166,"DUMONT CREEK NEAR WINLAW",BC,Discontinued,49.61250,-117.53500,1982,1985,"",,N,Flow,Seasonal,N,N,N,ASSUMED DATUM,VANCOUVER,"",N
08NJ167,"SANDY CREEK ABOVE RELKOFF DIVERSION",BC,Discontinued,49.48083,-117.35833,1982,1998,"11.1",,N,Flow,Seasonal,N,N,N,ASSUMED DATUM,VANCOUVER,"",N
08NJ168,"FIVE MILE CREEK ABOVE CITY INTAKE",BC,Discontinued,49.51854,-117.21164,1983,2015,"47.7",,N,Flow and Level,Continuous,Y,N,N,ASSUMED DATUM,VANCOUVER,"",N
08NJ169,"AIRY CREEK ABOVE DIVERSIONS",BC,Discontinued,49.58972,-117.20694,1983,1983,"",,R,Flow,Seasonal,N,N,N,ASSUMED DATUM,VANCOUVER,"",N
08NJ170,"BIRD CREEK ABOVE DIVERSION",BC,Discontinued,49.45306,-117.45667,1983,1983,"6.61",,N,Flow,Seasonal,N,N,N,ASSUMED DATUM,VANCOUVER,"",N
08NJ171,"KITTO CREEK ABOVE DIVERSIONS",BC,Discontinued,49.61472,-117.10472,1983,1984,"",,N,Flow,Seasonal,N,N,N,ASSUMED DATUM,VANCOUVER,"",N
08NJ172,"CONNOR CREEK NEAR THE MOUTH",BC,Discontinued,49.43722,-117.49056,2001,2004,"",,N,Flow,Continuous,N,N,N,ASSUMED DATUM,VANCOUVER,"",N
08NK001,"ELK RIVER AT ELKO",BC,Discontinued,49.28056,-115.09861,1916,1965,"3550",,R,Flow and Level,Continuous,N,N,N,ASSUMED DATUM,VANCOUVER,"",N
08NK002,"ELK RIVER AT FERNIE",BC,Active,49.50347,-115.07013,1925,2024,"3090",,N,Flow and Level,Continuous,Y,N,Y,ASSUMED DATUM,VANCOUVER,"",N
08NK004,"LIZARD CREEK NEAR FERNIE",BC,Discontinued,49.48917,-115.10417,1929,1945,"36.8",,N,Flow,Seasonal,N,N,N,ASSUMED DATUM,VANCOUVER,"",N
08NK005,"ELK RIVER AT PHILLIPS BRIDGE",BC,Discontinued,49.21500,-115.11056,1926,1996,"4450",,R,Flow,Continuous,N,N,N,ASSUMED DATUM,VANCOUVER,"",N
08NK006,"RAYMOND CREEK NEAR ELKO",BC,Discontinued,49.20444,-115.08333,1927,1929,"",,N,Flow,Seasonal,N,N,N,,VANCOUVER,"",N
08NK007,"QUAIL CREEK NEAR HOSMER",BC,Discontinued,49.57056,-114.99000,1927,1929,"",,N,Flow,Seasonal,N,N,N,,VANCOUVER,"",N
08NK008,"MAGUIRE CREEK NEAR GRASMERE",BC,Discontinued,49.17639,-115.09583,1927,1961,"",,N,Flow,Seasonal,N,N,N,,VANCOUVER,"",N
08NK011,"HARTLEY CREEK NEAR FERNIE",BC,Discontinued,49.56694,-115.01667,1938,1945,"",,N,Flow,Seasonal,N,N,N,,VANCOUVER,"",N
08NK012,"ELK RIVER AT STANLEY PARK",BC,Discontinued,49.31167,-115.05111,1970,1970,"3520",,N,Flow,Miscellaneous,N,N,N,,VANCOUVER,"",N
08NK013,"AQUEDUCT CREEK NEAR NATAL",BC,Discontinued,49.73667,-114.84583,1947,1952,"1.19",,N,Flow,Seasonal,N,N,N,,VANCOUVER,"",N
08NK014,"QUALTIERI CREEK NEAR NATAL",BC,Discontinued,49.74167,-114.85139,1947,1951,"0.620",,N,Flow,Seasonal,N,N,N,,VANCOUVER,"",N
08NK016,"ELK RIVER NEAR NATAL",BC,Active,49.86562,-114.86868,1953,2024,"1840",,N,Flow and Level,Continuous,Y,N,N,ASSUMED DATUM,VANCOUVER,"",N
08NK017,"WHITING CREEK NEAR NATAL",BC,Discontinued,49.77194,-114.90056,1963,1966,"",,N,Flow,Seasonal,N,N,N,,VANCOUVER,"",N
08NK018,"FORDING RIVER AT THE MOUTH",BC,Active,49.89396,-114.86666,1970,2024,"621",,N,Flow and Level,Continuous,Y,N,Y,ASSUMED DATUM,VANCOUVER,"",N
08NK019,"GRAVE CREEK AT THE MOUTH",BC,Discontinued,49.84333,-114.86000,1970,1999,"83.9",,N,Flow,Continuous,Y,N,N,ASSUMED DATUM,VANCOUVER,"",N
08NK020,"MICHEL CREEK BELOW NATAL",BC,Discontinued,49.73028,-114.85667,1970,1998,"637",,N,Flow,Continuous,Y,N,N,,VANCOUVER,"",N
08NK021,"FORDING RIVER BELOW CLODE CREEK",BC,Discontinued,50.20139,-114.88250,1971,1995,"104",,N,Flow,Continuous,Y,N,N,ASSUMED DATUM,VANCOUVER,"",N
08NK022,"LINE CREEK AT THE MOUTH",BC,Active,49.89149,-114.83336,1971,2024,"138",,N,Flow and Level,Continuous,Y,N,Y,ASSUMED DATUM,VANCOUVER,"",N
08NK025,"FORDING RIVER ABOVE CLODE CREEK",BC,Discontinued,50.20111,-114.88250,1975,1975,"96.3",,N,Flow,Continuous,Y,N,N,ASSUMED DATUM,VANCOUVER,"",N
08NK026,"HOSMER CREEK ABOVE DIVERSIONS",BC,Active,49.58525,-114.95689,1984,2024,"6.40",,N,Flow and Level,Continuous,N,N,Y,ASSUMED DATUM,VANCOUVER,"",N
08NK027,"ELK RIVER BELOW WEARY CREEK",BC,Discontinued,50.38250,-114.92194,1982,1998,"334",,N,Flow,Continuous,N,N,N,ASSUMED DATUM,VANCOUVER,"",N
08NK028,"MICHEL CREEK ABOVE CORBIN CREEK",BC,Discontinued,49.51222,-114.67583,1984,1995,"35.9",,N,Flow,Seasonal,N,N,N,ASSUMED DATUM,VANCOUVER,"",N
08NK029,"KILMARNOCK CREEK NEAR THE MOUTH",BC,Discontinued,50.16889,-114.86083,1984,1995,"43.0",,N,Flow,Seasonal,N,N,N,ASSUMED DATUM,VANCOUVER,"",N
08NK030,"ELK RIVER BELOW ELKO DAM DIVERSION",BC,Active,49.28806,-115.10361,2009,2024,"",,R,Flow and Level,Continuous,N,N,Y,ASSUMED DATUM,VANCOUVER,"",N
08NK031,"ELK RIVER AT ELKO DAM FOREBAY",BC,Active,49.29042,-115.10522,2019,2024,"",,R,Flow and Level,Continuous,N,N,Y,ASSUMED DATUM,VANCOUVER,"",N
08NKX30,"ELK RIVER BELOW ELKO DAM DIVERSION (AUXILIARY)",BC,Discontinued,49.28806,-115.10361,2019,2022,"",,R,Flow and Level,Continuous,N,N,N,ASSUMED DATUM,VANCOUVER,"",N
08NKX31,"ELK RIVER AT ELKO DAM FOREBAY (AUXILIARY)",BC,Active,49.29042,-115.10522,2019,2024,"",,R,Flow and Level,Continuous,N,N,Y,ASSUMED DATUM,VANCOUVER,"",N
08NL004,"ASHNOLA RIVER NEAR KEREMEOS",BC,Active,49.20763,-119.99352,1947,2024,"1050",,N,Flow and Level,Continuous,N,Y,Y,ASSUMED DATUM,VANCOUVER,"",N
08NL005,"TULAMEEN RIVER NEAR PRINCETON",BC,Discontinued,49.44833,-120.53167,1919,1920,"",,N,Flow,Seasonal,N,N,N,,VANCOUVER,"",N
08NL006,"SIMILKAMEEN RIVER NEAR KEREMEOS",BC,Discontinued,49.22111,-119.95778,1914,1932,"5960",,N,Flow,Continuous,N,N,N,ASSUMED DATUM,VANCOUVER,"",N
08NL007,"SIMILKAMEEN RIVER AT PRINCETON",BC,Active,49.45970,-120.50353,1939,2024,"1810",,N,Flow and Level,Continuous,N,Y,Y,ASSUMED DATUM,VANCOUVER,"",N
08NL008,"TULAMEEN RIVER AT COALMONT",BC,Discontinued,49.50833,-120.69167,1917,1954,"1370",,N,Flow,Continuous,N,N,N,,VANCOUVER,"",N
08NL009,"HEDLEY CREEK NEAR HEDLEY",BC,Discontinued,49.38889,-120.08056,1913,1916,"",,N,Flow,Miscellaneous,N,N,N,,VANCOUVER,"",N
08NL010,"KEREMEOS CREEK NEAR OLALLA",BC,Discontinued,49.26444,-119.82444,1947,1971,"183",,R,Flow,Continuous,N,N,N,ASSUMED DATUM,VANCOUVER,"",N
08NL011,"OLALLA CREEK AT OLALLA",BC,Discontinued,49.26389,-119.83333,1919,1921,"",,N,Flow,Seasonal,N,N,N,,VANCOUVER,"",N
08NL012,"ALLISON CREEK NEAR PRINCETON",BC,Discontinued,49.46361,-120.46889,1919,1983,"593",,R,Flow,Seasonal,N,N,N,ASSUMED DATUM,VANCOUVER,"",N
08NL013,"SUMMERS CREEK AT THE MOUTH",BC,Discontinued,49.53556,-120.51528,1919,1966,"",,N,Flow,Seasonal,N,N,N,,VANCOUVER,"",N
08NL014,"KEREMEOS CREEK ABOVE MARSEL CREEK",BC,Discontinued,49.33333,-119.81667,1912,1928,"68.6",,N,Flow,Miscellaneous,N,N,N,,VANCOUVER,"",N
08NL015,"ASP CREEK NEAR PRINCETON",BC,Discontinued,49.48722,-120.56278,1960,1969,"51.8",,N,Flow,Seasonal,N,N,N,,VANCOUVER,"",N
08NL018,"HAYES CREEK NEAR JURA",BC,Discontinued,49.52444,-120.41111,1924,1927,"",,R,Flow,Seasonal,N,N,N,,VANCOUVER,"",N
08NL019,"SUMMERS CREEK NEAR PRINCETON",BC,Discontinued,49.63833,-120.50833,1922,1927,"",,N,Flow,Seasonal,N,N,N,,VANCOUVER,"",N
08NL020,"HAYES CREEK NEAR PRINCETON",BC,Discontinued,49.47000,-120.37778,1925,1949,"751",,N,Flow,Seasonal,N,N,N,,VANCOUVER,"",N
08NL021,"GRANITE CREEK AT THE MOUTH",BC,Discontinued,49.50417,-120.67722,1977,1979,"264",,N,Flow,Miscellaneous,N,N,N,ASSUMED DATUM,VANCOUVER,"B.C. MINISTRY OF ENVIRONMENT",Y
08NL022,"SIMILKAMEEN RIVER NEAR NIGHTHAWK",BC,Active,48.98472,-119.61722,1928,2024,"9190",,R,Flow,Continuous,N,N,Y,ASSUMED DATUM,VANCOUVER,"WATER SURVEY OF CANADA (DOE) (CANADA)",N
08NL023,"OTTER CREEK AT TULAMEEN",BC,Discontinued,49.54556,-120.75333,1947,1985,"673",,R,Flow,Continuous,N,N,N,ASSUMED DATUM,VANCOUVER,"",N
08NL024,"TULAMEEN RIVER AT PRINCETON",BC,Active,49.45771,-120.51857,1952,2024,"1780",,N,Flow and Level,Continuous,N,N,Y,ASSUMED DATUM,VANCOUVER,"",N
08NL025,"WOLFE CREEK NEAR PRINCETON",BC,Discontinued,49.43611,-120.30694,1912,1967,"227",,N,Flow,Miscellaneous,N,N,N,,VANCOUVER,"",N
08NL033,"LITTLE MUDDY CREEK NEAR MANNING PARK",BC,Discontinued,49.06111,-120.80139,1960,1970,"25.9",,R,Flow,Seasonal,N,N,N,,VANCOUVER,"",N
08NL034,"SMITH CREEK NEAR HEDLEY",BC,Discontinued,49.37972,-120.19056,1965,1987,"127",,R,Flow,Continuous,N,N,N,ASSUMED DATUM,VANCOUVER,"",N
08NL035,"SOUKUP CREEK NEAR HEDLEY",BC,Discontinued,49.40500,-120.26278,1964,1979,"22.3",,N,Flow,Continuous,N,N,N,ASSUMED DATUM,VANCOUVER,"",N
08NL036,"WHIPSAW CREEK BELOW LAMONT CREEK",BC,Discontinued,49.36917,-120.56972,1965,1999,"185",,N,Flow,Continuous,N,N,N,ASSUMED DATUM,VANCOUVER,"",N
08NL037,"TREHEARNE CREEK NEAR PRINCETON",BC,Discontinued,49.58972,-120.39250,1964,1979,"16.1",,N,Flow,Continuous,N,N,N,ASSUMED DATUM,VANCOUVER,"",N
08NL038,"SIMILKAMEEN RIVER NEAR HEDLEY",BC,Active,49.37697,-120.15231,1965,2024,"5580",,N,Flow and Level,Continuous,Y,Y,Y,ASSUMED DATUM,VANCOUVER,"",N
08NL039,"SIWASH CREEK NEAR PRINCETON",BC,Active,49.66281,-120.33553,1967,2024,"263",,R,Flow and Level,Continuous,N,N,Y,ASSUMED DATUM,VANCOUVER,"",N
08NL040,"RICHTER CREEK NEAR OSOYOOS",BC,Discontinued,49.05444,-119.63278,1966,1977,"15.3",,N,Flow,Miscellaneous,N,N,N,ASSUMED DATUM,VANCOUVER,"",N
08NL041,"WOLFE CREEK AT OUTLET OF ISSITZ LAKE",BC,Discontinued,49.42778,-120.34667,1968,1981,"215",,N,Flow,Continuous,N,N,N,ASSUMED DATUM,VANCOUVER,"",N
08NL042,"ISSITZ LAKE NEAR PRINCETON",BC,Discontinued,49.42833,-120.34667,1970,1981,"",,N,Level,Continuous,N,N,N,ASSUMED DATUM,VANCOUVER,"",N
08NL043,"SUMMERS CREEK AT OUTLET OF MISSEZULA LAKE",BC,Discontinued,49.76667,-120.49583,1970,1980,"123",,R,Flow,Seasonal,N,N,N,ASSUMED DATUM,VANCOUVER,"",N
08NL044,"KEREMEOS CREEK AT MIDDLE BENCH ROAD",BC,Discontinued,49.21028,-119.79833,1971,1977,"221",,R,Flow,Seasonal,N,N,N,ASSUMED DATUM,VANCOUVER,"",N
08NL045,"KEREMEOS CREEK BELOW WILLIS INTAKE",BC,Active,49.25890,-119.82579,1971,2024,"181",,R,Flow and Level,Continuous,N,N,Y,ASSUMED DATUM,VANCOUVER,"",N
08NL046,"MISSEZULA LAKE NEAR PRINCETON",BC,Discontinued,49.76667,-120.50000,1976,1982,"",,R,Level,Continuous,N,N,N,ASSUMED DATUM,VANCOUVER,"",N
08NL047,"YELLOW LAKE NEAR KEREMEOS",BC,Discontinued,49.33611,-119.75556,1973,1981,"",,R,Level,Seasonal,N,N,N,ASSUMED DATUM,VANCOUVER,"B.C. MINISTRY OF ENVIRONMENT",Y
08NL048,"SHINISH CREEK NEAR PRINCETON",BC,Discontinued,49.67556,-120.27194,1973,1973,"",,N,Flow,Miscellaneous,N,N,N,,VANCOUVER,"B.C. MINISTRY OF ENVIRONMENT",Y
08NL049,"ASHNOLA RIVER BELOW YOUNG CREEK",BC,Discontinued,49.14889,-120.26111,1973,1975,"469",,N,Flow,Miscellaneous,N,N,N,ASSUMED DATUM,VANCOUVER,"B.C. MINISTRY OF ENVIRONMENT",Y
08NL050,"HEDLEY CREEK NEAR THE MOUTH",BC,Active,49.35894,-120.07264,1974,2024,"388",,N,Flow and Level,Continuous,N,N,Y,ASSUMED DATUM,VANCOUVER,"",N
08NL051,"HAYES CREEK BELOW SHINISH CREEK",BC,Discontinued,49.66750,-120.30278,1973,1986,"112",,R,Flow,Seasonal,N,N,N,ASSUMED DATUM,VANCOUVER,"B.C. MINISTRY OF ENVIRONMENT",Y
08NL052,"CHAIN LAKE AT THE OUTLET",BC,Discontinued,49.69111,-120.28028,1976,1986,"",,R,Level,Continuous,N,N,N,ASSUMED DATUM,VANCOUVER,"B.C. MINISTRY OF ENVIRONMENT",Y
08NL053,"SUMMERS CREEK NEAR THE MOUTH",BC,Discontinued,49.53528,-120.51528,1973,1985,"",,R,Flow,Seasonal,N,N,N,ASSUMED DATUM,VANCOUVER,"B.C. MINISTRY OF ENVIRONMENT",Y
08NL054,"SUMMERS CREEK BELOW DILLARD CREEK",BC,Discontinued,49.76472,-120.49667,1981,1981,"123",,R,Flow,Seasonal,N,N,N,ASSUMED DATUM,VANCOUVER,"",N
08NL055,"DILLARD CREEK NEAR THE MOUTH",BC,Discontinued,49.76694,-120.49444,1973,1974,"39.1",,N,Flow,Miscellaneous,N,N,N,ASSUMED DATUM,VANCOUVER,"B.C. MINISTRY OF ENVIRONMENT",Y
08NL056,"ALLISON CREEK ABOVE SUMMERS CREEK",BC,Discontinued,49.53583,-120.51806,1973,1981,"207",,R,Flow,Seasonal,N,N,N,ASSUMED DATUM,VANCOUVER,"B.C. MINISTRY OF ENVIRONMENT",Y
08NL057,"ALLISON CREEK AT OUTLET OF ALLISON LAKE",BC,Discontinued,49.68111,-120.60500,1974,1981,"76.1",,R,Flow,Seasonal,N,N,N,ASSUMED DATUM,VANCOUVER,"B.C. MINISTRY OF ENVIRONMENT",Y
08NL058,"ALLISON LAKE NEAR PRINCETON",BC,Discontinued,49.68167,-120.60417,1973,1981,"",,R,Level,Seasonal,N,N,N,ASSUMED DATUM,VANCOUVER,"B.C. MINISTRY OF ENVIRONMENT",Y
08NL059,"OTTER LAKE NEAR TULAMEEN",BC,Discontinued,49.55083,-120.75556,1977,1985,"",,R,Level,Continuous,N,N,N,ASSUMED DATUM,VANCOUVER,"",N
08NL060,"OTTER CREEK BELOW SPEARING CREEK",BC,Discontinued,49.76806,-120.77083,1975,1982,"409",,N,Flow,Continuous,N,N,N,ASSUMED DATUM,VANCOUVER,"",N
08NL061,"DAVIS LAKE NEAR THALIA",BC,Discontinued,49.85778,-120.72639,1973,1976,"",,R,Level,Seasonal,N,N,N,ASSUMED DATUM,VANCOUVER,"B.C. MINISTRY OF ENVIRONMENT",Y
08NL062,"SIMILKAMEEN RIVER BELOW CHUWANTEN CREEK",BC,Discontinued,49.05750,-120.72667,1973,1975,"355",,N,Flow,Seasonal,N,N,N,ASSUMED DATUM,VANCOUVER,"B.C. MINISTRY OF ENVIRONMENT",Y
08NL064,"LORNE LAKE NEAR PRINCETON",BC,Discontinued,49.40500,-120.41472,1973,1975,"",,N,Level,Seasonal,N,N,N,ASSUMED DATUM,VANCOUVER,"B.C. MINISTRY OF ENVIRONMENT",Y
08NL065,"NICKEL PLATE LAKE NEAR HEDLEY",BC,Discontinued,49.39528,-119.96194,1975,1979,"",,R,Level,Seasonal,N,N,N,ASSUMED DATUM,VANCOUVER,"B.C. MINISTRY OF ENVIRONMENT",Y
08NL067,"TULAMEEN RIVER NEAR TULAMEEN",BC,Discontinued,49.54056,-120.80000,1976,1979,"619",,N,Flow,Seasonal,N,N,N,ASSUMED DATUM,VANCOUVER,"B.C. MINISTRY OF ENVIRONMENT",Y
08NL068,"NICKEL PLATE RESERVOIR OUTFLOW",BC,Discontinued,49.39417,-119.96639,1975,1976,"6.73",,R,Flow,Seasonal,N,N,N,ASSUMED DATUM,VANCOUVER,"B.C. MINISTRY OF ENVIRONMENT",Y
08NL069,"PASAYTEN RIVER ABOVE CALCITE CREEK",BC,Active,49.09893,-120.57937,1975,2024,"566",,N,Flow and Level,Continuous,N,N,N,ASSUMED DATUM,VANCOUVER,"",N
08NL070,"SIMILKAMEEN RIVER ABOVE GOODFELLOW CREEK",BC,Active,49.09410,-120.67255,1974,2024,"408",,N,Flow and Level,Continuous,N,Y,N,ASSUMED DATUM,VANCOUVER,"",N
08NL071,"TULAMEEN RIVER BELOW VUICH CREEK",BC,Active,49.46568,-120.97891,1974,2024,"253",,N,Flow and Level,Continuous,N,N,Y,ASSUMED DATUM,VANCOUVER,"",N
08NL072,"ASHNOLA RIVER ABOVE YOUNG CREEK",BC,Discontinued,49.13417,-120.29028,1975,1979,"",,N,Flow,Seasonal,N,N,N,ASSUMED DATUM,VANCOUVER,"B.C. MINISTRY OF ENVIRONMENT",Y
08NL073,"YOUNG CREEK NEAR THE MOUTH",BC,Discontinued,49.14722,-120.26861,1974,1978,"",,N,Flow,Miscellaneous,N,N,N,ASSUMED DATUM,VANCOUVER,"B.C. MINISTRY OF ENVIRONMENT",Y
08NL074,"LITTLE MUDDY CREEK BELOW LIGHTNING LAKE",BC,Discontinued,49.06250,-120.81667,1975,1977,"",,R,Flow,Seasonal,N,N,N,ASSUMED DATUM,VANCOUVER,"B.C. MINISTRY OF ENVIRONMENT",Y
08NL075,"SIMILKAMEEN RIVER ABOVE MEMALOOSE CREEK",BC,Discontinued,49.11611,-120.83528,1986,1986,"",,N,Flow,Seasonal,N,N,N,ASSUMED DATUM,VANCOUVER,"B.C. MINISTRY OF ENVIRONMENT",Y
08NL076,"EWART CREEK NEAR CATHEDRAL PARK",BC,Active,49.13250,-120.03781,1998,2024,"",,N,Flow and Level,Continuous,N,N,Y,ASSUMED DATUM,VANCOUVER,"",N
08NM001,"OKANAGAN RIVER NEAR FAIRVIEW",BC,Discontinued,49.13611,-119.57778,1914,1914,"",,N,Flow,Seasonal,N,N,N,,VANCOUVER,"",N
08NM002,"OKANAGAN RIVER AT OKANAGAN FALLS",BC,Active,49.34205,-119.58041,1915,2024,"6720",,R,Flow and Level,Continuous,N,N,Y,ASSUMED DATUM,VANCOUVER,"",N
08NM003,"LAMBLY CREEK NEAR THE MOUTH",BC,Discontinued,49.92778,-119.51056,1919,1975,"272",,R,Flow,Seasonal,N,N,N,ASSUMED DATUM,VANCOUVER,"",N
08NM004,"KLO CREEK NEAR KELOWNA",BC,Discontinued,49.81667,-119.36250,1919,1922,"77.7",,N,Flow,Seasonal,N,N,N,ASSUMED DATUM,VANCOUVER,"",N
08NM005,"MCLEAN CREEK NEAR OKANAGAN FALLS",BC,Discontinued,49.34667,-119.52306,1921,1926,"20.7",,N,Flow,Seasonal,N,N,N,,VANCOUVER,"",N
08NM006,"SHUTTLEWORTH CREEK NEAR OKANAGAN FALLS",BC,Discontinued,49.33056,-119.51528,1921,1964,"85.2",,R,Flow,Seasonal,N,N,N,,VANCOUVER,"",N
08NM007,"CHUTE CREEK NEAR NARAMATA",BC,Discontinued,49.67778,-119.53333,1920,1922,"32.4",,N,Flow,Seasonal,N,N,N,,VANCOUVER,"",N
08NM008,"VERNON CREEK ABOVE DIVERSIONS",BC,Discontinued,50.02000,-119.40111,1919,1919,"90.7",,R,Flow,Seasonal,N,N,N,,VANCOUVER,"",N
08NM009,"VERNON CREEK AT INLET TO WOOD LAKE",BC,Discontinued,50.04944,-119.40556,1969,1987,"151",,R,Flow,Continuous,N,N,N,ASSUMED DATUM,VANCOUVER,"",N
08NM010,"HYDRAULIC CREEK NEAR THE MOUTH",BC,Discontinued,49.84056,-119.33250,1976,1982,"89.6",,R,Flow,Continuous,N,N,N,ASSUMED DATUM,VANCOUVER,"",N
08NM011,"HYDRAULIC CREEK AT OUTLET OF MCCULLOCH RESERVOIR",BC,Discontinued,49.78361,-119.18444,1976,1986,"",,R,Flow,Continuous,N,N,N,ASSUMED DATUM,VANCOUVER,"B.C. MINISTRY OF ENVIRONMENT",Y
08NM012,"INKANEEP CREEK NEAR OLIVER (LOWER STATION)",BC,Discontinued,49.11667,-119.49167,1920,1950,"164",,N,Flow,Seasonal,N,N,N,ASSUMED DATUM,VANCOUVER,"",N
08NM013,"JACK CREEK AT THE MOUTH",BC,Discontinued,49.81806,-119.74861,1919,1919,"40.4",,R,Flow,Seasonal,N,N,N,,VANCOUVER,"",N
08NM014,"MCDOUGALL CREEK NEAR WESTBANK",BC,Discontinued,49.87917,-119.58889,1923,1929,"38.9",,R,Flow,Miscellaneous,N,N,N,ASSUMED DATUM,VANCOUVER,"",N
08NM015,"VASEUX CREEK ABOVE DUTTON CREEK",BC,Discontinued,49.26222,-119.47417,1958,1982,"255",,N,Flow,Continuous,N,N,N,ASSUMED DATUM,VANCOUVER,"",N
08NM016,"MISSION CREEK NEAR RUTLAND",BC,Discontinued,49.85222,-119.33722,1942,1946,"622",,R,Flow,Continuous,N,N,N,,VANCOUVER,"",N
08NM017,"BELGO CREEK NEAR RUTLAND",BC,Discontinued,50.00278,-119.07833,1921,1921,"38.9",,R,Flow,Miscellaneous,N,N,N,,VANCOUVER,"",N
08NM018,"HILDA CREEK NEAR RUTLAND",BC,Discontinued,50.00333,-119.07500,1920,1920,"18.1",,N,Flow,Seasonal,N,N,N,ASSUMED DATUM,VANCOUVER,"",N
08NM019,"BLACK MOUNTAIN IRRIGATION DIVERSION NEAR KELOWNA",BC,Discontinued,49.85694,-119.29944,1920,1930,"",,R,Flow,Seasonal,N,N,N,,VANCOUVER,"",N
08NM020,"B.X. CREEK ABOVE VERNON INTAKE",BC,Discontinued,50.30083,-119.20833,1959,1999,"55.7",,R,Flow,Continuous,N,N,N,ASSUMED DATUM,VANCOUVER,"",N
08NM021,"VERNON CREEK AT VERNON",BC,Discontinued,50.26111,-119.27028,1921,1960,"593",,R,Flow,Seasonal,N,N,N,,VANCOUVER,"",N
08NM022,"VERNON CREEK AT OUTLET OF SWALWELL LAKE",BC,Discontinued,50.04306,-119.24306,1969,1998,"62.4",,R,Flow,Continuous,N,N,N,ASSUMED DATUM,VANCOUVER,"",N
08NM023,"DARKE CREEK NORTHWEST FORK",BC,Discontinued,49.71111,-119.86667,1922,1922,"13.2",,N,Flow,Miscellaneous,N,N,N,ASSUMED DATUM,VANCOUVER,"",N
08NM024,"EQUESIS CREEK NEAR VERNON",BC,Discontinued,50.30944,-119.43778,1921,1926,"179",,R,Flow,Seasonal,N,N,N,,VANCOUVER,"",N
08NM025,"DARKE CREEK AT MEADOW VALLEY",BC,Discontinued,49.66556,-119.80833,1922,1922,"54.9",,R,Flow,Miscellaneous,N,N,N,ASSUMED DATUM,VANCOUVER,"",N
08NM026,"KELOWNA CREEK NEAR RUTLAND (UPPER STATION)",BC,Discontinued,49.98611,-119.35333,1920,1922,"67.3",,R,Flow,Seasonal,N,N,N,,VANCOUVER,"",N
08NM028,"OYAMA CREEK OYAMA DIVERSION",BC,Discontinued,50.11528,-119.33056,1920,1931,"",,R,Flow,Seasonal,N,N,N,,VANCOUVER,"",N
08NM029,"PEACHLAND CREEK NEAR PEACHLAND",BC,Discontinued,49.75500,-119.81333,1919,1922,"122",,R,Flow,Seasonal,N,N,N,,VANCOUVER,"",N
08NM030,"PEACHLAND CREEK MUNICIPAL IRRIGATION DIVERSION",BC,Discontinued,49.75778,-119.81611,1924,1926,"",,R,Flow,Miscellaneous,N,N,N,ASSUMED DATUM,VANCOUVER,"",N
08NM031,"PENTICTON CREEK BELOW DIVERSION",BC,Discontinued,49.49000,-119.56000,1920,1921,"",,R,Flow,Seasonal,N,N,N,ASSUMED DATUM,VANCOUVER,"",N
08NM032,"PENTICTON CREEK MAIN DIVERSION",BC,Discontinued,49.49167,-119.55972,1919,1966,"",,R,Flow,Seasonal,N,N,N,ASSUMED DATUM,VANCOUVER,"",N
08NM033,"POWERS CREEK ABOVE WESTBANK DIVERSION",BC,Discontinued,49.85861,-119.67028,1920,1974,"128",,N,Flow,Seasonal,N,N,N,ASSUMED DATUM,VANCOUVER,"",N
08NM034,"POWERS CREEK WESTBANK DIVERSION",BC,Discontinued,49.85417,-119.66722,1920,1931,"",,R,Flow,Seasonal,N,N,N,,VANCOUVER,"",N
08NM035,"BELLEVUE CREEK NEAR OKANAGAN MISSION",BC,Discontinued,49.79389,-119.46083,1969,1986,"73.3",,N,Flow,Continuous,N,N,N,ASSUMED DATUM,VANCOUVER,"",N
08NM036,"SCOTTY CREEK NEAR RUTLAND",BC,Discontinued,49.93139,-119.33333,1919,1964,"35.0",,N,Flow,Seasonal,N,N,N,,VANCOUVER,"",N
08NM037,"SHATFORD CREEK NEAR PENTICTON",BC,Active,49.42746,-119.75155,1966,2024,"101",,R,Flow and Level,Continuous,N,N,Y,ASSUMED DATUM,VANCOUVER,"",N
08NM038,"SHINGLE CREEK ABOVE KALEDEN DIVERSION",BC,Discontinued,49.51028,-119.79500,1920,1977,"44.8",,N,Flow,Seasonal,N,N,N,ASSUMED DATUM,VANCOUVER,"",N
08NM039,"HYDRAULIC CREEK DIVERSION NEAR KELOWNA",BC,Discontinued,49.83333,-119.35000,1919,1968,"",,R,Flow,Seasonal,N,N,N,,VANCOUVER,"",N
08NM040,"HYDRAULIC CREEK SOUTHEAST KELOWNA DIVERSION",BC,Discontinued,49.82639,-119.37111,1920,1930,"",,R,Flow,Seasonal,N,N,N,,VANCOUVER,"",N
08NM041,"TREPANIER CREEK NEAR PEACHLAND",BC,Discontinued,49.82582,-119.78702,1973,2016,"182",,R,Flow and Level,Continuous,N,N,N,ASSUMED DATUM,VANCOUVER,"",N
08NM042,"TROUT CREEK NEAR SUMMERLAND",BC,Discontinued,49.57083,-119.65000,1928,1928,"756",,R,Flow,Miscellaneous,N,N,N,,VANCOUVER,"",N
08NM043,"VERNON CREEK NEAR OKANAGAN CENTRE",BC,Discontinued,50.01389,-119.34361,1919,1963,"90.1",,R,Flow,Seasonal,N,N,N,ASSUMED DATUM,VANCOUVER,"",N
08NM044,"VERNON CREEK OKANAGAN CENTRE DIVERSION",BC,Discontinued,50.01389,-119.34306,1919,1963,"",,R,Flow,Seasonal,N,N,N,,VANCOUVER,"",N
08NM046,"WHITEMAN CREEK NEAR VERNON",BC,Discontinued,50.23083,-119.45250,1911,1970,"197",,R,Flow,Miscellaneous,N,N,N,ASSUMED DATUM,VANCOUVER,"",N
08NM047,"NASWHITO CREEK NEAR EWING'S LANDING",BC,Discontinued,50.29306,-119.46111,1921,1921,"81.8",,N,Flow,Seasonal,N,N,N,,VANCOUVER,"",N
08NM048,"OYAMA CREEK ABOVE WOOD LAKE IRRIGATION INTAKE",BC,Discontinued,50.11583,-119.33472,1973,1987,"44.0",,R,Flow,Continuous,N,N,N,ASSUMED DATUM,VANCOUVER,"",N
08NM049,"HORN CREEK NEAR KALEDEN",BC,Discontinued,49.40000,-119.65000,1920,1920,"",,N,Flow,Seasonal,N,N,N,,VANCOUVER,"",N
08NM050,"OKANAGAN RIVER AT PENTICTON",BC,Active,49.49852,-119.61536,1921,2024,"5980",,R,Flow and Level,Continuous,N,N,Y,ASSUMED DATUM,VANCOUVER,"",N
08NM052,"IRISH CREEK NEAR VERNON",BC,Discontinued,50.36306,-119.33861,1922,1922,"",,N,Flow,Seasonal,N,N,N,,VANCOUVER,"",N
08NM053,"KELOWNA CREEK NEAR KELOWNA (LOWER STATION)",BC,Discontinued,49.89472,-119.41833,1968,1998,"221",,R,Flow,Continuous,N,N,N,ASSUMED DATUM,VANCOUVER,"",N
08NM054,"TROUT CREEK NEAR FAULDER",BC,Discontinued,49.58750,-119.75417,1922,1954,"704",,R,Flow,Seasonal,N,N,N,,VANCOUVER,"",N
08NM055,"TROUT CREEK SUMMERLAND DIVERSION",BC,Discontinued,49.59917,-119.76444,1922,1931,"",,N,Flow,Seasonal,N,N,N,,VANCOUVER,"",N
08NM056,"ELLIS CREEK SOUTH MAIN DIVERSION",BC,Discontinued,49.47861,-119.55778,1922,1966,"",,R,Flow,Seasonal,N,N,N,,VANCOUVER,"",N
08NM057,"MISSION CREEK RUTLAND DIVERSION",BC,Discontinued,49.87500,-119.39111,1922,1930,"",,R,Flow,Seasonal,N,N,N,,VANCOUVER,"",N
08NM058,"LAMBLY CREEK NEAR KELOWNA",BC,Discontinued,49.96000,-119.55417,1924,1927,"246",,R,Flow,Seasonal,N,N,N,,VANCOUVER,"",N
08NM059,"POWERS CREEK BELOW WESTBANK DIVERSION",BC,Discontinued,49.84083,-119.65139,1965,1987,"139",,R,Flow,Continuous,N,N,N,ASSUMED DATUM,VANCOUVER,"",N
08NM060,"KLO CREEK DIVERSION NEAR KELOWNA",BC,Discontinued,49.83917,-119.37000,1923,1968,"",,R,Flow,Seasonal,N,N,N,,VANCOUVER,"",N
08NM061,"KELOWNA CREEK NEAR RUTLAND",BC,Discontinued,49.97889,-119.35306,1924,1931,"77.7",,R,Flow,Seasonal,N,N,N,,VANCOUVER,"",N
08NM062,"SWALWELL LAKE NEAR OKANAGAN CENTRE",BC,Discontinued,50.04306,-119.24306,1971,1994,"",,R,Level,Continuous,N,N,N,ASSUMED DATUM,VANCOUVER,"",N
08NM063,"PENTICTON CREEK LOT 19 DIVERSION",BC,Discontinued,49.50694,-119.56111,1926,1954,"",,R,Flow,Seasonal,N,N,N,,VANCOUVER,"",N
08NM065,"VERNON CREEK AT OUTLET OF KALAMALKA LAKE",BC,Active,50.23847,-119.26689,1959,2024,"569",,R,Flow and Level,Continuous,N,N,Y,ASSUMED DATUM,VANCOUVER,"",N
08NM066,"WOOD LAKE AT INLET TO OYAMA CANAL",BC,Discontinued,50.10972,-119.38250,1955,1973,"",,R,Level,Continuous,N,N,N,ASSUMED DATUM,VANCOUVER,"",N
08NM067,"ELLISON LAKE NEAR WINFIELD",BC,Discontinued,49.98472,-119.39639,1970,1980,"",,R,Level,Continuous,N,N,N,ASSUMED DATUM,VANCOUVER,"",N
08NM068,"HOWARD CREEK NEAR PENTICTON",BC,Discontinued,49.60556,-119.34667,1930,1930,"",,R,Flow,Seasonal,N,N,N,,VANCOUVER,"",N
08NM069,"REED CREEK NEAR PENTICTON",BC,Discontinued,49.58667,-119.37667,1930,1930,"",,R,Flow,Seasonal,N,N,N,,VANCOUVER,"",N
08NM070,"RIDDLE CREEK NEAR WEST SUMMERLAND",BC,Discontinued,49.50833,-119.79167,1930,1931,"33.4",,N,Flow,Seasonal,N,N,N,,VANCOUVER,"",N
08NM071,"OKANAGAN LAKE AT PENTICTON",BC,Discontinued,49.50167,-119.61083,1920,1974,"",,R,Level,Continuous,N,N,N,ASSUMED DATUM,VANCOUVER,"",N
08NM072,"OKANOGAN RIVER NEAR TONASKET",BC,Discontinued,48.63333,-119.46389,1929,1965,"18900",,R,Flow,Continuous,N,N,N,,VANCOUVER,"",N
08NM073,"OSOYOOS LAKE NEAR OROVILLE",BC,Active,48.95667,-119.43833,1930,2024,"",,R,Level,Continuous,N,N,Y,ASSUMED DATUM,VANCOUVER,"WATER SURVEY OF CANADA (DOE) (CANADA)",N
08NM074,"ELLIS CREEK NEAR PENTICTON",BC,Discontinued,49.47083,-119.38667,1955,1955,"51.9",,N,Flow,Miscellaneous,N,N,N,,VANCOUVER,"",N
08NM075,"DEEP CREEK NEAR VERNON (STATION NO. 3)",BC,Discontinued,50.36389,-119.28194,1930,1967,"207",,R,Flow,Miscellaneous,N,N,N,ASSUMED DATUM,VANCOUVER,"",N
08NM076,"PENTICTON CREEK ABOVE DIVERSION",BC,Discontinued,49.49167,-119.55278,1936,1941,"",,N,Flow,Seasonal,N,N,N,,VANCOUVER,"",N
08NM082,"INKANEEP CREEK NEAR OLIVER (UPPER STATION)",BC,Discontinued,49.11944,-119.36111,1977,1977,"70.4",,N,Flow,Miscellaneous,N,N,N,ASSUMED DATUM,VANCOUVER,"",N
08NM083,"OKANAGAN LAKE AT KELOWNA",BC,Active,49.88613,-119.49966,1943,2024,"",,R,Level,Continuous,N,N,Y,ASSUMED DATUM,VANCOUVER,"",N
08NM084,"SKAHA LAKE AT OKANAGAN FALLS",BC,Active,49.42642,-119.57508,1943,2024,"",,R,Level,Continuous,N,N,Y,ASSUMED DATUM,VANCOUVER,"",N
08NM085,"OKANAGAN RIVER NEAR OLIVER",BC,Active,49.11462,-119.56665,1945,2024,"7540",,R,Flow and Level,Continuous,N,N,Y,ASSUMED DATUM,VANCOUVER,"",N
08NM113,"OSOYOOS LAKE NEAR OSOYOOS",BC,Discontinued,49.02861,-119.46028,1977,2004,"",,R,Level,Continuous,N,N,N,GEODETIC SURVEY OF CANADA DATUM,VANCOUVER,"",N
08NM114,"OLIVER CANAL NEAR OLIVER",BC,Discontinued,49.25417,-119.52500,1949,1972,"",,R,Flow,Miscellaneous,N,N,N,ASSUMED DATUM,VANCOUVER,"",N
08NM116,"MISSION CREEK NEAR EAST KELOWNA",BC,Active,49.87793,-119.41347,1967,2024,"795",,R,Flow and Level,Continuous,N,N,Y,ASSUMED DATUM,VANCOUVER,"",N
08NM117,"KELOWNA CREEK AT RUTLAND STATION",BC,Discontinued,49.91806,-119.39194,1970,1975,"162",,R,Flow,Continuous,N,N,N,ASSUMED DATUM,VANCOUVER,"",N
08NM118,"PENTICTON CREEK AT THE MOUTH",BC,Discontinued,49.49639,-119.58389,1969,1972,"177",,R,Flow,Continuous,N,N,N,ASSUMED DATUM,VANCOUVER,"",N
08NM119,"DEEP CREEK AT ARMSTRONG",BC,Discontinued,50.44611,-119.20444,1960,1982,"135",,R,Flow,Continuous,N,N,N,ASSUMED DATUM,VANCOUVER,"",N
08NM120,"PARK RILL NEAR OLIVER",BC,Discontinued,49.23611,-119.57222,1951,1970,"160",,R,Flow,Seasonal,N,N,N,ASSUMED DATUM,VANCOUVER,"",N
08NM121,"WOLFCUB CREEK NEAR OLIVER",BC,Discontinued,49.18111,-119.52917,1952,1952,"68.6",,R,Flow,Seasonal,N,N,N,ASSUMED DATUM,VANCOUVER,"",N
08NM122,"ELLIS CREEK NORTH MAIN DIVERSION",BC,Discontinued,49.48056,-119.56250,1955,1957,"",,R,Flow,Seasonal,N,N,N,ASSUMED DATUM,VANCOUVER,"",N
08NM123,"B.X. CREEK BELOW SWAN LAKE CONTROL DAM",BC,Discontinued,50.27833,-119.27500,1959,1978,"120",,R,Flow,Continuous,N,N,N,ASSUMED DATUM,VANCOUVER,"",N
08NM124,"COLDSTREAM CREEK NEAR LAVINGTON",BC,Discontinued,50.24861,-119.07500,1965,1979,"61.9",,R,Flow,Continuous,N,N,N,ASSUMED DATUM,VANCOUVER,"",N
08NM125,"B.X. CREEK ABOVE SWAN LAKE CONTROL DAM",BC,Discontinued,50.29306,-119.26250,1959,1979,"",,R,Level,Continuous,N,N,N,ASSUMED DATUM,VANCOUVER,"",N
08NM126,"HAYNES CREEK NEAR OSOYOOS",BC,Discontinued,49.02417,-119.38583,1959,1964,"17.6",,N,Flow,Seasonal,N,N,N,,VANCOUVER,"",N
08NM127,"OKANOGAN RIVER AT OROVILLE",BC,Active,48.93083,-119.41917,1942,2024,"8210",,R,Flow,Continuous,N,N,Y,ASSUMED DATUM,VANCOUVER,"WATER SURVEY OF CANADA (DOE) (CANADA)",N
08NM129,"JOE RICH CREEK NEAR RUTLAND",BC,Discontinued,49.86000,-119.13083,1964,1987,"44.8",,R,Flow,Continuous,N,N,N,ASSUMED DATUM,VANCOUVER,"",N
08NM130,"TESTALINDEN CREEK NEAR OLIVER",BC,Discontinued,49.12028,-119.59028,1965,1968,"13.0",,R,Flow,Continuous,N,N,N,ASSUMED DATUM,VANCOUVER,"",N
08NM131,"OKANOGAN RIVER AT BRIDGE STREET AT OROVILLE",BC,Discontinued,48.93889,-119.42667,1950,1992,"8110",,R,Level,Continuous,N,N,N,ASSUMED DATUM,VANCOUVER,"",N
08NM132,"OKANOGAN RIVER AT ZOSEL MILLPOND AT OROVILLE",BC,Discontinued,48.93194,-119.41806,1950,1986,"8280",,R,Level,Continuous,N,N,N,ASSUMED DATUM,VANCOUVER,"",N
08NM133,"BULL CREEK NEAR CRUMP",BC,Discontinued,49.62083,-119.90278,1965,1986,"46.9",,N,Flow,Continuous,N,N,N,ASSUMED DATUM,VANCOUVER,"",N
08NM134,"CAMP CREEK AT MOUTH NEAR THIRSK",BC,Active,49.71234,-120.01117,1965,2024,"34.6",,N,Flow and Level,Continuous,N,N,Y,ASSUMED DATUM,VANCOUVER,"",N
08NM135,"ELLIS CREEK AT PENTICTON",BC,Discontinued,49.47889,-119.59444,1970,1979,"158",,R,Flow,Continuous,N,N,N,ASSUMED DATUM,VANCOUVER,"",N
08NM136,"LAMBLY LAKE DIVERSION TO POWERS CREEK",BC,Discontinued,49.95278,-119.70667,1965,1972,"",,R,Flow,Seasonal,N,N,N,ASSUMED DATUM,VANCOUVER,"",N
08NM137,"DAVES CREEK NEAR RUTLAND",BC,Discontinued,49.86806,-119.27417,1967,1986,"31.1",,N,Flow,Continuous,N,N,N,ASSUMED DATUM,VANCOUVER,"",N
08NM138,"TERRACE CREEK NEAR KELOWNA",BC,Discontinued,50.07083,-119.66667,1967,1992,"31.3",,R,Flow,Continuous,N,N,N,ASSUMED DATUM,VANCOUVER,"",N
08NM139,"ESPERON CREEK NEAR KELOWNA",BC,Active,50.07333,-119.68778,1967,2024,"13.0",,R,Flow and Level,Continuous,N,N,Y,ASSUMED DATUM,VANCOUVER,"",N
08NM140,"PEACHLAND CREEK ABOVE DIVERSIONS",BC,Discontinued,49.75361,-119.79944,1973,1982,"122",,R,Flow,Continuous,N,N,N,ASSUMED DATUM,VANCOUVER,"",N
08NM141,"LAMBLY CREEK BELOW TERRACE CREEK",BC,Discontinued,49.97944,-119.56667,1967,1971,"235",,R,Flow,Seasonal,N,N,N,,VANCOUVER,"",N
08NM142,"COLDSTREAM CREEK ABOVE MUNICIPAL INTAKE",BC,Discontinued,50.25642,-119.08010,1967,2021,"60.6",,N,Flow and Level,Continuous,N,N,N,ASSUMED DATUM,VANCOUVER,"",N
08NM143,"KALAMALKA LAKE AT VERNON PUMPHOUSE",BC,Active,50.22992,-119.27442,1967,2024,"",,R,Level,Continuous,N,N,Y,ASSUMED DATUM,VANCOUVER,"",N
08NM145,"BULMAN CREEK AT THE MOUTH",BC,Discontinued,50.00500,-119.25167,1968,2004,"12.7",,R,Flow,Continuous,N,N,N,ASSUMED DATUM,VANCOUVER,"",N
08NM146,"CLARK CREEK NEAR WINFIELD",BC,Active,50.04875,-119.33597,1968,2024,"15.3",,N,Flow and Level,Continuous,N,N,Y,ASSUMED DATUM,VANCOUVER,"",N
08NM147,"HORN CREEK NEAR OLALLA",BC,Discontinued,49.30306,-119.75361,1968,1977,"15.0",,N,Flow,Seasonal,N,N,N,,VANCOUVER,"",N
08NM148,"TWIN LAKES NEAR OLALLA",BC,Discontinued,49.31750,-119.72639,1968,1977,"",,R,Level,Seasonal,N,N,N,ASSUMED DATUM,VANCOUVER,"",N
08NM149,"SHUTTLEWORTH CREEK AT THE MOUTH",BC,Discontinued,49.33750,-119.58333,1969,2010,"89.9",,R,Flow,Continuous,N,N,N,ASSUMED DATUM,VANCOUVER,"",N
08NM150,"SHINGLE CREEK AT THE MOUTH",BC,Discontinued,49.48028,-119.60000,1981,1982,"308",,R,Flow,Miscellaneous,N,N,N,ASSUMED DATUM,VANCOUVER,"",N
08NM151,"SHORTS CREEK AT THE MOUTH",BC,Discontinued,50.13194,-119.51333,1969,1982,"185",,R,Flow,Continuous,N,N,N,ASSUMED DATUM,VANCOUVER,"",N
08NM152,"BRANDTS CREEK NEAR THE MOUTH",BC,Discontinued,49.88889,-119.49167,1969,1975,"",,R,Flow,Seasonal,N,N,N,ASSUMED DATUM,VANCOUVER,"",N
08NM153,"DEEP CREEK AT THE MOUTH",BC,Discontinued,50.34722,-119.29333,1969,1975,"306",,R,Flow,Continuous,N,N,N,ASSUMED DATUM,VANCOUVER,"",N
08NM154,"COLDSTREAM CREEK AT THE MOUTH",BC,Discontinued,50.22639,-119.25000,1969,1970,"205",,R,Flow,Continuous,N,N,N,,VANCOUVER,"",N
08NM155,"TREPANIER CREEK AT THE MOUTH",BC,Discontinued,49.78583,-119.71417,1969,1981,"254",,R,Flow,Continuous,N,N,N,ASSUMED DATUM,VANCOUVER,"",N
08NM156,"BELLEVUE CREEK AT THE MOUTH",BC,Discontinued,49.81972,-119.49222,1969,1972,"79.8",,R,Flow,Continuous,N,N,N,,VANCOUVER,"",N
08NM157,"POWERS CREEK AT THE MOUTH",BC,Discontinued,49.81500,-119.62778,1969,1982,"144",,R,Flow,Continuous,N,N,N,ASSUMED DATUM,VANCOUVER,"",N
08NM158,"TROUT CREEK AT THE MOUTH",BC,Active,49.56797,-119.63172,1969,2024,"764",,R,Flow and Level,Continuous,N,N,Y,ASSUMED DATUM,VANCOUVER,"",N
08NM159,"PEACHLAND CREEK AT THE MOUTH",BC,Discontinued,49.74250,-119.76444,1969,1982,"150",,R,Flow,Continuous,N,N,N,ASSUMED DATUM,VANCOUVER,"",N
08NM160,"VERNON CREEK NEAR THE MOUTH",BC,Active,50.25792,-119.30114,1969,2024,"751",,R,Flow and Level,Continuous,Y,N,Y,ASSUMED DATUM,VANCOUVER,"",N
08NM161,"EQUESIS CREEK NEAR THE MOUTH",BC,Discontinued,50.28833,-119.41194,1970,1982,"199",,R,Flow,Continuous,N,N,N,ASSUMED DATUM,VANCOUVER,"",N
08NM162,"VERNON CREEK AT INLET TO ELLISON LAKE",BC,Discontinued,50.00500,-119.38583,1972,1974,"127",,R,Flow,Continuous,N,N,N,ASSUMED DATUM,VANCOUVER,"",N
08NM163,"CROOKED LAKE AT THE OUTLET",BC,Discontinued,50.06250,-119.20194,1971,1981,"",,R,Level,Continuous,N,N,N,ASSUMED DATUM,VANCOUVER,"",N
08NM164,"TESTALINDEN CREEK IN CANYON",BC,Discontinued,49.12139,-119.59806,1980,1986,"13.0",,N,Flow,Seasonal,N,N,N,,VANCOUVER,"",N
08NM165,"LAMBLY CREEK ABOVE TERRACE CREEK",BC,Active,49.99417,-119.61444,1970,2024,"76.1",,R,Flow and Level,Continuous,N,N,Y,ASSUMED DATUM,VANCOUVER,"",N
08NM166,"LAMBLY CREEK BELOW BALD RANGE CREEK",BC,Discontinued,49.95833,-119.55667,1970,1982,"229",,R,Flow,Continuous,N,N,N,ASSUMED DATUM,VANCOUVER,"",N
08NM167,"LAMBLY CREEK DIVERSION TO ROSE VALLEY LAKE",BC,Discontinued,49.91056,-119.55500,1970,1978,"",,R,Flow,Continuous,N,N,N,ASSUMED DATUM,VANCOUVER,"",N
08NM168,"PENTICTON CREEK ABOVE DENNIS CREEK",BC,Discontinued,49.61528,-119.42306,1970,1999,"35.5",,R,Flow,Continuous,N,N,N,ASSUMED DATUM,VANCOUVER,"",N
08NM169,"GREYBACK LAKE AT THE OUTLET",BC,Discontinued,49.62500,-119.42333,1970,1987,"",,R,Level,Seasonal,N,N,N,ASSUMED DATUM,VANCOUVER,"",N
08NM170,"PENTICTON CREEK BELOW HARRIS CREEK",BC,Discontinued,49.51833,-119.52167,1970,1981,"153",,R,Flow,Continuous,N,N,N,ASSUMED DATUM,VANCOUVER,"",N
08NM171,"VASEUX CREEK ABOVE SOLCO CREEK",BC,Active,49.24928,-119.32139,1970,2024,"117",,N,Flow and Level,Continuous,N,N,Y,ASSUMED DATUM,VANCOUVER,"",N
08NM172,"PEARSON CREEK NEAR THE MOUTH",BC,Active,49.88694,-119.06167,1970,2024,"73.6",,N,Flow and Level,Continuous,N,N,Y,ASSUMED DATUM,VANCOUVER,"",N
08NM173,"GREATA CREEK NEAR THE MOUTH",BC,Active,49.79458,-119.85203,1970,2024,"40.7",,N,Flow and Level,Continuous,N,N,Y,ASSUMED DATUM,VANCOUVER,"",N
08NM174,"WHITEMAN CREEK ABOVE BOULEAU CREEK",BC,Active,50.21222,-119.53861,1971,2024,"114",,N,Flow and Level,Continuous,N,Y,Y,ASSUMED DATUM,VANCOUVER,"",N
08NM175,"VERNON CREEK BELOW ARDA DAM",BC,Discontinued,50.01528,-119.32444,1972,1979,"102",,R,Flow,Continuous,N,N,N,ASSUMED DATUM,VANCOUVER,"",N
08NM176,"EWER CREEK NEAR THE MOUTH",BC,Discontinued,50.36611,-119.50361,1972,1986,"52.8",,N,Flow,Continuous,N,N,N,ASSUMED DATUM,VANCOUVER,"",N
08NM177,"DEEP CREEK AT YOUNG ROAD",BC,Discontinued,50.46222,-119.17750,1970,1975,"115",,N,Flow,Continuous,N,N,N,ASSUMED DATUM,VANCOUVER,"",N
08NM178,"UNNAMED DITCH AT OLIVER",BC,Discontinued,49.18111,-119.54750,1972,1972,"",,R,Flow,Miscellaneous,N,N,N,ASSUMED DATUM,VANCOUVER,"",N
08NM179,"COLDSTREAM CREEK ABOVE KALAVISTA DIVERSION",BC,Discontinued,50.22639,-119.25556,1970,1982,"207",,R,Flow,Continuous,N,N,N,ASSUMED DATUM,VANCOUVER,"",N
08NM180,"WHITEMAN CREEK AT THE MOUTH",BC,Discontinued,50.23111,-119.45194,1970,1972,"197",,R,Flow,Continuous,N,N,N,,VANCOUVER,"",N
08NM181,"WINFIELD CREEK AT INLET TO WOOD LAKE",BC,Discontinued,50.05000,-119.40833,1971,1973,"",,R,Flow,Continuous,N,N,N,,VANCOUVER,"",N
08NM182,"VERNON CREEK AT OUTLET OF ELLISON LAKE",BC,Discontinued,50.01583,-119.40167,1971,1974,"138",,R,Flow,Continuous,N,N,N,ASSUMED DATUM,VANCOUVER,"",N
08NM183,"KALAMALKA LAKE AT OUTLET OF OYAMA CANAL",BC,Discontinued,50.11194,-119.37972,1973,1979,"",,R,Level,Seasonal,N,N,N,ASSUMED DATUM,VANCOUVER,"",N
08NM197,"OKANAGAN RIVER BELOW THE S.O.L.I.D. CANAL",BC,Discontinued,49.25528,-119.52694,1972,1972,"",,R,Flow,Miscellaneous,N,N,N,,VANCOUVER,"",N
08NM198,"WESTBANK CREEK AT THE MOUTH",BC,Discontinued,49.82417,-119.61667,1972,1975,"14.0",,R,Flow,Continuous,N,N,N,ASSUMED DATUM,VANCOUVER,"",N
08NM199,"UNNAMED DITCH ABOVE PACKING HOUSE OUTFALLS IN OLIVER",BC,Discontinued,49.17972,-119.54833,1972,1973,"",,R,Flow,Seasonal,N,N,N,ASSUMED DATUM,VANCOUVER,"",N
08NM200,"INKANEEP CREEK NEAR THE MOUTH",BC,Active,49.07784,-119.50206,2006,2024,"227",,R,Flow and Level,Continuous,N,N,Y,ASSUMED DATUM,VANCOUVER,"",N
08NM201,"PEACHLAND CREEK BELOW DIVERSION TO PEACHLAND LAKE RESERVOIR",BC,Discontinued,49.84222,-119.97056,1973,1973,"74.6",,R,Flow,Seasonal,N,N,N,ASSUMED DATUM,VANCOUVER,"",N
08NM202,"PEACHLAND LAKE RESERVOIR OUTFLOW",BC,Discontinued,49.83194,-119.96472,1973,1982,"80.3",,R,Flow,Seasonal,N,N,N,ASSUMED DATUM,VANCOUVER,"",N
08NM205,"HYDRAULIC CREEK DIVERSION TO S.E.K.I.D.",BC,Discontinued,49.83639,-119.34111,1976,1980,"",,,Flow,Continuous,N,N,N,ASSUMED DATUM,VANCOUVER,"B.C. MINISTRY OF ENVIRONMENT",Y
08NM207,"MYRA DITCH BELOW KLO CREEK",BC,Discontinued,49.75278,-119.27306,1973,1985,"",,R,Flow,Seasonal,N,N,N,ASSUMED DATUM,VANCOUVER,"B.C. MINISTRY OF ENVIRONMENT",Y
08NM210,"POOLEY CREEK ABOVE POOLEY DITCH",BC,Discontinued,49.74750,-119.33722,1973,1979,"18.1",,N,Flow,Seasonal,N,N,N,ASSUMED DATUM,VANCOUVER,"B.C. MINISTRY OF ENVIRONMENT",Y
08NM212,"STIRLING CREEK DIVERSION TO MCCULLOCH RESERVOIR",BC,Discontinued,49.73056,-119.21639,1984,1984,"",,R,Flow,Seasonal,N,N,N,ASSUMED DATUM,VANCOUVER,"B.C. MINISTRY OF ENVIRONMENT",Y
08NM213,"MCCULLOCH RESERVOIR AT MCCULLOCH DAM",BC,Discontinued,49.78333,-119.18417,1981,1986,"",,R,Level,Continuous,N,N,N,ASSUMED DATUM,VANCOUVER,"B.C. MINISTRY OF ENVIRONMENT",Y
08NM215,"FISH LAKE AT THE OUTLET",BC,Discontinued,49.80500,-119.19278,1973,1977,"",,R,Level,Seasonal,N,N,N,ASSUMED DATUM,VANCOUVER,"B.C. MINISTRY OF ENVIRONMENT",Y
08NM216,"BROWNE LAKE RESERVOIR ABOVE THE DAM",BC,Discontinued,49.81972,-119.18722,1973,1977,"",,R,Level,Seasonal,N,N,N,ASSUMED DATUM,VANCOUVER,"B.C. MINISTRY OF ENVIRONMENT",Y
08NM217,"LONG MEADOW LAKE RESERVOIR ABOVE THE DAM",BC,Discontinued,49.80639,-119.17333,1973,1977,"",,R,Level,Seasonal,N,N,N,ASSUMED DATUM,VANCOUVER,"B.C. MINISTRY OF ENVIRONMENT",Y
08NM218,"MCDONALD CREEK DIVERSION TO PEACHLAND CREEK",BC,Discontinued,49.86972,-119.99167,1973,1979,"",,R,Flow,Seasonal,N,N,N,ASSUMED DATUM,VANCOUVER,"B.C. MINISTRY OF ENVIRONMENT",Y
08NM219,"PEACHLAND CREEK DIVERSION TO PEACHLAND LAKE",BC,Discontinued,49.83556,-119.97056,1973,1979,"",,R,Flow,Seasonal,N,N,N,ASSUMED DATUM,VANCOUVER,"B.C. MINISTRY OF ENVIRONMENT",Y
08NM220,"PEACHLAND LAKE NEAR PEACHLAND",BC,Discontinued,49.83361,-119.96556,1976,1984,"",,R,Level,Continuous,N,N,N,GEODETIC SURVEY OF CANADA DATUM,VANCOUVER,"B.C. MINISTRY OF ENVIRONMENT",Y
08NM224,"OYAMA LAKE AT THE OUTLET",BC,Discontinued,50.11556,-119.27861,1961,1986,"",,R,Level,Seasonal,N,N,N,ASSUMED DATUM,VANCOUVER,"B.C. MINISTRY OF ENVIRONMENT",Y
08NM225,"BELGO CREEK NEAR THE MOUTH",BC,Discontinued,49.87028,-119.14917,1976,1982,"190",,R,Flow,Continuous,N,N,N,ASSUMED DATUM,VANCOUVER,"",N
08NM226,"KLO CREEK AT MCCULLOCH ROAD",BC,Discontinued,49.81833,-119.36361,1976,1982,"",,R,Flow,Continuous,N,N,N,ASSUMED DATUM,VANCOUVER,"",N
08NM227,"GARNET LAKE NEAR SUMMERLAND",BC,Discontinued,49.68639,-119.77472,1973,1981,"",,R,Level,Seasonal,N,N,N,ASSUMED DATUM,VANCOUVER,"B.C. MINISTRY OF ENVIRONMENT",Y
08NM228,"ENEAS CREEK NEAR SUMMERLAND",BC,Discontinued,49.67722,-119.76778,1974,1975,"57.8",,R,Flow,Seasonal,N,N,N,ASSUMED DATUM,VANCOUVER,"B.C. MINISTRY OF ENVIRONMENT",Y
08NM229,"LOCH KATRINE CREEK AT OUTLET OF GRAYSTOKE LAKE",BC,Discontinued,49.98583,-118.87083,1977,1998,"16.1",,R,Flow,Continuous,N,N,N,ASSUMED DATUM,VANCOUVER,"",N
08NM230,"GRAYSTOKE LAKE AT THE OUTLET",BC,Discontinued,49.98556,-118.87083,1977,1998,"",,R,Level,Seasonal,N,N,N,ASSUMED DATUM,VANCOUVER,"",N
08NM231,"IDEAL LAKE NEAR THE OUTLET",BC,Discontinued,50.01083,-119.09611,1963,1980,"",,R,Level,Seasonal,N,N,N,ASSUMED DATUM,VANCOUVER,"BLACK MOUNTAIN IRRIGATION DISTRICT",Y
08NM232,"BELGO CREEK BELOW HILDA CREEK",BC,Active,50.00041,-119.07283,1978,2024,"70.7",,R,Flow and Level,Continuous,N,N,Y,ASSUMED DATUM,VANCOUVER,"",N
08NM233,"MISSION CREEK ABOVE PEARSON CREEK",BC,Discontinued,49.88778,-119.06250,1977,1982,"233",,R,Flow,Continuous,N,N,N,ASSUMED DATUM,VANCOUVER,"",N
08NM234,"MOORE LAKE RESERVOIR AT THE DAM",BC,Discontinued,50.02500,-119.21667,1973,1986,"",,R,Level,Seasonal,N,N,N,ASSUMED DATUM,VANCOUVER,"B.C. MINISTRY OF ENVIRONMENT",Y
08NM235,"RIBBLEWORTH CREEK NEAR OYAMA",BC,Discontinued,50.07500,-119.37944,1975,1979,"",,N,Flow,Continuous,N,N,N,ASSUMED DATUM,VANCOUVER,"B.C. MINISTRY OF ENVIRONMENT",Y
08NM236,"VERNON CREEK DIVERSION TO W.O.C.I.D.",BC,Discontinued,50.01750,-119.31917,1973,1978,"",,R,Flow,Continuous,N,N,N,ASSUMED DATUM,VANCOUVER,"B.C. MINISTRY OF ENVIRONMENT",Y
08NM237,"TROUT CREEK BELOW THIRSK LAKE",BC,Discontinued,49.71333,-120.05333,1980,1986,"",,R,Flow,Continuous,N,N,N,ASSUMED DATUM,VANCOUVER,"B.C. MINISTRY OF ENVIRONMENT",Y
08NM238,"THIRSK LAKE NEAR THE OUTLET",BC,Discontinued,49.73333,-120.09167,1983,1987,"",,R,Level,Continuous,N,N,N,ASSUMED DATUM,VANCOUVER,"B.C. MINISTRY OF ENVIRONMENT",Y
08NM239,"MISSION CREEK BELOW B.M.I.D. INTAKE",BC,Discontinued,49.85000,-119.28333,1980,1980,"",,R,Flow,Seasonal,N,N,N,ASSUMED DATUM,VANCOUVER,"B.C. MINISTRY OF ENVIRONMENT",Y
08NM240,"TWO FORTY CREEK NEAR PENTICTON",BC,Active,49.65089,-119.40003,1983,2024,"4.94",,N,Flow and Level,Continuous,N,Y,Y,ASSUMED DATUM,VANCOUVER,"",N
08NM241,"TWO FORTY-ONE CREEK NEAR PENTICTON",BC,Active,49.65004,-119.39385,1983,2024,"4.50",,N,Flow and Level,Continuous,N,N,Y,ASSUMED DATUM,VANCOUVER,"",N
08NM242,"DENNIS CREEK NEAR 1780 METRE CONTOUR",BC,Active,49.62417,-119.38143,1985,2024,"3.73",,N,Flow and Level,Continuous,N,Y,Y,ASSUMED DATUM,VANCOUVER,"",N
08NM243,"VASEUX LAKE NEAR THE OUTLET",BC,Active,49.27319,-119.52551,1991,2024,"",,N,Level,Continuous,N,N,Y,ASSUMED DATUM,VANCOUVER,"",N
08NM246,"VASEUX CREEK NEAR THE MOUTH",BC,Discontinued,49.24533,-119.52481,2006,2010,"296",,N,Flow,Continuous,N,N,N,ASSUMED DATUM,VANCOUVER,"",N
08NM247,"OKANAGAN RIVER BELOW MCINTYRE DAM",BC,Active,49.25684,-119.52803,2012,2024,"7150",,R,Flow and Level,Continuous,N,N,Y,ASSUMED DATUM,VANCOUVER,"",N
08NM248,"COLDSTREAM CREEK AT COLDSTREAM CREEK ROAD",BC,Active,50.21658,-119.22417,2021,2024,"180",,,Flow and Level,Continuous,N,N,Y,ASSUMED DATUM,VANCOUVER,"",N
08NM249,"B.X. CREEK AT BX RANCH PARK",BC,Active,50.28125,-119.23353,2023,2024,"",,N,Flow and Level,Continuous,N,N,Y,ASSUMED DATUM,VANCOUVER,"",N
08NM250,"VERNON CREEK AT SWALWELL PARK",BC,Active,50.02881,-119.40158,2023,2024,"146",,,Flow and Level,Continuous,N,N,Y,ASSUMED DATUM,VANCOUVER,"",N
08NMQ09,"OSOYOOS LAKE NEAR INTERNATIONAL BOUNDARY - BUOY WQ",BC,Discontinued,49.06944,-119.50361,2019,2024,"1.00",,,Flow and Level,Continuous,N,N,N,,VANCOUVER,"",N
08NMQ58,"OSOYOOS LAKE NEAR NORTH END - BUOY WQ",BC,Discontinued,49.06718,-119.50389,2019,2024,"1.00",,,Flow and Level,Continuous,N,N,N,,VANCOUVER,"",N
08NN001,"BOUNDARY CREEK AT GREENWOOD",BC,Discontinued,49.07861,-118.68667,1913,1980,"479",,R,Flow,Seasonal,N,N,N,ASSUMED DATUM,VANCOUVER,"",N
08NN002,"GRANBY RIVER AT GRAND FORKS",BC,Active,49.04327,-118.44043,1914,2024,"2060",,N,Flow and Level,Continuous,N,N,Y,ASSUMED DATUM,VANCOUVER,"",N
08NN003,"WEST KETTLE RIVER AT WESTBRIDGE",BC,Active,49.16981,-118.97506,1917,2024,"1890",,R,Flow and Level,Continuous,N,N,Y,ASSUMED DATUM,VANCOUVER,"",N
08NN004,"KETTLE RIVER AT KETTLE VALLEY",BC,Discontinued,49.05694,-118.94167,1917,1922,"4560",,N,Flow,Continuous,N,N,N,ASSUMED DATUM,VANCOUVER,"",N
08NN005,"KETTLE RIVER AT CARSON",BC,Discontinued,49.00000,-118.49583,1917,1922,"6730",,N,Flow,Continuous,N,N,N,ASSUMED DATUM,VANCOUVER,"",N
08NN006,"KETTLE RIVER AT CASCADE",BC,Discontinued,49.02361,-118.20833,1916,1962,"8960",,R,Flow and Level,Continuous,N,N,N,ASSUMED DATUM,VANCOUVER,"",N
08NN007,"ROCK CREEK NEAR ROCK CREEK",BC,Discontinued,49.05556,-118.99944,1921,1984,"280",,R,Flow,Seasonal,N,N,N,ASSUMED DATUM,VANCOUVER,"",N
08NN008,"PASS CREEK NEAR GRAND FORKS",BC,Discontinued,49.19028,-118.46611,1921,1921,"",,N,Flow,Seasonal,N,N,N,,VANCOUVER,"",N
08NN009,"DAN O'REA CREEK NEAR GRAND FORKS",BC,Discontinued,49.03000,-118.37139,1921,1921,"7.77",,N,Flow,Seasonal,N,N,N,,VANCOUVER,"",N
08NN010,"MYERS CREEK AT INTERNATIONAL BOUNDARY",BC,Discontinued,49.00028,-119.01722,1923,1977,"207",,R,Flow,Seasonal,N,N,N,ASSUMED DATUM,VANCOUVER,"",N
08NN011,"BOUNDARY CREEK NEAR MIDWAY",BC,Discontinued,49.00222,-118.76167,1929,1977,"593",,R,Flow,Seasonal,N,N,N,ASSUMED DATUM,VANCOUVER,"",N
08NN012,"KETTLE RIVER NEAR LAURIER",BC,Active,48.98444,-118.21528,1929,2024,"9930",,N,Flow,Continuous,N,N,N,ASSUMED DATUM,VANCOUVER,"UNITED STATES GEOLOGICAL SURVEY",Y
08NN013,"KETTLE RIVER NEAR FERRY",BC,Active,48.98139,-118.76528,1928,2024,"5700",,N,Flow,Continuous,N,N,Y,ASSUMED DATUM,VANCOUVER,"UNITED STATES GEOLOGICAL SURVEY",Y
08NN014,"CHRISTINA CREEK AT OUTLET OF CHRISTINA LAKE",BC,Discontinued,49.04194,-118.20694,1948,1990,"492",,N,Level,Seasonal,N,N,N,ASSUMED DATUM,VANCOUVER,"",N
08NN015,"WEST KETTLE RIVER NEAR MCCULLOCH",BC,Active,49.70292,-119.09247,1964,2024,"233",,N,Flow and Level,Continuous,N,Y,Y,ASSUMED DATUM,VANCOUVER,"",N
08NN016,"SUTHERLAND CREEK NEAR FIFE",BC,Discontinued,49.06556,-118.18889,1960,1973,"88.1",,N,Flow,Seasonal,N,N,N,ASSUMED DATUM,VANCOUVER,"",N
08NN017,"CHRISTINA LAKE NEAR GRAND FORKS",BC,Discontinued,49.04444,-118.20833,1914,1915,"",,N,Level,Continuous,N,N,N,ASSUMED DATUM,VANCOUVER,"",N
08NN018,"JULY CREEK NEAR GRAND FORKS",BC,Discontinued,49.01444,-118.54111,1965,1974,"45.6",,R,Flow,Seasonal,N,N,N,ASSUMED DATUM,VANCOUVER,"",N
08NN019,"TRAPPING CREEK NEAR THE MOUTH",BC,Active,49.56537,-119.05196,1965,2024,"145",,N,Flow and Level,Continuous,Y,N,Y,ASSUMED DATUM,VANCOUVER,"",N
08NN020,"TRAPPING CREEK AT 1220 M CONTOUR",BC,Discontinued,49.66667,-118.90972,1970,1981,"22.8",,N,Flow,Continuous,N,N,N,ASSUMED DATUM,VANCOUVER,"",N
08NN021,"MOODY CREEK NEAR CHRISTINA",BC,Discontinued,49.05111,-118.27333,1971,1984,"13.5",,N,Flow,Continuous,N,N,N,ASSUMED DATUM,VANCOUVER,"",N
08NN022,"WEST KETTLE RIVER BELOW CARMI CREEK",BC,Discontinued,49.48417,-119.10833,1975,1998,"1170",,N,Flow,Continuous,N,N,N,ASSUMED DATUM,VANCOUVER,"",N
08NN023,"BURRELL CREEK ABOVE GLOUCESTER CREEK",BC,Active,49.58914,-118.31175,1974,2024,"221",,N,Flow and Level,Continuous,N,N,Y,ASSUMED DATUM,VANCOUVER,"",N
08NN024,"KETTLE RIVER NEAR GRAND FORKS",BC,Discontinued,49.02167,-118.41083,1974,1992,"8830",,N,Level,Seasonal,N,N,N,ASSUMED DATUM,VANCOUVER,"B.C. MINISTRY OF ENVIRONMENT",Y
08NN025,"WEST KETTLE RIVER AT BEAVERDELL",BC,Discontinued,49.43111,-119.09111,1974,1976,"1190",,N,Level,Seasonal,N,N,N,ASSUMED DATUM,VANCOUVER,"",N
08NN026,"KETTLE RIVER NEAR WESTBRIDGE",BC,Active,49.23005,-118.92812,2007,2024,"2140",,R,Flow and Level,Continuous,N,N,Y,ASSUMED DATUM,VANCOUVER,"",N
08NN027,"BEAVERDELL CREEK NEAR BEAVERDELL",BC,Discontinued,49.48556,-119.02806,1976,1984,"",,R,Flow,Seasonal,N,N,N,ASSUMED DATUM,VANCOUVER,"",N
08NN028,"LOST HORSE CREEK NEAR CHRISTIAN VALLEY",BC,Active,49.36582,-118.84931,1998,2024,"28.5",,N,Flow and Level,Continuous,N,N,Y,ASSUMED DATUM,VANCOUVER,"",N
08NN029,"BOUNDARY CREEK NEAR BOUNDARY FALLS",BC,Active,49.04742,-118.69519,2024,2024,"1300",,R,Flow and Level,Continuous,N,N,Y,ASSUMED DATUM,VANCOUVER,"",N
08NP001,"FLATHEAD RIVER AT FLATHEAD",BC,Active,49.00122,-114.47564,1952,2024,"1110",,N,Flow,Continuous,Y,N,N,ASSUMED DATUM,VANCOUVER,"WATER SURVEY OF CANADA (DOE) (CANADA)",N
08NP002,"COULDREY CREEK IN LOT 9380",BC,Discontinued,49.03250,-114.58333,1974,1992,"118",,N,Flow,Continuous,N,N,N,ASSUMED DATUM,VANCOUVER,"",N
08NP003,"HOWELL CREEK ABOVE CABIN CREEK",BC,Active,49.09472,-114.53583,1977,2024,"145",,N,Flow and Level,Continuous,N,N,Y,ASSUMED DATUM,VANCOUVER,"",N
08NP004,"CABIN CREEK NEAR THE MOUTH",BC,Discontinued,49.09440,-114.55387,1977,2019,"92.8",,N,Flow and Level,Continuous,N,N,N,ASSUMED DATUM,VANCOUVER,"",N
08NP005,"COULDREY CREEK NEAR THE MOUTH",BC,Discontinued,49.04028,-114.53472,1992,1995,"",,N,Flow,Continuous,N,N,N,ASSUMED DATUM,VANCOUVER,"",N
08OA001,"AIN RIVER NEAR PORT CLEMENTS",BC,Discontinued,53.74444,-132.42500,1962,1964,"308",,N,Flow,Miscellaneous,N,N,N,ASSUMED DATUM,VANCOUVER,"",N
08OA002,"YAKOUN RIVER NEAR PORT CLEMENTS",BC,Active,53.61389,-132.20972,1962,2024,"480",,N,Flow and Level,Continuous,N,Y,Y,ASSUMED DATUM,VANCOUVER,"",N
08OA003,"PREMIER CREEK NEAR DAAJING GIIDS",BC,Active,53.25861,-132.07505,1973,2024,"",,N,Flow and Level,Continuous,N,Y,Y,ASSUMED DATUM,VANCOUVER,"",N
08OA004,"HONNA RIVER NEAR THE MOUTH",BC,Active,53.25268,-132.13803,2019,2024,"45.3",,N,Flow and Level,Continuous,N,Y,Y,ASSUMED DATUM,VANCOUVER,"",N
08OA005,"TARUNDL CREEK NEAR DAAJING GIIDS",BC,Active,53.24399,-132.14786,1993,2024,"10.6",,N,Flow and Level,Continuous,N,Y,N,ASSUMED DATUM,VANCOUVER,"",N
08OB001,"DEENA RIVER NEAR QUEEN CHARLOTTE",BC,Discontinued,53.13333,-132.15278,1962,1964,"56.7",,N,Flow,Miscellaneous,N,N,N,ASSUMED DATUM,VANCOUVER,"",N
08OB002,"PALLANT CREEK NEAR DAAJING GIIDS",BC,Active,53.05730,-132.05136,1968,2024,"76.7",,N,Flow and Level,Continuous,N,Y,Y,ASSUMED DATUM,VANCOUVER,"",N
08OB003,"MATHERS CREEK NEAR SANDSPIT",BC,Discontinued,53.01667,-131.77778,1963,1964,"79.3",,N,Flow,Miscellaneous,N,N,N,ASSUMED DATUM,VANCOUVER,"",N
08PA001,"SKAGIT RIVER NEAR HOPE",BC,Discontinued,49.04722,-121.09583,1917,1955,"907",,N,Flow,Continuous,N,N,N,ASSUMED DATUM,VANCOUVER,"",N
08PA002,"SUMALLO RIVER AT THE MOUTH",BC,Discontinued,49.22056,-121.09250,1914,1922,"208",,N,Flow,Continuous,N,N,N,ASSUMED DATUM,VANCOUVER,"",N
08PA003,"SUMALLO RIVER NEAR HOPE",BC,Discontinued,49.27250,-121.22833,1916,1922,"111",,N,Flow,Seasonal,N,N,N,ASSUMED DATUM,VANCOUVER,"",N
08PA004,"SKAGIT RIVER AT INTERNATIONAL BOUNDARY",BC,Active,49.00026,-121.06662,1964,2024,"987",,R,Level,Seasonal,N,N,Y,ASSUMED DATUM,VANCOUVER,"",N
08PA005,"SKAGIT RIVER GAUGE NO. 2",BC,Discontinued,49.00278,-121.06944,1954,1955,"",,R,Level,Continuous,N,N,N,ASSUMED DATUM,VANCOUVER,"",N
08PA006,"SKAGIT RIVER GAUGE NO. 3",BC,Discontinued,49.00556,-121.06528,1956,1958,"",,R,Flow,Miscellaneous,N,N,N,ASSUMED DATUM,VANCOUVER,"",N
08PA007,"SKAGIT RIVER GAUGE NO. 4",BC,Discontinued,49.02222,-121.05972,1954,1955,"",,N,Level,Continuous,N,N,N,ASSUMED DATUM,VANCOUVER,"",N
08PA008,"SKAGIT RIVER GAUGE NO. 5",BC,Discontinued,49.03472,-121.07778,1954,1955,"",,N,Level,Continuous,N,N,N,ASSUMED DATUM,VANCOUVER,"",N
08PA009,"ROSS RESERVOIR NEAR NEWHALEM",BC,Active,48.73278,-121.06722,1940,2024,"",,R,Level,Continuous,N,N,N,ASSUMED DATUM,VANCOUVER,"WATER SURVEY OF CANADA (DOE) (CANADA)",N
08PA010,"LIGHTNING LAKE NEAR MANNING PARK",BC,Discontinued,49.06222,-120.82611,1973,1979,"",,R,Level,Seasonal,N,N,N,ASSUMED DATUM,VANCOUVER,"B.C. MINISTRY OF ENVIRONMENT",Y
08PA011,"SNASS CREEK AT HIGHWAY NO. 3",BC,Discontinued,49.22972,-121.05722,1984,1986,"38.6",,N,Flow,Miscellaneous,N,N,N,ASSUMED DATUM,VANCOUVER,"",N
08PA012,"SKAGIT RIVER ABOVE KLESILKWA RIVER",BC,Active,49.11869,-121.16686,2019,2024,"572",,N,Flow and Level,Continuous,N,N,Y,ASSUMED DATUM,VANCOUVER,"",N
08ZZ999,"BC DISTRICT TEST STATION",BC,Active,50.22972,-119.27300,2015,2023,"10.0",,,Flow and Level,Continuous,N,N,N,ASSUMED DATUM,VANCOUVER,"",N
09AA001,"ATLIN LAKE AT ATLIN",BC,Active,59.57253,-133.70547,1950,2024,"",,N,Level,Continuous,N,N,Y,ASSUMED DATUM,VANCOUVER,"",N
09AA003,"LINDEMAN LAKE NEAR BENNETT",BC,Discontinued,59.83333,-135.01278,1950,1994,"",,N,Level,Continuous,N,N,N,ASSUMED DATUM,VANCOUVER,"",N
09AA006,"ATLIN RIVER NEAR ATLIN",BC,Active,59.59536,-133.81442,1950,2024,"6860",,N,Flow,Continuous,N,N,Y,ASSUMED DATUM,VANCOUVER,"",N
09AA008,"PINE CREEK NEAR ATLIN",BC,Discontinued,59.56111,-133.66556,1955,1970,"697",,N,Flow,Continuous,N,N,N,ASSUMED DATUM,VANCOUVER,"",N
09AA013,"TUTSHI RIVER AT OUTLET OF TUTSHI LAKE",BC,Active,59.94778,-134.33250,1963,2024,"989",,N,Flow and Level,Continuous,N,N,Y,ASSUMED DATUM,VANCOUVER,"",N
09AA018,"MOON CREEK NEAR THE OUTLET OF MOON LAKE",BC,Discontinued,59.83461,-134.68567,2012,2017,"",,N,Flow and Level,Continuous,N,N,N,ASSUMED DATUM,VANCOUVER,"",N
09AE003,"SWIFT RIVER NEAR SWIFT RIVER",BC,Active,59.93083,-131.76861,1959,2024,"3390",,N,Flow and Level,Continuous,N,Y,Y,ASSUMED DATUM,VANCOUVER,"",N
09AE005,"PARTRIDGE CREEK AT KM 1184.9 ALASKA HIGHWAY",BC,Discontinued,59.97083,-131.22500,1979,1987,"59.7",,N,Flow,Miscellaneous,N,N,N,ASSUMED DATUM,VANCOUVER,"",N
10AC001,"DEASE LAKE NEAR TELEGRAPH CREEK",BC,Discontinued,58.45972,-130.03667,1953,1995,"",,N,Level,Continuous,N,N,N,ASSUMED DATUM,VANCOUVER,"",N
10AC002,"DEASE RIVER AT MCDAME",BC,Discontinued,59.18889,-129.21222,1961,1994,"6940",,N,Flow,Continuous,N,N,N,ASSUMED DATUM,VANCOUVER,"",N
10AC003,"DEASE RIVER AT OUTLET OF DEASE LAKE",BC,Discontinued,58.81389,-130.08333,1961,1984,"1520",,N,Flow,Continuous,N,N,N,ASSUMED DATUM,VANCOUVER,"",N
10AC004,"BLUE RIVER NEAR THE MOUTH",BC,Discontinued,59.75833,-129.12778,1965,1995,"1700",,N,Flow,Continuous,N,N,N,ASSUMED DATUM,VANCOUVER,"",N
10AC005,"COTTONWOOD RIVER ABOVE BASS CREEK",BC,Active,59.11750,-129.82555,1964,2024,"882",,N,Flow and Level,Continuous,N,Y,Y,ASSUMED DATUM,VANCOUVER,"",N
10AC006,"DEASE RIVER NEAR THE MOUTH",BC,Discontinued,59.85833,-128.59722,1984,1995,"14500",,N,Flow,Continuous,N,N,N,ASSUMED DATUM,VANCOUVER,"",N
10AD001,"HYLAND RIVER NEAR LOWER POST",BC,Discontinued,59.95083,-128.15083,1958,1993,"9450",,N,Flow,Continuous,Y,N,N,ASSUMED DATUM,VANCOUVER,"",N
10BA001,"TURNAGAIN RIVER ABOVE SANDPILE CREEK",BC,Discontinued,59.06444,-127.84472,1967,1994,"6580",,N,Flow,Continuous,N,N,N,,VANCOUVER,"",N
10BB001,"KECHIKA RIVER AT THE MOUTH",BC,Discontinued,59.61528,-127.31028,1962,1995,"22700",,N,Flow,Continuous,Y,N,N,ASSUMED DATUM,VANCOUVER,"",N
10BB002,"KECHIKA RIVER ABOVE BOYA CREEK",BC,Discontinued,59.09833,-127.53389,1967,1994,"11200",,N,Flow,Continuous,N,N,N,,VANCOUVER,"",N
10BC001,"COAL RIVER AT THE MOUTH",BC,Discontinued,59.69139,-126.95056,1961,1995,"9190",,N,Flow,Continuous,N,N,N,ASSUMED DATUM,VANCOUVER,"",N
10BE001,"LIARD RIVER AT LOWER CROSSING",BC,Active,59.41250,-126.09722,1948,2024,"104000",,N,Flow and Level,Continuous,Y,Y,Y,ASSUMED DATUM,VANCOUVER,"",N
10BE002,"RACING RIVER NEAR FORT NELSON",BC,Discontinued,58.82389,-125.13556,1944,1947,"1900",,N,Flow,Seasonal,N,N,N,ASSUMED DATUM,VANCOUVER,"",N
10BE004,"TOAD RIVER ABOVE NONDA CREEK",BC,Active,58.85275,-125.37544,1961,2024,"2540",,N,Flow and Level,Continuous,N,Y,Y,ASSUMED DATUM,VANCOUVER,"",N
10BE005,"LIARD RIVER ABOVE BEAVER RIVER",BC,Discontinued,59.74250,-124.47639,1968,1995,"119000",,N,Flow,Continuous,Y,N,N,ASSUMED DATUM,VANCOUVER,"",N
10BE006,"LIARD RIVER ABOVE KECHIKA RIVER",BC,Discontinued,59.70111,-127.22750,1969,1995,"61600",,N,Flow,Continuous,Y,N,N,,VANCOUVER,"",N
10BE007,"TROUT RIVER AT KILOMETRE 783.7 ALASKA HIGHWAY",BC,Active,59.33597,-125.94025,1970,2024,"1170",,N,Flow and Level,Continuous,N,Y,Y,ASSUMED DATUM,VANCOUVER,"",N
10BE008,"GEDDES CREEK AT THE MOUTH",BC,Discontinued,59.59833,-126.66667,1979,1996,"77.8",,N,Flow,Continuous,N,N,N,ASSUMED DATUM,VANCOUVER,"",N
10BE009,"TEETER CREEK NEAR THE MOUTH",BC,Active,59.45319,-126.22919,1979,2024,"209",,N,Flow and Level,Continuous,N,Y,Y,ASSUMED DATUM,VANCOUVER,"",N
10BE010,"TOAD RIVER NEAR THE MOUTH",BC,Discontinued,59.18778,-124.70139,1983,1995,"6900",,N,Flow,Continuous,N,N,N,ASSUMED DATUM,VANCOUVER,"",N
10BE011,"GRAYLING RIVER NEAR THE MOUTH",BC,Discontinued,59.37472,-125.06861,1983,1995,"1780",,N,Flow,Continuous,N,N,N,ASSUMED DATUM,VANCOUVER,"",N
10BE012,"RABBIT RIVER NEAR THE MOUTH",BC,Discontinued,59.60944,-127.09611,1983,1995,"3780",,N,Flow,Continuous,N,N,N,ASSUMED DATUM,VANCOUVER,"",N
10BE013,"SMITH RIVER NEAR THE MOUTH",BC,Active,59.55353,-126.48025,1983,2024,"3740",,N,Flow and Level,Continuous,N,N,Y,ASSUMED DATUM,VANCOUVER,"",N
10CA001,"FONTAS RIVER NEAR THE MOUTH",BC,Active,58.27119,-121.46392,1988,2024,"7400",,N,Flow and Level,Continuous,N,N,Y,ASSUMED DATUM,VANCOUVER,"",N
10CB001,"SIKANNI CHIEF RIVER NEAR FORT NELSON",BC,Active,57.23822,-122.69147,1947,2024,"2180",,N,Flow and Level,Continuous,N,Y,Y,ASSUMED DATUM,VANCOUVER,"",N
10CC001,"FORT NELSON RIVER AT FORT NELSON",BC,Discontinued,58.82222,-122.54167,1962,1978,"43500",,N,Flow,Continuous,N,N,N,ASSUMED DATUM,VANCOUVER,"",N
10CC002,"FORT NELSON RIVER ABOVE MUSKWA RIVER",BC,Discontinued,58.67083,-122.63750,1978,2004,"22600",,N,Flow,Continuous,Y,N,N,ASSUMED DATUM,VANCOUVER,"",N
10CD001,"MUSKWA RIVER NEAR FORT NELSON",BC,Active,58.78811,-122.66164,1944,2024,"20300",,N,Flow and Level,Continuous,Y,Y,Y,ASSUMED DATUM,VANCOUVER,"",N
10CD002,"PARKER CREEK NEAR THE MOUTH",BC,Discontinued,58.24250,-122.80139,1981,1982,"60.6",,N,Flow,Seasonal,N,N,N,ASSUMED DATUM,VANCOUVER,"",N
10CD003,"RASPBERRY CREEK NEAR THE MOUTH",BC,Active,58.89239,-123.31889,1979,2024,"277",,N,Flow and Level,Continuous,N,N,Y,ASSUMED DATUM,VANCOUVER,"",N
10CD004,"BOUGIE CREEK AT KILOMETRE 368 ALASKA HIGHWAY",BC,Active,58.03025,-122.72017,1981,2024,"335",,N,Flow and Level,Continuous,N,Y,Y,ASSUMED DATUM,VANCOUVER,"",N
10CD005,"ADSETT CREEK AT KILOMETRE 386.0 ALASKA HIGHWAY",BC,Active,58.10600,-122.71558,1983,2024,"109",,N,Flow and Level,Continuous,N,Y,Y,ASSUMED DATUM,VANCOUVER,"",N
10CD006,"PROPHET RIVER ABOVE CHEVES CREEK",BC,Discontinued,58.48389,-122.82972,1988,1995,"7320",,N,Flow,Continuous,N,N,N,,VANCOUVER,"",N
10DA001,"PETITOT RIVER BELOW HIGHWAY NO. 77",BC,Active,59.98856,-122.96094,1992,2024,"22400",,N,Flow and Level,Continuous,N,N,Y,ASSUMED DATUM,YELLOWKNIFE,"",N