x,y,STN_ID,STATION_NAME,PROV_STATE_TERR_CODE,ENG_PROV_NAME,FRE_PROV_NAME,COUNTRY,LATITUDE,LONGITUDE,TIMEZONE,ELEVATION,CLIMATE_IDENTIFIER,TC_IDENTIFIER,WMO_IDENTIFIER,STATION_TYPE,NORMAL_CODE,PUBLICATION_CODE,DISPLAY_CODE,ENG_STN_OPERATOR_ACRONYM,FRE_STN_OPERATOR_ACRONYM,ENG_STN_OPERATOR_NAME,FRE_STN_OPERATOR_NAME,FIRST_DATE,LAST_DATE,HLY_FIRST_DATE,HLY_LAST_DATE,DLY_FIRST_DATE,DLY_LAST_DATE,MLY_FIRST_DATE,MLY_LAST_DATE,HAS_MONTHLY_SUMMARY,HAS_NORMALS_DATA,HAS_HOURLY_DATA
-123.7,48.916666666666664,2,CHEMAINUS BARE POINT,BC,BRITISH COLUMBIA,COLOMBIE-BRITANNIQUE,CAN,485500000,-1234200000,PST,3.00,101AE00,,,N/A,G,1,9,,,,,1979-01-01 00:00:00,1979-12-31 00:00:00,,,1979-11-01 00:00:00,1979-12-31 00:00:00,1979-01-01 00:00:00,1979-12-01 00:00:00,Y,N,N
-123.35,48.88333333333333,3,GALIANO SOUTH 2,BC,BRITISH COLUMBIA,COLOMBIE-BRITANNIQUE,CAN,485300000,-1232100000,PST,61.00,101C0ME,,,N/A,G,1,8,,,,,1979-01-01 00:00:00,1984-12-01 00:00:00,,,1979-05-01 00:00:00,1984-01-31 00:00:00,1979-01-01 00:00:00,1984-12-01 00:00:00,Y,N,N
-123.31666666666666,48.86666666666667,4,GALIANO SOUTH,BC,BRITISH COLUMBIA,COLOMBIE-BRITANNIQUE,CAN,485200000,-1231900000,PST,15.20,101C04E,,,N/A,G,1,9,,,,,1977-01-01 00:00:00,1978-12-31 00:00:00,,,1977-07-01 00:00:00,1978-12-31 00:00:00,1977-01-01 00:00:00,1978-12-01 00:00:00,Y,N,N
-123.41666666666667,48.55,5,SAANICH OLDFIELD NORTH,BC,BRITISH COLUMBIA,COLOMBIE-BRITANNIQUE,CAN,483300000,-1232500000,PST,69.50,101F942,,,N/A,,1,9,,,,,1965-12-01 00:00:00,1967-12-01 00:00:00,,,1965-12-01 00:00:00,1967-03-31 00:00:00,1966-01-01 00:00:00,1967-12-01 00:00:00,Y,N,N
-123.26694444444445,48.455,6,VICTORIA PHYLLIS STREET,BC,BRITISH COLUMBIA,COLOMBIE-BRITANNIQUE,CAN,482718000,-1231601000,PST,7.60,101HFEE,,,Climate-Staffed,C,1,4,,,,,1973-01-01 00:00:00,2001-08-31 00:00:00,,,1973-06-01 00:00:00,2001-08-31 00:00:00,1973-01-01 00:00:00,2001-08-01 00:00:00,Y,N,N
-123.43333333333334,48.45,7,VICTORIA PORTAGE INLET,BC,BRITISH COLUMBIA,COLOMBIE-BRITANNIQUE,CAN,482700000,-1232600000,PST,6.10,101HFNE,,,N/A,F,1,7,,,,,1976-01-01 00:00:00,1983-12-01 00:00:00,,,1976-05-01 00:00:00,1983-05-31 00:00:00,1976-01-01 00:00:00,1983-12-01 00:00:00,Y,N,N
-123.3,48.43333333333333,8,VICTORIA WILLOWS PARK,BC,BRITISH COLUMBIA,COLOMBIE-BRITANNIQUE,CAN,482600000,-1231800000,PST,9.10,101HF66,,,N/A,F,1,7,,,,,1970-01-01 00:00:00,1979-12-01 00:00:00,,,1970-04-01 00:00:00,1979-01-31 00:00:00,1970-01-01 00:00:00,1979-12-01 00:00:00,Y,N,N
-123.38333333333334,48.43333333333333,9,VICTORIA WEST,BC,BRITISH COLUMBIA,COLOMBIE-BRITANNIQUE,CAN,482600000,-1232300000,PST,15.20,101H6FF,,,N/A,,1,9,,,,,1967-01-01 00:00:00,1968-12-01 00:00:00,,,1967-10-01 00:00:00,1968-07-31 00:00:00,1967-01-01 00:00:00,1968-12-01 00:00:00,Y,N,N
-123.36666666666666,48.45,10,VICTORIA SHORT STREET,BC,BRITISH COLUMBIA,COLOMBIE-BRITANNIQUE,CAN,482700000,-1232200000,PST,21.30,101QFEG,,,N/A,G,1,8,,,,,1961-01-01 00:00:00,1973-12-01 00:00:00,,,1961-11-01 00:00:00,1973-08-31 00:00:00,1961-01-01 00:00:00,1973-12-01 00:00:00,Y,N,N
-123.33333333333333,48.46666666666667,11,VICTORIA SHELBOURNE,BC,BRITISH COLUMBIA,COLOMBIE-BRITANNIQUE,CAN,482800000,-1232000000,PST,49.00,101QF57,,,N/A,F,1,7,,,,,1964-01-01 00:00:00,1991-11-01 00:00:00,,,1964-05-01 00:00:00,1991-10-31 00:00:00,1964-01-01 00:00:00,1991-11-01 00:00:00,Y,N,N
-123.43333333333334,48.516666666666666,12,VICTORIA PROSPECT LAKE,BC,BRITISH COLUMBIA,COLOMBIE-BRITANNIQUE,CAN,483100000,-1232600000,PST,61.00,101Q6NN,,,N/A,E,1,6,,,,,1973-01-01 00:00:00,1986-12-01 00:00:00,,,1973-11-01 00:00:00,1986-11-30 00:00:00,1973-01-01 00:00:00,1986-12-01 00:00:00,Y,N,N
-123.35,48.43333333333333,13,VICTORIA PRINCESS AVE,BC,BRITISH COLUMBIA,COLOMBIE-BRITANNIQUE,CAN,482600000,-1232100000,PST,27.00,101Q655,,,N/A,G,1,8,,,,,1973-01-01 00:00:00,1991-12-01 00:00:00,,,1973-11-01 00:00:00,1991-11-30 00:00:00,1973-01-01 00:00:00,1991-12-01 00:00:00,Y,N,N
-123.28333333333333,48.86666666666667,14,ACTIVE PASS,BC,BRITISH COLUMBIA,COLOMBIE-BRITANNIQUE,CAN,485200000,-1231700000,PST,4.00,1010066,,,Climate-Staffed,F,1,7,,,,,1984-01-01 00:00:00,1996-11-30 00:00:00,,,1984-07-01 00:00:00,1996-11-30 00:00:00,1984-01-01 00:00:00,1996-11-01 00:00:00,Y,N,N
-123.48333333333333,48.4,15,ALBERT HEAD,BC,BRITISH COLUMBIA,COLOMBIE-BRITANNIQUE,CAN,482400000,-1232900000,PST,17.00,1010235,,,N/A,E,1,6,,,,,1971-01-01 00:00:00,1995-04-30 00:00:00,,,1971-06-01 00:00:00,1995-04-30 00:00:00,1971-01-01 00:00:00,1995-04-01 00:00:00,Y,N,N
-123.51666666666667,48.583333333333336,16,BAMBERTON OCEAN CEMENT,BC,BRITISH COLUMBIA,COLOMBIE-BRITANNIQUE,CAN,483500000,-1233100000,PST,85.30,1010595,,,N/A,F,1,7,,,,,1961-01-01 00:00:00,1980-12-01 00:00:00,,,1961-02-01 00:00:00,1980-11-30 00:00:00,1961-01-01 00:00:00,1980-12-01 00:00:00,Y,N,N
-124.0,48.5,17,BEAR CREEK,BC,BRITISH COLUMBIA,COLOMBIE-BRITANNIQUE,CAN,483000000,-1240000000,PST,350.50,1010720,,,N/A,G,1,9,,,,,1910-01-01 00:00:00,1971-12-01 00:00:00,,,1910-11-01 00:00:00,1971-08-31 00:00:00,1910-01-01 00:00:00,1971-12-01 00:00:00,Y,N,N
-123.35,48.5,18,BEAVER LAKE,BC,BRITISH COLUMBIA,COLOMBIE-BRITANNIQUE,CAN,483000000,-1232100000,PST,61.00,1010774,,,N/A,,1,9,,,,,1894-01-01 00:00:00,1952-12-01 00:00:00,,,1894-12-01 00:00:00,1952-06-30 00:00:00,1894-01-01 00:00:00,1952-12-01 00:00:00,Y,N,N
-123.63333333333334,48.333333333333336,19,BECHER BAY,BC,BRITISH COLUMBIA,COLOMBIE-BRITANNIQUE,CAN,482000000,-1233800000,PST,12.20,1010780,,,N/A,,1,9,,,,,1956-01-01 00:00:00,1966-12-01 00:00:00,,,1956-12-01 00:00:00,1966-04-30 00:00:00,1956-01-01 00:00:00,1966-12-01 00:00:00,Y,N,N
-123.46666666666667,48.6,20,BRENTWOOD BAY 2,BC,BRITISH COLUMBIA,COLOMBIE-BRITANNIQUE,CAN,483600000,-1232800000,PST,38.00,1010960,,,Climate-Staffed,F,1,7,,,,,1987-01-01 00:00:00,1997-05-31 00:00:00,,,1987-11-01 00:00:00,1997-05-31 00:00:00,1987-01-01 00:00:00,1997-05-01 00:00:00,Y,N,N
-123.45,48.56666666666667,21,BRENTWOOD CLARKE ROAD,BC,BRITISH COLUMBIA,COLOMBIE-BRITANNIQUE,CAN,483400000,-1232700000,PST,30.50,1010961,,,N/A,F,1,7,,,,,1972-01-01 00:00:00,1980-12-01 00:00:00,,,1972-05-01 00:00:00,1980-03-31 00:00:00,1972-01-01 00:00:00,1980-12-01 00:00:00,Y,N,N
-123.43333333333334,48.56666666666667,22,BRENTWOOD W SAANICH RD,BC,BRITISH COLUMBIA,COLOMBIE-BRITANNIQUE,CAN,483400000,-1232600000,PST,91.40,1010965,,,N/A,,1,9,,,,,1960-01-01 00:00:00,1970-12-01 00:00:00,,,1960-08-01 00:00:00,1970-06-30 00:00:00,1960-01-01 00:00:00,1970-12-01 00:00:00,Y,N,N
-123.4,48.55,23,CENTRAL SAANICH TANNER,BC,BRITISH COLUMBIA,COLOMBIE-BRITANNIQUE,CAN,483300000,-1232400000,PST,88.40,10114FF,,,N/A,,1,9,,,,,1966-01-01 00:00:00,1968-12-01 00:00:00,,,1966-05-01 00:00:00,1968-07-31 00:00:00,1966-01-01 00:00:00,1968-12-01 00:00:00,Y,N,N
-123.39212777777777,48.573341666666664,24,CENTRAL SAANICH ISL VIEW,BC,BRITISH COLUMBIA,COLOMBIE-BRITANNIQUE,CAN,483424030,-1232331660,PST,38.00,10114F6,,,Climate-Staffed,A,1,2,,,,,1970-01-01 00:00:00,2008-06-23 00:00:00,,,1970-03-01 00:00:00,2008-06-23 00:00:00,1970-01-01 00:00:00,2007-02-01 00:00:00,Y,Y,N
-123.41666666666667,48.583333333333336,25,CENTRAL SAANICH VEYANESS,BC,BRITISH COLUMBIA,COLOMBIE-BRITANNIQUE,CAN,483500000,-1232500000,PST,53.30,1011467,,,N/A,C,1,4,,,,,1963-01-01 00:00:00,1994-12-01 00:00:00,,,1963-12-01 00:00:00,1994-01-31 00:00:00,1963-01-01 00:00:00,1994-12-01 00:00:00,Y,N,N
-123.74166666666666,48.93502222222222,26,CHEMAINUS,BC,BRITISH COLUMBIA,COLOMBIE-BRITANNIQUE,CAN,485606080,-1234430000,PST,75.00,1011500,,,Climate-Staffed,F,1,7,CCN,RCSC,Co-operative Climate Network,Réseau coopératif de stations climatiques,1919-01-01 00:00:00,2024-11-18 00:00:00,,,1919-01-01 00:00:00,2024-11-18 00:00:00,1919-01-01 00:00:00,2007-02-01 00:00:00,Y,N,N
-123.6,48.68333333333333,27,COBBLE HILL,BC,BRITISH COLUMBIA,COLOMBIE-BRITANNIQUE,CAN,484100000,-1233600000,PST,99.00,1011743,,,N/A,G,1,8,,,,,1990-01-01 00:00:00,1994-12-01 00:00:00,,,1990-11-01 00:00:00,1994-02-28 00:00:00,1990-01-01 00:00:00,1994-12-01 00:00:00,Y,N,N
-123.56666666666666,48.65,28,COBBLE HILL DELOUME ROAD,BC,BRITISH COLUMBIA,COLOMBIE-BRITANNIQUE,CAN,483900000,-1233400000,PST,61.00,1011745,,,N/A,E,1,6,,,,,1970-01-01 00:00:00,1981-12-01 00:00:00,,,1970-04-01 00:00:00,1981-10-31 00:00:00,1970-01-01 00:00:00,1981-12-01 00:00:00,Y,N,N
-123.4,48.65,29,COLE BAY,BC,BRITISH COLUMBIA,COLOMBIE-BRITANNIQUE,CAN,483900000,-1232400000,PST,36.60,1011775,,,N/A,,1,9,,,,,1923-01-01 00:00:00,1942-12-01 00:00:00,,,1923-10-01 00:00:00,1942-03-31 00:00:00,1923-01-01 00:00:00,1942-12-01 00:00:00,Y,N,N
-123.48055555555555,48.41777777777778,30,COLWOOD HATLEY DR,BC,BRITISH COLUMBIA,COLOMBIE-BRITANNIQUE,CAN,482504000,-1232850000,PST,75.60,1011810,,,Climate-Staffed,D,1,5,,,,,1981-01-01 00:00:00,2001-01-31 00:00:00,,,1981-01-01 00:00:00,2001-01-31 00:00:00,1981-01-01 00:00:00,2001-01-01 00:00:00,Y,N,N
-123.83333333333333,48.833333333333336,31,COPPER CANYON,BC,BRITISH COLUMBIA,COLOMBIE-BRITANNIQUE,CAN,485000000,-1235000000,PST,176.80,1011860,,,N/A,,1,9,,,,,1957-01-01 00:00:00,1959-12-01 00:00:00,,,1957-07-01 00:00:00,1959-09-30 00:00:00,1957-01-01 00:00:00,1959-12-01 00:00:00,Y,N,N
-123.36666666666666,48.53333333333333,32,CORDOVA BAY,BC,BRITISH COLUMBIA,COLOMBIE-BRITANNIQUE,CAN,483200000,-1232200000,PST,37.20,1011920,,,N/A,,1,9,,,,,1951-01-01 00:00:00,1970-12-01 00:00:00,,,1951-12-01 00:00:00,1970-03-31 00:00:00,1951-01-01 00:00:00,1970-12-01 00:00:00,Y,N,N
-123.36666666666666,48.516666666666666,33,CORDOVA BAY SOUTH,BC,BRITISH COLUMBIA,COLOMBIE-BRITANNIQUE,CAN,483100000,-1232200000,PST,26.00,1011922,,,N/A,E,1,6,,,,,1972-01-01 00:00:00,1995-05-31 00:00:00,,,1972-03-01 00:00:00,1995-05-31 00:00:00,1972-01-01 00:00:00,1995-05-01 00:00:00,Y,N,N
-123.7,48.416666666666664,34,COWICHAN,BC,BRITISH COLUMBIA,COLOMBIE-BRITANNIQUE,CAN,482500000,-1234200000,PST,51.80,1012008,,,N/A,,1,9,,,,,1904-01-01 00:00:00,1925-12-01 00:00:00,,,1904-02-01 00:00:00,1925-08-31 00:00:00,1904-01-01 00:00:00,1925-12-01 00:00:00,Y,N,N
-123.55666666666667,48.71111111111111,35,COWICHAN BAY CHERRY POINT,BC,BRITISH COLUMBIA,COLOMBIE-BRITANNIQUE,CAN,484240000,-1233324000,PST,1.00,1012010,,,Climate-Staffed,E,1,6,,,,,1913-01-01 00:00:00,2001-03-31 00:00:00,,,1913-10-01 00:00:00,2001-03-31 00:00:00,1913-01-01 00:00:00,2001-03-01 00:00:00,Y,N,N
-123.6,48.733333333333334,36,COWICHAN BAY SOUTHEAST,BC,BRITISH COLUMBIA,COLOMBIE-BRITANNIQUE,CAN,484400000,-1233600000,PST,94.00,1012018,,,N/A,G,1,8,,,,,1989-01-01 00:00:00,1994-12-01 00:00:00,,,1989-06-01 00:00:00,1994-02-28 00:00:00,1989-01-01 00:00:00,1994-12-01 00:00:00,Y,N,N
-124.13333333333334,48.824444444444445,37,COWICHAN LAKE FORESTRY,BC,BRITISH COLUMBIA,COLOMBIE-BRITANNIQUE,CAN,484928000,-1240800000,PST,176.80,1012040,,,Climate-Staffed,A,1,1,CCN,RCSC,Co-operative Climate Network,Réseau coopératif de stations climatiques,1949-01-01 00:00:00,2018-02-28 00:00:00,,,1949-04-01 00:00:00,2018-02-28 00:00:00,1949-01-01 00:00:00,2007-02-01 00:00:00,Y,Y,N
-124.11666666666666,48.833333333333336,38,COWICHAN LAKE HATCHERY,BC,BRITISH COLUMBIA,COLOMBIE-BRITANNIQUE,CAN,485000000,-1240700000,PST,152.40,1012046,,,N/A,,1,9,,,,,1931-01-01 00:00:00,1948-12-01 00:00:00,,,1931-11-01 00:00:00,1948-08-31 00:00:00,1931-01-01 00:00:00,1948-12-01 00:00:00,Y,N,N
-124.48333333333333,48.93333333333333,39,COWICHAN LAKE NITINAT,BC,BRITISH COLUMBIA,COLOMBIE-BRITANNIQUE,CAN,485600000,-1242900000,PST,189.00,1012052,,,N/A,,1,9,,,,,1959-01-01 00:00:00,1962-12-01 00:00:00,,,1959-07-01 00:00:00,1962-09-30 00:00:00,1959-01-01 00:00:00,1962-12-01 00:00:00,Y,N,N
-124.05222222222223,48.82944444444445,40,LAKE COWICHAN,BC,BRITISH COLUMBIA,COLOMBIE-BRITANNIQUE,CAN,484946000,-1240308000,PST,171.00,1012055,,,Climate-Staffed,C,1,4,CCN,RCSC,Co-operative Climate Network,Réseau coopératif de stations climatiques,1960-01-01 00:00:00,2024-10-30 00:00:00,,,1960-07-01 00:00:00,2024-10-30 00:00:00,1960-01-01 00:00:00,2007-02-01 00:00:00,Y,N,N
-123.66666666666667,48.81666666666667,41,CROFTON,BC,BRITISH COLUMBIA,COLOMBIE-BRITANNIQUE,CAN,484900000,-1234000000,PST,30.50,1012190,,,N/A,,1,9,,,,,1921-01-01 00:00:00,1968-12-31 00:00:00,,,1921-01-01 00:00:00,1968-12-31 00:00:00,1921-01-01 00:00:00,1968-12-01 00:00:00,Y,N,N
-123.71666666666667,48.78333333333333,42,DUNCAN,BC,BRITISH COLUMBIA,COLOMBIE-BRITANNIQUE,CAN,484700000,-1234300000,PST,8.50,1012550,,,N/A,,1,9,,,,,1926-01-01 00:00:00,1957-12-31 00:00:00,,,1926-01-01 00:00:00,1957-12-31 00:00:00,1926-01-01 00:00:00,1957-12-01 00:00:00,Y,N,N
-123.71666666666667,48.833333333333336,43,DUNCAN BCHPA VIT,BC,BRITISH COLUMBIA,COLOMBIE-BRITANNIQUE,CAN,485000000,-1234300000,PST,36.00,1012562,,,N/A,G,1,8,,,,,1972-01-01 00:00:00,1976-12-01 00:00:00,,,1972-10-01 00:00:00,1976-07-31 00:00:00,1972-01-01 00:00:00,1976-12-01 00:00:00,Y,N,N
-123.68333333333334,48.78333333333333,44,DUNCAN EAST,BC,BRITISH COLUMBIA,COLOMBIE-BRITANNIQUE,CAN,484700000,-1234100000,PST,7.60,1012566,,,N/A,,1,9,,,,,1960-01-01 00:00:00,1964-12-01 00:00:00,,,1960-02-01 00:00:00,1964-11-30 00:00:00,1960-01-01 00:00:00,1964-12-01 00:00:00,Y,N,N
-123.68333333333334,48.766666666666666,45,DUNCAN FORESTRY,BC,BRITISH COLUMBIA,COLOMBIE-BRITANNIQUE,CAN,484600000,-1234100000,PST,6.00,1012570,,,N/A,D,1,5,,,,,1958-01-01 00:00:00,1989-12-31 00:00:00,,,1958-07-01 00:00:00,1989-12-31 00:00:00,1958-01-01 00:00:00,1989-12-01 00:00:00,Y,N,N
-123.72750027777778,48.734722222222224,46,DUNCAN KELVIN CREEK,BC,BRITISH COLUMBIA,COLOMBIE-BRITANNIQUE,CAN,484405000,-1234339001,PST,103.00,1012573,,,Climate-Staffed,E,1,6,,,,,1987-01-01 00:00:00,2016-03-20 00:00:00,,,1987-04-01 00:00:00,2016-03-20 00:00:00,1987-01-01 00:00:00,2007-02-01 00:00:00,Y,N,N
-123.63333333333334,48.35,47,EAST SOOKE ANDERSON COVE,BC,BRITISH COLUMBIA,COLOMBIE-BRITANNIQUE,CAN,482100000,-1233800000,PST,36.60,1012628,,,N/A,F,1,7,,,,,1966-01-01 00:00:00,1980-12-01 00:00:00,,,1966-05-01 00:00:00,1980-03-31 00:00:00,1966-01-01 00:00:00,1980-12-01 00:00:00,Y,N,N
-123.38333333333334,48.516666666666666,48,ELK LAKE,BC,BRITISH COLUMBIA,COLOMBIE-BRITANNIQUE,CAN,483100000,-1232300000,PST,114.30,1012655,,,N/A,F,1,7,,,,,1957-01-01 00:00:00,1978-12-01 00:00:00,,,1957-08-01 00:00:00,1978-08-31 00:00:00,1957-01-01 00:00:00,1978-12-01 00:00:00,Y,N,N
-123.38333333333334,48.53333333333333,49,ELK LAKE 2,BC,BRITISH COLUMBIA,COLOMBIE-BRITANNIQUE,CAN,483200000,-1232300000,PST,53.00,1012656,,,N/A,F,1,7,,,,,1980-01-01 00:00:00,1986-12-01 00:00:00,,,1980-11-01 00:00:00,1986-01-31 00:00:00,1980-01-01 00:00:00,1986-12-01 00:00:00,Y,N,N
-123.41666666666667,48.43333333333333,50,ESQUIMALT,BC,BRITISH COLUMBIA,COLOMBIE-BRITANNIQUE,CAN,482600000,-1232500000,PST,13.70,1012700,,,N/A,,1,9,,,,,1872-01-01 00:00:00,1950-12-01 00:00:00,,,1872-01-01 00:00:00,1950-10-31 00:00:00,1872-01-01 00:00:00,1950-12-01 00:00:00,Y,N,N
-123.46666666666667,48.416666666666664,51,ESQUIMALT LAGOON,BC,BRITISH COLUMBIA,COLOMBIE-BRITANNIQUE,CAN,482500000,-1232800000,PST,15.20,1012707,,,N/A,G,1,8,,,,,1976-01-01 00:00:00,1978-12-01 00:00:00,,,1976-05-01 00:00:00,1978-08-31 00:00:00,1976-01-01 00:00:00,1978-12-01 00:00:00,Y,N,N
-123.43933333333334,48.43197222222222,52,ESQUIMALT HARBOUR,BC,BRITISH COLUMBIA,COLOMBIE-BRITANNIQUE,CAN,482555100,-1232621600,PST,3.00,1012710,WPF,71798,Climate-Auto,F,1,7,ECCC - MSC,ECCC - SMC,Environment and Climate Change Canada - Meteorological Service of Canada,Environnement et Changement climatique Canada - Service météorologique du Canada,1957-01-01 00:00:00,2024-11-19 12:30:02,1994-02-01 00:00:00,2024-11-19 12:30:02,1957-10-01 00:00:00,2024-11-19 00:00:00,1957-01-01 00:00:00,2005-09-01 00:00:00,Y,N,N
-123.53333333333333,48.5,53,FINLAYSON ARM RD,BC,BRITISH COLUMBIA,COLOMBIE-BRITANNIQUE,CAN,483000000,-1233200000,PST,167.60,1012883,,,N/A,G,1,8,,,,,1976-01-01 00:00:00,1977-12-01 00:00:00,,,1976-04-01 00:00:00,1977-09-30 00:00:00,1976-01-01 00:00:00,1977-12-01 00:00:00,Y,N,N
-123.31666666666666,48.86666666666667,54,GALIANO ISL BURRILL PT,BC,BRITISH COLUMBIA,COLOMBIE-BRITANNIQUE,CAN,485200000,-1231900000,PST,1.50,10130DE,,,N/A,,1,9,,,,,1970-01-01 00:00:00,1970-12-01 00:00:00,,,1970-04-01 00:00:00,1970-08-31 00:00:00,1970-01-01 00:00:00,1970-12-01 00:00:00,Y,N,N
-123.57333888888888,48.98500833333333,55,GALIANO NORTH,BC,BRITISH COLUMBIA,COLOMBIE-BRITANNIQUE,CAN,485906030,-1233424020,PST,6.00,10130MN,,,Climate-Staffed,F,1,7,CCN,RCSC,Co-operative Climate Network,Réseau coopératif de stations climatiques,1975-01-01 00:00:00,2021-03-26 00:00:00,,,1975-01-01 00:00:00,2021-03-26 00:00:00,1975-01-01 00:00:00,2007-02-01 00:00:00,Y,N,N
-123.35,48.9,56,GALIANO ISLAND GCC,BC,BRITISH COLUMBIA,COLOMBIE-BRITANNIQUE,CAN,485400000,-1232100000,PST,15.20,1013045,,,N/A,G,1,8,,,,,1956-01-01 00:00:00,1977-12-01 00:00:00,,,1956-02-01 00:00:00,1977-02-28 00:00:00,1956-01-01 00:00:00,1977-12-01 00:00:00,Y,N,N
-123.49818055555555,48.871722222222225,57,GANGES MANSELL RD,BC,BRITISH COLUMBIA,COLOMBIE-BRITANNIQUE,CAN,485218200,-1232953450,PST,45.00,1013051,,,Climate-Staffed,F,1,7,,,,,1974-12-01 00:00:00,2014-01-31 00:00:00,,,1974-12-01 00:00:00,2014-01-31 00:00:00,1975-01-01 00:00:00,2007-02-01 00:00:00,Y,N,N
-123.55,48.45,58,GOLDSTREAM LAKE,BC,BRITISH COLUMBIA,COLOMBIE-BRITANNIQUE,CAN,482700000,-1233300000,PST,458.70,1013240,,,N/A,,1,9,,,,,1894-01-01 00:00:00,1953-12-01 00:00:00,,,1894-07-01 00:00:00,1953-03-31 00:00:00,1894-01-01 00:00:00,1953-12-01 00:00:00,Y,N,N
-123.53333333333333,48.61666666666667,59,GOLDSTREAM MEADOWS,BC,BRITISH COLUMBIA,COLOMBIE-BRITANNIQUE,CAN,483700000,-1233200000,PST,64.00,1013241,,,N/A,G,1,9,,,,,1976-01-01 00:00:00,1976-12-01 00:00:00,,,1976-04-01 00:00:00,1976-06-30 00:00:00,1976-01-01 00:00:00,1976-12-01 00:00:00,Y,N,N
-124.19416666666666,48.83083333333333,60,HONEYMOON BAY NORTHWEST,BC,BRITISH COLUMBIA,COLOMBIE-BRITANNIQUE,CAN,484951000,-1241139000,PST,170.00,1013519,,,Climate-Staffed,E,1,6,,,,,1989-01-01 00:00:00,2003-01-31 00:00:00,,,1989-06-01 00:00:00,2003-01-31 00:00:00,1989-01-01 00:00:00,2003-01-01 00:00:00,Y,N,N
-123.35,48.6,61,JAMES ISLAND,BC,BRITISH COLUMBIA,COLOMBIE-BRITANNIQUE,CAN,483600000,-1232100000,PST,53.60,1013720,,,N/A,F,1,7,,,,,1914-01-01 00:00:00,1978-12-01 00:00:00,,,1914-02-01 00:00:00,1978-09-30 00:00:00,1914-01-01 00:00:00,1978-12-01 00:00:00,Y,N,N
-123.63333333333334,48.96666666666667,62,KUPER ISLAND,BC,BRITISH COLUMBIA,COLOMBIE-BRITANNIQUE,CAN,485800000,-1233800000,PST,,1014430,,,N/A,,1,9,,,,,1894-01-01 00:00:00,1905-12-01 00:00:00,,,1894-08-01 00:00:00,1905-01-31 00:00:00,1894-01-01 00:00:00,1905-12-01 00:00:00,Y,N,N
-124.05,48.81666666666667,63,LAKE COWICHAN,BC,BRITISH COLUMBIA,COLOMBIE-BRITANNIQUE,CAN,484900000,-1240300000,PST,180.00,1014493,,,N/A,G,1,8,,,,,1924-01-01 00:00:00,1994-12-01 00:00:00,,,1924-01-01 00:00:00,1994-11-30 00:00:00,1924-01-01 00:00:00,1994-12-01 00:00:00,Y,N,N
-123.53333333333333,48.43333333333333,64,LANGFORD LAKE,BC,BRITISH COLUMBIA,COLOMBIE-BRITANNIQUE,CAN,482600000,-1233200000,PST,75.00,1014530,,,N/A,G,1,9,,,,,1953-01-01 00:00:00,1983-12-01 00:00:00,,,1953-04-01 00:00:00,1983-11-30 00:00:00,1953-01-01 00:00:00,1983-12-01 00:00:00,Y,N,N
-123.52991666666667,48.57491666666667,65,MALAHAT,BC,BRITISH COLUMBIA,COLOMBIE-BRITANNIQUE,CAN,483429700,-1233147700,PST,365.80,1014820,WKH,71774,Climate-Auto,F,1,7,ECCC - MSC,ECCC - SMC,Environment and Climate Change Canada - Meteorological Service of Canada,Environnement et Changement climatique Canada - Service météorologique du Canada,1920-01-01 00:00:00,2024-11-19 12:30:02,1994-02-01 00:00:00,2024-11-19 12:30:02,1920-01-01 00:00:00,2024-11-19 00:00:00,1920-01-01 00:00:00,2005-04-01 00:00:00,Y,N,N
-123.33333333333333,48.85,66,MAYNE ISLAND,BC,BRITISH COLUMBIA,COLOMBIE-BRITANNIQUE,CAN,485100000,-1232000000,PST,9.10,1014930,,,N/A,,1,9,,,,,1921-01-01 00:00:00,1942-12-01 00:00:00,,,1921-01-01 00:00:00,1942-11-30 00:00:00,1921-01-01 00:00:00,1942-12-01 00:00:00,Y,N,N
-123.32027777777778,48.844722222222224,67,MAYNE ISLAND,BC,BRITISH COLUMBIA,COLOMBIE-BRITANNIQUE,CAN,485041000,-1231913000,PST,28.00,1014931,,,Climate-Staffed,D,1,5,,,,,1970-01-01 00:00:00,2002-12-31 00:00:00,,,1970-04-01 00:00:00,2002-12-31 00:00:00,1970-01-01 00:00:00,2002-12-01 00:00:00,Y,N,N
-123.56138944444444,48.37416694444445,68,METCHOSIN,BC,BRITISH COLUMBIA,COLOMBIE-BRITANNIQUE,CAN,482227001,-1233341002,PST,164.00,1015105,,,Climate-Staffed,A,1,2,CCN,RCSC,Co-operative Climate Network,Réseau coopératif de stations climatiques,1911-11-01 00:00:00,2024-11-12 00:00:00,,,1911-11-01 00:00:00,2024-11-12 00:00:00,1915-01-01 00:00:00,2007-02-01 00:00:00,Y,Y,N
-123.53333333333333,48.416666666666664,69,METCHOSIN HAPPY VALLEY,BC,BRITISH COLUMBIA,COLOMBIE-BRITANNIQUE,CAN,482500000,-1233200000,PST,76.00,1015107,,,Climate-Staffed,A,1,2,,,,,1970-01-01 00:00:00,1998-09-30 00:00:00,,,1970-03-01 00:00:00,1998-09-30 00:00:00,1970-01-01 00:00:00,1998-09-01 00:00:00,Y,N,N
-123.53333333333333,48.4,70,METCHOSIN MOUNTAIN,BC,BRITISH COLUMBIA,COLOMBIE-BRITANNIQUE,CAN,482400000,-1233200000,PST,91.40,1015109,,,N/A,G,1,9,,,,,1972-01-01 00:00:00,1972-12-01 00:00:00,,,1972-04-01 00:00:00,1972-07-31 00:00:00,1972-01-01 00:00:00,1972-12-01 00:00:00,Y,N,N
-123.55,48.65,71,MILL BAY KILMALU,BC,BRITISH COLUMBIA,COLOMBIE-BRITANNIQUE,CAN,483900000,-1233300000,PST,45.70,1015134,,,N/A,E,1,6,,,,,1972-01-01 00:00:00,1983-12-01 00:00:00,,,1972-10-01 00:00:00,1983-07-31 00:00:00,1972-01-01 00:00:00,1983-12-01 00:00:00,Y,N,N
-123.5575,48.64472222222222,72,MILL BAY 1 SOUTHWEST,BC,BRITISH COLUMBIA,COLOMBIE-BRITANNIQUE,CAN,483841000,-1233327000,PST,100.00,1015136,,,Climate-Staffed,F,1,7,,,,,1989-01-01 00:00:00,2006-05-31 00:00:00,,,1989-02-01 00:00:00,2006-05-31 00:00:00,1989-01-01 00:00:00,2006-05-01 00:00:00,Y,N,N
-123.55,48.483333333333334,73,MILLSTREAM,BC,BRITISH COLUMBIA,COLOMBIE-BRITANNIQUE,CAN,482900000,-1233300000,PST,213.40,1015150,,,N/A,,1,9,,,,,1926-01-01 00:00:00,1941-12-01 00:00:00,,,1926-09-01 00:00:00,1941-05-31 00:00:00,1926-01-01 00:00:00,1941-12-01 00:00:00,Y,N,N
-123.73333333333333,48.35,74,MILNES LANDING,BC,BRITISH COLUMBIA,COLOMBIE-BRITANNIQUE,CAN,482100000,-1234400000,PST,38.10,1015160,,,N/A,,1,9,,,,,1910-01-01 00:00:00,1956-12-01 00:00:00,,,1910-01-01 00:00:00,1956-02-29 00:00:00,1910-01-01 00:00:00,1956-12-01 00:00:00,Y,N,N
-123.88333333333334,48.38333333333333,75,MUIR CREEK 1W,BC,BRITISH COLUMBIA,COLOMBIE-BRITANNIQUE,CAN,482300000,-1235300000,PST,30.00,1015242,,,N/A,E,1,6,,,,,1970-01-01 00:00:00,1986-12-01 00:00:00,,,1970-03-01 00:00:00,1986-10-31 00:00:00,1970-01-01 00:00:00,1986-12-01 00:00:00,Y,N,N
-123.71833333333333,48.82416666666666,76,NORTH COWICHAN,BC,BRITISH COLUMBIA,COLOMBIE-BRITANNIQUE,CAN,484927000,-1234306000,PST,45.70,1015628,,,Climate-Staffed,D,1,5,CCN,RCSC,Co-operative Climate Network,Réseau coopératif de stations climatiques,1981-01-01 00:00:00,2024-11-18 00:00:00,,,1981-03-01 00:00:00,2024-11-18 00:00:00,1981-01-01 00:00:00,2007-02-01 00:00:00,Y,Y,N
-123.28666944444444,48.7639,77,NORTH PENDER ISLAND,BC,BRITISH COLUMBIA,COLOMBIE-BRITANNIQUE,CAN,484550040,-1231712010,PST,98.00,1015638,,,Climate-Staffed,E,1,6,CCN,RCSC,Co-operative Climate Network,Réseau coopératif de stations climatiques,1972-01-01 00:00:00,2024-11-17 00:00:00,,,1972-02-01 00:00:00,2024-11-17 00:00:00,1972-01-01 00:00:00,2007-02-01 00:00:00,Y,N,N
-123.42722222222223,48.5975,78,SAANICHTON MT NEWTON,BC,BRITISH COLUMBIA,COLOMBIE-BRITANNIQUE,CAN,483551000,-1232538000,PST,42.70,1016RM0,,,Climate-Staffed,D,1,5,CCN,RCSC,Co-operative Climate Network,Réseau coopératif de stations climatiques,1980-01-01 00:00:00,2024-11-17 00:00:00,,,1980-08-01 00:00:00,2024-11-17 00:00:00,1980-01-01 00:00:00,2007-02-01 00:00:00,Y,Y,N
-123.3,48.766666666666666,79,PENDER ISLAND,BC,BRITISH COLUMBIA,COLOMBIE-BRITANNIQUE,CAN,484600000,-1231800000,PST,26.20,1016120,,,Climate-Staffed,E,1,6,,,,,1924-01-01 00:00:00,1999-12-31 00:00:00,,,1924-12-01 00:00:00,1999-12-31 00:00:00,1924-01-01 00:00:00,1999-12-01 00:00:00,Y,N,N
-123.41666666666667,48.7,80,PIERS ISLAND,BC,BRITISH COLUMBIA,COLOMBIE-BRITANNIQUE,CAN,484200000,-1232500000,PST,17.10,1016169,,,N/A,E,1,6,,,,,1973-01-01 00:00:00,1985-12-01 00:00:00,,,1973-06-01 00:00:00,1985-01-31 00:00:00,1973-01-01 00:00:00,1985-12-01 00:00:00,Y,N,N
-123.99138888888889,48.405833333333334,81,POINT-NO-POINT,BC,BRITISH COLUMBIA,COLOMBIE-BRITANNIQUE,CAN,482421000,-1235929000,PST,25.00,1016203,,,Climate-Staffed,F,1,7,,,,,1990-01-01 00:00:00,2005-03-31 00:00:00,,,1990-06-01 00:00:00,2005-03-31 00:00:00,1990-01-01 00:00:00,2005-03-01 00:00:00,Y,N,N
-124.32638888888889,48.5916675,82,PORT RENFREW,BC,BRITISH COLUMBIA,COLOMBIE-BRITANNIQUE,CAN,483530003,-1241935000,PST,10.00,1016335,,,Climate-Staffed,A,1,1,,,,,1970-01-01 00:00:00,2022-08-04 00:00:00,,,1970-02-01 00:00:00,2022-08-04 00:00:00,1970-01-01 00:00:00,2007-02-01 00:00:00,Y,Y,N
-123.53333333333333,48.3,83,RACE ROCKS LIGHTSTATION,BC,BRITISH COLUMBIA,COLOMBIE-BRITANNIQUE,CAN,481800000,-1233200000,PST,4.90,1016641,,,N/A,E,1,6,,,,,1984-01-01 00:00:00,1997-12-31 00:00:00,,,1984-10-01 00:00:00,1997-12-31 00:00:00,1984-01-01 00:00:00,1997-12-01 00:00:00,Y,N,N
-124.05,48.416666666666664,84,RIVER JORDAN,BC,BRITISH COLUMBIA,COLOMBIE-BRITANNIQUE,CAN,482500000,-1240300000,PST,3.00,1016780,,,N/A,G,1,8,,,,,1908-01-01 00:00:00,1972-12-01 00:00:00,,,1908-01-01 00:00:00,1972-09-30 00:00:00,1908-01-01 00:00:00,1972-12-01 00:00:00,Y,N,N
-123.41666666666667,48.516666666666666,85,SAANICH DOM ASTRO OBS,BC,BRITISH COLUMBIA,COLOMBIE-BRITANNIQUE,CAN,483100000,-1232500000,PST,222.50,10169DK,,,N/A,F,1,7,,,,,1916-01-01 00:00:00,1977-12-01 00:00:00,,,1916-12-01 00:00:00,1977-06-30 00:00:00,1916-01-01 00:00:00,1977-12-01 00:00:00,Y,N,N
-123.41666666666667,48.55,86,SAANICH OLDFIELD,BC,BRITISH COLUMBIA,COLOMBIE-BRITANNIQUE,CAN,483300000,-1232500000,PST,69.80,10169MK,,,N/A,,1,9,,,,,1965-01-01 00:00:00,1966-12-01 00:00:00,,,1965-09-01 00:00:00,1966-03-31 00:00:00,1965-01-01 00:00:00,1966-12-01 00:00:00,Y,N,N
-123.41888888888889,48.62166666666667,87,SAANICHTON CDA,BC,BRITISH COLUMBIA,COLOMBIE-BRITANNIQUE,CAN,483718000,-1232508000,PST,61.00,1016940,,,Climate-Staffed,A,1,1,CCN,RCSC,Co-operative Climate Network,Réseau coopératif de stations climatiques,1914-01-01 00:00:00,2023-02-09 00:00:00,,,1914-03-01 00:00:00,2023-02-09 00:00:00,1914-01-01 00:00:00,2007-02-01 00:00:00,Y,Y,N
-123.41666666666667,48.5,88,SAANICH CAMOSUN COLLEGE,BC,BRITISH COLUMBIA,COLOMBIE-BRITANNIQUE,CAN,483000000,-1232500000,PST,38.10,1016941,,,N/A,G,1,8,,,,,1974-01-01 00:00:00,1975-12-01 00:00:00,,,1974-06-01 00:00:00,1975-10-31 00:00:00,1974-01-01 00:00:00,1975-12-01 00:00:00,Y,N,N
-123.4,48.5,89,SAANICH DENSMORE,BC,BRITISH COLUMBIA,COLOMBIE-BRITANNIQUE,CAN,483000000,-1232400000,PST,59.00,1016942,,,N/A,G,1,8,,,,,1963-01-01 00:00:00,1992-12-01 00:00:00,,,1963-11-01 00:00:00,1992-02-29 00:00:00,1963-01-01 00:00:00,1992-12-01 00:00:00,Y,N,N
-123.76666666666667,48.96666666666667,90,SALTAIR,BC,BRITISH COLUMBIA,COLOMBIE-BRITANNIQUE,CAN,485800000,-1234600000,PST,15.20,1016980,,,N/A,,1,9,,,,,1959-01-01 00:00:00,1967-12-01 00:00:00,,,1959-04-01 00:00:00,1967-06-30 00:00:00,1959-01-01 00:00:00,1967-12-01 00:00:00,Y,N,N
-123.5,48.85,91,SALTSPRING ISLAND,BC,BRITISH COLUMBIA,COLOMBIE-BRITANNIQUE,CAN,485100000,-1233000000,PST,73.20,1016990,,,N/A,F,1,7,,,,,1893-01-01 00:00:00,1977-12-01 00:00:00,,,1893-04-01 00:00:00,1977-07-31 00:00:00,1893-01-01 00:00:00,1977-12-01 00:00:00,Y,N,N
-123.47666666666667,48.820277777777775,92,SALTSPRING IS CUSHEON LK,BC,BRITISH COLUMBIA,COLOMBIE-BRITANNIQUE,CAN,484913000,-1232836000,PST,107.90,1016992,,,Climate-Staffed,C,1,4,,,,,1976-01-01 00:00:00,2001-03-31 00:00:00,,,1976-09-01 00:00:00,2001-03-31 00:00:00,1976-01-01 00:00:00,2001-03-01 00:00:00,Y,N,N
-123.54638888888888,48.88805555555555,93,SALTSPRING ST MARY'S L,BC,BRITISH COLUMBIA,COLOMBIE-BRITANNIQUE,CAN,485317000,-1233247000,PST,45.70,1016995,,,Climate-Staffed,C,1,4,CCN,RCSC,Co-operative Climate Network,Réseau coopératif de stations climatiques,1975-01-01 00:00:00,2022-10-17 00:00:00,,,1975-12-01 00:00:00,2022-10-17 00:00:00,1975-01-01 00:00:00,2007-02-01 00:00:00,Y,Y,N
-123.56666666666666,48.88333333333333,94,SALTSPRING VESUVIUS,BC,BRITISH COLUMBIA,COLOMBIE-BRITANNIQUE,CAN,485300000,-1233400000,PST,7.60,1017000,,,N/A,G,1,8,,,,,1955-01-01 00:00:00,1975-12-01 00:00:00,,,1955-11-01 00:00:00,1975-07-31 00:00:00,1955-01-01 00:00:00,1975-12-01 00:00:00,Y,N,N
-123.12777944444444,48.77527777777778,95,SATURNA CAPMON,BC,BRITISH COLUMBIA,COLOMBIE-BRITANNIQUE,CAN,484631000,-1230740006,PST,178.00,1017098,,,Climate-Staffed,E,1,6,CCN,RCSC,Co-operative Climate Network,Réseau coopératif de stations climatiques,1989-01-01 00:00:00,2018-01-01 00:00:00,,,1989-06-01 00:00:00,2018-01-01 00:00:00,1989-01-01 00:00:00,2007-02-01 00:00:00,Y,N,N
-123.044745,48.7839075,96,SATURNA ISLAND CS,BC,BRITISH COLUMBIA,COLOMBIE-BRITANNIQUE,CAN,484702067,-1230241082,PST,24.40,1017101,WEZ,71473,Climate-Auto,E,1,6,ECCC - MSC,ECCC - SMC,Environment and Climate Change Canada - Meteorological Service of Canada,Environnement et Changement climatique Canada - Service météorologique du Canada,1980-01-01 00:00:00,2024-11-19 12:30:02,1994-02-28 23:00:00,2024-11-19 12:30:02,1980-05-01 00:00:00,2024-11-19 00:00:00,1980-01-01 00:00:00,2007-02-01 00:00:00,Y,N,N
-123.62640833333333,48.646947222222224,97,SHAWNIGAN LAKE,BC,BRITISH COLUMBIA,COLOMBIE-BRITANNIQUE,CAN,483849010,-1233735070,PST,159.00,1017230,,,Climate-Staffed,A,1,1,CCN,RCSC,Co-operative Climate Network,Réseau coopératif de stations climatiques,1911-01-01 00:00:00,2023-11-02 00:00:00,,,1911-05-01 00:00:00,2023-11-02 00:00:00,1911-01-01 00:00:00,2007-02-01 00:00:00,Y,Y,N
-123.63333333333334,48.65,98,SHAWNIGAN LAKE NORTH,BC,BRITISH COLUMBIA,COLOMBIE-BRITANNIQUE,CAN,483900000,-1233800000,PST,149.40,1017233,,,N/A,G,1,8,,,,,1973-01-01 00:00:00,1976-12-01 00:00:00,,,1973-02-01 00:00:00,1976-04-30 00:00:00,1973-01-01 00:00:00,1976-12-01 00:00:00,Y,N,N
-123.4,48.68333333333333,99,SIDNEY DEEP COVE,BC,BRITISH COLUMBIA,COLOMBIE-BRITANNIQUE,CAN,484100000,-1232400000,PST,18.30,1017329,,,N/A,G,1,8,,,,,1967-01-01 00:00:00,1973-12-01 00:00:00,,,1967-04-01 00:00:00,1973-05-31 00:00:00,1967-01-01 00:00:00,1973-12-01 00:00:00,Y,N,N
-123.73333333333333,48.36666666666667,100,SOOKE,BC,BRITISH COLUMBIA,COLOMBIE-BRITANNIQUE,CAN,482200000,-1234400000,PST,27.40,1017556,,,N/A,G,1,8,,,,,1970-01-01 00:00:00,1992-12-01 00:00:00,,,1970-03-01 00:00:00,1992-06-30 00:00:00,1970-01-01 00:00:00,1992-12-01 00:00:00,Y,N,N
-123.63333333333334,48.416666666666664,101,SOOKE GLINZ LAKE,BC,BRITISH COLUMBIA,COLOMBIE-BRITANNIQUE,CAN,482500000,-1233800000,PST,256.00,1017559,,,N/A,G,1,8,,,,,1983-01-01 00:00:00,1995-07-31 00:00:00,,,1983-08-01 00:00:00,1995-07-31 00:00:00,1983-01-01 00:00:00,1995-07-01 00:00:00,Y,N,N
-123.7,48.516666666666666,102,SOOKE LAKE,BC,BRITISH COLUMBIA,COLOMBIE-BRITANNIQUE,CAN,483100000,-1234200000,PST,172.80,1017560,,,N/A,,1,9,,,,,1903-01-01 00:00:00,1966-12-01 00:00:00,,,1903-01-01 00:00:00,1966-09-30 00:00:00,1903-01-01 00:00:00,1966-12-01 00:00:00,Y,N,N
-123.64,48.57555555555555,103,SOOKE LAKE NORTH,BC,BRITISH COLUMBIA,COLOMBIE-BRITANNIQUE,CAN,483432000,-1233824000,PST,231.00,1017563,,,Climate-Staffed,A,1,2,,,,,1966-01-01 00:00:00,2011-10-31 00:00:00,,,1966-10-01 00:00:00,2011-10-31 00:00:00,1966-01-01 00:00:00,2007-02-01 00:00:00,Y,Y,N
-123.81666666666666,48.36666666666667,104,SOOKE OTTER POINT,BC,BRITISH COLUMBIA,COLOMBIE-BRITANNIQUE,CAN,482200000,-1234900000,PST,39.60,1017570,,,N/A,G,1,8,,,,,1974-01-01 00:00:00,1977-12-01 00:00:00,,,1974-03-01 00:00:00,1977-11-30 00:00:00,1974-01-01 00:00:00,1977-12-01 00:00:00,Y,N,N
-123.66666666666667,48.38333333333333,105,SOOKE SASEENOS,BC,BRITISH COLUMBIA,COLOMBIE-BRITANNIQUE,CAN,482300000,-1234000000,PST,27.40,1017575,,,N/A,G,1,8,,,,,1976-01-01 00:00:00,1979-12-01 00:00:00,,,1976-04-01 00:00:00,1979-07-31 00:00:00,1976-01-01 00:00:00,1979-12-01 00:00:00,Y,N,N
-123.21666666666667,48.75,106,SOUTH PENDER ISLAND 2,BC,BRITISH COLUMBIA,COLOMBIE-BRITANNIQUE,CAN,484500000,-1231300000,PST,91.10,1017610,,,N/A,F,1,7,,,,,1966-01-01 00:00:00,1982-12-01 00:00:00,,,1966-04-01 00:00:00,1982-03-31 00:00:00,1966-01-01 00:00:00,1982-12-01 00:00:00,Y,N,N
-123.33333333333333,48.46666666666667,107,VICTORIA U VIC,BC,BRITISH COLUMBIA,COLOMBIE-BRITANNIQUE,CAN,482800000,-1232000000,PST,68.40,1018FF6,,,N/A,E,1,6,,,,,1974-01-01 00:00:00,1988-12-01 00:00:00,,,1974-07-01 00:00:00,1988-02-29 00:00:00,1974-01-01 00:00:00,1988-12-01 00:00:00,Y,N,N
-123.28333333333333,48.45,108,VICTORIA AMROTH PLACE,BC,BRITISH COLUMBIA,COLOMBIE-BRITANNIQUE,CAN,482700000,-1231700000,PST,18.30,1018590,,,N/A,,1,9,,,,,1967-01-01 00:00:00,1969-12-01 00:00:00,,,1967-07-01 00:00:00,1969-06-30 00:00:00,1967-01-01 00:00:00,1969-12-01 00:00:00,Y,N,N
-123.46666666666667,48.63333333333333,109,VICTORIA ARDMORE,BC,BRITISH COLUMBIA,COLOMBIE-BRITANNIQUE,CAN,483800000,-1232800000,PST,24.40,1018592,,,N/A,G,1,9,,,,,1973-01-01 00:00:00,1976-12-31 00:00:00,,,1973-06-01 00:00:00,1976-12-31 00:00:00,1973-01-01 00:00:00,1976-12-01 00:00:00,Y,N,N
-123.36666666666666,48.43333333333333,110,VICTORIA BAY STREET,BC,BRITISH COLUMBIA,COLOMBIE-BRITANNIQUE,CAN,482600000,-1232200000,PST,13.70,1018595,,,N/A,,1,9,,,,,1958-01-01 00:00:00,1961-12-01 00:00:00,,,1958-01-01 00:00:00,1961-10-31 00:00:00,1958-01-01 00:00:00,1961-12-01 00:00:00,Y,N,N
-123.46666666666667,48.46666666666667,111,VICTORIA CAREY ROAD,BC,BRITISH COLUMBIA,COLOMBIE-BRITANNIQUE,CAN,482800000,-1232800000,PST,19.80,1018600,,,N/A,,1,9,,,,,1966-01-01 00:00:00,1967-12-01 00:00:00,,,1966-03-01 00:00:00,1967-09-30 00:00:00,1966-01-01 00:00:00,1967-12-01 00:00:00,Y,N,N
-123.44305555555556,48.47638888888889,112,VICTORIA FRANCIS PARK,BC,BRITISH COLUMBIA,COLOMBIE-BRITANNIQUE,CAN,482835000,-1232635000,PST,55.00,1018605,,,Climate-Staffed,E,1,6,CCN,RCSC,Co-operative Climate Network,Réseau coopératif de stations climatiques,1962-01-01 00:00:00,2017-12-30 00:00:00,,,1962-06-01 00:00:00,2017-12-30 00:00:00,1962-01-01 00:00:00,2007-02-01 00:00:00,Y,N,N
-123.32500472222222,48.4130725,113,VICTORIA GONZALES HTS,BC,BRITISH COLUMBIA,COLOMBIE-BRITANNIQUE,CAN,482447061,-1231930017,PST,69.50,1018610,WLM,,N/A,D,1,5,,,,,1898-01-01 00:00:00,2004-11-30 00:00:00,1953-01-01 00:00:00,2000-03-14 07:00:00,1898-08-01 00:00:00,2004-11-30 00:00:00,1898-01-01 00:00:00,2004-11-01 00:00:00,Y,N,Y
-123.32477555555556,48.41330444444444,114,VICTORIA GONZALES CS,BC,BRITISH COLUMBIA,COLOMBIE-BRITANNIQUE,CAN,482447896,-1231929192,PST,61.00,1018611,WLM,71200,Climate-Auto,G,1,9,ECCC - MSC,ECCC - SMC,Environment and Climate Change Canada - Meteorological Service of Canada,Environnement et Changement climatique Canada - Service météorologique du Canada,1972-01-01 00:00:00,2024-11-19 12:30:02,1994-02-01 00:00:00,2024-11-19 12:30:02,1973-01-01 00:00:00,2024-11-19 00:00:00,1972-01-01 00:00:00,2007-02-01 00:00:00,Y,N,Y
-123.3,48.46666666666667,115,VICTORIA GORDON HEAD,BC,BRITISH COLUMBIA,COLOMBIE-BRITANNIQUE,CAN,482800000,-1231800000,PST,42.70,1018614,,,N/A,E,1,6,,,,,1959-01-01 00:00:00,1983-12-01 00:00:00,,,1959-10-01 00:00:00,1983-10-31 00:00:00,1959-01-01 00:00:00,1983-12-01 00:00:00,Y,N,N
-123.50833333333334,48.509166666666665,116,VICTORIA HIGHLAND,BC,BRITISH COLUMBIA,COLOMBIE-BRITANNIQUE,CAN,483033000,-1233030000,PST,190.60,1018616,,,Climate-Staffed,E,1,6,,,,,1961-01-01 00:00:00,2012-01-12 00:00:00,,,1961-07-01 00:00:00,2012-01-12 00:00:00,1961-01-01 00:00:00,2007-02-01 00:00:00,Y,N,N
-123.40638888888888,48.48388888888889,117,VICTORIA HOLLAND 2,BC,BRITISH COLUMBIA,COLOMBIE-BRITANNIQUE,CAN,482902000,-1232423000,PST,15.20,1018617,,,Climate-Staffed,E,1,6,,,,,1960-01-01 00:00:00,2002-09-30 00:00:00,,,1960-08-01 00:00:00,2002-09-30 00:00:00,1960-01-01 00:00:00,2002-09-01 00:00:00,Y,N,N
-123.42583333333333,48.647225,118,VICTORIA INT'L A,BC,BRITISH COLUMBIA,COLOMBIE-BRITANNIQUE,CAN,483850010,-1232533000,PST,19.50,1018620,YYJ,71799,Aviation-Staffed,A,1,1,,,,,1940-01-01 00:00:00,2013-07-11 10:00:00,1953-01-01 00:00:00,2013-07-11 10:00:00,1940-07-01 00:00:00,2013-07-10 00:00:00,1940-01-01 00:00:00,2013-07-01 00:00:00,Y,Y,Y
-123.33333333333333,48.43333333333333,119,VICTORIA JUBILEE,BC,BRITISH COLUMBIA,COLOMBIE-BRITANNIQUE,CAN,482600000,-1232000000,PST,23.50,1018629,,,N/A,,1,9,,,,,1968-01-01 00:00:00,1969-12-01 00:00:00,,,1968-08-01 00:00:00,1969-10-31 00:00:00,1968-01-01 00:00:00,1969-12-01 00:00:00,Y,N,N
-123.31666666666666,48.43333333333333,120,VICTORIA LANSDOWNE,BC,BRITISH COLUMBIA,COLOMBIE-BRITANNIQUE,CAN,482600000,-1231900000,PST,29.00,1018640,,,N/A,,1,9,,,,,1954-01-01 00:00:00,1962-12-01 00:00:00,,,1954-01-01 00:00:00,1962-06-30 00:00:00,1954-01-01 00:00:00,1962-12-01 00:00:00,Y,N,N
-123.75,48.36666666666667,121,VICTORIA MARINE,BC,BRITISH COLUMBIA,COLOMBIE-BRITANNIQUE,CAN,482200000,-1234500000,PST,31.70,1018642,,,Climate-Staffed,C,1,4,,,,,1967-01-01 00:00:00,1992-12-01 00:00:00,1967-11-01 04:00:00,1992-03-31 22:00:00,1967-06-01 00:00:00,1992-03-31 00:00:00,1967-01-01 00:00:00,1992-12-01 00:00:00,Y,N,N
-123.3,48.43333333333333,122,VICTORIA MUSGRAVE STREET,BC,BRITISH COLUMBIA,COLOMBIE-BRITANNIQUE,CAN,482600000,-1231800000,PST,15.20,1018644,,,N/A,,1,9,,,,,1966-01-01 00:00:00,1967-12-01 00:00:00,,,1966-01-01 00:00:00,1967-07-31 00:00:00,1966-01-01 00:00:00,1967-12-01 00:00:00,Y,N,N
-123.33333333333333,48.45,123,VICTORIA NORTH DAIRY RD,BC,BRITISH COLUMBIA,COLOMBIE-BRITANNIQUE,CAN,482700000,-1232000000,PST,40.80,1018648,,,N/A,,1,9,,,,,1964-01-01 00:00:00,1965-12-01 00:00:00,,,1964-06-01 00:00:00,1965-11-30 00:00:00,1964-01-01 00:00:00,1965-12-01 00:00:00,Y,N,N
-123.39861111111111,48.488055555555555,124,VICTORIA NORTHRIDGE,BC,BRITISH COLUMBIA,COLOMBIE-BRITANNIQUE,CAN,482917000,-1232355000,PST,37.00,1018651,,,Climate-Staffed,G,1,8,,,,,1990-01-01 00:00:00,1999-08-31 00:00:00,,,1990-05-01 00:00:00,1999-08-31 00:00:00,1990-01-01 00:00:00,1999-08-01 00:00:00,Y,N,N
-123.3,48.46666666666667,125,VICTORIA ROWLEY ROAD,BC,BRITISH COLUMBIA,COLOMBIE-BRITANNIQUE,CAN,482800000,-1231800000,PST,13.40,1018657,,,N/A,,1,9,,,,,1962-01-01 00:00:00,1962-12-01 00:00:00,,,1962-04-01 00:00:00,1962-07-31 00:00:00,1962-01-01 00:00:00,1962-12-01 00:00:00,Y,N,N
-123.3,48.46666666666667,126,VICTORIA SINCLAIR ROAD,BC,BRITISH COLUMBIA,COLOMBIE-BRITANNIQUE,CAN,482800000,-1231800000,PST,53.30,1018658,,,N/A,,1,9,,,,,1960-01-01 00:00:00,1960-12-31 00:00:00,,,1960-08-01 00:00:00,1960-12-31 00:00:00,1960-01-01 00:00:00,1960-12-01 00:00:00,Y,N,N
-123.39166666666667,48.44972222222222,127,VICTORIA TILLICUM,BC,BRITISH COLUMBIA,COLOMBIE-BRITANNIQUE,CAN,482659000,-1232330000,PST,22.90,1018660,,,Climate-Staffed,F,1,7,,,,,1958-01-01 00:00:00,2000-03-31 00:00:00,,,1958-05-01 00:00:00,2000-03-31 00:00:00,1958-01-01 00:00:00,2000-03-01 00:00:00,Y,N,N
-123.26666666666667,48.45,128,VICTORIA TUDOR AVENUE,BC,BRITISH COLUMBIA,COLOMBIE-BRITANNIQUE,CAN,482700000,-1231600000,PST,21.60,1018666,,,N/A,,1,9,,,,,1962-01-01 00:00:00,1963-12-01 00:00:00,,,1962-04-01 00:00:00,1963-06-30 00:00:00,1962-01-01 00:00:00,1963-12-01 00:00:00,Y,N,N
-123.53861111111111,48.33972222222222,129,WILLIAM HEAD,BC,BRITISH COLUMBIA,COLOMBIE-BRITANNIQUE,CAN,482023000,-1233219000,PST,12.20,1018935,,,Climate-Staffed,A,1,1,CCN,RCSC,Co-operative Climate Network,Réseau coopératif de stations climatiques,1959-01-01 00:00:00,2018-03-12 00:00:00,,,1959-11-01 00:00:00,2018-03-12 00:00:00,1959-01-01 00:00:00,2007-02-01 00:00:00,Y,Y,N
-124.21666666666667,48.88333333333333,130,YOUBOU,BC,BRITISH COLUMBIA,COLOMBIE-BRITANNIQUE,CAN,485300000,-1241300000,PST,173.70,1019010,,,N/A,,1,9,,,,,1959-01-01 00:00:00,1967-12-31 00:00:00,,,1959-07-01 00:00:00,1967-12-31 00:00:00,1959-01-01 00:00:00,1967-12-01 00:00:00,Y,N,N
-124.21666666666667,48.88333333333333,131,YOUBOU SCHOOL,BC,BRITISH COLUMBIA,COLOMBIE-BRITANNIQUE,CAN,485300000,-1241300000,PST,189.00,1019014,,,N/A,G,1,8,,,,,1971-01-01 00:00:00,1973-12-01 00:00:00,,,1971-11-01 00:00:00,1973-05-31 00:00:00,1971-01-01 00:00:00,1973-12-01 00:00:00,Y,N,N
-123.80889166666667,49.208911111111114,132,ENTRANCE ISLAND,BC,BRITISH COLUMBIA,COLOMBIE-BRITANNIQUE,CAN,491232080,-1234832010,PST,7.00,102BFHH,,,Climate-Staffed,F,1,7,CCG,GCC,Canadian Coast Guard,Garde côtière canadienne,1987-01-01 00:00:00,2024-11-17 00:00:00,,,1987-05-01 00:00:00,2024-11-17 00:00:00,1987-01-01 00:00:00,2007-02-01 00:00:00,Y,N,N
-124.08333333333333,49.083333333333336,133,NANAIMO RIVER CAMP,BC,BRITISH COLUMBIA,COLOMBIE-BRITANNIQUE,CAN,490500000,-1240500000,PST,204.20,102ECG0,,,N/A,,1,9,,,,,1962-01-01 00:00:00,1968-12-31 00:00:00,,,1962-08-01 00:00:00,1968-12-31 00:00:00,1962-01-01 00:00:00,1968-12-01 00:00:00,Y,N,N
-123.98333333333333,49.21666666666667,134,NANAIMO NORTH,BC,BRITISH COLUMBIA,COLOMBIE-BRITANNIQUE,CAN,491300000,-1235900000,PST,98.00,102E3G0,,,N/A,G,1,9,,,,,1989-01-01 00:00:00,1989-12-01 00:00:00,,,1989-02-01 00:00:00,1989-06-30 00:00:00,1989-01-01 00:00:00,1989-12-01 00:00:00,Y,N,N
-124.97694472222223,49.71695833333333,135,COURTENAY MEADOWBROOK,BC,BRITISH COLUMBIA,COLOMBIE-BRITANNIQUE,CAN,494301050,-1245837001,PST,35.00,102JR88,,,Climate-Staffed,E,1,6,,,,,1987-01-01 00:00:00,2010-09-26 00:00:00,,,1987-05-01 00:00:00,2010-09-26 00:00:00,1987-01-01 00:00:00,2007-02-01 00:00:00,Y,N,N
-123.79944444444445,49.090833333333336,136,STUART CHANNEL BOAT HARBOUR,BC,BRITISH COLUMBIA,COLOMBIE-BRITANNIQUE,CAN,490527000,-1234758000,PST,14.00,102PG75,,,Climate-Staffed,G,1,8,,,,,1987-01-01 00:00:00,2006-03-31 00:00:00,,,1987-04-01 00:00:00,2006-03-31 00:00:00,1987-01-01 00:00:00,2006-03-01 00:00:00,Y,N,N
-126.93333333333334,50.583333333333336,137,ALERT BAY,BC,BRITISH COLUMBIA,COLOMBIE-BRITANNIQUE,CAN,503500000,-1265600000,PST,59.40,1020270,,,N/A,C,1,4,,,,,1913-01-01 00:00:00,2006-12-05 00:00:00,1954-01-01 07:00:00,1994-02-21 10:00:00,1913-12-01 00:00:00,2006-12-05 00:00:00,1913-01-01 00:00:00,1994-12-01 00:00:00,Y,N,Y
-124.16027777777778,49.35027777777778,138,BALLENAS ISLAND,BC,BRITISH COLUMBIA,COLOMBIE-BRITANNIQUE,CAN,492101000,-1240937000,PST,14.50,1020590,WGB,71769,Climate-Auto,G,1,8,ECCC - MSC,ECCC - SMC,Environment and Climate Change Canada - Meteorological Service of Canada,Environnement et Changement climatique Canada - Service météorologique du Canada,1966-12-01 00:00:00,2024-11-19 12:30:02,1994-02-01 00:00:00,2024-11-19 12:30:02,1966-12-01 00:00:00,2024-11-19 00:00:00,1967-01-01 00:00:00,2007-02-01 00:00:00,Y,N,N
-125.13277777777778,49.846111111111114,139,BLACK CREEK,BC,BRITISH COLUMBIA,COLOMBIE-BRITANNIQUE,CAN,495046000,-1250758000,PST,46.00,1020880,,,Climate-Staffed,E,1,6,,,,,1964-01-01 00:00:00,2008-12-31 00:00:00,,,1964-04-01 00:00:00,2008-12-31 00:00:00,1964-01-01 00:00:00,2005-04-01 00:00:00,Y,N,N
-125.5,50.416666666666664,140,BLIND CHANNEL,BC,BRITISH COLUMBIA,COLOMBIE-BRITANNIQUE,CAN,502500000,-1253000000,PST,3.00,1020885,,,N/A,C,1,4,,,,,1956-01-01 00:00:00,1993-12-31 00:00:00,,,1956-05-01 00:00:00,1993-12-31 00:00:00,1956-01-01 00:00:00,1993-12-01 00:00:00,Y,N,N
-124.66666666666667,49.45,141,BOWSER,BC,BRITISH COLUMBIA,COLOMBIE-BRITANNIQUE,CAN,492700000,-1244000000,PST,3.00,1020910,,,N/A,,1,9,,,,,1957-01-01 00:00:00,1958-12-01 00:00:00,,,1957-03-01 00:00:00,1958-08-31 00:00:00,1957-01-01 00:00:00,1958-12-01 00:00:00,Y,N,N
-124.58333333333333,49.28333333333333,142,CAMERON LAKE,BC,BRITISH COLUMBIA,COLOMBIE-BRITANNIQUE,CAN,491700000,-1243500000,PST,193.00,1021230,,,N/A,E,1,6,,,,,1924-01-01 00:00:00,1986-12-01 00:00:00,,,1924-01-01 00:00:00,1986-08-31 00:00:00,1924-01-01 00:00:00,1986-12-01 00:00:00,Y,N,N
-125.4,50.016666666666666,143,CAMPBELL LAKE,BC,BRITISH COLUMBIA,COLOMBIE-BRITANNIQUE,CAN,500100000,-1252400000,PST,15.20,1021250,,,N/A,,1,9,,,,,1919-01-01 00:00:00,1933-12-01 00:00:00,,,1919-08-01 00:00:00,1933-02-28 00:00:00,1919-01-01 00:00:00,1933-12-01 00:00:00,Y,N,N
-125.3,50.016666666666666,144,CAMPBELL RIVER,BC,BRITISH COLUMBIA,COLOMBIE-BRITANNIQUE,CAN,500100000,-1251800000,PST,79.20,1021260,,,N/A,,1,9,,,,,1936-01-01 00:00:00,1969-12-01 00:00:00,,,1936-02-01 00:00:00,1969-05-31 00:00:00,1936-01-01 00:00:00,1969-12-01 00:00:00,Y,N,N
-125.27305555555556,49.95194444444444,145,CAMPBELL RIVER A,BC,BRITISH COLUMBIA,COLOMBIE-BRITANNIQUE,CAN,495707000,-1251623000,PST,108.80,1021261,YBL,,Aviation-Staffed,A,1,1,CCN,RCSC,Co-operative Climate Network,Réseau coopératif de stations climatiques,1965-01-01 00:00:00,2024-11-18 00:00:00,1979-03-01 06:00:00,2013-06-13 10:00:00,1965-01-01 00:00:00,2024-11-18 00:00:00,1965-01-01 00:00:00,2007-02-01 00:00:00,Y,Y,Y
-125.31666666666666,50.06666666666667,146,CAMPBELL RIVER BCFS,BC,BRITISH COLUMBIA,COLOMBIE-BRITANNIQUE,CAN,500400000,-1251900000,PST,128.00,1021262,,,N/A,F,1,7,,,,,1969-01-01 00:00:00,1982-12-01 00:00:00,,,1969-06-01 00:00:00,1982-10-31 00:00:00,1969-01-01 00:00:00,1982-12-01 00:00:00,Y,N,N
-125.31666666666666,50.05,147,CAMPBELL RIVER BCHPA GEN,BC,BRITISH COLUMBIA,COLOMBIE-BRITANNIQUE,CAN,500300000,-1251900000,PST,30.50,1021263,,,N/A,F,1,7,,,,,1972-01-01 00:00:00,1982-12-01 00:00:00,,,1972-11-01 00:00:00,1982-08-31 00:00:00,1972-01-01 00:00:00,1982-12-01 00:00:00,Y,N,N
-125.55,50.2,148,CAMPBELL R LAKEVIEW FC,BC,BRITISH COLUMBIA,COLOMBIE-BRITANNIQUE,CAN,501200000,-1253300000,PST,198.10,1021264,,,N/A,G,1,8,,,,,1970-01-01 00:00:00,1973-12-01 00:00:00,,,1970-08-01 00:00:00,1973-04-30 00:00:00,1970-01-01 00:00:00,1973-12-01 00:00:00,Y,N,N
-125.23333333333333,50.016666666666666,149,CAMPBELL RIVER STP,BC,BRITISH COLUMBIA,COLOMBIE-BRITANNIQUE,CAN,500100000,-1251400000,PST,3.00,1021265,,,N/A,E,1,6,,,,,1982-01-01 00:00:00,1996-05-31 00:00:00,,,1982-04-01 00:00:00,1996-05-31 00:00:00,1982-01-01 00:00:00,1996-05-01 00:00:00,Y,N,N
-125.2075,49.945,150,CAMPBELL RIVER SURFSIDE,BC,BRITISH COLUMBIA,COLOMBIE-BRITANNIQUE,CAN,495642000,-1251227000,PST,9.00,1021266,,,Climate-Staffed,D,1,5,,,,,1981-01-01 00:00:00,2015-10-31 00:00:00,,,1981-02-01 00:00:00,2015-10-31 00:00:00,1981-01-01 00:00:00,2007-02-01 00:00:00,Y,Y,N
-124.86666666666666,49.7,151,CAPE LAZO,BC,BRITISH COLUMBIA,COLOMBIE-BRITANNIQUE,CAN,494200000,-1245200000,PST,38.10,1021320,,,N/A,,1,9,,,,,1935-01-01 00:00:00,1962-12-01 00:00:00,,,1935-11-01 00:00:00,1962-08-31 00:00:00,1935-01-01 00:00:00,1962-12-01 00:00:00,Y,N,N
-125.19547222222222,49.99847222222222,152,CAPE MUDGE,BC,BRITISH COLUMBIA,COLOMBIE-BRITANNIQUE,CAN,495954500,-1251143700,PST,4.60,1021330,WAD,,Climate-Staffed,C,1,4,CCN,RCSC,Co-operative Climate Network,Réseau coopératif de stations climatiques,1978-01-01 00:00:00,2024-11-18 00:00:00,1994-02-01 07:00:00,2001-12-13 16:00:00,1978-09-01 00:00:00,2024-11-18 00:00:00,1978-01-01 00:00:00,2007-02-01 00:00:00,Y,Y,N
-125.44555555555556,50.333194444444445,153,CHATHAM POINT,BC,BRITISH COLUMBIA,COLOMBIE-BRITANNIQUE,CAN,501959500,-1252644000,PST,22.90,1021480,WFM,,Climate-Staffed,A,1,1,CCG,GCC,Canadian Coast Guard,Garde côtière canadienne,1958-01-01 00:00:00,2024-07-02 00:00:00,1994-02-01 04:00:00,2001-12-13 13:00:00,1958-07-01 00:00:00,2024-07-02 00:00:00,1958-01-01 00:00:00,2007-02-01 00:00:00,Y,Y,N
-127.5,50.6,154,COAL HARBOUR RUPERT IN,BC,BRITISH COLUMBIA,COLOMBIE-BRITANNIQUE,CAN,503600000,-1273000000,PST,57.30,1021737,,,Climate-Staffed,C,1,4,,,,,1968-01-01 00:00:00,1996-06-30 00:00:00,,,1968-09-01 00:00:00,1996-06-30 00:00:00,1968-01-01 00:00:00,1996-04-01 00:00:00,Y,N,N
-124.9,49.71666666666667,155,COMOX A,BC,BRITISH COLUMBIA,COLOMBIE-BRITANNIQUE,CAN,494300000,-1245400000,PST,25.60,1021830,YQQ,71893,N/A,A,1,1,DND,MDN,Department of National Defence,Ministère de la Défense nationale,1944-01-01 00:00:00,2024-11-19 12:30:02,1953-01-01 00:00:00,2024-11-19 12:30:02,1944-07-01 00:00:00,2024-11-19 00:00:00,1944-01-01 00:00:00,2017-12-01 00:00:00,Y,Y,Y
-125.03305555555555,49.68611111111111,156,COMOX PCC,BC,BRITISH COLUMBIA,COLOMBIE-BRITANNIQUE,CAN,494110000,-1250159000,PST,11.90,1021838,,,Climate-Staffed,F,1,7,,,,,1984-01-01 00:00:00,2005-09-30 00:00:00,,,1984-05-01 00:00:00,2005-09-30 00:00:00,1984-01-01 00:00:00,2005-09-01 00:00:00,Y,N,N
-124.42916666666666,49.30583333333333,157,COOMBS,BC,BRITISH COLUMBIA,COLOMBIE-BRITANNIQUE,CAN,491821000,-1242545000,PST,98.10,1021850,,,Climate-Staffed,D,1,5,,,,,1960-01-01 00:00:00,2010-07-31 00:00:00,,,1960-10-01 00:00:00,2010-07-31 00:00:00,1960-01-01 00:00:00,2007-02-01 00:00:00,Y,Y,N
-125.03333333333333,50.083333333333336,158,CORTES ISLAND,BC,BRITISH COLUMBIA,COLOMBIE-BRITANNIQUE,CAN,500500000,-1250200000,PST,6.10,1021950,,,N/A,C,1,4,,,,,1947-01-01 00:00:00,1995-12-31 00:00:00,,,1947-03-01 00:00:00,1995-12-31 00:00:00,1947-01-01 00:00:00,1995-12-01 00:00:00,Y,N,N
-124.98333333333333,50.016666666666666,159,CORTES ISL SUTIL POINT,BC,BRITISH COLUMBIA,COLOMBIE-BRITANNIQUE,CAN,500100000,-1245900000,PST,15.20,1021958,,,N/A,E,1,6,,,,,1973-01-01 00:00:00,1986-12-31 00:00:00,,,1973-07-01 00:00:00,1986-12-31 00:00:00,1973-01-01 00:00:00,1986-12-01 00:00:00,Y,N,N
-124.94944444444444,50.07138888888889,160,CORTES ISLAND TIBER BAY,BC,BRITISH COLUMBIA,COLOMBIE-BRITANNIQUE,CAN,500417000,-1245658000,PST,15.00,1021960,,,Climate-Staffed,F,1,7,CCN,RCSC,Co-operative Climate Network,Réseau coopératif de stations climatiques,1960-01-01 00:00:00,2019-02-24 00:00:00,,,1960-06-01 00:00:00,2019-02-24 00:00:00,1960-01-01 00:00:00,2007-02-01 00:00:00,Y,N,N
-124.9991675,49.7630575,161,COURTENAY GRANTHAM,BC,BRITISH COLUMBIA,COLOMBIE-BRITANNIQUE,CAN,494547007,-1245957003,PST,81.00,1021988,,,Climate-Staffed,E,1,6,CCN,RCSC,Co-operative Climate Network,Réseau coopératif de stations climatiques,1960-01-01 00:00:00,2024-11-17 00:00:00,,,1960-01-01 00:00:00,2024-11-17 00:00:00,1960-01-01 00:00:00,2007-02-01 00:00:00,Y,N,N
-125.0327675,49.68644166666667,162,COURTENAY PUNTLEDGE,BC,BRITISH COLUMBIA,COLOMBIE-BRITANNIQUE,CAN,494111190,-1250157963,PST,40.00,1021989,,,Climate-Staffed,G,1,8,CCN,RCSC,Co-operative Climate Network,Réseau coopératif de stations climatiques,1984-01-01 00:00:00,2024-09-09 00:00:00,,,1984-12-01 00:00:00,2024-09-09 00:00:00,1984-01-01 00:00:00,2007-02-01 00:00:00,Y,N,N
-125.03333333333333,49.68333333333333,163,COURTENAY PUNTLEDGE BCHP,BC,BRITISH COLUMBIA,COLOMBIE-BRITANNIQUE,CAN,494100000,-1250200000,PST,24.40,1021990,,,Climate-Staffed,,1,9,,,,,1921-01-01 00:00:00,1964-12-01 00:00:00,,,1921-07-01 00:00:00,1964-03-31 00:00:00,1921-01-01 00:00:00,1964-12-01 00:00:00,Y,N,N
-124.96666666666667,49.7,164,COURTENAY SANDWICK,BC,BRITISH COLUMBIA,COLOMBIE-BRITANNIQUE,CAN,494200000,-1245800000,PST,76.00,1021994,,,N/A,G,1,8,,,,,1989-01-01 00:00:00,1993-12-01 00:00:00,,,1989-02-01 00:00:00,1993-03-31 00:00:00,1989-01-01 00:00:00,1993-12-01 00:00:00,Y,N,N
-125.03333333333333,49.61666666666667,165,CUMBERLAND,BC,BRITISH COLUMBIA,COLOMBIE-BRITANNIQUE,CAN,493700000,-1250200000,PST,159.40,1022250,,,N/A,G,1,8,,,,,1893-01-01 00:00:00,1977-12-01 00:00:00,,,1893-11-01 00:00:00,1977-06-30 00:00:00,1893-01-01 00:00:00,1977-12-01 00:00:00,Y,N,N
-124.78333333333333,49.516666666666666,166,DENMAN ISLAND,BC,BRITISH COLUMBIA,COLOMBIE-BRITANNIQUE,CAN,493100000,-1244700000,PST,13.50,1022430,,,N/A,G,1,8,,,,,1906-01-01 00:00:00,1993-12-01 00:00:00,,,1906-08-01 00:00:00,1993-03-31 00:00:00,1906-01-01 00:00:00,1993-12-01 00:00:00,Y,N,N
-124.742,49.516666666666666,167,DENMAN ISLAND EAST SHORE,BC,BRITISH COLUMBIA,COLOMBIE-BRITANNIQUE,CAN,493100000,-1244431200,PST,13.00,1022433,,,N/A,G,1,8,,,,,1987-01-01 00:00:00,1989-12-01 00:00:00,,,1987-05-01 00:00:00,1989-06-30 00:00:00,1987-01-01 00:00:00,1989-12-01 00:00:00,Y,N,N
-124.8,49.55,168,DENMAN ISLAND 2,BC,BRITISH COLUMBIA,COLOMBIE-BRITANNIQUE,CAN,493300000,-1244800000,PST,92.00,1022436,,,N/A,G,1,8,,,,,1989-01-01 00:00:00,1996-05-31 00:00:00,,,1989-10-01 00:00:00,1996-05-31 00:00:00,1989-01-01 00:00:00,1996-05-01 00:00:00,Y,N,N
-125.28333333333333,50.06666666666667,169,DUNCAN BAY,BC,BRITISH COLUMBIA,COLOMBIE-BRITANNIQUE,CAN,500400000,-1251700000,PST,11.00,1022560,,,N/A,C,1,4,,,,,1957-01-01 00:00:00,1994-12-01 00:00:00,,,1957-09-01 00:00:00,1994-03-31 00:00:00,1957-01-01 00:00:00,1994-12-01 00:00:00,Y,N,N
-123.8,49.2,170,ENTRANCE ISLAND,BC,BRITISH COLUMBIA,COLOMBIE-BRITANNIQUE,CAN,491200000,-1234800000,PST,3.30,1022688,,,N/A,,1,9,,,,,1914-01-01 00:00:00,1918-12-01 00:00:00,,,1914-07-01 00:00:00,1918-05-31 00:00:00,1914-01-01 00:00:00,1918-12-01 00:00:00,Y,N,N
-124.36666666666666,49.35,171,FRENCH CREEK,BC,BRITISH COLUMBIA,COLOMBIE-BRITANNIQUE,CAN,492100000,-1242200000,PST,38.10,1023037,,,N/A,,1,9,,,,,1892-01-01 00:00:00,1903-12-01 00:00:00,,,1892-01-01 00:00:00,1903-03-31 00:00:00,1892-01-01 00:00:00,1903-12-01 00:00:00,Y,N,N
-123.73361111111112,49.153888888888886,172,GABRIOLA ISLAND,BC,BRITISH COLUMBIA,COLOMBIE-BRITANNIQUE,CAN,490914000,-1234401000,PST,46.00,1023042,,,Climate-Staffed,D,1,5,CCN,RCSC,Co-operative Climate Network,Réseau coopératif de stations climatiques,1967-01-01 00:00:00,2017-12-31 00:00:00,,,1967-03-01 00:00:00,2017-12-31 00:00:00,1967-01-01 00:00:00,2007-02-01 00:00:00,Y,Y,N
-125.20338611111112,50.09943444444445,173,HERIOT BAY SE,BC,BRITISH COLUMBIA,COLOMBIE-BRITANNIQUE,CAN,500557964,-1251212190,PST,17.00,1023462,,,Climate-Staffed,F,1,7,CCN,RCSC,Co-operative Climate Network,Réseau coopératif de stations climatiques,1984-01-01 00:00:00,2022-12-30 00:00:00,,,1984-04-01 00:00:00,2022-12-30 00:00:00,1984-01-01 00:00:00,2007-02-01 00:00:00,Y,N,N
-124.5,49.3,174,HILLIERS,BC,BRITISH COLUMBIA,COLOMBIE-BRITANNIQUE,CAN,491800000,-1243000000,PST,150.00,1023471,,,N/A,G,1,9,,,,,1987-01-01 00:00:00,1988-12-01 00:00:00,,,1987-04-01 00:00:00,1988-07-31 00:00:00,1987-01-01 00:00:00,1988-12-01 00:00:00,Y,N,N
-124.6,49.53333333333333,175,HORNBY ISLAND,BC,BRITISH COLUMBIA,COLOMBIE-BRITANNIQUE,CAN,493200000,-1243600000,PST,6.10,1023590,,,N/A,,1,9,,,,,1907-01-01 00:00:00,1970-12-01 00:00:00,,,1907-11-01 00:00:00,1970-08-31 00:00:00,1907-01-01 00:00:00,1970-12-01 00:00:00,Y,N,N
-125.95,50.38333333333333,176,KELSEY BAY,BC,BRITISH COLUMBIA,COLOMBIE-BRITANNIQUE,CAN,502300000,-1255700000,PST,4.90,1024005,,,N/A,,1,9,,,,,1954-01-01 00:00:00,1956-12-01 00:00:00,,,1954-08-01 00:00:00,1956-02-29 00:00:00,1954-01-01 00:00:00,1956-12-01 00:00:00,Y,N,N
-123.65,48.95,177,LADYSMITH,BC,BRITISH COLUMBIA,COLOMBIE-BRITANNIQUE,CAN,485700000,-1233900000,PST,24.40,1024485,,,N/A,,1,9,,,,,1913-01-01 00:00:00,1923-12-31 00:00:00,,,1913-05-01 00:00:00,1923-12-31 00:00:00,1913-01-01 00:00:00,1923-12-01 00:00:00,Y,N,N
-124.33333333333333,49.5,178,LASQUETI ISLAND,BC,BRITISH COLUMBIA,COLOMBIE-BRITANNIQUE,CAN,493000000,-1242000000,PST,4.60,1024590,,,N/A,,1,9,,,,,1950-01-01 00:00:00,1954-12-31 00:00:00,,,1950-01-01 00:00:00,1954-12-31 00:00:00,1950-01-01 00:00:00,1954-12-01 00:00:00,Y,N,N
-124.9,49.733333333333334,179,LAZO,BC,BRITISH COLUMBIA,COLOMBIE-BRITANNIQUE,CAN,494400000,-1245400000,PST,3.70,1024592,,,N/A,,1,9,,,,,1914-01-01 00:00:00,1927-12-01 00:00:00,,,1914-04-01 00:00:00,1927-08-31 00:00:00,1914-01-01 00:00:00,1927-12-01 00:00:00,Y,N,N
-124.78333333333333,49.35,180,LITTLE QUALICUM,BC,BRITISH COLUMBIA,COLOMBIE-BRITANNIQUE,CAN,492100000,-1244700000,PST,186.50,1024637,,,N/A,,1,9,,,,,1908-01-01 00:00:00,1921-12-01 00:00:00,,,1908-12-01 00:00:00,1921-01-31 00:00:00,1908-01-01 00:00:00,1921-12-01 00:00:00,Y,N,N
-124.51222222222222,49.352777777777774,181,LITTLE QUALICUM HATCHERY,BC,BRITISH COLUMBIA,COLOMBIE-BRITANNIQUE,CAN,492110000,-1243044000,PST,30.00,1024638,,,Climate-Staffed,D,1,5,CCN,RCSC,Co-operative Climate Network,Réseau coopératif de stations climatiques,1981-01-01 00:00:00,2023-07-31 00:00:00,,,1981-01-01 00:00:00,2023-07-31 00:00:00,1981-01-01 00:00:00,2007-02-01 00:00:00,Y,N,N
-124.48333333333333,49.36666666666667,182,LITTLE QUALICUM R ESTY,BC,BRITISH COLUMBIA,COLOMBIE-BRITANNIQUE,CAN,492200000,-1242900000,PST,1.50,1024639,,,N/A,G,1,9,,,,,1974-01-01 00:00:00,1974-12-31 00:00:00,,,1974-04-01 00:00:00,1974-12-31 00:00:00,1974-01-01 00:00:00,1974-12-01 00:00:00,Y,N,N
-124.5,49.36666666666667,183,LITTLE QUALICUM RIVER GANSKE ROAD,BC,BRITISH COLUMBIA,COLOMBIE-BRITANNIQUE,CAN,492200000,-1243000000,PST,42.00,1024642,,,N/A,G,1,8,,,,,1987-01-01 00:00:00,1992-12-01 00:00:00,,,1987-12-01 00:00:00,1992-06-30 00:00:00,1987-01-01 00:00:00,1992-12-01 00:00:00,Y,N,N
-123.95,49.21666666666667,184,NANAIMO DEPARTURE BAY,BC,BRITISH COLUMBIA,COLOMBIE-BRITANNIQUE,CAN,491300000,-1235700000,PST,7.60,1025C70,,,N/A,D,1,5,,,,,1913-01-01 00:00:00,1992-12-01 00:00:00,,,1913-01-01 00:00:00,1992-11-30 00:00:00,1913-01-01 00:00:00,1992-12-01 00:00:00,Y,N,N
-125.29083333333334,49.746944444444445,185,MT WASHINGTON RESORT,BC,BRITISH COLUMBIA,COLOMBIE-BRITANNIQUE,CAN,494449000,-1251727000,PST,1197.00,1025234,,,Climate-Staffed,G,1,9,,,,,1979-12-01 00:00:00,1999-12-31 00:00:00,,,1979-12-01 00:00:00,1999-12-31 00:00:00,1980-01-01 00:00:00,1999-12-01 00:00:00,Y,N,N
-125.2911111111111,49.75,186,MT WASHINGTON UPPER,BC,BRITISH COLUMBIA,COLOMBIE-BRITANNIQUE,CAN,494500000,-1251728000,PST,1450.00,1025237,,,Climate-Staffed,G,1,9,,,,,1990-01-01 00:00:00,1999-12-31 00:00:00,,,1990-02-01 00:00:00,1999-12-31 00:00:00,1990-01-01 00:00:00,1999-12-01 00:00:00,Y,N,N
-124.79416666666667,49.47083333333333,187,MUD BAY,BC,BRITISH COLUMBIA,COLOMBIE-BRITANNIQUE,CAN,492815000,-1244739000,PST,4.00,1025240,,,Climate-Staffed,A,1,1,CCN,RCSC,Co-operative Climate Network,Réseau coopératif de stations climatiques,1971-01-01 00:00:00,2015-02-28 00:00:00,,,1971-04-01 00:00:00,2015-02-28 00:00:00,1971-01-01 00:00:00,2007-02-01 00:00:00,Y,Y,N
-125.60583611111112,49.575561111111114,188,MYRA CREEK,BC,BRITISH COLUMBIA,COLOMBIE-BRITANNIQUE,CAN,493432020,-1253621010,PST,353.90,1025254,,,Climate-Staffed,E,1,6,,,,,1979-01-01 00:00:00,2015-05-27 00:00:00,,,1979-06-01 00:00:00,2015-05-27 00:00:00,1979-01-01 00:00:00,2007-02-01 00:00:00,Y,N,N
-123.98785055555555,49.199147777777775,189,NANAIMO CITY YARD,BC,BRITISH COLUMBIA,COLOMBIE-BRITANNIQUE,CAN,491156932,-1235916262,PST,114.00,10253G0,,,Climate-Staffed,D,1,5,CCN,RCSC,Co-operative Climate Network,Réseau coopératif de stations climatiques,1981-01-01 00:00:00,2024-11-18 00:00:00,,,1981-08-01 00:00:00,2024-11-18 00:00:00,1981-01-01 00:00:00,2007-02-01 00:00:00,Y,Y,N
-123.93333333333334,49.166666666666664,190,NANAIMO CHUB,BC,BRITISH COLUMBIA,COLOMBIE-BRITANNIQUE,CAN,491000000,-1235600000,PST,21.30,10253P0,,,N/A,F,1,7,,,,,1969-01-01 00:00:00,1977-12-01 00:00:00,,,1969-08-01 00:00:00,1977-04-30 00:00:00,1969-01-01 00:00:00,1977-12-01 00:00:00,Y,N,N
-123.96666666666667,49.18333333333333,191,NANAIMO,BC,BRITISH COLUMBIA,COLOMBIE-BRITANNIQUE,CAN,491100000,-1235800000,PST,70.10,1025340,,,N/A,,1,9,,,,,1892-01-01 00:00:00,1968-12-01 00:00:00,,,1892-01-01 00:00:00,1968-05-31 00:00:00,1892-01-01 00:00:00,1968-12-01 00:00:00,Y,N,N
-123.87,49.05444444444444,192,NANAIMO A,BC,BRITISH COLUMBIA,COLOMBIE-BRITANNIQUE,CAN,490316000,-1235212000,PST,28.00,1025370,YCD,,Aviation-Staffed,A,1,1,,,,,1947-01-01 00:00:00,2016-06-01 00:00:00,1954-01-01 00:00:00,2013-05-16 10:00:00,1947-03-01 00:00:00,2016-06-01 00:00:00,1947-01-01 00:00:00,2007-02-01 00:00:00,Y,Y,Y
-123.96666666666667,49.15,193,NANAIMO WATER RESERVOIR,BC,BRITISH COLUMBIA,COLOMBIE-BRITANNIQUE,CAN,490900000,-1235800000,PST,114.30,1025371,,,N/A,,1,9,,,,,1962-01-01 00:00:00,1967-12-01 00:00:00,,,1962-08-01 00:00:00,1967-08-31 00:00:00,1962-01-01 00:00:00,1967-12-01 00:00:00,Y,N,N
-124.18333333333334,49.28333333333333,194,NANOOSE BAY,BC,BRITISH COLUMBIA,COLOMBIE-BRITANNIQUE,CAN,491700000,-1241100000,PST,82.00,1025375,,,N/A,G,1,9,,,,,1912-01-01 00:00:00,1989-12-01 00:00:00,,,1912-05-01 00:00:00,1989-04-30 00:00:00,1912-01-01 00:00:00,1989-12-01 00:00:00,Y,N,N
-124.17723333333333,49.251688888888886,195,NANOOSE BAY SOUTH,BC,BRITISH COLUMBIA,COLOMBIE-BRITANNIQUE,CAN,491506080,-1241038040,PST,111.00,1025377,,,Climate-Staffed,E,1,6,,,,,1988-01-01 00:00:00,2007-07-31 00:00:00,,,1988-09-01 00:00:00,2007-07-31 00:00:00,1988-01-01 00:00:00,2007-02-01 00:00:00,Y,N,N
-125.13333333333334,49.88333333333333,196,OYSTER RIVER UBC,BC,BRITISH COLUMBIA,COLOMBIE-BRITANNIQUE,CAN,495300000,-1250800000,PST,10.70,1025915,,,Climate-Staffed,C,1,4,,,,,1967-01-01 00:00:00,2006-04-30 00:00:00,,,1967-04-01 00:00:00,2006-04-30 00:00:00,1967-01-01 00:00:00,2006-04-01 00:00:00,Y,N,N
-124.3,49.3,197,PARKSVILLE,BC,BRITISH COLUMBIA,COLOMBIE-BRITANNIQUE,CAN,491800000,-1241800000,PST,82.30,1025970,,,N/A,,1,9,,,,,1915-01-01 00:00:00,1960-12-01 00:00:00,,,1915-09-01 00:00:00,1960-05-31 00:00:00,1915-01-01 00:00:00,1960-12-01 00:00:00,Y,N,N
-124.33333333333333,49.333333333333336,198,PARKSVILLE NORTHWEST,BC,BRITISH COLUMBIA,COLOMBIE-BRITANNIQUE,CAN,492000000,-1242000000,PST,30.50,1025975,,,N/A,,1,9,,,,,1961-01-01 00:00:00,1965-12-01 00:00:00,,,1961-07-01 00:00:00,1965-04-30 00:00:00,1961-01-01 00:00:00,1965-12-01 00:00:00,Y,N,N
-124.3,49.333333333333336,199,PARKSVILLE SOUTH,BC,BRITISH COLUMBIA,COLOMBIE-BRITANNIQUE,CAN,492000000,-1241800000,PST,0.90,1025977,,,N/A,F,1,7,,,,,1967-01-01 00:00:00,1993-12-01 00:00:00,,,1967-05-01 00:00:00,1993-03-31 00:00:00,1967-01-01 00:00:00,1993-12-01 00:00:00,Y,N,N
-127.72806666666666,50.975836111111114,200,PINE ISLAND,BC,BRITISH COLUMBIA,COLOMBIE-BRITANNIQUE,CAN,505833010,-1274341040,PST,28.00,1026170,WPI,,Climate-Staffed,E,1,6,CCG,GCC,Canadian Coast Guard,Garde côtière canadienne,1984-01-01 00:00:00,2024-03-30 00:00:00,1994-02-01 04:00:00,2001-12-13 16:00:00,1984-08-01 00:00:00,2024-03-30 00:00:00,1984-01-01 00:00:00,2007-02-01 00:00:00,Y,N,N
-127.48333333333333,50.666666666666664,201,PORT HARDY,BC,BRITISH COLUMBIA,COLOMBIE-BRITANNIQUE,CAN,504000000,-1272900000,PST,3.00,1026266,,,N/A,,1,9,,,,,1928-01-01 00:00:00,1944-12-01 00:00:00,,,1928-06-01 00:00:00,1944-01-31 00:00:00,1928-01-01 00:00:00,1944-12-01 00:00:00,Y,N,N
-127.36611111111111,50.680277777777775,202,PORT HARDY A,BC,BRITISH COLUMBIA,COLOMBIE-BRITANNIQUE,CAN,504049000,-1272158000,PST,21.60,1026270,YZT,71109,Aviation-Staffed,A,1,1,,,,,1944-01-01 00:00:00,2013-06-13 10:00:00,1953-01-01 00:00:00,2013-06-13 10:00:00,1944-02-01 00:00:00,2013-06-12 00:00:00,1944-01-01 00:00:00,2013-06-01 00:00:00,Y,Y,Y
-127.43333333333334,50.71666666666667,203,PORT HARDY BEAVER HR,BC,BRITISH COLUMBIA,COLOMBIE-BRITANNIQUE,CAN,504300000,-1272600000,PST,4.60,1026274,,,N/A,G,1,8,,,,,1959-01-01 00:00:00,1975-12-01 00:00:00,,,1959-11-01 00:00:00,1975-07-31 00:00:00,1959-01-01 00:00:00,1975-12-01 00:00:00,Y,N,N
-127.08333333333333,50.583333333333336,204,PORT MCNEILL,BC,BRITISH COLUMBIA,COLOMBIE-BRITANNIQUE,CAN,503500000,-1270500000,PST,91.40,1026323,,,N/A,G,1,8,,,,,1974-01-01 00:00:00,1983-01-31 00:00:00,,,1974-09-01 00:00:00,1983-01-31 00:00:00,1974-01-01 00:00:00,1982-12-01 00:00:00,Y,N,N
-125.18333333333334,50.18333333333333,205,QUADRA ISLAND,BC,BRITISH COLUMBIA,COLOMBIE-BRITANNIQUE,CAN,501100000,-1251100000,PST,31.10,1026560,,,N/A,G,1,9,,,,,1983-01-01 00:00:00,1984-12-01 00:00:00,,,1983-05-01 00:00:00,1984-06-30 00:00:00,1983-01-01 00:00:00,1984-12-01 00:00:00,Y,N,N
-124.43333333333334,49.333333333333336,206,QUALICUM BEACH,BC,BRITISH COLUMBIA,COLOMBIE-BRITANNIQUE,CAN,492000000,-1242600000,PST,9.10,1026563,,,N/A,,1,9,,,,,1913-01-01 00:00:00,1937-12-01 00:00:00,,,1913-12-01 00:00:00,1937-02-28 00:00:00,1913-01-01 00:00:00,1937-12-01 00:00:00,Y,N,N
-124.38333333333334,49.35,207,QUALICUM BEACH YAMBURY,BC,BRITISH COLUMBIA,COLOMBIE-BRITANNIQUE,CAN,492100000,-1242300000,PST,3.00,1026564,,,N/A,,1,9,,,,,1965-01-01 00:00:00,1965-12-01 00:00:00,,,1965-05-01 00:00:00,1965-11-30 00:00:00,1965-01-01 00:00:00,1965-12-01 00:00:00,Y,N,N
-124.61723722222223,49.39378333333333,208,QUALICUM R FISH RESEARCH,BC,BRITISH COLUMBIA,COLOMBIE-BRITANNIQUE,CAN,492337620,-1243702054,PST,7.60,1026565,,,Climate-Staffed,A,1,1,CCN,RCSC,Co-operative Climate Network,Réseau coopératif de stations climatiques,1962-01-01 00:00:00,2024-11-06 00:00:00,,,1962-08-01 00:00:00,2024-11-06 00:00:00,1962-01-01 00:00:00,2007-02-01 00:00:00,Y,Y,N
-125.30388888888889,50.01611111111111,209,QUINSAM RIVER HATCHERY,BC,BRITISH COLUMBIA,COLOMBIE-BRITANNIQUE,CAN,500058000,-1251814000,PST,45.70,1026639,,,Climate-Staffed,C,1,4,CCN,RCSC,Co-operative Climate Network,Réseau coopératif de stations climatiques,1975-01-01 00:00:00,2024-11-12 00:00:00,,,1975-09-01 00:00:00,2024-11-12 00:00:00,1975-01-01 00:00:00,2007-02-01 00:00:00,Y,Y,N
-125.05,49.75,210,SANDWICK,BC,BRITISH COLUMBIA,COLOMBIE-BRITANNIQUE,CAN,494500000,-1250300000,PST,45.70,1027060,,,N/A,,1,9,,,,,1914-01-01 00:00:00,1943-12-01 00:00:00,,,1914-10-01 00:00:00,1943-07-31 00:00:00,1914-01-01 00:00:00,1943-12-01 00:00:00,Y,N,N
-124.85,49.93333333333333,211,SAVARY ISLAND,BC,BRITISH COLUMBIA,COLOMBIE-BRITANNIQUE,CAN,495600000,-1245100000,PST,38.00,1027110,,,N/A,G,1,9,,,,,1919-01-01 00:00:00,1989-12-01 00:00:00,,,1919-05-01 00:00:00,1989-06-30 00:00:00,1919-01-01 00:00:00,1989-12-01 00:00:00,Y,N,N
-126.0,50.36666666666667,212,SAYWARD,BC,BRITISH COLUMBIA,COLOMBIE-BRITANNIQUE,CAN,502200000,-1260000000,PST,,1027112,,,N/A,,1,9,,,,,1920-01-01 00:00:00,1930-12-01 00:00:00,,,1920-03-01 00:00:00,1930-02-28 00:00:00,1920-01-01 00:00:00,1930-12-01 00:00:00,Y,N,N
-125.93027777777777,50.32472222222222,213,SAYWARD 2,BC,BRITISH COLUMBIA,COLOMBIE-BRITANNIQUE,CAN,501929000,-1255549000,PST,16.00,1027114,,,Climate-Staffed,F,1,7,,,,,1973-01-01 00:00:00,2006-07-31 00:00:00,,,1973-04-01 00:00:00,2006-07-31 00:00:00,1973-01-01 00:00:00,2006-07-01 00:00:00,Y,N,N
-125.76666666666667,50.233333333333334,214,SAYWARD BIG TREE CREEK,BC,BRITISH COLUMBIA,COLOMBIE-BRITANNIQUE,CAN,501400000,-1254600000,PST,57.00,1027115,,,N/A,G,1,8,,,,,1987-01-01 00:00:00,1990-12-01 00:00:00,,,1987-05-01 00:00:00,1990-08-31 00:00:00,1987-01-01 00:00:00,1990-12-01 00:00:00,Y,N,N
-125.65,49.88333333333333,215,STRATHCONA PARK LODGE,BC,BRITISH COLUMBIA,COLOMBIE-BRITANNIQUE,CAN,495300000,-1253900000,PST,228.60,10277GN,,,N/A,G,1,8,,,,,1975-01-01 00:00:00,1980-12-01 00:00:00,,,1975-09-01 00:00:00,1980-10-31 00:00:00,1975-01-01 00:00:00,1980-12-01 00:00:00,Y,N,N
-125.58333333333333,50.0,216,STRATHCONA DAM,BC,BRITISH COLUMBIA,COLOMBIE-BRITANNIQUE,CAN,500000000,-1253500000,PST,201.20,1027775,,,N/A,G,1,8,,,,,1967-01-01 00:00:00,1977-12-01 00:00:00,,,1967-10-01 00:00:00,1977-07-31 00:00:00,1967-01-01 00:00:00,1977-12-01 00:00:00,Y,N,N
-125.1,50.21666666666667,217,SURGE NARROWS READ IS,BC,BRITISH COLUMBIA,COLOMBIE-BRITANNIQUE,CAN,501300000,-1250600000,PST,76.20,1027870,,,N/A,F,1,7,,,,,1962-01-01 00:00:00,1983-12-01 00:00:00,,,1962-03-01 00:00:00,1983-11-30 00:00:00,1962-01-01 00:00:00,1983-12-01 00:00:00,Y,N,N
-125.06666666666666,50.28333333333333,218,SURGE NARROWS RENDEZVOUS,BC,BRITISH COLUMBIA,COLOMBIE-BRITANNIQUE,CAN,501700000,-1250400000,PST,9.10,1027871,,,N/A,G,1,8,,,,,1972-01-01 00:00:00,1973-12-31 00:00:00,,,1972-01-01 00:00:00,1973-12-31 00:00:00,1972-01-01 00:00:00,1973-12-01 00:00:00,Y,N,N
-125.63333333333334,49.9,219,UPPER CAMPBELL LAKE,BC,BRITISH COLUMBIA,COLOMBIE-BRITANNIQUE,CAN,495400000,-1253800000,PST,548.60,1028L3M,,,Climate-Staffed,D,1,5,,,,,1980-01-01 00:00:00,1998-11-30 00:00:00,,,1980-08-01 00:00:00,1998-11-30 00:00:00,1980-01-01 00:00:00,1998-11-01 00:00:00,Y,N,N
-124.58333333333333,49.75,220,VANANDA,BC,BRITISH COLUMBIA,COLOMBIE-BRITANNIQUE,CAN,494500000,-1243500000,PST,12.20,1028340,,,N/A,,1,9,,,,,1916-01-01 00:00:00,1952-12-01 00:00:00,,,1916-12-01 00:00:00,1952-03-31 00:00:00,1916-01-01 00:00:00,1952-12-01 00:00:00,Y,N,N
-124.93333333333334,49.36666666666667,221,ALBERNI BEAVER CREEK,BC,BRITISH COLUMBIA,COLOMBIE-BRITANNIQUE,CAN,492200000,-1245600000,PST,91.40,1030180,,,N/A,,1,9,,,,,1894-01-01 00:00:00,1959-12-01 00:00:00,,,1894-05-01 00:00:00,1959-02-28 00:00:00,1894-01-01 00:00:00,1959-12-01 00:00:00,Y,N,N
-124.78333333333333,49.266666666666666,222,ALBERNI CITY RESERVOIR,BC,BRITISH COLUMBIA,COLOMBIE-BRITANNIQUE,CAN,491600000,-1244700000,PST,64.60,1030185,,,N/A,,1,9,,,,,1962-01-01 00:00:00,1963-12-31 00:00:00,,,1962-03-01 00:00:00,1963-12-31 00:00:00,1962-01-01 00:00:00,1963-12-01 00:00:00,Y,N,N
-124.81666666666666,49.25,223,ALBERNI LUPSI CUPSI,BC,BRITISH COLUMBIA,COLOMBIE-BRITANNIQUE,CAN,491500000,-1244900000,PST,9.10,1030210,,,N/A,G,1,8,,,,,1948-01-01 00:00:00,1974-12-31 00:00:00,,,1948-11-01 00:00:00,1974-12-31 00:00:00,1948-01-01 00:00:00,1974-12-01 00:00:00,Y,N,N
-124.88333333333334,49.28333333333333,224,ALBERNI MCCOY LAKE,BC,BRITISH COLUMBIA,COLOMBIE-BRITANNIQUE,CAN,491700000,-1245300000,PST,42.70,1030220,,,N/A,G,1,8,,,,,1958-01-01 00:00:00,1973-12-01 00:00:00,,,1958-10-01 00:00:00,1973-08-31 00:00:00,1958-01-01 00:00:00,1973-12-01 00:00:00,Y,N,N
-124.98196944444445,49.337225,225,ALBERNI ROBERTSON CREEK,BC,BRITISH COLUMBIA,COLOMBIE-BRITANNIQUE,CAN,492014010,-1245855090,PST,73.80,1030230,,,Climate-Staffed,A,1,1,CCN,RCSC,Co-operative Climate Network,Réseau coopératif de stations climatiques,1961-01-01 00:00:00,2024-10-30 00:00:00,,,1961-02-01 00:00:00,2024-10-30 00:00:00,1961-01-01 00:00:00,2007-02-01 00:00:00,Y,Y,N
-125.53333333333333,48.916666666666664,226,AMPHITRITE POINT,BC,BRITISH COLUMBIA,COLOMBIE-BRITANNIQUE,CAN,485500000,-1253200000,PST,10.70,1030425,,,N/A,F,1,7,,,,,1958-01-01 00:00:00,1980-12-01 00:00:00,,,1958-01-01 00:00:00,1980-04-30 00:00:00,1958-01-01 00:00:00,1980-12-01 00:00:00,Y,N,N
-125.54111194444444,48.92111305555556,227,AMPHITRITE POINT,BC,BRITISH COLUMBIA,COLOMBIE-BRITANNIQUE,CAN,485516007,-1253228003,PST,26.50,1030426,WAN,,Climate-Staffed,D,1,5,CCG,GCC,Canadian Coast Guard,Garde côtière canadienne,1980-01-01 00:00:00,2010-03-01 00:00:00,1980-05-01 04:00:00,2001-10-09 07:00:00,1980-05-01 00:00:00,2010-03-01 00:00:00,1980-01-01 00:00:00,1999-08-01 00:00:00,Y,N,N
-125.08333333333333,49.46666666666667,228,ASH RIVER,BC,BRITISH COLUMBIA,COLOMBIE-BRITANNIQUE,CAN,492800000,-1250500000,PST,304.80,1030550,,,N/A,,1,9,,,,,1957-07-01 00:00:00,1959-12-01 00:00:00,,,1957-07-01 00:00:00,1959-11-30 00:00:00,1958-01-01 00:00:00,1959-12-01 00:00:00,Y,N,N
-125.15,49.36666666666667,229,ASH RIVER GENERATING STN,BC,BRITISH COLUMBIA,COLOMBIE-BRITANNIQUE,CAN,492200000,-1250900000,PST,91.40,1030552,,,N/A,,1,9,,,,,1959-01-01 00:00:00,1969-12-01 00:00:00,,,1959-10-01 00:00:00,1969-06-30 00:00:00,1959-01-01 00:00:00,1969-12-01 00:00:00,Y,N,N
-125.1,48.833333333333336,230,BAMFIELD,BC,BRITISH COLUMBIA,COLOMBIE-BRITANNIQUE,CAN,485000000,-1250600000,PST,21.30,1030600,,,N/A,,1,9,,,,,1903-01-01 00:00:00,1956-12-01 00:00:00,,,1903-02-01 00:00:00,1956-09-30 00:00:00,1903-01-01 00:00:00,1956-12-01 00:00:00,Y,N,N
-125.11666666666666,48.833333333333336,231,BAMFIELD EAST,BC,BRITISH COLUMBIA,COLOMBIE-BRITANNIQUE,CAN,485000000,-1250700000,PST,4.00,1030605,,,Climate-Staffed,A,1,1,,,,,1959-01-01 00:00:00,2001-09-30 00:00:00,,,1959-08-01 00:00:00,2001-09-30 00:00:00,1959-01-01 00:00:00,2001-09-01 00:00:00,Y,N,N
-125.15,48.833333333333336,232,BAMFIELD WEST,BC,BRITISH COLUMBIA,COLOMBIE-BRITANNIQUE,CAN,485000000,-1250900000,PST,3.00,1030610,,,N/A,,1,9,,,,,1955-01-01 00:00:00,1959-12-01 00:00:00,,,1955-10-01 00:00:00,1959-07-31 00:00:00,1955-01-01 00:00:00,1959-12-01 00:00:00,Y,N,N
-127.23333333333333,50.36666666666667,233,BENSON LAKE,BC,BRITISH COLUMBIA,COLOMBIE-BRITANNIQUE,CAN,502200000,-1271400000,PST,144.80,1030850,,,N/A,G,1,8,,,,,1959-01-01 00:00:00,1972-12-31 00:00:00,,,1959-06-01 00:00:00,1972-12-31 00:00:00,1959-01-01 00:00:00,1972-12-01 00:00:00,Y,N,N
-127.95,50.916666666666664,234,BULL HARBOUR,BC,BRITISH COLUMBIA,COLOMBIE-BRITANNIQUE,CAN,505500000,-1275700000,PST,13.70,1031110,,,N/A,D,1,5,,,,,1921-01-01 00:00:00,1988-12-31 22:00:00,1953-01-01 04:00:00,1988-12-31 22:00:00,1921-07-01 00:00:00,1988-12-31 00:00:00,1921-01-01 00:00:00,1988-12-01 00:00:00,Y,N,Y
-125.2161111111111,48.78611111111111,235,CAPE BEALE LIGHT,BC,BRITISH COLUMBIA,COLOMBIE-BRITANNIQUE,CAN,484710000,-1251258000,PST,25.90,1031316,,,Climate-Staffed,D,1,5,CCG,GCC,Canadian Coast Guard,Garde côtière canadienne,1984-01-01 00:00:00,2024-11-18 00:00:00,,,1984-10-01 00:00:00,2024-11-18 00:00:00,1984-01-01 00:00:00,2007-02-01 00:00:00,Y,Y,N
-128.45,50.8,236,CAPE SCOTT,BC,BRITISH COLUMBIA,COLOMBIE-BRITANNIQUE,CAN,504800000,-1282700000,PST,6.10,1031352,,,N/A,,1,9,,,,,1897-01-01 00:00:00,1909-03-31 00:00:00,,,1897-04-01 00:00:00,1909-03-31 00:00:00,1897-01-01 00:00:00,1908-12-01 00:00:00,Y,N,N
-128.42722777777777,50.78223333333333,237,CAPE SCOTT,BC,BRITISH COLUMBIA,COLOMBIE-BRITANNIQUE,CAN,504656040,-1282538020,PST,71.60,1031353,WES,,Climate-Staffed,A,1,1,CCG,GCC,Canadian Coast Guard,Garde côtière canadienne,1965-01-01 00:00:00,2024-11-18 00:00:00,1966-06-01 04:00:00,2001-12-13 16:00:00,1965-12-01 00:00:00,2024-11-18 00:00:00,1965-01-01 00:00:00,2007-02-01 00:00:00,Y,Y,Y
-124.78333333333333,48.63333333333333,238,CARMANAH,BC,BRITISH COLUMBIA,COLOMBIE-BRITANNIQUE,CAN,483800000,-1244700000,PST,39.60,1031400,,,N/A,,1,9,,,,,1891-01-01 00:00:00,1902-12-01 00:00:00,,,1891-07-01 00:00:00,1902-06-30 00:00:00,1891-01-01 00:00:00,1902-12-01 00:00:00,Y,N,N
-124.75138888888888,48.611666666666665,239,CARMANAH POINT,BC,BRITISH COLUMBIA,COLOMBIE-BRITANNIQUE,CAN,483642000,-1244505000,PST,38.10,1031402,,,Climate-Staffed,A,1,2,CCG,GCC,Canadian Coast Guard,Garde côtière canadienne,1968-01-01 00:00:00,2020-05-16 00:00:00,,,1968-03-01 00:00:00,2020-05-16 00:00:00,1968-01-01 00:00:00,2007-02-01 00:00:00,Y,Y,N
-125.0,48.9,240,CARNATION CREEK CDF,BC,BRITISH COLUMBIA,COLOMBIE-BRITANNIQUE,CAN,485400000,-1250000000,PST,61.00,1031413,,,N/A,D,1,5,,,,,1971-01-01 00:00:00,1990-12-01 00:00:00,,,1971-04-01 00:00:00,1990-06-30 00:00:00,1971-01-01 00:00:00,1990-12-01 00:00:00,Y,N,N
-125.9,49.15,241,CLAYOQUOT,BC,BRITISH COLUMBIA,COLOMBIE-BRITANNIQUE,CAN,490900000,-1255400000,PST,22.90,1031650,,,N/A,,1,9,,,,,1896-01-01 00:00:00,1959-01-31 00:00:00,,,1896-12-01 00:00:00,1959-01-31 00:00:00,1896-01-01 00:00:00,1958-12-01 00:00:00,Y,N,N
-126.418075,49.80028333333333,242,CONUMA RIVER HATCHERY,BC,BRITISH COLUMBIA,COLOMBIE-BRITANNIQUE,CAN,494801020,-1262505070,PST,12.00,1031844,,,Climate-Staffed,E,1,6,CCN,RCSC,Co-operative Climate Network,Réseau coopératif de stations climatiques,1989-01-01 00:00:00,2018-10-31 00:00:00,,,1989-01-01 00:00:00,2018-10-31 00:00:00,1989-01-01 00:00:00,2007-02-01 00:00:00,Y,N,N
-127.3,50.36666666666667,243,ELK LAKE JEUNE LANDING,BC,BRITISH COLUMBIA,COLOMBIE-BRITANNIQUE,CAN,502200000,-1271800000,PST,109.70,1032660,,,N/A,,1,9,,,,,1924-01-01 00:00:00,1938-12-01 00:00:00,,,1924-12-01 00:00:00,1938-02-28 00:00:00,1924-01-01 00:00:00,1938-12-01 00:00:00,Y,N,N
-126.54310916666667,49.38330944444444,244,ESTEVAN POINT,BC,BRITISH COLUMBIA,COLOMBIE-BRITANNIQUE,CAN,492259914,-1263235193,PST,5.80,1032730,,,Climate-Staffed,A,1,1,CCG,GCC,Canadian Coast Guard,Garde côtière canadienne,1908-01-01 00:00:00,2024-11-13 00:00:00,1953-01-01 04:00:00,1979-03-30 16:00:00,1908-07-01 00:00:00,2024-11-13 00:00:00,1908-01-01 00:00:00,2007-02-01 00:00:00,Y,Y,Y
-126.16666666666667,49.666666666666664,245,GOLD RIVER,BC,BRITISH COLUMBIA,COLOMBIE-BRITANNIQUE,CAN,494000000,-1261000000,PST,3.00,1033230,,,N/A,,1,9,,,,,1958-01-01 00:00:00,1965-12-01 00:00:00,,,1958-07-01 00:00:00,1965-08-31 00:00:00,1958-01-01 00:00:00,1965-12-01 00:00:00,Y,N,N
-126.055,49.778889444444445,246,GOLD RIVER TOWNSITE,BC,BRITISH COLUMBIA,COLOMBIE-BRITANNIQUE,CAN,494644002,-1260318000,PST,119.00,1033232,,,Climate-Staffed,A,1,1,,,,,1966-01-01 00:00:00,2016-12-19 00:00:00,,,1966-02-01 00:00:00,2016-12-19 00:00:00,1966-01-01 00:00:00,2007-02-01 00:00:00,Y,Y,N
-125.13333333333334,49.13333333333333,247,HENDERSON LAKE,BC,BRITISH COLUMBIA,COLOMBIE-BRITANNIQUE,CAN,490800000,-1250800000,PST,3.70,1033455,,,N/A,,1,9,,,,,1922-01-01 00:00:00,1936-12-31 00:00:00,,,1922-11-01 00:00:00,1936-12-31 00:00:00,1922-01-01 00:00:00,1936-12-01 00:00:00,Y,N,N
-125.9,49.4,248,HERBERT INLET,BC,BRITISH COLUMBIA,COLOMBIE-BRITANNIQUE,CAN,492400000,-1255400000,PST,4.60,1033460,,,N/A,,1,9,,,,,1959-01-01 00:00:00,1960-12-01 00:00:00,,,1959-03-01 00:00:00,1960-11-30 00:00:00,1959-01-01 00:00:00,1960-12-01 00:00:00,Y,N,N
-128.0,50.65,249,HOLBERG,BC,BRITISH COLUMBIA,COLOMBIE-BRITANNIQUE,CAN,503900000,-1280000000,PST,2.40,1033479,,,N/A,,1,9,,,,,1909-01-01 00:00:00,1939-12-31 00:00:00,,,1909-04-01 00:00:00,1939-12-31 00:00:00,1909-01-01 00:00:00,1939-12-01 00:00:00,Y,N,N
-128.0,50.65,250,HOLBERG,BC,BRITISH COLUMBIA,COLOMBIE-BRITANNIQUE,CAN,503900000,-1280000000,PST,579.00,1033480,,,N/A,E,1,6,,,,,1956-06-11 10:00:00,1993-02-28 00:00:00,1956-06-11 10:00:00,1969-12-30 13:00:00,1958-01-01 00:00:00,1993-02-28 00:00:00,1958-01-01 00:00:00,1992-11-01 00:00:00,Y,N,N
-127.98333333333333,50.65,251,HOLBERG FIRE DEPT,BC,BRITISH COLUMBIA,COLOMBIE-BRITANNIQUE,CAN,503900000,-1275900000,PST,45.70,1033483,,,N/A,D,1,5,,,,,1967-01-01 00:00:00,1991-11-01 00:00:00,,,1967-11-01 00:00:00,1991-06-30 00:00:00,1967-01-01 00:00:00,1991-11-01 00:00:00,Y,N,N
-128.0,50.65,252,HOLBERG PUMP HOUSE,BC,BRITISH COLUMBIA,COLOMBIE-BRITANNIQUE,CAN,503900000,-1280000000,PST,41.80,1033485,,,N/A,,1,9,,,,,1958-01-01 00:00:00,1967-12-01 00:00:00,,,1958-05-01 00:00:00,1967-10-31 00:00:00,1958-01-01 00:00:00,1967-12-01 00:00:00,Y,N,N
-125.63333333333334,49.13333333333333,253,KENNEDY LAKE,BC,BRITISH COLUMBIA,COLOMBIE-BRITANNIQUE,CAN,490800000,-1253800000,PST,10.70,1034070,,,N/A,,1,9,,,,,1924-01-01 00:00:00,1936-12-01 00:00:00,,,1924-01-01 00:00:00,1936-05-31 00:00:00,1924-01-01 00:00:00,1936-12-01 00:00:00,Y,N,N
-125.0,49.0,254,KILDONAN,BC,BRITISH COLUMBIA,COLOMBIE-BRITANNIQUE,CAN,490000000,-1250000000,PST,3.00,1034170,,,N/A,G,1,8,,,,,1937-01-01 00:00:00,1976-12-01 00:00:00,,,1937-01-01 00:00:00,1976-05-31 00:00:00,1937-01-01 00:00:00,1976-12-01 00:00:00,Y,N,N
-125.01666666666667,48.983333333333334,255,KILDONAN FATTY BASIN,BC,BRITISH COLUMBIA,COLOMBIE-BRITANNIQUE,CAN,485900000,-1250100000,PST,4.60,1034175,,,N/A,G,1,9,,,,,1967-01-01 00:00:00,1971-12-01 00:00:00,,,1967-06-01 00:00:00,1971-11-30 00:00:00,1967-01-01 00:00:00,1971-12-01 00:00:00,Y,N,N
-127.36666666666666,50.03333333333333,256,KYUQUOT,BC,BRITISH COLUMBIA,COLOMBIE-BRITANNIQUE,CAN,500200000,-1272200000,PST,3.00,1034440,,,N/A,,1,9,,,,,1933-01-01 00:00:00,1959-12-01 00:00:00,,,1933-01-01 00:00:00,1959-09-30 00:00:00,1933-01-01 00:00:00,1959-12-01 00:00:00,Y,N,N
-125.92333333333333,49.11055555555556,257,LENNARD ISLAND,BC,BRITISH COLUMBIA,COLOMBIE-BRITANNIQUE,CAN,490638000,-1255524000,PST,10.60,1034600,,,Climate-Staffed,C,1,4,CCG,GCC,Canadian Coast Guard,Garde côtière canadienne,1980-01-01 00:00:00,2024-11-18 00:00:00,,,1980-05-01 00:00:00,2024-11-18 00:00:00,1980-01-01 00:00:00,2007-02-01 00:00:00,Y,Y,N
-125.13333333333334,49.43333333333333,258,LOWRY LAKE,BC,BRITISH COLUMBIA,COLOMBIE-BRITANNIQUE,CAN,492600000,-1250800000,PST,304.80,1034725,,,N/A,,1,9,,,,,1957-07-01 00:00:00,1958-12-01 00:00:00,,,1957-07-01 00:00:00,1958-10-31 00:00:00,1958-01-01 00:00:00,1958-12-01 00:00:00,Y,N,N
-124.75,48.75,259,NITINAT LAKE,BC,BRITISH COLUMBIA,COLOMBIE-BRITANNIQUE,CAN,484500000,-1244500000,PST,7.60,1035610,,,N/A,,1,9,,,,,1924-01-01 00:00:00,1952-12-01 00:00:00,,,1924-01-01 00:00:00,1952-07-31 00:00:00,1924-01-01 00:00:00,1952-12-01 00:00:00,Y,N,N
-124.65527777777778,48.85944444444444,260,NITINAT RIVER HATCHERY,BC,BRITISH COLUMBIA,COLOMBIE-BRITANNIQUE,CAN,485134000,-1243919000,PST,14.90,1035612,,,Climate-Staffed,D,1,5,CCN,RCSC,Co-operative Climate Network,Réseau coopératif de stations climatiques,1981-01-01 00:00:00,2024-11-10 00:00:00,,,1981-05-01 00:00:00,2024-11-10 00:00:00,1981-01-01 00:00:00,2007-02-01 00:00:00,Y,Y,N
-126.61666666666666,49.6,261,NOOTKA LIGHTSTATION,BC,BRITISH COLUMBIA,COLOMBIE-BRITANNIQUE,CAN,493600000,-1263700000,PST,15.80,1035614,WCV,,Climate-Staffed,C,1,4,CCG,GCC,Canadian Coast Guard,Garde côtière canadienne,1978-01-01 00:00:00,2024-11-18 00:00:00,1994-02-01 04:00:00,2001-12-13 16:00:00,1978-11-01 00:00:00,2024-11-18 00:00:00,1978-01-01 00:00:00,2007-02-01 00:00:00,Y,Y,N
-125.09722222222223,48.72277777777778,262,PACHENA POINT,BC,BRITISH COLUMBIA,COLOMBIE-BRITANNIQUE,CAN,484322000,-1250550000,PST,37.00,1035940,,,Climate-Staffed,A,1,1,CCG,GCC,Canadian Coast Guard,Garde côtière canadienne,1924-01-01 00:00:00,2024-10-23 00:00:00,1953-01-01 01:00:00,1958-11-14 16:00:00,1924-11-01 00:00:00,2024-10-23 00:00:00,1924-01-01 00:00:00,2007-02-01 00:00:00,Y,Y,N
-124.8,49.233333333333334,263,PORT ALBERNI,BC,BRITISH COLUMBIA,COLOMBIE-BRITANNIQUE,CAN,491400000,-1244800000,PST,59.40,1036205,,,N/A,,1,9,,,,,1917-01-01 00:00:00,1960-12-01 00:00:00,,,1917-07-01 00:00:00,1960-10-31 00:00:00,1917-01-01 00:00:00,1960-12-01 00:00:00,Y,N,N
-124.83333333333333,49.25,264,PORT ALBERNI A,BC,BRITISH COLUMBIA,COLOMBIE-BRITANNIQUE,CAN,491500000,-1245000000,PST,2.40,1036206,,,N/A,C,1,4,,,,,1969-01-01 00:00:00,1996-10-31 00:00:00,1969-11-01 07:00:00,1995-03-31 07:00:00,1969-11-01 00:00:00,1996-10-31 00:00:00,1969-01-01 00:00:00,1996-10-01 00:00:00,Y,N,Y
-124.78333333333333,49.233333333333334,265,PORT ALBERNI CHINA CREEK,BC,BRITISH COLUMBIA,COLOMBIE-BRITANNIQUE,CAN,491400000,-1244700000,PST,70.10,1036207,,,N/A,E,1,6,,,,,1960-01-01 00:00:00,1981-12-01 00:00:00,,,1960-01-01 00:00:00,1981-02-28 00:00:00,1960-01-01 00:00:00,1981-12-01 00:00:00,Y,N,N
-124.75166805555556,49.20166722222222,266,PORT ALBERNI COX LAKE,BC,BRITISH COLUMBIA,COLOMBIE-BRITANNIQUE,CAN,491206002,-1244506005,PST,100.00,1036208,,,Climate-Staffed,E,1,6,CCN,RCSC,Co-operative Climate Network,Réseau coopératif de stations climatiques,1987-01-01 00:00:00,2020-07-19 00:00:00,,,1987-03-01 00:00:00,2020-07-19 00:00:00,1987-01-01 00:00:00,2007-01-01 00:00:00,Y,N,N
-124.8,49.25,267,PORT ALBERNI REDFORD,BC,BRITISH COLUMBIA,COLOMBIE-BRITANNIQUE,CAN,491500000,-1244800000,PST,21.30,1036210,,,N/A,G,1,8,,,,,1959-01-01 00:00:00,1971-12-31 00:00:00,,,1959-05-01 00:00:00,1971-12-31 00:00:00,1959-01-01 00:00:00,1971-12-01 00:00:00,Y,N,N
-124.93333333333334,49.3,268,PORT ALBERNI SHUHUM CREEK,BC,BRITISH COLUMBIA,COLOMBIE-BRITANNIQUE,CAN,491800000,-1245600000,PST,70.00,1036218,,,Climate-Staffed,E,1,6,,,,,1987-01-01 00:00:00,2000-04-30 00:00:00,,,1987-04-01 00:00:00,2000-04-30 00:00:00,1987-01-01 00:00:00,2000-04-01 00:00:00,Y,N,N
-127.4552861111111,50.38583611111111,269,PORT ALICE,BC,BRITISH COLUMBIA,COLOMBIE-BRITANNIQUE,CAN,502309010,-1272719030,PST,21.00,1036240,,,Climate-Staffed,C,1,4,,,,,1924-01-01 00:00:00,2015-11-17 00:00:00,,,1924-01-01 00:00:00,2015-11-17 00:00:00,1924-01-01 00:00:00,2007-02-01 00:00:00,Y,Y,N
-127.48333333333333,50.43333333333333,270,PORT ALICE TOWNSITE,BC,BRITISH COLUMBIA,COLOMBIE-BRITANNIQUE,CAN,502600000,-1272900000,PST,102.00,1036243,,,N/A,G,1,8,,,,,1987-01-01 00:00:00,1991-11-01 00:00:00,,,1987-05-01 00:00:00,1991-09-30 00:00:00,1987-01-01 00:00:00,1991-11-01 00:00:00,Y,N,N
-127.65333583333333,50.53361388888889,271,QUATSINO,BC,BRITISH COLUMBIA,COLOMBIE-BRITANNIQUE,CAN,503201010,-1273912009,PST,3.40,1036570,,,Climate-Staffed,A,1,1,CCN,RCSC,Co-operative Climate Network,Réseau coopératif de stations climatiques,1895-01-01 00:00:00,2024-11-16 00:00:00,,,1895-06-01 00:00:00,2024-11-16 00:00:00,1895-01-01 00:00:00,2007-02-01 00:00:00,Y,Y,N
-128.0325,50.44111111111111,272,QUATSINO LIGHTSTATION,BC,BRITISH COLUMBIA,COLOMBIE-BRITANNIQUE,CAN,502628000,-1280157000,PST,21.00,1036572,WIF,,Climate-Staffed,C,1,4,CCG,GCC,Canadian Coast Guard,Garde côtière canadienne,1978-01-01 00:00:00,2024-11-18 00:00:00,1994-02-01 04:00:00,2001-12-13 16:00:00,1978-11-01 00:00:00,2024-11-18 00:00:00,1978-01-01 00:00:00,2007-02-01 00:00:00,Y,Y,N
-127.48333333333333,50.43333333333333,273,RUMBLE BEACH,BC,BRITISH COLUMBIA,COLOMBIE-BRITANNIQUE,CAN,502600000,-1272900000,PST,106.70,1036907,,,N/A,G,1,8,,,,,1975-12-01 00:00:00,1978-12-01 00:00:00,,,1975-12-01 00:00:00,1978-06-30 00:00:00,1976-01-01 00:00:00,1978-12-01 00:00:00,Y,N,N
-127.41666666666667,50.0,274,SPRING ISLAND,BC,BRITISH COLUMBIA,COLOMBIE-BRITANNIQUE,CAN,500000000,-1272500000,PST,11.30,1037650,,,N/A,F,1,7,,,,,1949-01-01 00:00:00,1979-12-31 16:00:00,1953-01-01 00:00:00,1979-12-31 16:00:00,1949-11-01 00:00:00,1979-12-31 00:00:00,1949-01-01 00:00:00,1979-12-01 00:00:00,Y,N,N
-126.65,49.916666666666664,275,TAHSIS,BC,BRITISH COLUMBIA,COLOMBIE-BRITANNIQUE,CAN,495500000,-1263900000,PST,4.60,1037890,,,N/A,E,1,6,,,,,1952-01-01 00:00:00,1988-12-31 00:00:00,,,1952-10-01 00:00:00,1988-12-31 00:00:00,1952-01-01 00:00:00,1988-12-01 00:00:00,Y,N,N
-126.65388888888889,49.931958333333334,276,TAHSIS VILLAGE NORTH,BC,BRITISH COLUMBIA,COLOMBIE-BRITANNIQUE,CAN,495555050,-1263914000,PST,9.00,1037899,,,Climate-Staffed,F,1,7,CCN,RCSC,Co-operative Climate Network,Réseau coopératif de stations climatiques,1989-01-01 00:00:00,2024-11-18 00:00:00,,,1989-02-01 00:00:00,2024-11-18 00:00:00,1989-01-01 00:00:00,2007-02-01 00:00:00,Y,N,N
-125.77250555555555,49.08222222222222,277,TOFINO A,BC,BRITISH COLUMBIA,COLOMBIE-BRITANNIQUE,CAN,490456000,-1254621020,PST,24.50,1038205,YAZ,,Aviation-Staffed,A,1,1,CCN,RCSC,Co-operative Climate Network,Réseau coopératif de stations climatiques,1942-01-01 00:00:00,2023-06-24 00:00:00,1960-01-01 00:00:00,2014-05-01 10:00:00,1942-07-01 00:00:00,2023-06-24 00:00:00,1942-01-01 00:00:00,2007-02-01 00:00:00,Y,Y,Y
-125.96666666666667,49.266666666666666,278,TOFINO CATFACE MOUNTAIN,BC,BRITISH COLUMBIA,COLOMBIE-BRITANNIQUE,CAN,491600000,-1255800000,PST,740.70,1038206,,,N/A,G,1,9,,,,,1970-01-01 00:00:00,1971-12-01 00:00:00,,,1970-11-01 00:00:00,1971-08-31 00:00:00,1970-01-01 00:00:00,1971-12-01 00:00:00,Y,N,N
-125.90666666666667,49.15361111111111,279,TOFINO VILLAGE,BC,BRITISH COLUMBIA,COLOMBIE-BRITANNIQUE,CAN,490913000,-1255424000,PST,4.60,1038207,,,Climate-Staffed,F,1,7,,,,,1962-01-01 00:00:00,1999-07-31 00:00:00,,,1962-04-01 00:00:00,1999-07-31 00:00:00,1962-01-01 00:00:00,1999-07-01 00:00:00,Y,N,N
-129.08333333333334,50.86666666666667,280,TRIANGLE ISLAND,BC,BRITISH COLUMBIA,COLOMBIE-BRITANNIQUE,CAN,505200000,-1290500000,PST,207.30,1038240,,,N/A,,1,9,,,,,1910-01-01 00:00:00,1921-12-01 00:00:00,,,1910-05-01 00:00:00,1921-06-30 00:00:00,1910-01-01 00:00:00,1921-12-01 00:00:00,Y,N,N
-125.53333333333333,48.96666666666667,281,UCLUELET,BC,BRITISH COLUMBIA,COLOMBIE-BRITANNIQUE,CAN,485800000,-1253200000,PST,5.50,1038330,,,N/A,,1,9,,,,,1914-01-01 00:00:00,1948-12-01 00:00:00,,,1914-06-01 00:00:00,1948-07-31 00:00:00,1914-01-01 00:00:00,1948-12-01 00:00:00,Y,N,N
-125.43333333333334,49.05,282,UCLUELET BRYNNOR MINES,BC,BRITISH COLUMBIA,COLOMBIE-BRITANNIQUE,CAN,490300000,-1252600000,PST,91.40,1038331,,,N/A,,1,9,,,,,1964-01-01 00:00:00,1968-12-01 00:00:00,,,1964-05-01 00:00:00,1968-06-30 00:00:00,1964-01-01 00:00:00,1968-12-01 00:00:00,Y,N,N
-125.52723611111111,48.945283333333336,283,UCLUELET KENNEDY CAMP,BC,BRITISH COLUMBIA,COLOMBIE-BRITANNIQUE,CAN,485643020,-1253138050,PST,40.00,1038332,,,Climate-Staffed,E,1,6,CCN,RCSC,Co-operative Climate Network,Réseau coopératif de stations climatiques,1964-01-01 00:00:00,2024-11-18 00:00:00,,,1964-06-01 00:00:00,2024-11-18 00:00:00,1964-01-01 00:00:00,2007-02-01 00:00:00,Y,N,N
-128.03333333333333,50.516666666666666,284,WINTER HARBOUR,BC,BRITISH COLUMBIA,COLOMBIE-BRITANNIQUE,CAN,503100000,-1280200000,PST,4.60,1038964,,,N/A,E,1,6,,,,,1974-01-01 00:00:00,1985-12-01 00:00:00,,,1974-09-01 00:00:00,1985-09-30 00:00:00,1974-01-01 00:00:00,1985-12-01 00:00:00,Y,N,N
-126.85,49.983333333333334,285,ZEBALLOS,BC,BRITISH COLUMBIA,COLOMBIE-BRITANNIQUE,CAN,495900000,-1265100000,PST,7.00,1039030,,,N/A,G,1,8,,,,,1955-01-01 00:00:00,1993-12-01 00:00:00,,,1955-09-01 00:00:00,1993-03-31 00:00:00,1955-01-01 00:00:00,1993-12-01 00:00:00,Y,N,N
-126.81666666666666,50.03333333333333,286,ZEBALLOS IRON MINES,BC,BRITISH COLUMBIA,COLOMBIE-BRITANNIQUE,CAN,500200000,-1264900000,PST,91.40,1039040,,,N/A,,1,9,,,,,1963-01-01 00:00:00,1968-12-31 00:00:00,,,1963-01-01 00:00:00,1968-12-31 00:00:00,1963-01-01 00:00:00,1968-12-01 00:00:00,Y,N,N
-123.41666666666667,49.95,287,SQUAMISH ASHLU CREEK,BC,BRITISH COLUMBIA,COLOMBIE-BRITANNIQUE,CAN,495700000,-1232500000,PST,495.00,104G660,,,N/A,,1,9,,,,,1984-08-01 00:00:00,1984-08-31 00:00:00,,,1984-08-01 00:00:00,1984-08-31 00:00:00,,,Y,N,N
-124.18333333333334,49.733333333333334,288,HARDY ISLAND,BC,BRITISH COLUMBIA,COLOMBIE-BRITANNIQUE,CAN,494400000,-1241100000,PST,26.00,104LC3N,,,N/A,G,1,8,,,,,1987-01-01 00:00:00,1993-12-01 00:00:00,,,1987-01-01 00:00:00,1993-06-30 00:00:00,1987-01-01 00:00:00,1993-12-01 00:00:00,Y,N,N
-123.15,49.833333333333336,289,SQUAMISH PARADISE VALLEY,BC,BRITISH COLUMBIA,COLOMBIE-BRITANNIQUE,CAN,495000000,-1230900000,PST,61.00,104PF64,,,N/A,G,1,8,,,,,1987-01-01 00:00:00,1989-12-01 00:00:00,,,1987-08-01 00:00:00,1989-06-30 00:00:00,1987-01-01 00:00:00,1989-12-01 00:00:00,Y,N,N
-123.32805555555555,49.39194444444445,290,BOWEN ISLAND MILLERS LDG,BC,BRITISH COLUMBIA,COLOMBIE-BRITANNIQUE,CAN,492331000,-1231941000,PST,91.10,1040R09,,,Climate-Staffed,F,1,7,,,,,1972-01-01 00:00:00,2001-12-31 00:00:00,,,1972-04-01 00:00:00,2001-12-31 00:00:00,1972-01-01 00:00:00,2001-12-01 00:00:00,Y,N,N
-122.95,50.15,291,ALTA LAKE,BC,BRITISH COLUMBIA,COLOMBIE-BRITANNIQUE,CAN,500900000,-1225700000,PST,667.50,1040390,,,N/A,F,1,7,,,,,1950-01-01 00:00:00,1976-12-01 00:00:00,1953-01-01 08:00:00,1976-04-22 10:00:00,1950-10-01 00:00:00,1976-03-31 00:00:00,1950-01-01 00:00:00,1976-12-01 00:00:00,Y,N,N
-123.1,50.11666666666667,292,ALTA LAKE NORTHAIR MINE,BC,BRITISH COLUMBIA,COLOMBIE-BRITANNIQUE,CAN,500700000,-1230600000,PST,1005.80,1040400,,,N/A,F,1,7,,,,,1975-01-01 00:00:00,1987-12-01 00:00:00,,,1975-12-01 00:00:00,1987-07-31 00:00:00,1975-01-01 00:00:00,1987-12-01 00:00:00,Y,N,N
-122.98333333333333,50.15,293,ALTA LAKE 2,BC,BRITISH COLUMBIA,COLOMBIE-BRITANNIQUE,CAN,500900000,-1225900000,PST,640.10,1040420,,,N/A,,1,9,,,,,1931-01-01 00:00:00,1969-12-01 00:00:00,,,1931-11-01 00:00:00,1969-09-30 00:00:00,1931-01-01 00:00:00,1969-12-01 00:00:00,Y,N,N
-123.3,49.516666666666666,294,ANVIL ISLAND,BC,BRITISH COLUMBIA,COLOMBIE-BRITANNIQUE,CAN,493100000,-1231800000,PST,30.50,1040445,,,N/A,,1,9,,,,,1956-01-01 00:00:00,1963-12-01 00:00:00,,,1956-10-01 00:00:00,1963-06-30 00:00:00,1956-01-01 00:00:00,1963-12-01 00:00:00,Y,N,N
-123.42028777777777,49.364844444444444,295,BOWEN ISLAND BOWEN BAY,BC,BRITISH COLUMBIA,COLOMBIE-BRITANNIQUE,CAN,492153440,-1232513036,PST,36.60,104090R,,,Climate-Staffed,E,1,6,,,,,1966-01-01 00:00:00,2014-03-30 00:00:00,,,1966-03-01 00:00:00,2014-03-30 00:00:00,1966-01-01 00:00:00,2007-02-01 00:00:00,Y,N,N
-123.41666666666667,49.35,296,BOWEN ISLAND,BC,BRITISH COLUMBIA,COLOMBIE-BRITANNIQUE,CAN,492100000,-1232500000,PST,22.90,1040908,,,N/A,,1,9,,,,,1959-01-01 00:00:00,1965-12-31 00:00:00,,,1959-07-01 00:00:00,1965-12-31 00:00:00,1959-01-01 00:00:00,1965-12-01 00:00:00,Y,N,N
-123.38333333333334,49.333333333333336,297,BOWEN ISL ARBUTUS BAY,BC,BRITISH COLUMBIA,COLOMBIE-BRITANNIQUE,CAN,492000000,-1232300000,PST,21.00,1040909,,,Climate-Staffed,E,1,6,,,,,1961-01-01 00:00:00,1998-09-30 00:00:00,,,1961-01-01 00:00:00,1998-09-30 00:00:00,1961-01-01 00:00:00,1998-09-01 00:00:00,Y,N,N
-123.315,49.411944444444444,298,BOWEN ISLAND CATES BAY,BC,BRITISH COLUMBIA,COLOMBIE-BRITANNIQUE,CAN,492443000,-1231854000,PST,27.00,1040911,,,Climate-Staffed,E,1,6,,,,,1987-01-01 00:00:00,2000-05-31 00:00:00,,,1987-04-01 00:00:00,2000-05-31 00:00:00,1987-01-01 00:00:00,2000-05-01 00:00:00,Y,N,N
-123.22361111111111,49.583888888888886,299,BRITANNIA BEACH FURRY CR,BC,BRITISH COLUMBIA,COLOMBIE-BRITANNIQUE,CAN,493502000,-1231325000,PST,9.00,1041050,,,Climate-Staffed,G,1,8,,,,,1913-01-01 00:00:00,2000-04-30 00:00:00,,,1913-12-01 00:00:00,2000-04-30 00:00:00,1913-01-01 00:00:00,2000-04-01 00:00:00,Y,N,N
-123.96666666666667,49.483333333333334,300,BUCCANEER BAY,BC,BRITISH COLUMBIA,COLOMBIE-BRITANNIQUE,CAN,492900000,-1235800000,PST,1.50,1041100,,,N/A,,1,9,,,,,1927-01-01 00:00:00,1948-12-01 00:00:00,,,1927-08-01 00:00:00,1948-11-30 00:00:00,1927-01-01 00:00:00,1948-12-01 00:00:00,Y,N,N
-123.15,49.4,301,CAPILANO INTAKE,BC,BRITISH COLUMBIA,COLOMBIE-BRITANNIQUE,CAN,492400000,-1230900000,PST,146.30,1041380,,,N/A,,1,9,,,,,1924-01-01 00:00:00,1955-12-01 00:00:00,,,1924-01-01 00:00:00,1955-10-31 00:00:00,1924-01-01 00:00:00,1955-12-01 00:00:00,Y,N,N
-123.15,49.8,302,CHEEKYE,BC,BRITISH COLUMBIA,COLOMBIE-BRITANNIQUE,CAN,494800000,-1230900000,PST,48.80,1041490,,,N/A,,1,9,,,,,1960-01-01 00:00:00,1962-12-01 00:00:00,,,1960-04-01 00:00:00,1962-10-31 00:00:00,1960-01-01 00:00:00,1962-12-01 00:00:00,Y,N,N
-123.53333333333333,49.71666666666667,303,CLOWHOM FALLS,BC,BRITISH COLUMBIA,COLOMBIE-BRITANNIQUE,CAN,494300000,-1233200000,PST,22.90,1041710,,,N/A,D,1,5,,,,,1932-01-01 00:00:00,1990-12-01 00:00:00,,,1932-02-01 00:00:00,1990-11-30 00:00:00,1932-01-01 00:00:00,1990-12-01 00:00:00,Y,N,N
-123.13333333333334,49.983333333333334,304,DAISY LAKE DAM,BC,BRITISH COLUMBIA,COLOMBIE-BRITANNIQUE,CAN,495900000,-1230800000,PST,381.00,1042255,,,N/A,E,1,6,,,,,1968-01-01 00:00:00,1983-12-01 00:00:00,,,1968-07-01 00:00:00,1983-03-31 00:00:00,1968-01-01 00:00:00,1983-12-01 00:00:00,Y,N,N
-123.73333333333333,50.1,305,DESERTED BAY,BC,BRITISH COLUMBIA,COLOMBIE-BRITANNIQUE,CAN,500600000,-1234400000,PST,6.10,1042470,,,N/A,G,1,8,,,,,1981-01-01 00:00:00,1982-12-01 00:00:00,,,1981-02-01 00:00:00,1982-05-31 00:00:00,1981-01-01 00:00:00,1982-12-01 00:00:00,Y,N,N
-123.4325,49.44305555555555,306,GAMBIER HARBOUR,BC,BRITISH COLUMBIA,COLOMBIE-BRITANNIQUE,CAN,492635000,-1232557000,PST,53.30,1043048,,,Climate-Staffed,A,1,2,,,,,1962-01-01 00:00:00,2003-11-30 00:00:00,,,1962-08-01 00:00:00,2003-11-30 00:00:00,1962-01-01 00:00:00,2003-11-01 00:00:00,Y,Y,N
-123.13333333333334,49.983333333333334,307,GARIBALDI,BC,BRITISH COLUMBIA,COLOMBIE-BRITANNIQUE,CAN,495900000,-1230800000,PST,381.00,1043060,,,N/A,F,1,7,,,,,1921-01-01 00:00:00,1980-12-01 00:00:00,,,1921-07-01 00:00:00,1980-09-30 00:00:00,1921-01-01 00:00:00,1980-12-01 00:00:00,Y,N,N
-123.5135138888889,49.39693055555556,308,GIBSONS,BC,BRITISH COLUMBIA,COLOMBIE-BRITANNIQUE,CAN,492348950,-1233048650,PST,62.00,1043150,,,Climate-Staffed,E,1,6,,,,,1949-01-01 00:00:00,2006-07-31 00:00:00,,,1949-02-01 00:00:00,2006-07-31 00:00:00,1949-01-01 00:00:00,2006-07-01 00:00:00,Y,N,N
-123.54138888888889,49.385580555555556,309,GIBSONS GOWER POINT,BC,BRITISH COLUMBIA,COLOMBIE-BRITANNIQUE,CAN,492308090,-1233229000,PST,34.00,1043152,,,Climate-Staffed,A,1,1,CCN,RCSC,Co-operative Climate Network,Réseau coopératif de stations climatiques,1961-01-01 00:00:00,2024-11-18 00:00:00,,,1961-10-01 00:00:00,2024-11-18 00:00:00,1961-01-01 00:00:00,2007-02-01 00:00:00,Y,Y,N
-123.9,49.516666666666666,310,HALFMOON BAY,BC,BRITISH COLUMBIA,COLOMBIE-BRITANNIQUE,CAN,493100000,-1235400000,PST,61.00,10433B0,,,N/A,G,1,9,,,,,1973-01-01 00:00:00,1973-12-01 00:00:00,,,1973-04-01 00:00:00,1973-10-31 00:00:00,1973-01-01 00:00:00,1973-12-01 00:00:00,Y,N,N
-123.91666666666667,49.516666666666666,311,HALFMOON BAY,BC,BRITISH COLUMBIA,COLOMBIE-BRITANNIQUE,CAN,493100000,-1235500000,PST,10.70,1043320,,,N/A,,1,9,,,,,1961-01-01 00:00:00,1964-12-01 00:00:00,,,1961-04-01 00:00:00,1964-02-29 00:00:00,1961-01-01 00:00:00,1964-12-01 00:00:00,Y,N,N
-124.0,49.583333333333336,312,HALFMOON BAY MIDDLE PT,BC,BRITISH COLUMBIA,COLOMBIE-BRITANNIQUE,CAN,493500000,-1240000000,PST,91.40,1043321,,,N/A,,1,9,,,,,1961-01-01 00:00:00,1963-12-01 00:00:00,,,1961-05-01 00:00:00,1963-09-30 00:00:00,1961-01-01 00:00:00,1963-12-01 00:00:00,Y,N,N
-123.16666666666667,49.31666666666667,313,HOLLYBURN,BC,BRITISH COLUMBIA,COLOMBIE-BRITANNIQUE,CAN,491900000,-1231000000,PST,45.70,1043504,,,N/A,,1,9,,,,,1926-01-01 00:00:00,1952-12-01 00:00:00,,,1926-01-01 00:00:00,1952-03-31 00:00:00,1926-01-01 00:00:00,1952-12-01 00:00:00,Y,N,N
-123.48333333333333,49.46666666666667,314,HOPKINS LANDING,BC,BRITISH COLUMBIA,COLOMBIE-BRITANNIQUE,CAN,492800000,-1232900000,PST,7.60,1043582,,,N/A,D,1,5,,,,,1969-01-01 00:00:00,1992-12-01 00:00:00,,,1969-10-01 00:00:00,1992-06-30 00:00:00,1969-01-01 00:00:00,1992-12-01 00:00:00,Y,N,N
-123.86666666666666,49.916666666666664,315,JERVIS INLET VANC BAY,BC,BRITISH COLUMBIA,COLOMBIE-BRITANNIQUE,CAN,495500000,-1235200000,PST,2.10,1043722,,,N/A,F,1,7,,,,,1984-01-01 00:00:00,1993-12-01 00:00:00,,,1984-04-01 00:00:00,1993-04-30 00:00:00,1984-01-01 00:00:00,1993-12-01 00:00:00,Y,N,N
-124.15,49.86666666666667,316,LOIS LAKE,BC,BRITISH COLUMBIA,COLOMBIE-BRITANNIQUE,CAN,495200000,-1240900000,PST,167.60,1044680,,,N/A,,1,9,,,,,1954-01-01 00:00:00,1956-12-01 00:00:00,,,1954-01-01 00:00:00,1956-03-31 00:00:00,1954-01-01 00:00:00,1956-12-01 00:00:00,Y,N,N
-124.31805555555556,49.79527777777778,317,LOIS RIVER DAM,BC,BRITISH COLUMBIA,COLOMBIE-BRITANNIQUE,CAN,494743000,-1241905000,PST,157.00,1044710,,,Climate-Staffed,A,1,2,,,,,1931-01-01 00:00:00,2007-07-31 00:00:00,,,1931-04-01 00:00:00,2007-07-31 00:00:00,1931-01-01 00:00:00,2007-02-01 00:00:00,Y,Y,N
-124.76666666666667,49.983333333333334,318,LUND,BC,BRITISH COLUMBIA,COLOMBIE-BRITANNIQUE,CAN,495900000,-1244600000,PST,13.70,1044732,,,N/A,G,1,8,,,,,1960-01-01 00:00:00,1975-12-01 00:00:00,,,1960-02-01 00:00:00,1975-04-30 00:00:00,1960-01-01 00:00:00,1975-12-01 00:00:00,Y,N,N
-123.85361361111111,50.165016666666666,319,MALIBU JERVIS INLET,BC,BRITISH COLUMBIA,COLOMBIE-BRITANNIQUE,CAN,500954060,-1235113009,PST,18.00,1044840,,,Climate-Staffed,C,1,4,,,,,1974-01-01 00:00:00,2012-04-18 00:00:00,,,1974-08-01 00:00:00,2012-04-18 00:00:00,1974-01-01 00:00:00,2007-02-01 00:00:00,Y,Y,N
-123.91251111111112,49.467508333333335,320,MERRY ISLAND LIGHTSTATION,BC,BRITISH COLUMBIA,COLOMBIE-BRITANNIQUE,CAN,492803030,-1235445040,PST,7.20,1045100,WMR,,Climate-Staffed,A,1,1,CCG,GCC,Canadian Coast Guard,Garde côtière canadienne,1954-01-01 07:00:00,2024-11-17 00:00:00,1954-01-01 07:00:00,2001-12-13 16:00:00,1957-11-01 00:00:00,2024-11-17 00:00:00,1957-01-01 00:00:00,2007-02-01 00:00:00,Y,Y,N
-124.08333333333333,49.7,321,NELSON ISLAND,BC,BRITISH COLUMBIA,COLOMBIE-BRITANNIQUE,CAN,494200000,-1240500000,PST,15.20,1045440,,,N/A,,1,9,,,,,1964-12-01 00:00:00,1970-12-01 00:00:00,,,1964-12-01 00:00:00,1970-11-30 00:00:00,1965-01-01 00:00:00,1970-12-01 00:00:00,Y,N,N
-123.15,49.81666666666667,322,PARADISE VALLEY,BC,BRITISH COLUMBIA,COLOMBIE-BRITANNIQUE,CAN,494900000,-1230900000,PST,30.50,1045960,,,N/A,G,1,9,,,,,1973-12-01 00:00:00,1975-12-01 00:00:00,,,1973-12-01 00:00:00,1975-07-31 00:00:00,1974-01-01 00:00:00,1975-12-01 00:00:00,Y,N,N
-124.03222222222222,49.63444444444445,323,PENDER HARBOUR,BC,BRITISH COLUMBIA,COLOMBIE-BRITANNIQUE,CAN,493804000,-1240156000,PST,64.00,1046115,,,Climate-Staffed,,1,9,CCN,RCSC,Co-operative Climate Network,Réseau coopératif de stations climatiques,1961-01-01 00:00:00,2024-11-02 00:00:00,,,1961-05-01 00:00:00,2024-11-02 00:00:00,1961-01-01 00:00:00,2007-02-01 00:00:00,Y,N,N
-123.48333333333333,49.516666666666666,324,PORT MELLON,BC,BRITISH COLUMBIA,COLOMBIE-BRITANNIQUE,CAN,493100000,-1232900000,PST,7.60,1046330,,,N/A,F,1,7,,,,,1942-01-01 00:00:00,1989-12-01 00:00:00,,,1942-11-01 00:00:00,1989-02-28 00:00:00,1942-01-01 00:00:00,1989-12-01 00:00:00,Y,N,N
-124.46666666666667,50.1,325,POWELL LAKE,BC,BRITISH COLUMBIA,COLOMBIE-BRITANNIQUE,CAN,500600000,-1242800000,PST,76.20,1046360,,,N/A,,1,9,,,,,1954-01-01 00:00:00,1954-12-01 00:00:00,,,1954-02-01 00:00:00,1954-09-30 00:00:00,1954-01-01 00:00:00,1954-12-01 00:00:00,Y,N,N
-124.55416666666666,49.87611111111111,326,POWELL RIVER,BC,BRITISH COLUMBIA,COLOMBIE-BRITANNIQUE,CAN,495234000,-1243315000,PST,51.80,1046390,,,Climate-Staffed,A,1,1,,,,,1924-01-01 00:00:00,2007-07-31 00:00:00,,,1924-01-01 00:00:00,2007-07-31 00:00:00,1924-01-01 00:00:00,2007-02-01 00:00:00,Y,N,N
-124.50027777777778,49.83416944444444,327,POWELL RIVER A,BC,BRITISH COLUMBIA,COLOMBIE-BRITANNIQUE,CAN,495003010,-1243001000,PST,129.50,1046391,YPW,,Aviation-Staffed,C,1,4,CCN,RCSC,Co-operative Climate Network,Réseau coopératif de stations climatiques,1954-01-01 00:00:00,2024-11-18 00:00:00,1982-03-23 10:00:00,2013-12-12 10:00:00,1954-01-01 00:00:00,2024-11-18 00:00:00,1954-01-01 00:00:00,2007-02-01 00:00:00,Y,Y,Y
-124.51666666666667,49.8,328,POWELL RIVER GRIEF POINT,BC,BRITISH COLUMBIA,COLOMBIE-BRITANNIQUE,CAN,494800000,-1243100000,PST,31.00,1046400,,,N/A,F,1,7,,,,,1960-01-01 00:00:00,1993-12-31 00:00:00,,,1960-02-01 00:00:00,1993-12-31 00:00:00,1960-01-01 00:00:00,1993-12-01 00:00:00,Y,N,N
-124.51666666666667,49.833333333333336,329,POWELL RIVER WESTVIEW,BC,BRITISH COLUMBIA,COLOMBIE-BRITANNIQUE,CAN,495000000,-1243100000,PST,54.90,1046410,,,N/A,E,1,6,,,,,1960-01-01 00:00:00,1986-12-01 00:00:00,,,1960-06-01 00:00:00,1986-01-31 00:00:00,1960-01-01 00:00:00,1986-12-01 00:00:00,Y,N,N
-123.68333333333334,49.4,330,ROBERTS CREEK,BC,BRITISH COLUMBIA,COLOMBIE-BRITANNIQUE,CAN,492400000,-1234100000,PST,3.70,1046791,,,N/A,,1,9,,,,,1924-01-01 00:00:00,1942-12-01 00:00:00,,,1924-01-01 00:00:00,1942-11-30 00:00:00,1924-01-01 00:00:00,1942-12-01 00:00:00,Y,N,N
-123.61666666666666,49.43333333333333,331,ROBERTS CREEK EAST,BC,BRITISH COLUMBIA,COLOMBIE-BRITANNIQUE,CAN,492600000,-1233700000,PST,143.30,1046795,,,N/A,,1,9,,,,,1956-01-01 00:00:00,1960-12-31 00:00:00,,,1956-02-01 00:00:00,1960-12-31 00:00:00,1956-01-01 00:00:00,1960-12-01 00:00:00,Y,N,N
-123.15,49.733333333333334,332,SQUAMISH GARIBALDI,BC,BRITISH COLUMBIA,COLOMBIE-BRITANNIQUE,CAN,494400000,-1230900000,PST,10.00,1047F6B,,,Climate-Staffed,G,1,9,,,,,1975-01-01 00:00:00,1996-12-31 00:00:00,,,1975-09-01 00:00:00,1996-12-31 00:00:00,1975-01-01 00:00:00,1996-12-01 00:00:00,Y,N,N
-123.76666666666667,49.46666666666667,333,SECHELT,BC,BRITISH COLUMBIA,COLOMBIE-BRITANNIQUE,CAN,492800000,-1234600000,PST,22.90,1047170,,,N/A,,1,9,,,,,1927-01-01 00:00:00,1968-12-01 00:00:00,,,1927-01-01 00:00:00,1968-07-31 00:00:00,1927-01-01 00:00:00,1968-12-01 00:00:00,Y,N,N
-123.76666666666667,49.53333333333333,334,SECHELT SANDY HOOK,BC,BRITISH COLUMBIA,COLOMBIE-BRITANNIQUE,CAN,493200000,-1234600000,PST,125.00,1047176,,,N/A,G,1,9,,,,,1987-01-01 00:00:00,1987-12-01 00:00:00,,,1987-01-01 00:00:00,1987-11-30 00:00:00,1987-01-01 00:00:00,1987-12-01 00:00:00,Y,N,N
-123.80638888888889,49.47416666666667,335,SECHELT 5WEST,BC,BRITISH COLUMBIA,COLOMBIE-BRITANNIQUE,CAN,492827000,-1234823000,PST,61.00,1047179,,,Climate-Staffed,G,1,8,,,,,1989-01-01 00:00:00,2005-07-31 00:00:00,,,1989-03-01 00:00:00,2005-07-31 00:00:00,1989-01-01 00:00:00,2005-07-01 00:00:00,Y,N,N
-123.16119444444445,49.783208333333334,336,SQUAMISH AIRPORT,BC,BRITISH COLUMBIA,COLOMBIE-BRITANNIQUE,CAN,494659550,-1230940300,PST,53.70,10476F0,WSK,71207,Climate-Auto,F,1,7,ECCC - MSC,ECCC - SMC,Environment and Climate Change Canada - Meteorological Service of Canada,Environnement et Changement climatique Canada - Service météorologique du Canada,1982-01-01 00:00:00,2024-11-19 12:30:02,1982-05-17 15:00:00,2024-11-19 12:30:02,1982-05-01 00:00:00,2024-11-19 00:00:00,1982-01-01 00:00:00,2007-02-01 00:00:00,Y,N,Y
-123.13333333333334,49.7,337,SQUAMISH,BC,BRITISH COLUMBIA,COLOMBIE-BRITANNIQUE,CAN,494200000,-1230800000,PST,31.10,1047660,,,N/A,F,1,7,,,,,1959-01-01 00:00:00,1996-08-31 00:00:00,,,1959-10-01 00:00:00,1996-08-31 00:00:00,1959-01-01 00:00:00,1996-08-01 00:00:00,Y,N,N
-123.16666666666667,49.68333333333333,338,SQUAMISH FMC CHEMICALS,BC,BRITISH COLUMBIA,COLOMBIE-BRITANNIQUE,CAN,494100000,-1231000000,PST,3.00,1047662,,,N/A,E,1,6,,,,,1968-11-01 00:00:00,1983-12-01 00:00:00,,,1968-11-01 00:00:00,1983-02-28 00:00:00,1969-01-01 00:00:00,1983-12-01 00:00:00,Y,N,N
-123.0,49.75,339,SQUAMISH ST DAVIDS,BC,BRITISH COLUMBIA,COLOMBIE-BRITANNIQUE,CAN,494500000,-1230000000,PST,21.30,1047669,,,N/A,G,1,9,,,,,1973-01-01 00:00:00,1975-12-01 00:00:00,,,1973-09-01 00:00:00,1975-03-31 00:00:00,1973-01-01 00:00:00,1975-12-01 00:00:00,Y,N,N
-123.15,49.733333333333334,340,SQUAMISH STP,BC,BRITISH COLUMBIA,COLOMBIE-BRITANNIQUE,CAN,494400000,-1230900000,PST,6.10,1047670,,,Climate-Staffed,E,1,6,,,,,1981-01-01 00:00:00,1996-06-30 00:00:00,,,1981-06-01 00:00:00,1996-06-30 00:00:00,1981-01-01 00:00:00,1996-06-01 00:00:00,Y,N,N
-123.16027777777778,49.69833333333333,341,SQUAMISH STP CENTRAL,BC,BRITISH COLUMBIA,COLOMBIE-BRITANNIQUE,CAN,494154000,-1230937000,PST,3.90,1047671,,,Climate-Staffed,E,1,6,,,,,1986-01-01 00:00:00,2005-10-31 00:00:00,,,1986-08-01 00:00:00,2005-10-31 00:00:00,1986-01-01 00:00:00,2005-10-01 00:00:00,Y,N,N
-123.28138888888888,49.895833333333336,342,SQUAMISH UPPER,BC,BRITISH COLUMBIA,COLOMBIE-BRITANNIQUE,CAN,495345000,-1231653000,PST,46.00,1047672,,,Climate-Staffed,D,1,5,,,,,1979-01-01 00:00:00,2010-02-01 00:00:00,,,1979-05-01 00:00:00,2010-02-01 00:00:00,1979-01-01 00:00:00,2007-02-01 00:00:00,Y,N,N
-123.2,49.81666666666667,343,SQUAMISH 10 MILE,BC,BRITISH COLUMBIA,COLOMBIE-BRITANNIQUE,CAN,494900000,-1231200000,PST,30.00,1047673,,,N/A,G,1,8,,,,,1990-01-01 00:00:00,1991-11-01 00:00:00,,,1990-04-01 00:00:00,1991-09-30 00:00:00,1990-01-01 00:00:00,1991-11-01 00:00:00,Y,N,N
-124.31666666666666,49.766666666666666,344,STILLWATER POWER HOUSE,BC,BRITISH COLUMBIA,COLOMBIE-BRITANNIQUE,CAN,494600000,-1241900000,PST,7.00,1047770,,,Climate-Staffed,A,1,2,,,,,1931-01-01 00:00:00,2007-07-31 00:00:00,,,1931-06-01 00:00:00,2007-07-31 00:00:00,1931-01-01 00:00:00,2007-02-01 00:00:00,Y,Y,N
-124.51666666666667,49.7,345,TEXADA ISLAND A,BC,BRITISH COLUMBIA,COLOMBIE-BRITANNIQUE,CAN,494200000,-1243100000,PST,96.90,1048140,,,N/A,E,1,6,,,,,1960-01-01 00:00:00,1993-12-31 00:00:00,,,1960-06-01 00:00:00,1993-12-31 00:00:00,1960-01-01 00:00:00,1993-12-01 00:00:00,Y,N,N
-123.13333333333334,49.61666666666667,346,TUNNEL CAMP,BC,BRITISH COLUMBIA,COLOMBIE-BRITANNIQUE,CAN,493700000,-1230800000,PST,670.60,1048310,,,N/A,G,1,8,,,,,1924-01-01 00:00:00,1974-12-01 00:00:00,,,1924-01-01 00:00:00,1974-10-31 00:00:00,1924-01-01 00:00:00,1974-12-01 00:00:00,Y,N,N
-124.81666666666666,50.25,347,WEST REDONDA ISLAND,BC,BRITISH COLUMBIA,COLOMBIE-BRITANNIQUE,CAN,501500000,-1244900000,PST,4.90,1048816,,,N/A,G,1,9,,,,,1983-01-01 00:00:00,1984-12-01 00:00:00,,,1983-09-01 00:00:00,1984-01-31 00:00:00,1983-01-01 00:00:00,1984-12-01 00:00:00,Y,N,N
-122.95483333333334,50.12888916666667,348,WHISTLER,BC,BRITISH COLUMBIA,COLOMBIE-BRITANNIQUE,CAN,500744001,-1225717400,PST,657.80,1048898,WAE,,Aviation-Staffed,C,1,4,CCN,RCSC,Co-operative Climate Network,Réseau coopératif de stations climatiques,1976-01-01 00:00:00,2024-10-05 00:00:00,1983-01-01 07:00:00,2014-05-01 09:00:00,1976-11-01 00:00:00,2024-10-05 00:00:00,1976-01-01 00:00:00,2007-02-01 00:00:00,Y,Y,Y
-123.25565277777778,49.664631944444444,349,WOODFIBRE,BC,BRITISH COLUMBIA,COLOMBIE-BRITANNIQUE,CAN,493952675,-1231520350,PST,3.50,1048974,,,Climate-Staffed,C,1,4,,,,,1960-01-01 00:00:00,2006-02-28 00:00:00,,,1960-04-01 00:00:00,2006-02-28 00:00:00,1960-01-01 00:00:00,2006-02-01 00:00:00,Y,N,N
-123.31666666666666,49.68333333333333,350,WOODFIBRE HENRIETTA LK,BC,BRITISH COLUMBIA,COLOMBIE-BRITANNIQUE,CAN,494100000,-1231900000,PST,869.00,1048975,,,N/A,G,1,8,,,,,1978-01-01 00:00:00,1980-12-01 00:00:00,,,1978-08-01 00:00:00,1980-05-31 00:00:00,1978-01-01 00:00:00,1980-12-01 00:00:00,Y,N,N
-132.29916666666668,53.763666666666666,351,SEWALL MASSET INLET,BC,BRITISH COLUMBIA,COLOMBIE-BRITANNIQUE,CAN,534549200,-1321757000,PST,3.00,105PA91,,,Climate-Staffed,D,1,5,CCN,RCSC,Co-operative Climate Network,Réseau coopératif de stations climatiques,1974-01-01 00:00:00,2017-05-31 00:00:00,,,1974-07-01 00:00:00,2017-05-31 00:00:00,1974-01-01 00:00:00,2007-02-01 00:00:00,Y,N,N
-131.01666666666668,51.93333333333333,352,CAPE ST JAMES,BC,BRITISH COLUMBIA,COLOMBIE-BRITANNIQUE,CAN,515600000,-1310100000,PST,92.00,1051350,,,Climate-Auto,C,1,4,,,,,1925-01-01 00:00:00,1998-04-30 00:00:00,1953-01-01 04:00:00,1992-08-31 23:00:00,1925-08-01 00:00:00,1998-04-30 00:00:00,1925-01-01 00:00:00,1998-04-01 00:00:00,Y,N,Y
-132.13333333333333,53.5,353,CINOLA MINE SITE,BC,BRITISH COLUMBIA,COLOMBIE-BRITANNIQUE,CAN,533000000,-1320800000,PST,75.90,1051630,,,N/A,G,1,9,,,,,1980-01-01 00:00:00,1982-03-31 00:00:00,,,1980-04-01 00:00:00,1982-03-31 00:00:00,1980-01-01 00:00:00,1981-12-01 00:00:00,Y,N,N
-131.93333333333334,53.36666666666667,354,DEAD TREE POINT,BC,BRITISH COLUMBIA,COLOMBIE-BRITANNIQUE,CAN,532200000,-1315600000,PST,14.30,1052310,,,N/A,,1,9,,,,,1939-01-01 00:00:00,1958-12-01 00:00:00,,,1939-02-01 00:00:00,1958-01-31 00:00:00,1939-01-01 00:00:00,1958-12-01 00:00:00,Y,N,N
-132.73333333333332,53.86666666666667,355,EDEN LAKE,BC,BRITISH COLUMBIA,COLOMBIE-BRITANNIQUE,CAN,535200000,-1324400000,PST,42.70,1052639,,,N/A,G,1,9,,,,,1973-01-01 00:00:00,1974-12-01 00:00:00,,,1973-06-01 00:00:00,1974-05-31 00:00:00,1973-01-01 00:00:00,1974-12-01 00:00:00,Y,N,N
-131.11666666666667,52.28333333333333,356,IKEDA BAY,BC,BRITISH COLUMBIA,COLOMBIE-BRITANNIQUE,CAN,521700000,-1310700000,PST,1.50,1053645,,,N/A,,1,9,,,,,1908-01-01 00:00:00,1920-12-01 00:00:00,,,1908-07-01 00:00:00,1920-08-31 00:00:00,1908-01-01 00:00:00,1920-12-01 00:00:00,Y,N,N
-131.96666666666667,54.03333333333333,357,MASSET TOW HILL,BC,BRITISH COLUMBIA,COLOMBIE-BRITANNIQUE,CAN,540200000,-1315800000,PST,2.10,1054RKF,,,N/A,G,1,8,,,,,1981-01-01 00:00:00,1986-12-01 00:00:00,,,1981-09-01 00:00:00,1986-05-31 00:00:00,1981-01-01 00:00:00,1986-12-01 00:00:00,Y,N,N
-133.05799972222223,54.25518,358,LANGARA,BC,BRITISH COLUMBIA,COLOMBIE-BRITANNIQUE,CAN,541518648,-1330328799,PST,42.70,1054500,WLA,71899,Climate-Staffed,A,1,1,CCG,GCC,Canadian Coast Guard,Garde côtière canadienne,1936-01-01 00:00:00,2024-11-18 00:00:00,1954-01-01 01:00:00,2001-12-13 13:00:00,1936-07-01 00:00:00,2024-11-18 00:00:00,1936-01-01 00:00:00,2007-02-01 00:00:00,Y,Y,Y
-132.06666666666666,54.03333333333333,359,MASSET CFS,BC,BRITISH COLUMBIA,COLOMBIE-BRITANNIQUE,CAN,540200000,-1320400000,PST,12.20,10549BN,,,N/A,F,1,7,,,,,1971-01-01 00:00:00,1981-12-01 00:00:00,,,1971-11-01 00:00:00,1981-02-28 00:00:00,1971-01-01 00:00:00,1981-12-01 00:00:00,Y,N,N
-132.11747222222223,54.02261111111111,360,MASSET AIRPORT,BC,BRITISH COLUMBIA,COLOMBIE-BRITANNIQUE,CAN,540121400,-1320702900,PST,5.80,1054920,ZMT,,Aviation-Staffed,G,1,8,,,,,1897-01-01 00:00:00,2014-08-07 10:00:00,2005-10-27 06:00:00,2014-08-07 10:00:00,1897-06-01 00:00:00,2008-06-30 00:00:00,1897-01-01 00:00:00,2007-02-01 00:00:00,Y,N,Y
-132.16666666666666,54.0,361,MASSET A,BC,BRITISH COLUMBIA,COLOMBIE-BRITANNIQUE,CAN,540000000,-1321000000,PST,12.80,1054925,,,N/A,,1,9,,,,,1944-01-01 00:00:00,2016-06-12 00:00:00,,,1944-10-01 00:00:00,2016-06-12 00:00:00,1944-01-01 00:00:00,1949-12-01 00:00:00,Y,N,N
-132.18333333333334,54.03333333333333,362,MASSET INDIAN DAY SCHOOL,BC,BRITISH COLUMBIA,COLOMBIE-BRITANNIQUE,CAN,540200000,-1321100000,PST,12.20,1054926,,,N/A,,1,9,,,,,1965-01-01 00:00:00,1966-12-01 00:00:00,,,1965-09-01 00:00:00,1966-05-31 00:00:00,1965-01-01 00:00:00,1966-12-01 00:00:00,Y,N,N
-132.05,53.05,363,PALLANT CREEK,BC,BRITISH COLUMBIA,COLOMBIE-BRITANNIQUE,CAN,530300000,-1320300000,PST,20.00,1055950,,,Climate-Staffed,D,1,5,,,,,1980-01-01 00:00:00,1998-07-31 00:00:00,,,1980-06-01 00:00:00,1998-07-31 00:00:00,1980-01-01 00:00:00,1998-07-01 00:00:00,Y,N,N
-132.18333333333334,53.68333333333333,364,PORT CLEMENTS,BC,BRITISH COLUMBIA,COLOMBIE-BRITANNIQUE,CAN,534100000,-1321100000,MST,16.00,1056250,,,N/A,F,1,7,,,,,1967-01-01 00:00:00,1988-12-01 00:00:00,,,1967-01-01 00:00:00,1988-02-29 00:00:00,1967-01-01 00:00:00,1988-12-01 00:00:00,Y,N,N
-132.08333333333334,53.25,365,QUEEN CHARLOTTE CITY,BC,BRITISH COLUMBIA,COLOMBIE-BRITANNIQUE,CAN,531500000,-1320500000,PST,12.00,1056590,,,Climate-Staffed,,1,9,,,,,1914-01-01 00:00:00,1948-12-31 00:00:00,,,1914-10-01 00:00:00,1948-12-31 00:00:00,1914-01-01 00:00:00,1948-12-01 00:00:00,Y,N,N
-132.41666666666666,53.3,366,RENNELL SOUND,BC,BRITISH COLUMBIA,COLOMBIE-BRITANNIQUE,CAN,531800000,-1322500000,PST,3.00,1056742,,,N/A,G,1,9,,,,,1974-01-01 00:00:00,1975-12-01 00:00:00,,,1974-07-01 00:00:00,1975-11-30 00:00:00,1974-01-01 00:00:00,1975-12-01 00:00:00,Y,N,N
-131.81305555555556,53.25388888888889,367,SANDSPIT A,BC,BRITISH COLUMBIA,COLOMBIE-BRITANNIQUE,CAN,531514000,-1314847000,PST,6.40,1057050,YZP,,Climate-Staffed,A,1,1,CCN,RCSC,Co-operative Climate Network,Réseau coopératif de stations climatiques,1945-01-01 00:00:00,2017-03-30 00:00:00,1953-01-01 00:00:00,2005-01-19 18:00:00,1945-09-01 00:00:00,2017-03-30 00:00:00,1945-01-01 00:00:00,2007-02-01 00:00:00,Y,Y,Y
-131.98333333333332,52.88333333333333,368,SEWELL INLET,BC,BRITISH COLUMBIA,COLOMBIE-BRITANNIQUE,CAN,525300000,-1315900000,PST,15.00,1057192,,,N/A,E,1,6,,,,,1973-01-01 00:00:00,1990-12-01 00:00:00,,,1973-07-01 00:00:00,1990-03-31 00:00:00,1973-01-01 00:00:00,1990-12-01 00:00:00,Y,N,N
-132.05,52.766666666666666,369,TASU SOUND,BC,BRITISH COLUMBIA,COLOMBIE-BRITANNIQUE,CAN,524600000,-1320300000,PST,15.20,1058003,,,N/A,F,1,7,,,,,1963-01-01 00:00:00,1984-12-01 00:00:00,,,1963-01-01 00:00:00,1984-10-31 00:00:00,1963-01-01 00:00:00,1984-12-01 00:00:00,Y,N,N
-131.95,53.5,370,TLELL,BC,BRITISH COLUMBIA,COLOMBIE-BRITANNIQUE,CAN,533000000,-1315700000,PST,4.60,1058190,,,Climate-Staffed,A,1,1,,,,,1950-01-01 00:00:00,1999-01-31 00:00:00,,,1950-01-01 00:00:00,1999-01-31 00:00:00,1950-01-01 00:00:00,1999-01-01 00:00:00,Y,N,N
-125.7,50.483333333333334,371,FORWARD HARBOUR,BC,BRITISH COLUMBIA,COLOMBIE-BRITANNIQUE,CAN,502900000,-1254200000,PST,7.60,106C0C5,,,N/A,G,1,8,,,,,1975-01-01 00:00:00,1978-12-01 00:00:00,,,1975-07-01 00:00:00,1978-11-30 00:00:00,1975-01-01 00:00:00,1978-12-01 00:00:00,Y,N,N
-128.43333333333334,54.583333333333336,372,TERRACE GOSSAN CREEK,BC,BRITISH COLUMBIA,COLOMBIE-BRITANNIQUE,CAN,543500000,-1282600000,PST,107.00,106H130,,,N/A,G,1,8,,,,,1983-01-01 00:00:00,1986-12-01 00:00:00,,,1983-08-01 00:00:00,1986-01-31 00:00:00,1983-01-01 00:00:00,1986-12-01 00:00:00,Y,N,N
-127.5,51.5,373,WADHAMS CDF,BC,BRITISH COLUMBIA,COLOMBIE-BRITANNIQUE,CAN,513000000,-1273000000,PST,6.10,106Q669,,,N/A,G,1,8,,,,,1967-01-01 00:00:00,1973-12-01 00:00:00,,,1967-06-01 00:00:00,1973-02-28 00:00:00,1967-01-01 00:00:00,1973-12-01 00:00:00,Y,N,N
-127.8638611111111,51.60352777777778,374,ADDENBROKE ISLAND,BC,BRITISH COLUMBIA,COLOMBIE-BRITANNIQUE,CAN,513612700,-1275149900,PST,21.30,1060080,WCZ,,Climate-Staffed,C,1,4,CCG,GCC,Canadian Coast Guard,Garde côtière canadienne,1978-01-01 00:00:00,2024-11-18 00:00:00,1994-02-01 04:00:00,2001-12-13 13:00:00,1978-01-01 00:00:00,2024-11-18 00:00:00,1978-01-01 00:00:00,2007-02-01 00:00:00,Y,Y,N
-129.5,55.68333333333333,375,ALICE ARM,BC,BRITISH COLUMBIA,COLOMBIE-BRITANNIQUE,CAN,554100000,-1293000000,PST,314.20,1060330,,,N/A,,1,9,,,,,1948-01-01 00:00:00,1964-12-01 00:00:00,,,1948-01-01 00:00:00,1964-09-30 00:00:00,1948-01-01 00:00:00,1964-12-01 00:00:00,Y,N,N
-129.46666666666667,55.46666666666667,376,ALICE ARM,BC,BRITISH COLUMBIA,COLOMBIE-BRITANNIQUE,CAN,552800000,-1292800000,PST,1.50,1060331,,,N/A,G,1,8,,,,,1973-01-01 00:00:00,1978-12-01 00:00:00,,,1973-06-01 00:00:00,1978-09-30 00:00:00,1973-01-01 00:00:00,1978-12-01 00:00:00,Y,N,N
-129.81666666666666,55.416666666666664,377,ANYOX,BC,BRITISH COLUMBIA,COLOMBIE-BRITANNIQUE,CAN,552500000,-1294900000,PST,112.80,1060446,,,N/A,,1,9,,,,,1916-01-01 00:00:00,1935-12-01 00:00:00,,,1916-05-01 00:00:00,1935-06-30 00:00:00,1916-01-01 00:00:00,1935-12-01 00:00:00,Y,N,N
-128.15,52.166666666666664,378,BELLA BELLA,BC,BRITISH COLUMBIA,COLOMBIE-BRITANNIQUE,CAN,521000000,-1280900000,PST,12.20,1060810,,,N/A,F,1,7,,,,,1933-01-01 00:00:00,1977-12-01 00:00:00,,,1933-04-01 00:00:00,1977-10-31 00:00:00,1933-01-01 00:00:00,1977-12-01 00:00:00,Y,N,N
-128.08333333333334,52.15,379,BELLA BELLA SHEARWATER,BC,BRITISH COLUMBIA,COLOMBIE-BRITANNIQUE,CAN,520900000,-1280500000,PST,12.20,1060820,,,N/A,,1,9,,,,,1960-01-01 00:00:00,1964-12-01 00:00:00,,,1960-04-01 00:00:00,1964-06-30 00:00:00,1960-01-01 00:00:00,1964-12-01 00:00:00,Y,N,N
-126.685,52.370555555555555,380,BELLA COOLA,BC,BRITISH COLUMBIA,COLOMBIE-BRITANNIQUE,CAN,522214000,-1264106000,PST,18.30,1060840,,,Climate-Staffed,A,1,1,,,,,1895-01-01 00:00:00,2002-10-31 00:00:00,,,1895-05-01 00:00:00,2002-10-31 00:00:00,1895-01-01 00:00:00,2002-10-01 00:00:00,Y,Y,N
-126.59583333333333,52.3875,381,BELLA COOLA A,BC,BRITISH COLUMBIA,COLOMBIE-BRITANNIQUE,CAN,522315000,-1263545000,PST,35.70,1060841,YBD,71206,Aviation-Staffed,D,1,5,,,,,1983-01-01 00:00:00,2017-11-18 00:00:00,1983-02-01 07:00:00,2013-08-15 10:00:00,1983-02-01 00:00:00,2017-11-18 00:00:00,1983-01-01 00:00:00,2007-02-01 00:00:00,Y,Y,Y
-126.81666666666666,52.36666666666667,382,BELLA COOLA BC HYDRO,BC,BRITISH COLUMBIA,COLOMBIE-BRITANNIQUE,CAN,522200000,-1264900000,PST,13.70,1060842,,,N/A,E,1,6,,,,,1961-01-01 00:00:00,1985-12-01 00:00:00,,,1961-08-01 00:00:00,1985-11-30 00:00:00,1961-01-01 00:00:00,1985-12-01 00:00:00,Y,N,N
-128.52390833333334,52.64306944444444,383,BOAT BLUFF,BC,BRITISH COLUMBIA,COLOMBIE-BRITANNIQUE,CAN,523835050,-1283126070,PST,10.70,1060901,WZM,,Climate-Staffed,C,1,4,CCN,RCSC,Co-operative Climate Network,Réseau coopératif de stations climatiques,1974-01-01 00:00:00,2024-11-13 00:00:00,1994-02-01 04:00:00,2001-12-13 13:00:00,1974-06-01 00:00:00,2024-11-13 00:00:00,1974-01-01 00:00:00,2007-02-01 00:00:00,Y,Y,N
-130.63769444444443,53.49275,384,BONILLA ISLAND,BC,BRITISH COLUMBIA,COLOMBIE-BRITANNIQUE,CAN,532933900,-1303815700,PST,16.20,1060902,WVB,,Climate-Staffed,A,1,1,CCG,GCC,Canadian Coast Guard,Garde côtière canadienne,1960-01-01 00:00:00,2024-11-18 00:00:00,1994-02-01 07:00:00,2001-12-13 10:00:00,1960-04-01 00:00:00,2024-11-18 00:00:00,1960-01-01 00:00:00,2007-02-01 00:00:00,Y,Y,Y
-128.7,53.15,385,BUTEDALE,BC,BRITISH COLUMBIA,COLOMBIE-BRITANNIQUE,CAN,530900000,-1284200000,PST,15.20,1061210,,,N/A,G,1,8,,,,,1974-01-01 00:00:00,1978-12-01 00:00:00,,,1974-06-01 00:00:00,1978-04-30 00:00:00,1974-01-01 00:00:00,1978-12-01 00:00:00,Y,N,N
-127.58333333333333,51.583333333333336,386,DAWSONS LANDING,BC,BRITISH COLUMBIA,COLOMBIE-BRITANNIQUE,CAN,513500000,-1273500000,PST,34.00,1062295,,,N/A,G,1,8,,,,,1973-01-01 00:00:00,1988-12-01 00:00:00,,,1973-05-01 00:00:00,1988-10-31 00:00:00,1973-01-01 00:00:00,1988-12-01 00:00:00,Y,N,N
-128.11222444444445,52.185000555555554,387,DRYAD POINT,BC,BRITISH COLUMBIA,COLOMBIE-BRITANNIQUE,CAN,521106002,-1280644008,PST,3.50,1062544,WAU,,Climate-Staffed,C,1,4,CCG,GCC,Canadian Coast Guard,Garde côtière canadienne,1977-01-01 00:00:00,2024-11-17 00:00:00,1994-02-01 04:00:00,2001-12-13 13:00:00,1977-11-01 00:00:00,2024-11-17 00:00:00,1977-01-01 00:00:00,2007-02-01 00:00:00,Y,Y,N
-126.31666666666666,50.6,388,EAST CRACROFT ISL,BC,BRITISH COLUMBIA,COLOMBIE-BRITANNIQUE,CAN,503600000,-1261900000,PST,14.00,1062593,,,N/A,F,1,7,,,,,1985-01-01 00:00:00,1995-04-30 00:00:00,,,1985-08-01 00:00:00,1995-04-30 00:00:00,1985-01-01 00:00:00,1995-04-01 00:00:00,Y,N,N
-127.83536111111111,51.24722222222222,389,EGG ISLAND,BC,BRITISH COLUMBIA,COLOMBIE-BRITANNIQUE,CAN,511450000,-1275007300,PST,14.00,1062646,WEM,,Climate-Staffed,A,1,1,CCG,GCC,Canadian Coast Guard,Garde côtière canadienne,1965-01-01 00:00:00,2024-11-17 00:00:00,1969-12-31 16:00:00,2001-12-13 16:00:00,1965-12-01 00:00:00,2024-11-17 00:00:00,1965-01-01 00:00:00,2007-02-01 00:00:00,Y,Y,N
-129.68333333333334,53.05,390,ETHELDA BAY,BC,BRITISH COLUMBIA,COLOMBIE-BRITANNIQUE,CAN,530300000,-1294100000,PST,9.60,1062745,,,N/A,D,1,5,,,,,1957-01-01 00:00:00,1994-04-06 05:27:00,1957-12-02 05:00:00,1994-04-06 05:27:00,1957-12-01 00:00:00,1991-05-31 00:00:00,1957-01-01 00:00:00,1991-11-01 00:00:00,Y,N,Y
-129.73333333333332,53.983333333333334,391,FALLS RIVER,BC,BRITISH COLUMBIA,COLOMBIE-BRITANNIQUE,CAN,535900000,-1294400000,PST,18.00,1062790,,,N/A,D,1,5,,,,,1931-01-01 00:00:00,1992-12-01 00:00:00,,,1931-11-01 00:00:00,1992-10-31 00:00:00,1931-01-01 00:00:00,1992-12-01 00:00:00,Y,N,N
-126.75,51.666666666666664,392,GENESEE RIVER,BC,BRITISH COLUMBIA,COLOMBIE-BRITANNIQUE,CAN,514000000,-1264500000,PST,13.70,1063086,,,N/A,G,1,8,,,,,1971-01-01 00:00:00,1972-12-01 00:00:00,,,1971-05-01 00:00:00,1972-05-31 00:00:00,1971-01-01 00:00:00,1972-12-01 00:00:00,Y,N,N
-130.7080611111111,54.568616666666664,393,GREEN ISLAND,BC,BRITISH COLUMBIA,COLOMBIE-BRITANNIQUE,CAN,543407020,-1304229020,PST,11.90,1063298,WNJ,,Climate-Staffed,C,1,4,CCG,GCC,Canadian Coast Guard,Garde côtière canadienne,1970-01-01 13:00:00,2024-11-18 00:00:00,1970-01-01 13:00:00,2001-12-13 13:00:00,1978-10-01 00:00:00,2024-11-18 00:00:00,1978-01-01 00:00:00,2007-02-01 00:00:00,Y,Y,N
-129.25,53.416666666666664,394,HARTLEY BAY,BC,BRITISH COLUMBIA,COLOMBIE-BRITANNIQUE,CAN,532500000,-1291500000,PST,2.00,1063339,,,Climate-Staffed,D,1,5,,,,,1973-01-01 00:00:00,1998-07-31 00:00:00,,,1973-12-01 00:00:00,1998-07-31 00:00:00,1973-01-01 00:00:00,1998-07-01 00:00:00,Y,N,N
-128.406675,52.269733333333335,395,IVORY ISLAND,BC,BRITISH COLUMBIA,COLOMBIE-BRITANNIQUE,CAN,521611040,-1282424030,PST,9.80,1063690,WJG,,Climate-Staffed,E,1,6,CCG,GCC,Canadian Coast Guard,Garde côtière canadienne,1948-01-01 00:00:00,2024-11-17 00:00:00,1994-02-01 04:00:00,2001-12-13 13:00:00,1948-08-01 00:00:00,2024-11-17 00:00:00,1948-01-01 00:00:00,2007-02-01 00:00:00,Y,N,N
-127.94277777777778,53.56305555555556,396,KEMANO,BC,BRITISH COLUMBIA,COLOMBIE-BRITANNIQUE,CAN,533347000,-1275634000,PST,66.00,1064020,,,Climate-Staffed,C,1,4,CCN,RCSC,Co-operative Climate Network,Réseau coopératif de stations climatiques,1951-01-01 00:00:00,2024-11-18 00:00:00,,,1951-08-01 00:00:00,2024-11-18 00:00:00,1951-01-01 00:00:00,2007-02-01 00:00:00,Y,Y,N
-128.48333333333332,53.833333333333336,397,KILDALA,BC,BRITISH COLUMBIA,COLOMBIE-BRITANNIQUE,CAN,535000000,-1282900000,PST,30.50,1064138,,,Climate-Staffed,A,1,1,,,,,1966-01-01 00:00:00,2000-08-31 00:00:00,,,1966-05-01 00:00:00,2000-08-31 00:00:00,1966-01-01 00:00:00,2000-08-01 00:00:00,Y,N,N
-126.2,50.95,398,KINGCOME INLET,BC,BRITISH COLUMBIA,COLOMBIE-BRITANNIQUE,CAN,505700000,-1261200000,PST,1.50,1064227,,,N/A,E,1,6,,,,,1974-01-01 00:00:00,1985-12-01 00:00:00,,,1974-09-01 00:00:00,1985-10-31 00:00:00,1974-01-01 00:00:00,1985-12-01 00:00:00,Y,N,N
-128.68333333333334,54.05,399,KITIMAT,BC,BRITISH COLUMBIA,COLOMBIE-BRITANNIQUE,CAN,540300000,-1284100000,PST,12.80,1064288,WKI,,Aviation-Staffed,E,1,6,,,,,1979-01-01 00:00:00,1994-12-01 00:00:00,1994-02-01 09:00:00,1994-05-20 15:00:00,1979-11-01 00:00:00,1994-04-30 00:00:00,1979-01-01 00:00:00,1994-12-01 00:00:00,Y,N,N
-128.7,54.0,400,KITIMAT,BC,BRITISH COLUMBIA,COLOMBIE-BRITANNIQUE,CAN,540000000,-1284200000,PST,16.80,1064289,,,N/A,,1,9,,,,,1951-01-01 00:00:00,1966-12-01 00:00:00,,,1951-06-01 00:00:00,1966-07-31 00:00:00,1951-01-01 00:00:00,1966-12-01 00:00:00,Y,N,N
-128.65,53.983333333333334,401,KITIMAT MISSION,BC,BRITISH COLUMBIA,COLOMBIE-BRITANNIQUE,CAN,535900000,-1283900000,PST,6.10,1064290,,,N/A,,1,9,,,,,1902-01-01 00:00:00,1948-12-01 00:00:00,,,1902-10-01 00:00:00,1948-05-31 00:00:00,1902-01-01 00:00:00,1948-12-01 00:00:00,Y,N,N
-128.63416666666666,54.05361111111111,402,KITIMAT TOWNSITE,BC,BRITISH COLUMBIA,COLOMBIE-BRITANNIQUE,CAN,540313000,-1283803000,PST,98.00,1064320,,,Climate-Staffed,A,1,1,CCN,RCSC,Co-operative Climate Network,Réseau coopératif de stations climatiques,1954-01-01 00:00:00,2022-08-31 00:00:00,,,1954-01-01 00:00:00,2022-08-31 00:00:00,1954-01-01 00:00:00,2007-02-01 00:00:00,Y,Y,N
-128.705,54.00972222222222,403,KITIMAT 2,BC,BRITISH COLUMBIA,COLOMBIE-BRITANNIQUE,CAN,540035000,-1284218000,PST,16.80,1064321,,,Climate-Staffed,A,1,1,CCN,RCSC,Co-operative Climate Network,Réseau coopératif de stations climatiques,1966-01-01 00:00:00,2023-12-08 00:00:00,,,1966-02-01 00:00:00,2023-12-08 00:00:00,1966-01-01 00:00:00,2007-02-01 00:00:00,Y,Y,N
-128.64083333333335,54.06472222222222,404,KITIMAT 3,BC,BRITISH COLUMBIA,COLOMBIE-BRITANNIQUE,CAN,540353000,-1283827000,PST,137.00,1064322,,,Climate-Staffed,E,1,6,,,,,1988-01-01 00:00:00,2013-01-18 00:00:00,,,1988-09-01 00:00:00,2013-01-18 00:00:00,1988-01-01 00:00:00,2007-02-01 00:00:00,Y,N,N
-129.46666666666667,55.43333333333333,405,KITSAULT MINESITE,BC,BRITISH COLUMBIA,COLOMBIE-BRITANNIQUE,CAN,552600000,-1292800000,PST,620.90,1064329,,,N/A,,1,9,,,,,1968-01-01 00:00:00,1969-12-01 00:00:00,,,1968-01-01 00:00:00,1969-10-31 00:00:00,1968-01-01 00:00:00,1969-12-01 00:00:00,Y,N,N
-125.58333333333333,51.1,406,KNIGHT INLET,BC,BRITISH COLUMBIA,COLOMBIE-BRITANNIQUE,CAN,510600000,-1253500000,PST,9.10,1064375,,,N/A,,1,9,,,,,1962-01-01 00:00:00,1966-12-01 00:00:00,,,1962-07-01 00:00:00,1966-11-30 00:00:00,1962-01-01 00:00:00,1966-12-01 00:00:00,Y,N,N
-128.5236111111111,54.395833333333336,407,LAKELSE LAKE,BC,BRITISH COLUMBIA,COLOMBIE-BRITANNIQUE,CAN,542345000,-1283125000,PST,76.00,1064497,,,Climate-Staffed,G,1,8,,,,,1967-01-01 00:00:00,1999-09-30 00:00:00,,,1967-11-01 00:00:00,1999-09-30 00:00:00,1967-01-01 00:00:00,1999-09-01 00:00:00,Y,N,N
-130.35,54.11666666666667,408,LAWYER ISLAND,BC,BRITISH COLUMBIA,COLOMBIE-BRITANNIQUE,CAN,540700000,-1302100000,PST,6.10,1064591,,,N/A,F,1,7,,,,,1978-01-01 00:00:00,1988-12-01 00:00:00,,,1978-09-01 00:00:00,1988-07-31 00:00:00,1978-01-01 00:00:00,1988-12-01 00:00:00,Y,N,N
-128.71944444444443,52.26166666666666,409,MCINNES ISLAND,BC,BRITISH COLUMBIA,COLOMBIE-BRITANNIQUE,CAN,521542000,-1284310000,PST,25.90,1065010,WMS,71897,Climate-Staffed,A,1,1,CCG,GCC,Canadian Coast Guard,Garde côtière canadienne,1954-01-01 00:00:00,2024-11-18 00:00:00,1955-01-01 10:00:00,2001-12-13 13:00:00,1954-02-01 00:00:00,2024-11-18 00:00:00,1954-01-01 00:00:00,2007-02-01 00:00:00,Y,Y,Y
-129.75,55.0,410,MILL BAY,BC,BRITISH COLUMBIA,COLOMBIE-BRITANNIQUE,CAN,550000000,-1294500000,PST,3.00,1065130,,,N/A,,1,9,,,,,1915-01-01 00:00:00,1959-12-01 00:00:00,,,1915-01-01 00:00:00,1959-03-31 00:00:00,1915-01-01 00:00:00,1959-12-01 00:00:00,Y,N,N
-126.31666666666666,50.61666666666667,411,MINSTREL ISLAND,BC,BRITISH COLUMBIA,COLOMBIE-BRITANNIQUE,CAN,503700000,-1261900000,PST,3.00,1065170,,,N/A,F,1,7,,,,,1974-01-01 00:00:00,1985-12-01 00:00:00,,,1974-09-01 00:00:00,1985-08-31 00:00:00,1974-01-01 00:00:00,1985-12-01 00:00:00,Y,N,N
-129.93333333333334,54.93333333333333,412,NAAS HARBOUR,BC,BRITISH COLUMBIA,COLOMBIE-BRITANNIQUE,CAN,545600000,-1295600000,PST,6.10,1065275,,,N/A,,1,9,,,,,1900-01-01 00:00:00,1929-12-01 00:00:00,,,1900-02-01 00:00:00,1929-08-31 00:00:00,1900-01-01 00:00:00,1929-12-01 00:00:00,Y,N,N
-127.86666666666666,51.86666666666667,413,NAMU,BC,BRITISH COLUMBIA,COLOMBIE-BRITANNIQUE,CAN,515200000,-1275200000,PST,2.00,1065310,,,N/A,G,1,9,,,,,1931-01-01 00:00:00,1985-12-01 00:00:00,,,1931-11-01 00:00:00,1985-05-31 00:00:00,1931-01-01 00:00:00,1985-12-01 00:00:00,Y,N,N
-127.68333333333334,52.35,414,OCEAN FALLS,BC,BRITISH COLUMBIA,COLOMBIE-BRITANNIQUE,CAN,522100000,-1274100000,PST,4.90,1065670,,,N/A,E,1,6,,,,,1924-01-01 00:00:00,1986-12-01 00:00:00,,,1924-01-01 00:00:00,1986-11-30 00:00:00,1924-01-01 00:00:00,1986-12-01 00:00:00,Y,N,N
-128.26666666666668,54.766666666666666,415,PACIFIC,BC,BRITISH COLUMBIA,COLOMBIE-BRITANNIQUE,CAN,544600000,-1281600000,PST,121.90,1065945,,,N/A,G,1,8,,,,,1977-01-01 00:00:00,1982-12-01 00:00:00,,,1977-06-01 00:00:00,1982-06-30 00:00:00,1977-01-01 00:00:00,1982-12-01 00:00:00,Y,N,N
-125.36666666666666,50.55,416,PHILLIPS ARM,BC,BRITISH COLUMBIA,COLOMBIE-BRITANNIQUE,CAN,503300000,-1252200000,PST,1.50,1066JFQ,,,N/A,G,1,8,,,,,1973-01-01 00:00:00,1977-12-31 00:00:00,,,1973-01-01 00:00:00,1977-12-31 00:00:00,1973-01-01 00:00:00,1977-12-01 00:00:00,Y,N,N
-130.23333333333332,54.2,417,PORT EDWARD,BC,BRITISH COLUMBIA,COLOMBIE-BRITANNIQUE,CAN,541200000,-1301400000,PST,2.00,1066K57,,,N/A,G,1,9,,,,,1984-01-01 00:00:00,1986-12-01 00:00:00,,,1984-10-01 00:00:00,1986-02-28 00:00:00,1984-01-01 00:00:00,1986-12-01 00:00:00,Y,N,N
-127.95,52.06666666666667,418,POINTER ISLAND,BC,BRITISH COLUMBIA,COLOMBIE-BRITANNIQUE,CAN,520400000,-1275700000,PST,6.70,1066202,,,N/A,E,1,6,,,,,1977-01-01 00:00:00,1989-12-01 00:00:00,,,1977-11-01 00:00:00,1989-03-31 00:00:00,1977-01-01 00:00:00,1989-12-01 00:00:00,Y,N,N
-130.43333333333334,54.56666666666667,419,PORT SIMPSON,BC,BRITISH COLUMBIA,COLOMBIE-BRITANNIQUE,CAN,543400000,-1302600000,PST,7.90,1066336,,,N/A,,1,9,,,,,1886-01-01 00:00:00,1910-12-01 00:00:00,,,1886-06-01 00:00:00,1910-06-30 00:00:00,1886-01-01 00:00:00,1910-12-01 00:00:00,Y,N,N
-130.01666666666668,56.05,420,PREMIER,BC,BRITISH COLUMBIA,COLOMBIE-BRITANNIQUE,CAN,560300000,-1300100000,PST,410.00,1066420,,,Climate-Staffed,G,1,8,,,,,1926-01-01 00:00:00,1996-09-30 00:00:00,,,1926-01-01 00:00:00,1996-09-30 00:00:00,1926-01-01 00:00:00,1996-09-01 00:00:00,Y,N,N
-130.38333333333333,54.28333333333333,421,PRINCE RUPERT,BC,BRITISH COLUMBIA,COLOMBIE-BRITANNIQUE,CAN,541700000,-1302300000,PST,51.80,1066480,,,N/A,,1,9,,,,,1908-01-01 00:00:00,1962-12-31 22:00:00,1953-02-01 04:00:00,1962-12-31 22:00:00,1908-08-01 00:00:00,1962-12-31 00:00:00,1908-01-01 00:00:00,1962-12-01 00:00:00,Y,N,Y
-130.44472222222223,54.2925,422,PRINCE RUPERT A,BC,BRITISH COLUMBIA,COLOMBIE-BRITANNIQUE,CAN,541733000,-1302641000,PST,35.40,1066481,,,Climate-Staffed,A,1,1,,,,,1961-08-16 07:00:00,2006-03-31 00:00:00,1961-08-16 07:00:00,2005-01-21 05:00:00,1962-05-01 00:00:00,2006-03-31 00:00:00,1962-01-01 00:00:00,2006-03-01 00:00:00,Y,Y,Y
-130.26666666666668,54.31666666666667,423,PRINCE RUPERT FERN PASS,BC,BRITISH COLUMBIA,COLOMBIE-BRITANNIQUE,CAN,541900000,-1301600000,PST,44.20,1066484,,,N/A,,1,9,,,,,1959-01-01 00:00:00,1966-12-01 00:00:00,,,1959-08-01 00:00:00,1966-01-31 00:00:00,1959-01-01 00:00:00,1966-12-01 00:00:00,Y,N,N
-130.29,54.320277777777775,424,PRINCE RUPERT MONT CIRC,BC,BRITISH COLUMBIA,COLOMBIE-BRITANNIQUE,CAN,541913000,-1301724000,PST,60.00,1066488,,,Climate-Staffed,A,1,2,CCN,RCSC,Co-operative Climate Network,Réseau coopératif de stations climatiques,1959-01-01 00:00:00,2024-11-14 00:00:00,,,1959-08-01 00:00:00,2024-11-14 00:00:00,1959-01-01 00:00:00,2004-12-01 00:00:00,Y,Y,N
-130.33333333333334,54.3,425,PRINCE RUPERT R PARK,BC,BRITISH COLUMBIA,COLOMBIE-BRITANNIQUE,CAN,541800000,-1302000000,PST,90.80,1066492,,,Climate-Staffed,A,1,2,,,,,1959-01-01 00:00:00,1997-09-30 00:00:00,,,1959-08-01 00:00:00,1997-09-30 00:00:00,1959-01-01 00:00:00,1997-09-01 00:00:00,Y,N,N
-130.25,54.333333333333336,426,PRINCE RUPERT SHAWATLANS,BC,BRITISH COLUMBIA,COLOMBIE-BRITANNIQUE,CAN,542000000,-1301500000,PST,11.00,1066493,,,Climate-Staffed,A,1,2,,,,,1966-01-01 00:00:00,1999-06-30 00:00:00,,,1966-07-01 00:00:00,1999-06-30 00:00:00,1966-01-01 00:00:00,1999-06-01 00:00:00,Y,N,N
-127.35,51.666666666666664,427,RIVERS INLET,BC,BRITISH COLUMBIA,COLOMBIE-BRITANNIQUE,CAN,514000000,-1272100000,PST,6.10,1066787,,,N/A,,1,9,,,,,1893-01-01 00:00:00,1943-12-01 00:00:00,,,1893-10-01 00:00:00,1943-02-28 00:00:00,1893-01-01 00:00:00,1943-12-01 00:00:00,Y,N,N
-127.5,51.6,428,RIVERS INLET GOOD HOPE,BC,BRITISH COLUMBIA,COLOMBIE-BRITANNIQUE,CAN,513600000,-1273000000,PST,3.00,1066788,,,N/A,G,1,9,,,,,1970-01-01 00:00:00,1971-12-01 00:00:00,,,1970-02-01 00:00:00,1971-05-31 00:00:00,1970-01-01 00:00:00,1971-12-01 00:00:00,Y,N,N
-128.76666666666668,54.78333333333333,429,ROSSWOOD,BC,BRITISH COLUMBIA,COLOMBIE-BRITANNIQUE,CAN,544700000,-1284600000,PST,146.30,1066885,,,N/A,,1,9,,,,,1927-01-01 00:00:00,1946-12-01 00:00:00,,,1927-10-01 00:00:00,1946-02-28 00:00:00,1927-01-01 00:00:00,1946-12-01 00:00:00,Y,N,N
-125.53333333333333,50.5,430,ROY,BC,BRITISH COLUMBIA,COLOMBIE-BRITANNIQUE,CAN,503000000,-1253200000,PST,10.40,1066900,,,N/A,,1,9,,,,,1931-01-01 00:00:00,1955-12-01 00:00:00,,,1931-11-01 00:00:00,1955-09-30 00:00:00,1931-01-01 00:00:00,1955-12-01 00:00:00,Y,N,N
-129.36666666666667,54.3,431,SALVUS CAMP,BC,BRITISH COLUMBIA,COLOMBIE-BRITANNIQUE,CAN,541800000,-1292200000,PST,15.20,1067005,,,N/A,F,1,7,,,,,1975-01-01 00:00:00,1988-12-01 00:00:00,,,1975-01-01 00:00:00,1988-03-31 00:00:00,1975-01-01 00:00:00,1988-12-01 00:00:00,Y,N,N
-126.56666666666666,50.85,432,SHAWL BAY,BC,BRITISH COLUMBIA,COLOMBIE-BRITANNIQUE,CAN,505100000,-1263400000,PST,0.00,1067225,,,N/A,G,1,8,,,,,1974-01-01 00:00:00,1978-12-01 00:00:00,,,1974-09-01 00:00:00,1978-06-30 00:00:00,1974-01-01 00:00:00,1978-12-01 00:00:00,Y,N,N
-129.98333333333332,55.95,433,STEWART,BC,BRITISH COLUMBIA,COLOMBIE-BRITANNIQUE,CAN,555700000,-1295900000,PST,4.60,1067740,,,N/A,,1,9,,,,,1910-01-01 00:00:00,1967-12-01 00:00:00,,,1910-09-01 00:00:00,1967-04-30 00:00:00,1910-01-01 00:00:00,1967-12-01 00:00:00,Y,N,N
-129.985,55.93611111111111,434,STEWART A,BC,BRITISH COLUMBIA,COLOMBIE-BRITANNIQUE,CAN,555610000,-1295906000,PST,7.30,1067742,ZST,,Aviation-Staffed,A,1,1,,,,,1974-12-01 00:00:00,2016-06-12 00:00:00,1974-12-10 10:00:00,2015-01-15 10:00:00,1974-12-01 00:00:00,2016-06-12 00:00:00,1975-01-01 00:00:00,2007-02-01 00:00:00,Y,Y,Y
-129.98333333333332,55.95,435,STEWART BCHPA,BC,BRITISH COLUMBIA,COLOMBIE-BRITANNIQUE,CAN,555700000,-1295900000,PST,12.20,1067745,,,N/A,G,1,8,,,,,1967-01-01 00:00:00,1976-12-01 00:00:00,,,1967-10-01 00:00:00,1976-05-31 00:00:00,1967-01-01 00:00:00,1976-12-01 00:00:00,Y,N,N
-126.06722222222223,52.36805555555556,436,STUIE TWEEDSMUIR LODGE,BC,BRITISH COLUMBIA,COLOMBIE-BRITANNIQUE,CAN,522205000,-1260402000,PST,162.00,1067776,,,Climate-Staffed,D,1,5,,,,,1932-01-01 00:00:00,2013-11-25 00:00:00,,,1932-07-01 00:00:00,2013-11-25 00:00:00,1932-01-01 00:00:00,2007-02-01 00:00:00,Y,Y,N
-129.03333333333333,52.46666666666667,437,SURF INLET,BC,BRITISH COLUMBIA,COLOMBIE-BRITANNIQUE,CAN,522800000,-1290200000,PST,,1067868,,,N/A,,1,9,,,,,1916-01-01 00:00:00,1926-12-01 00:00:00,,,1916-08-01 00:00:00,1926-06-30 00:00:00,1916-01-01 00:00:00,1926-12-01 00:00:00,Y,N,N
-128.5,53.03333333333333,438,SWANSON BAY,BC,BRITISH COLUMBIA,COLOMBIE-BRITANNIQUE,CAN,530200000,-1283000000,PST,4.60,1067880,,,N/A,,1,9,,,,,1917-01-01 00:00:00,1942-12-01 00:00:00,,,1917-01-01 00:00:00,1942-10-31 00:00:00,1917-01-01 00:00:00,1942-12-01 00:00:00,Y,N,N
-126.88333333333334,50.61666666666667,439,SWANSON BAY,BC,BRITISH COLUMBIA,COLOMBIE-BRITANNIQUE,CAN,503700000,-1265300000,PST,,1067881,,,N/A,,1,9,,,,,1907-01-01 00:00:00,1913-12-01 00:00:00,,,1907-05-01 00:00:00,1913-06-30 00:00:00,1907-01-01 00:00:00,1913-12-01 00:00:00,Y,N,N
-128.58333333333334,54.516666666666666,440,TERRACE,BC,BRITISH COLUMBIA,COLOMBIE-BRITANNIQUE,CAN,543100000,-1283500000,PST,,1068100,,,N/A,,1,9,,,,,1912-01-01 00:00:00,1953-12-01 00:00:00,,,1912-10-01 00:00:00,1953-03-31 00:00:00,1912-01-01 00:00:00,1953-12-01 00:00:00,Y,N,N
-128.5775,54.466388888888886,441,TERRACE A,BC,BRITISH COLUMBIA,COLOMBIE-BRITANNIQUE,CAN,542759000,-1283439000,PST,217.30,1068130,YXT,71951,Aviation-Staffed,A,1,1,,,,,1953-01-01 00:00:00,2013-01-17 10:00:00,1955-04-20 16:00:00,2013-01-17 10:00:00,1953-08-01 00:00:00,2013-01-16 00:00:00,1953-01-01 00:00:00,2013-01-01 00:00:00,Y,Y,Y
-128.62472222222223,54.50194444444445,442,TERRACE PCC,BC,BRITISH COLUMBIA,COLOMBIE-BRITANNIQUE,CAN,543007000,-1283729000,PST,67.00,1068131,,,Climate-Staffed,A,1,1,CCN,RCSC,Co-operative Climate Network,Réseau coopératif de stations climatiques,1968-01-01 00:00:00,2024-11-16 00:00:00,,,1968-04-01 00:00:00,2024-11-16 00:00:00,1968-01-01 00:00:00,2007-02-01 00:00:00,Y,Y,N
-126.0,50.8,443,THOMPSON SOUND,BC,BRITISH COLUMBIA,COLOMBIE-BRITANNIQUE,CAN,504800000,-1260000000,PST,12.20,1068159,,,N/A,G,1,8,,,,,1974-01-01 00:00:00,1976-12-31 00:00:00,,,1974-07-01 00:00:00,1976-12-31 00:00:00,1974-01-01 00:00:00,1976-12-01 00:00:00,Y,N,N
-125.41666666666667,50.416666666666664,444,THURSTON BAY,BC,BRITISH COLUMBIA,COLOMBIE-BRITANNIQUE,CAN,502500000,-1252500000,PST,1.50,1068170,,,N/A,,1,9,,,,,1923-01-01 00:00:00,1938-12-01 00:00:00,,,1923-02-01 00:00:00,1938-07-31 00:00:00,1923-01-01 00:00:00,1938-12-01 00:00:00,Y,N,N
-124.26666666666667,50.516666666666666,445,TOBA INLET,BC,BRITISH COLUMBIA,COLOMBIE-BRITANNIQUE,CAN,503100000,-1241600000,PST,27.40,1068201,,,N/A,G,1,8,,,,,1974-01-01 00:00:00,1976-12-01 00:00:00,,,1974-09-01 00:00:00,1976-07-31 00:00:00,1974-01-01 00:00:00,1976-12-01 00:00:00,Y,N,N
-130.88030555555557,54.294666666666664,446,TRIPLE ISLAND,BC,BRITISH COLUMBIA,COLOMBIE-BRITANNIQUE,CAN,541740800,-1305249100,PST,20.70,1068250,WTI,,Climate-Staffed,F,1,7,CCG,GCC,Canadian Coast Guard,Garde côtière canadienne,1953-01-01 01:00:00,2024-11-18 00:00:00,1953-01-01 01:00:00,2001-12-13 10:00:00,1989-06-01 00:00:00,2024-11-18 00:00:00,1989-01-01 00:00:00,2007-02-01 00:00:00,Y,N,N
-127.25,51.68333333333333,447,WANNOCK RIVER,BC,BRITISH COLUMBIA,COLOMBIE-BRITANNIQUE,CAN,514100000,-1271500000,PST,3.00,1068677,,,N/A,F,1,7,,,,,1974-01-01 00:00:00,1987-12-01 00:00:00,,,1974-08-01 00:00:00,1987-05-31 00:00:00,1974-01-01 00:00:00,1987-12-01 00:00:00,Y,N,N
-128.31666666666666,55.016666666666666,448,CEDARVALE,BC,BRITISH COLUMBIA,COLOMBIE-BRITANNIQUE,CAN,550100000,-1281900000,PST,152.00,107ADFE,,,N/A,D,1,5,,,,,1973-01-01 00:00:00,1994-12-31 00:00:00,,,1973-06-01 00:00:00,1994-12-31 00:00:00,1973-01-01 00:00:00,1994-12-01 00:00:00,Y,N,N
-126.68333333333334,56.61666666666667,449,SUSTUT MOUNTAIN,BC,BRITISH COLUMBIA,COLOMBIE-BRITANNIQUE,CAN,563700000,-1264100000,PST,1798.30,107GHG9,,,N/A,G,1,9,,,,,1973-01-01 00:00:00,1974-12-01 00:00:00,,,1973-06-01 00:00:00,1974-09-30 00:00:00,1973-01-01 00:00:00,1974-12-01 00:00:00,Y,N,N
-127.17055555555555,55.28861111111111,450,SUSKWA VALLEY,BC,BRITISH COLUMBIA,COLOMBIE-BRITANNIQUE,CAN,551719000,-1271014000,PST,534.00,107G879,,,Climate-Staffed,D,1,5,CCN,RCSC,Co-operative Climate Network,Réseau coopératif de stations climatiques,1982-01-01 00:00:00,2024-11-17 00:00:00,,,1982-10-01 00:00:00,2024-11-17 00:00:00,1982-01-01 00:00:00,2007-02-01 00:00:00,Y,Y,N
-127.21666666666667,54.81666666666667,451,SMITHERS KATHLYN LAKE,BC,BRITISH COLUMBIA,COLOMBIE-BRITANNIQUE,CAN,544900000,-1271300000,PST,546.00,107P505,,,N/A,G,1,9,,,,,1988-01-01 00:00:00,1988-12-31 00:00:00,,,1988-07-01 00:00:00,1988-12-31 00:00:00,1988-01-01 00:00:00,1988-12-01 00:00:00,Y,N,N
-129.01666666666668,55.233333333333334,452,AIYANSH,BC,BRITISH COLUMBIA,COLOMBIE-BRITANNIQUE,CAN,551400000,-1290100000,PST,228.60,1070150,,,N/A,G,1,9,,,,,1924-01-01 00:00:00,1971-12-01 00:00:00,,,1924-01-01 00:00:00,1971-09-30 00:00:00,1924-01-01 00:00:00,1971-12-01 00:00:00,Y,N,N
-129.05,55.18333333333333,453,AIYANSH 2SE,BC,BRITISH COLUMBIA,COLOMBIE-BRITANNIQUE,CAN,551100000,-1290300000,PST,213.40,1070154,,,N/A,F,1,7,,,,,1974-01-01 00:00:00,1985-12-01 00:00:00,,,1974-07-01 00:00:00,1985-08-31 00:00:00,1974-01-01 00:00:00,1985-12-01 00:00:00,Y,N,N
-126.53333333333333,55.06666666666667,454,BABINE LAKE FISHERIES,BC,BRITISH COLUMBIA,COLOMBIE-BRITANNIQUE,CAN,550400000,-1263200000,PST,713.20,1070571,,,N/A,,1,9,,,,,1912-01-01 00:00:00,1936-12-01 00:00:00,,,1912-09-01 00:00:00,1936-07-31 00:00:00,1912-01-01 00:00:00,1936-12-01 00:00:00,Y,N,N
-126.48333333333333,55.05,455,BABINE LAKE HALIFAX BAY,BC,BRITISH COLUMBIA,COLOMBIE-BRITANNIQUE,CAN,550300000,-1262900000,PST,711.70,1070572,,,N/A,G,1,9,,,,,1972-01-01 00:00:00,1973-12-01 00:00:00,,,1972-05-01 00:00:00,1973-10-31 00:00:00,1972-01-01 00:00:00,1973-12-01 00:00:00,Y,N,N
-125.45972222222223,54.44638888888889,456,BABINE LAKE PINKUT CREEK,BC,BRITISH COLUMBIA,COLOMBIE-BRITANNIQUE,CAN,542647000,-1252735000,PST,713.20,1070573,,,Climate-Staffed,A,1,1,,,,,1968-12-01 00:00:00,2012-02-28 00:00:00,,,1968-12-01 00:00:00,2012-02-28 00:00:00,1969-01-01 00:00:00,2007-02-01 00:00:00,Y,Y,N
-128.3,54.833333333333336,457,BIG OLIVER CREEK,BC,BRITISH COLUMBIA,COLOMBIE-BRITANNIQUE,CAN,545000000,-1281800000,PST,121.90,1070873,,,N/A,G,1,8,,,,,1973-01-01 00:00:00,1975-12-01 00:00:00,,,1973-06-01 00:00:00,1975-05-31 00:00:00,1973-01-01 00:00:00,1975-12-01 00:00:00,Y,N,N
-130.16666666666666,56.46666666666667,458,BRUCEJACK LAKE,BC,BRITISH COLUMBIA,COLOMBIE-BRITANNIQUE,CAN,562800000,-1301000000,PST,1372.00,1071092,,,N/A,G,1,9,,,,,1988-01-01 00:00:00,1990-12-01 00:00:00,,,1988-07-01 00:00:00,1990-08-31 00:00:00,1988-01-01 00:00:00,1990-12-01 00:00:00,Y,N,N
-127.16666666666667,54.11666666666667,459,COLLINS LAKE,BC,BRITISH COLUMBIA,COLOMBIE-BRITANNIQUE,CAN,540700000,-1271000000,PST,836.70,1071785,,,N/A,,1,9,,,,,1958-01-01 00:00:00,1958-12-01 00:00:00,,,1958-06-01 00:00:00,1958-10-31 00:00:00,1958-01-01 00:00:00,1958-12-01 00:00:00,Y,N,N
-128.23333333333332,55.5,460,CRANBERRY RIVER,BC,BRITISH COLUMBIA,COLOMBIE-BRITANNIQUE,CAN,553000000,-1281400000,PST,609.60,1072075,,,N/A,G,1,8,,,,,1973-01-01 00:00:00,1974-12-01 00:00:00,,,1973-08-01 00:00:00,1974-11-30 00:00:00,1973-01-01 00:00:00,1974-12-01 00:00:00,Y,N,N
-126.27658333333333,54.19861111111111,461,EQUITY SILVER,BC,BRITISH COLUMBIA,COLOMBIE-BRITANNIQUE,CAN,541155000,-1261635700,PST,1280.00,1072692,,,Climate-Staffed,E,1,6,CCN,RCSC,Co-operative Climate Network,Réseau coopératif de stations climatiques,1981-01-01 00:00:00,2024-11-18 00:00:00,,,1981-08-01 00:00:00,2024-11-18 00:00:00,1981-01-01 00:00:00,2007-01-01 00:00:00,Y,N,N
-126.61666666666666,55.31666666666667,462,FORT BABINE,BC,BRITISH COLUMBIA,COLOMBIE-BRITANNIQUE,CAN,551900000,-1263700000,PST,716.30,1072902,,,N/A,G,1,8,,,,,1944-01-01 00:00:00,1975-12-01 00:00:00,,,1944-11-01 00:00:00,1975-06-30 00:00:00,1944-01-01 00:00:00,1975-12-01 00:00:00,Y,N,N
-127.61666666666666,55.266666666666666,463,HAZELTON,BC,BRITISH COLUMBIA,COLOMBIE-BRITANNIQUE,CAN,551600000,-1273700000,PST,320.00,1073L4F,,,N/A,F,1,7,,,,,1981-01-01 00:00:00,1991-11-01 00:00:00,,,1981-06-01 00:00:00,1991-06-30 00:00:00,1981-01-01 00:00:00,1991-11-01 00:00:00,Y,N,N
-126.3,54.8,464,FULTON LAKE,BC,BRITISH COLUMBIA,COLOMBIE-BRITANNIQUE,CAN,544800000,-1261800000,PST,734.60,1073040,,,N/A,,1,9,,,,,1960-01-01 00:00:00,1961-12-31 00:00:00,,,1960-07-01 00:00:00,1961-12-31 00:00:00,1960-01-01 00:00:00,1961-12-01 00:00:00,Y,N,N
-126.16666666666667,54.95,465,GRANISLE COPPER LTD,BC,BRITISH COLUMBIA,COLOMBIE-BRITANNIQUE,CAN,545700000,-1261000000,PST,705.60,1073278,,,N/A,G,1,9,,,,,1974-01-01 00:00:00,1975-12-01 00:00:00,,,1974-10-01 00:00:00,1975-08-31 00:00:00,1974-01-01 00:00:00,1975-12-01 00:00:00,Y,N,N
-127.73333333333333,55.2,466,HAZELTON TEMLEHAN,BC,BRITISH COLUMBIA,COLOMBIE-BRITANNIQUE,CAN,551200000,-1274400000,PST,121.90,1073347,,,Climate-Staffed,C,1,4,,,,,1973-01-01 00:00:00,1997-04-30 00:00:00,,,1973-08-01 00:00:00,1997-04-30 00:00:00,1973-01-01 00:00:00,1997-04-01 00:00:00,Y,N,N
-127.63333333333334,55.266666666666666,467,HAZELTON 2,BC,BRITISH COLUMBIA,COLOMBIE-BRITANNIQUE,CAN,551600000,-1273800000,PST,295.00,1073349,,,N/A,G,1,8,,,,,1988-01-01 00:00:00,1991-11-01 00:00:00,,,1988-07-01 00:00:00,1991-10-31 00:00:00,1988-01-01 00:00:00,1991-11-01 00:00:00,Y,N,N
-127.51666666666667,55.266666666666666,468,HAZELTON TRIPLE CREEK RANCH,BC,BRITISH COLUMBIA,COLOMBIE-BRITANNIQUE,CAN,551600000,-1273100000,PST,365.80,107335J,,,N/A,G,1,8,,,,,1990-01-01 00:00:00,1991-12-01 00:00:00,,,1990-06-01 00:00:00,1991-09-30 00:00:00,1990-01-01 00:00:00,1991-12-01 00:00:00,Y,N,N
-126.71666666666667,54.38333333333333,469,HOUSTON,BC,BRITISH COLUMBIA,COLOMBIE-BRITANNIQUE,CAN,542300000,-1264300000,PST,586.70,1073612,,,N/A,G,1,8,,,,,1970-01-01 00:00:00,1974-12-01 00:00:00,,,1970-05-01 00:00:00,1974-11-30 00:00:00,1970-01-01 00:00:00,1974-12-01 00:00:00,Y,N,N
-126.66777777777777,54.396388888888886,470,HOUSTON,BC,BRITISH COLUMBIA,COLOMBIE-BRITANNIQUE,CAN,542347000,-1264004000,PST,610.00,1073615,,,Climate-Staffed,F,1,7,CCN,RCSC,Co-operative Climate Network,Réseau coopératif de stations climatiques,1957-01-01 00:00:00,2024-11-14 00:00:00,,,1957-07-01 00:00:00,2024-11-14 00:00:00,1957-01-01 00:00:00,2007-02-01 00:00:00,Y,N,N
-126.36666666666666,54.15,471,HOUSTON GOOSLY LAKE,BC,BRITISH COLUMBIA,COLOMBIE-BRITANNIQUE,CAN,540900000,-1262200000,PST,952.50,1073616,,,N/A,,1,9,,,,,1970-01-01 00:00:00,1971-01-31 00:00:00,,,1970-10-01 00:00:00,1971-01-31 00:00:00,1970-01-01 00:00:00,1970-12-01 00:00:00,Y,N,N
-127.76666666666667,55.46666666666667,472,KISPIOX,BC,BRITISH COLUMBIA,COLOMBIE-BRITANNIQUE,CAN,552800000,-1274600000,PST,304.80,1074276,,,N/A,G,1,8,,,,,1976-01-01 00:00:00,1980-12-01 00:00:00,,,1976-10-01 00:00:00,1980-10-31 00:00:00,1976-01-01 00:00:00,1980-12-01 00:00:00,Y,N,N
-128.41666666666666,55.416666666666664,473,KITSAULT MILLSITE,BC,BRITISH COLUMBIA,COLOMBIE-BRITANNIQUE,CAN,552500000,-1282500000,PST,533.40,1074328,,,N/A,,1,9,,,,,1967-01-01 00:00:00,1967-12-01 00:00:00,,,1967-02-01 00:00:00,1967-10-31 00:00:00,1967-01-01 00:00:00,1967-12-01 00:00:00,Y,N,N
-129.0,55.5,474,KITSAULT MINESITE,BC,BRITISH COLUMBIA,COLOMBIE-BRITANNIQUE,CAN,553000000,-1290000000,PST,652.30,1074330,,,N/A,G,1,8,,,,,1969-01-01 00:00:00,1972-12-01 00:00:00,,,1969-12-01 00:00:00,1972-04-30 00:00:00,1969-01-01 00:00:00,1972-12-01 00:00:00,Y,N,N
-128.48333333333332,55.45,475,KITSAULT TOWNSITE,BC,BRITISH COLUMBIA,COLOMBIE-BRITANNIQUE,CAN,552700000,-1282900000,PST,38.10,1074331,,,N/A,,1,9,,,,,1967-01-01 00:00:00,1967-12-01 00:00:00,,,1967-01-01 00:00:00,1967-07-31 00:00:00,1967-01-01 00:00:00,1967-12-01 00:00:00,Y,N,N
-128.05,55.11666666666667,476,KITWANGA,BC,BRITISH COLUMBIA,COLOMBIE-BRITANNIQUE,CAN,550700000,-1280300000,PST,192.90,1074336,,,N/A,F,1,7,,,,,1973-01-01 00:00:00,1979-12-01 00:00:00,,,1973-06-01 00:00:00,1979-09-30 00:00:00,1973-01-01 00:00:00,1979-12-01 00:00:00,Y,N,N
-127.06666666666666,54.733333333333334,477,MACLURE LAKE,BC,BRITISH COLUMBIA,COLOMBIE-BRITANNIQUE,CAN,544400000,-1270400000,PST,573.00,1074800,,,N/A,,1,9,,,,,1924-01-01 00:00:00,1963-12-01 00:00:00,,,1924-01-01 00:00:00,1963-09-30 00:00:00,1924-01-01 00:00:00,1963-12-01 00:00:00,Y,N,N
-126.9,54.2,478,MORICE RIVER FDR,BC,BRITISH COLUMBIA,COLOMBIE-BRITANNIQUE,CAN,541200000,-1265400000,PST,701.00,1075199,,,N/A,,1,9,,,,,1961-01-01 00:00:00,1962-12-01 00:00:00,,,1961-09-01 00:00:00,1962-09-30 00:00:00,1961-01-01 00:00:00,1962-12-01 00:00:00,Y,N,N
-126.8,54.31666666666667,479,MORICE RIVER HOUSTON,BC,BRITISH COLUMBIA,COLOMBIE-BRITANNIQUE,CAN,541900000,-1264800000,PST,693.40,1075200,,,N/A,,1,9,,,,,1955-01-01 00:00:00,1958-12-01 00:00:00,,,1955-04-01 00:00:00,1958-05-31 00:00:00,1955-01-01 00:00:00,1958-12-01 00:00:00,Y,N,N
-127.3,55.05,480,MORICETOWN,BC,BRITISH COLUMBIA,COLOMBIE-BRITANNIQUE,CAN,550300000,-1271800000,PST,390.10,1075202,,,N/A,,1,9,,,,,1964-01-01 00:00:00,1965-12-01 00:00:00,,,1964-09-01 00:00:00,1965-11-30 00:00:00,1964-01-01 00:00:00,1965-12-01 00:00:00,Y,N,N
-127.8,55.516666666666666,481,MURDER CREEK,BC,BRITISH COLUMBIA,COLOMBIE-BRITANNIQUE,CAN,553100000,-1274800000,PST,245.00,1075253,,,N/A,E,1,6,,,,,1973-01-01 00:00:00,1994-12-01 00:00:00,,,1973-09-01 00:00:00,1994-11-30 00:00:00,1973-01-01 00:00:00,1994-12-01 00:00:00,Y,N,N
-129.02972333333332,55.2375,482,NASS CAMP,BC,BRITISH COLUMBIA,COLOMBIE-BRITANNIQUE,CAN,551415000,-1290147004,PST,195.00,1075384,,,Climate-Staffed,C,1,4,CCN,RCSC,Co-operative Climate Network,Réseau coopératif de stations climatiques,1973-01-01 00:00:00,2017-12-31 00:00:00,,,1973-09-01 00:00:00,2017-12-31 00:00:00,1973-01-01 00:00:00,2007-02-01 00:00:00,Y,Y,N
-129.01666666666668,55.416666666666664,483,NASS RIVER,BC,BRITISH COLUMBIA,COLOMBIE-BRITANNIQUE,CAN,552500000,-1290100000,PST,1585.00,1075385,,,N/A,,1,9,,,,,1956-01-01 00:00:00,1956-12-01 00:00:00,,,1956-06-01 00:00:00,1956-07-31 00:00:00,1956-01-01 00:00:00,1956-12-01 00:00:00,Y,N,N
-127.6,55.233333333333334,484,NEW HAZELTON,BC,BRITISH COLUMBIA,COLOMBIE-BRITANNIQUE,CAN,551400000,-1273600000,PST,313.90,1075520,,,N/A,F,1,7,,,,,1914-01-01 00:00:00,1976-12-01 00:00:00,,,1914-08-01 00:00:00,1976-08-31 00:00:00,1914-01-01 00:00:00,1976-12-01 00:00:00,Y,N,N
-126.9,54.61666666666667,485,QUICK,BC,BRITISH COLUMBIA,COLOMBIE-BRITANNIQUE,CAN,543700000,-1265400000,PST,533.40,1076638,,,Climate-Staffed,E,1,6,,,,,1962-01-01 00:00:00,1995-04-30 00:00:00,,,1962-10-01 00:00:00,1995-04-30 00:00:00,1962-01-01 00:00:00,1995-04-01 00:00:00,Y,N,N
-128.8,54.85,486,ROSSWOOD,BC,BRITISH COLUMBIA,COLOMBIE-BRITANNIQUE,CAN,545100000,-1284800000,PST,182.90,1076886,,,N/A,C,1,4,,,,,1973-01-01 00:00:00,1993-12-31 00:00:00,,,1973-05-01 00:00:00,1993-12-31 00:00:00,1973-01-01 00:00:00,1993-12-01 00:00:00,Y,N,N
-127.18277777777777,54.82472222222222,487,SMITHERS A,BC,BRITISH COLUMBIA,COLOMBIE-BRITANNIQUE,CAN,544929000,-1271058000,PST,521.80,1077500,YYD,,Aviation-Staffed,A,1,1,CCN,RCSC,Co-operative Climate Network,Réseau coopératif de stations climatiques,1942-01-01 00:00:00,2018-11-03 00:00:00,1953-01-01 00:00:00,2012-04-12 10:00:00,1942-06-01 00:00:00,2018-11-03 00:00:00,1942-01-01 00:00:00,2010-04-01 00:00:00,Y,Y,Y
-127.1,54.733333333333334,488,SMITHERS CDA,BC,BRITISH COLUMBIA,COLOMBIE-BRITANNIQUE,CAN,544400000,-1270600000,PST,515.10,1077505,,,N/A,,1,9,,,,,1938-01-01 00:00:00,1968-12-01 00:00:00,,,1938-02-01 00:00:00,1968-07-31 00:00:00,1938-01-01 00:00:00,1968-12-01 00:00:00,Y,N,N
-127.08333333333333,54.78333333333333,489,SMITHERS 4E,BC,BRITISH COLUMBIA,COLOMBIE-BRITANNIQUE,CAN,544700000,-1270500000,PST,577.60,1077508,,,N/A,G,1,8,,,,,1969-01-01 00:00:00,1975-12-01 00:00:00,,,1969-01-01 00:00:00,1975-05-31 00:00:00,1969-01-01 00:00:00,1975-12-01 00:00:00,Y,N,N
-130.44611111111112,56.6525,490,UNUK RIVER ESKAY CREEK,BC,BRITISH COLUMBIA,COLOMBIE-BRITANNIQUE,CAN,563909000,-1302646000,PST,887.00,1078L3D,,,Climate-Staffed,F,1,7,,,,,1989-01-01 00:00:00,2010-09-29 00:00:00,,,1989-09-01 00:00:00,2010-09-29 00:00:00,1989-01-01 00:00:00,2007-02-01 00:00:00,Y,N,N
-126.83333333333333,54.65,491,TELKWA,BC,BRITISH COLUMBIA,COLOMBIE-BRITANNIQUE,CAN,543900000,-1265000000,PST,682.80,1078070,,,N/A,,1,9,,,,,1922-01-01 00:00:00,1968-12-01 00:00:00,,,1922-06-01 00:00:00,1968-03-31 00:00:00,1922-01-01 00:00:00,1968-12-01 00:00:00,Y,N,N
-127.11666666666666,54.65,492,TELKWA COAL MINE RD,BC,BRITISH COLUMBIA,COLOMBIE-BRITANNIQUE,CAN,543900000,-1270700000,PST,670.00,1078072,,,N/A,G,1,8,,,,,1983-01-01 00:00:00,1986-12-01 00:00:00,,,1983-11-01 00:00:00,1986-10-31 00:00:00,1983-01-01 00:00:00,1986-12-01 00:00:00,Y,N,N
-127.01666666666667,54.733333333333334,493,TELKWA MACLURE LAKE,BC,BRITISH COLUMBIA,COLOMBIE-BRITANNIQUE,CAN,544400000,-1270100000,PST,640.10,1078074,,,N/A,G,1,8,,,,,1964-01-01 00:00:00,1974-12-01 00:00:00,,,1964-03-01 00:00:00,1974-11-30 00:00:00,1964-01-01 00:00:00,1974-12-01 00:00:00,Y,N,N
-126.91666666666667,54.666666666666664,494,TELKWA ROUND LAKE,BC,BRITISH COLUMBIA,COLOMBIE-BRITANNIQUE,CAN,544000000,-1265500000,PST,579.10,1078080,,,N/A,,1,9,,,,,1968-01-01 00:00:00,1968-12-01 00:00:00,,,1968-04-01 00:00:00,1968-08-31 00:00:00,1968-01-01 00:00:00,1968-12-01 00:00:00,Y,N,N
-126.98333333333333,54.68333333333333,495,TELKWA WOODMERE RD,BC,BRITISH COLUMBIA,COLOMBIE-BRITANNIQUE,CAN,544100000,-1265900000,PST,854.00,1078086,,,N/A,G,1,8,,,,,1982-01-01 00:00:00,1984-12-01 00:00:00,,,1982-05-01 00:00:00,1984-10-31 00:00:00,1982-01-01 00:00:00,1984-12-01 00:00:00,Y,N,N
-126.16305555555556,54.81583333333333,496,TOPLEY LANDING,BC,BRITISH COLUMBIA,COLOMBIE-BRITANNIQUE,CAN,544857000,-1260947000,PST,722.00,1078209,,,Climate-Staffed,A,1,1,CCN,RCSC,Co-operative Climate Network,Réseau coopératif de stations climatiques,1962-01-01 00:00:00,2017-05-21 00:00:00,,,1962-06-01 00:00:00,2017-05-21 00:00:00,1962-01-01 00:00:00,2007-02-01 00:00:00,Y,Y,N
-127.36666666666666,54.06666666666667,497,HOUSTON MCBRIDE LAKE,BC,BRITISH COLUMBIA,COLOMBIE-BRITANNIQUE,CAN,540400000,-1272200000,PST,792.50,108CFAF,,,N/A,G,1,9,,,,,1970-01-01 00:00:00,1971-12-31 00:00:00,,,1970-10-01 00:00:00,1971-12-31 00:00:00,1970-01-01 00:00:00,1971-12-01 00:00:00,Y,N,N
-122.5,51.31666666666667,498,BLACKDOME MOUNTAIN,BC,BRITISH COLUMBIA,COLOMBIE-BRITANNIQUE,CAN,511900000,-1223000000,PST,1898.00,1080QQ0,,,N/A,G,1,8,,,,,1986-01-01 00:00:00,1991-11-01 00:00:00,,,1986-08-01 00:00:00,1991-10-31 00:00:00,1986-01-01 00:00:00,1991-11-01 00:00:00,Y,N,N
-123.61666666666666,52.1,499,ALEXIS CREEK,BC,BRITISH COLUMBIA,COLOMBIE-BRITANNIQUE,CAN,520600000,-1233700000,PST,853.40,1080283,,,N/A,,1,9,,,,,1954-01-01 00:00:00,1956-12-01 00:00:00,,,1954-07-01 00:00:00,1956-07-31 00:00:00,1954-01-01 00:00:00,1956-12-01 00:00:00,Y,N,N
-123.28333333333333,52.083333333333336,500,ALEXIS CREEK,BC,BRITISH COLUMBIA,COLOMBIE-BRITANNIQUE,CAN,520500000,-1231700000,PST,800.10,1080284,,,Climate-Staffed,E,1,6,,,,,1973-01-01 00:00:00,1995-05-31 00:00:00,,,1973-08-01 00:00:00,1995-05-31 00:00:00,1973-01-01 00:00:00,1995-05-01 00:00:00,Y,N,N
-123.33333333333333,52.13333333333333,501,ALEXIS CREEK,BC,BRITISH COLUMBIA,COLOMBIE-BRITANNIQUE,CAN,520800000,-1232000000,PST,723.90,1080285,,,N/A,,1,9,,,,,1919-01-01 00:00:00,1963-12-01 00:00:00,,,1919-10-01 00:00:00,1963-09-30 00:00:00,1919-01-01 00:00:00,1963-12-01 00:00:00,Y,N,N
-123.18333333333334,52.55,502,ALEXIS CREEK TAUTRI CRK,BC,BRITISH COLUMBIA,COLOMBIE-BRITANNIQUE,CAN,523300000,-1231100000,PST,1219.20,1080289,,,N/A,E,1,6,,,,,1961-01-01 00:00:00,1983-12-01 00:00:00,,,1961-02-01 00:00:00,1983-09-30 00:00:00,1961-01-01 00:00:00,1983-12-01 00:00:00,Y,N,N
-125.33333333333333,52.35,503,ANAHIM LAKE,BC,BRITISH COLUMBIA,COLOMBIE-BRITANNIQUE,CAN,522100000,-1252000000,PST,1097.30,1080430,,,N/A,,1,9,,,,,1954-01-01 00:00:00,1967-12-01 00:00:00,,,1954-09-01 00:00:00,1967-06-30 00:00:00,1954-01-01 00:00:00,1967-12-01 00:00:00,Y,N,N
-125.31666666666666,52.46666666666667,504,ANAHIM LAKE,BC,BRITISH COLUMBIA,COLOMBIE-BRITANNIQUE,CAN,522800000,-1251900000,PST,1108.00,1080431,,,N/A,F,1,7,,,,,1975-01-01 00:00:00,1994-12-01 00:00:00,,,1975-07-01 00:00:00,1994-03-31 00:00:00,1975-01-01 00:00:00,1994-12-01 00:00:00,Y,N,N
-125.06666666666666,52.53333333333333,505,ANAHIM LAKE 5 MILE RANCH,BC,BRITISH COLUMBIA,COLOMBIE-BRITANNIQUE,CAN,523200000,-1250400000,PST,1246.00,1080432,,,Climate-Staffed,F,1,7,,,,,1980-01-01 00:00:00,1988-12-01 00:00:00,,,1980-09-01 00:00:00,1988-07-31 00:00:00,1980-01-01 00:00:00,1988-12-01 00:00:00,Y,N,N
-125.91666666666667,52.416666666666664,506,ATNARKO PARKS CAMP,BC,BRITISH COLUMBIA,COLOMBIE-BRITANNIQUE,CAN,522500000,-1255500000,PST,289.90,1080562,,,N/A,G,1,8,,,,,1979-01-01 00:00:00,1981-12-01 00:00:00,,,1979-08-01 00:00:00,1981-08-31 00:00:00,1979-01-01 00:00:00,1981-12-01 00:00:00,Y,N,N
-123.07305694444445,51.66722361111111,507,BIG CREEK,BC,BRITISH COLUMBIA,COLOMBIE-BRITANNIQUE,CAN,514002005,-1230423005,PST,1175.00,1080870,,,Climate-Staffed,D,1,5,,,,,1893-01-01 00:00:00,1998-11-30 00:00:00,,,1893-01-01 00:00:00,1998-11-30 00:00:00,1893-01-01 00:00:00,1998-11-01 00:00:00,Y,N,N
-122.81666666666666,50.78333333333333,508,BRALORNE,BC,BRITISH COLUMBIA,COLOMBIE-BRITANNIQUE,CAN,504700000,-1224900000,PST,1015.00,1080930,,,N/A,,1,9,,,,,1924-01-01 00:00:00,1963-12-01 00:00:00,,,1924-08-01 00:00:00,1963-06-30 00:00:00,1924-01-01 00:00:00,1963-12-01 00:00:00,Y,N,N
-125.28333333333333,52.15,509,CHARLOTTE LAKE,BC,BRITISH COLUMBIA,COLOMBIE-BRITANNIQUE,CAN,520900000,-1251700000,PST,1174.10,1081D6R,,,N/A,G,1,9,,,,,1980-10-01 00:00:00,1981-12-01 00:00:00,,,1980-10-01 00:00:00,1981-02-28 00:00:00,1981-01-01 00:00:00,1981-12-01 00:00:00,Y,N,N
-124.46666666666667,51.75,510,CHARLIE CREEK RANCH,BC,BRITISH COLUMBIA,COLOMBIE-BRITANNIQUE,CAN,514500000,-1242800000,PST,1158.20,1081469,,,N/A,G,1,8,,,,,1975-01-01 00:00:00,1976-12-31 00:00:00,,,1975-10-01 00:00:00,1976-12-31 00:00:00,1975-01-01 00:00:00,1976-12-01 00:00:00,Y,N,N
-124.15,51.61666666666667,511,CHILKO LAKE,BC,BRITISH COLUMBIA,COLOMBIE-BRITANNIQUE,CAN,513700000,-1240900000,PST,1172.00,1081515,,,N/A,,1,9,,,,,1956-01-01 00:00:00,1957-12-01 00:00:00,,,1956-04-01 00:00:00,1957-09-30 00:00:00,1956-01-01 00:00:00,1957-12-01 00:00:00,Y,N,N
-126.13333333333334,54.016666666666666,512,COLLEYMOUNT,BC,BRITISH COLUMBIA,COLOMBIE-BRITANNIQUE,CAN,540100000,-1260800000,PST,731.50,1081788,,,Climate-Staffed,F,1,7,,,,,1981-01-01 00:00:00,1996-08-31 00:00:00,,,1981-06-01 00:00:00,1996-08-31 00:00:00,1981-01-01 00:00:00,1996-08-01 00:00:00,Y,N,N
-123.78333333333333,51.5,513,ELKINS CREEK RANCH,BC,BRITISH COLUMBIA,COLOMBIE-BRITANNIQUE,CAN,513000000,-1234700000,PST,1225.30,1082654,,,N/A,G,1,9,,,,,1974-01-01 00:00:00,1974-12-01 00:00:00,,,1974-01-01 00:00:00,1974-04-30 00:00:00,1974-01-01 00:00:00,1974-12-01 00:00:00,Y,N,N
-123.81666666666666,53.333333333333336,514,EUCHINIKO TITETOWN,BC,BRITISH COLUMBIA,COLOMBIE-BRITANNIQUE,CAN,532000000,-1234900000,PST,795.50,1082748,,,N/A,G,1,9,,,,,1970-01-01 00:00:00,1971-12-01 00:00:00,,,1970-11-01 00:00:00,1971-05-31 00:00:00,1970-01-01 00:00:00,1971-12-01 00:00:00,Y,N,N
-123.6,53.233333333333334,515,GILLIES CROSSING,BC,BRITISH COLUMBIA,COLOMBIE-BRITANNIQUE,CAN,531400000,-1233600000,PST,838.20,1083157,,,N/A,G,1,8,,,,,1974-01-01 00:00:00,1976-12-01 00:00:00,,,1974-04-01 00:00:00,1976-10-31 00:00:00,1974-01-01 00:00:00,1976-12-01 00:00:00,Y,N,N
-125.91666666666667,53.916666666666664,516,GRASSY PLAINS,BC,BRITISH COLUMBIA,COLOMBIE-BRITANNIQUE,CAN,535500000,-1255500000,PST,868.70,1083285,,,N/A,G,1,8,,,,,1957-01-01 00:00:00,1976-12-01 00:00:00,,,1957-07-01 00:00:00,1976-09-30 00:00:00,1957-01-01 00:00:00,1976-12-01 00:00:00,Y,N,N
-127.01666666666667,53.28333333333333,517,HAVEN LAKE,BC,BRITISH COLUMBIA,COLOMBIE-BRITANNIQUE,CAN,531700000,-1270100000,PST,1036.30,1083344,,,N/A,,1,9,,,,,1966-01-01 00:00:00,1969-12-01 00:00:00,,,1966-11-01 00:00:00,1969-03-31 00:00:00,1966-01-01 00:00:00,1969-12-01 00:00:00,Y,N,N
-128.1,53.71666666666667,518,KEMANO KILDALA PASS,BC,BRITISH COLUMBIA,COLOMBIE-BRITANNIQUE,CAN,534300000,-1280600000,PST,1609.30,1084050,,,N/A,,1,9,,,,,1952-12-01 00:00:00,1959-12-01 00:00:00,,,1952-12-01 00:00:00,1959-05-31 00:00:00,1953-01-01 00:00:00,1959-12-01 00:00:00,Y,N,N
-124.9,52.05,519,KLEENA KLEENE,BC,BRITISH COLUMBIA,COLOMBIE-BRITANNIQUE,CAN,520300000,-1245400000,PST,823.00,1084349,,,N/A,,1,9,,,,,1915-01-01 00:00:00,1920-12-01 00:00:00,,,1915-05-01 00:00:00,1920-03-31 00:00:00,1915-01-01 00:00:00,1920-12-01 00:00:00,Y,N,N
-124.93333333333334,51.983333333333334,520,KLEENA KLEENE,BC,BRITISH COLUMBIA,COLOMBIE-BRITANNIQUE,CAN,515900000,-1245600000,PST,899.20,1084350,,,N/A,,1,9,,,,,1942-01-01 00:00:00,1968-12-01 00:00:00,1953-01-01 10:00:00,1968-05-15 22:00:00,1942-07-01 00:00:00,1968-05-31 00:00:00,1942-01-01 00:00:00,1968-12-01 00:00:00,Y,N,N
-124.99027777777778,51.977777777777774,521,KLEENA KLEENE 2,BC,BRITISH COLUMBIA,COLOMBIE-BRITANNIQUE,CAN,515840000,-1245925000,PST,914.10,1084351,,,Climate-Staffed,D,1,5,,,,,1980-01-01 00:00:00,2006-11-30 00:00:00,,,1980-10-01 00:00:00,2006-11-30 00:00:00,1980-01-01 00:00:00,2006-11-01 00:00:00,Y,Y,N
-122.86666666666666,50.833333333333336,522,LAJOIE DAM,BC,BRITISH COLUMBIA,COLOMBIE-BRITANNIQUE,CAN,505000000,-1225200000,PST,685.80,1084490,,,N/A,F,1,7,,,,,1963-01-01 00:00:00,1982-12-01 00:00:00,,,1963-07-01 00:00:00,1982-08-31 00:00:00,1963-01-01 00:00:00,1982-12-01 00:00:00,Y,N,N
-124.46652777777778,51.824444444444445,523,LUNCH LAKE,BC,BRITISH COLUMBIA,COLOMBIE-BRITANNIQUE,CAN,514928000,-1242759500,PST,1017.00,1084731,,,Climate-Staffed,D,1,5,,,,,1980-01-01 00:00:00,2009-12-31 00:00:00,,,1980-10-01 00:00:00,2009-12-31 00:00:00,1980-01-01 00:00:00,2007-02-01 00:00:00,Y,Y,N
-123.4,50.63333333333333,524,MEAGER CREEK,BC,BRITISH COLUMBIA,COLOMBIE-BRITANNIQUE,CAN,503800000,-1232400000,PST,430.10,1085064,,,N/A,G,1,9,,,,,1981-01-01 00:00:00,1982-12-01 00:00:00,,,1981-08-01 00:00:00,1982-08-31 00:00:00,1981-01-01 00:00:00,1982-12-01 00:00:00,Y,N,N
-125.0,51.6,525,MOSLEY CREEK SAND CREEK,BC,BRITISH COLUMBIA,COLOMBIE-BRITANNIQUE,CAN,513600000,-1250000000,PST,759.90,1085208,,,Climate-Staffed,E,1,6,,,,,1980-01-01 00:00:00,1995-10-31 00:00:00,,,1980-10-01 00:00:00,1995-10-31 00:00:00,1980-01-01 00:00:00,1995-10-01 00:00:00,Y,N,N
-126.66666666666667,54.166666666666664,526,NADINA RIVER,BC,BRITISH COLUMBIA,COLOMBIE-BRITANNIQUE,CAN,541000000,-1264000000,PST,807.70,1085279,,,N/A,,1,9,,,,,1931-01-01 00:00:00,1932-12-31 00:00:00,,,1931-12-01 00:00:00,1932-12-31 00:00:00,1931-01-01 00:00:00,1932-12-01 00:00:00,Y,N,N
-126.38333333333334,53.983333333333334,527,NADINA RIVER,BC,BRITISH COLUMBIA,COLOMBIE-BRITANNIQUE,CAN,535900000,-1262300000,PST,731.50,1085280,,,N/A,,1,9,,,,,1934-01-01 00:00:00,1962-12-01 00:00:00,,,1934-10-01 00:00:00,1962-05-31 00:00:00,1934-01-01 00:00:00,1962-12-01 00:00:00,Y,N,N
-126.95,53.9,528,NADINA RIVER,BC,BRITISH COLUMBIA,COLOMBIE-BRITANNIQUE,CAN,535400000,-1265700000,PST,914.10,1085281,,,N/A,F,1,7,,,,,1981-01-01 00:00:00,1988-12-01 00:00:00,,,1981-03-01 00:00:00,1988-09-30 00:00:00,1981-01-01 00:00:00,1988-12-01 00:00:00,Y,N,N
-127.45,54.1,529,NANIKA RIVER HATCHERY,BC,BRITISH COLUMBIA,COLOMBIE-BRITANNIQUE,CAN,540600000,-1272700000,PST,807.70,1085373,,,N/A,,1,9,,,,,1961-01-01 00:00:00,1966-12-01 00:00:00,,,1961-09-01 00:00:00,1966-06-30 00:00:00,1961-01-01 00:00:00,1966-12-01 00:00:00,Y,N,N
-123.61666666666666,52.916666666666664,530,NAZKO,BC,BRITISH COLUMBIA,COLOMBIE-BRITANNIQUE,CAN,525500000,-1233700000,PST,899.20,1085414,,,N/A,G,1,8,,,,,1974-01-01 00:00:00,1977-12-01 00:00:00,,,1974-04-01 00:00:00,1977-09-30 00:00:00,1974-01-01 00:00:00,1977-12-01 00:00:00,Y,N,N
-124.06666666666666,51.416666666666664,531,NEMAIA VALLEY CHILKO LK,BC,BRITISH COLUMBIA,COLOMBIE-BRITANNIQUE,CAN,512500000,-1240400000,PST,1216.20,1085450,,,N/A,G,1,8,,,,,1974-01-01 00:00:00,1979-12-01 00:00:00,,,1974-09-01 00:00:00,1979-08-31 00:00:00,1974-01-01 00:00:00,1979-12-01 00:00:00,Y,N,N
-125.13333333333334,52.35,532,NIMPO LAKE,BC,BRITISH COLUMBIA,COLOMBIE-BRITANNIQUE,CAN,522100000,-1250800000,PST,1085.10,1085597,,,N/A,G,1,9,,,,,1973-01-01 00:00:00,1973-12-01 00:00:00,,,1973-08-01 00:00:00,1973-09-30 00:00:00,1973-01-01 00:00:00,1973-12-01 00:00:00,Y,N,N
-125.15,52.333333333333336,533,NIMPO LAKE 2,BC,BRITISH COLUMBIA,COLOMBIE-BRITANNIQUE,CAN,522000000,-1250900000,PST,1129.90,1085598,,,N/A,G,1,9,,,,,1980-01-01 00:00:00,1981-12-01 00:00:00,,,1980-11-01 00:00:00,1981-02-28 00:00:00,1980-01-01 00:00:00,1981-12-01 00:00:00,Y,N,N
-126.43333333333334,53.983333333333334,534,NORA LEE NORTH,BC,BRITISH COLUMBIA,COLOMBIE-BRITANNIQUE,CAN,535900000,-1262600000,PST,792.50,1085615,,,N/A,G,1,8,,,,,1977-01-01 00:00:00,1979-12-01 00:00:00,,,1977-03-01 00:00:00,1979-09-30 00:00:00,1977-01-01 00:00:00,1979-12-01 00:00:00,Y,N,N
-125.99655555555556,53.772166666666664,535,OOTSA L SKINS L SPILLWAY,BC,BRITISH COLUMBIA,COLOMBIE-BRITANNIQUE,CAN,534619800,-1255947600,PST,861.10,1085835,,,Climate-Staffed,A,1,1,CCN,RCSC,Co-operative Climate Network,Réseau coopératif de stations climatiques,1956-01-01 00:00:00,2017-07-20 00:00:00,,,1956-12-01 00:00:00,2017-07-20 00:00:00,1956-01-01 00:00:00,2007-02-01 00:00:00,Y,Y,N
-122.73408888888889,50.30564611111111,536,PEMBERTON AIRPORT CS,BC,BRITISH COLUMBIA,COLOMBIE-BRITANNIQUE,CAN,501820326,-1224402720,PST,204.30,1086082,WGP,71777,Climate-Auto,F,1,7,ECCC - MSC,ECCC - SMC,Environment and Climate Change Canada - Meteorological Service of Canada,Environnement et Changement climatique Canada - Service météorologique du Canada,1984-01-01 00:00:00,2024-11-19 12:30:02,1988-06-01 07:00:00,2024-11-19 12:30:02,1984-04-01 00:00:00,2024-11-19 00:00:00,1984-01-01 00:00:00,2006-12-01 00:00:00,Y,N,Y
-122.81666666666666,50.31666666666667,537,PEMBERTON BCFS,BC,BRITISH COLUMBIA,COLOMBIE-BRITANNIQUE,CAN,501900000,-1224900000,PST,218.20,1086083,,,N/A,E,1,6,,,,,1969-01-01 00:00:00,1984-12-31 00:00:00,,,1969-06-01 00:00:00,1984-12-31 00:00:00,1969-01-01 00:00:00,1984-12-01 00:00:00,Y,N,N
-122.93333333333334,50.45,538,PEMBERTON MEADOWS,BC,BRITISH COLUMBIA,COLOMBIE-BRITANNIQUE,CAN,502700000,-1225600000,PST,222.50,1086090,,,N/A,,1,9,,,,,1912-01-01 00:00:00,1971-05-31 00:00:00,,,1912-08-01 00:00:00,1971-05-31 00:00:00,1912-01-01 00:00:00,1971-05-01 00:00:00,Y,N,N
-122.93333333333334,50.46666666666667,539,PEMBERTON MEADOWS 4NW,BC,BRITISH COLUMBIA,COLOMBIE-BRITANNIQUE,CAN,502800000,-1225600000,PST,243.80,1086093,,,N/A,G,1,9,,,,,1975-01-01 00:00:00,1976-12-01 00:00:00,,,1975-04-01 00:00:00,1976-04-30 00:00:00,1975-01-01 00:00:00,1976-12-01 00:00:00,Y,N,N
-122.98333333333333,50.5,540,PEMBERTON WOLVERINE CR,BC,BRITISH COLUMBIA,COLOMBIE-BRITANNIQUE,CAN,503000000,-1225900000,PST,271.00,1086098,,,N/A,G,1,9,,,,,1983-01-01 00:00:00,1984-12-01 00:00:00,,,1983-08-01 00:00:00,1984-08-31 00:00:00,1983-01-01 00:00:00,1984-12-01 00:00:00,Y,N,N
-122.95527777777778,52.99166666666667,541,PUNTCHESAKUT LAKE,BC,BRITISH COLUMBIA,COLOMBIE-BRITANNIQUE,CAN,525930000,-1225719000,PST,915.00,1086550,,,Climate-Staffed,C,1,4,,,,,1973-01-01 00:00:00,2008-03-31 00:00:00,,,1973-11-01 00:00:00,2008-03-31 00:00:00,1973-01-01 00:00:00,2007-02-01 00:00:00,Y,N,N
-124.2,52.166666666666664,542,PUNTZI MOUNTAIN,BC,BRITISH COLUMBIA,COLOMBIE-BRITANNIQUE,CAN,521000000,-1241200000,PST,1371.60,1086555,,,N/A,,1,9,,,,,1959-01-01 00:00:00,1961-12-01 00:00:00,,,1959-09-01 00:00:00,1961-11-30 00:00:00,1959-01-01 00:00:00,1961-12-01 00:00:00,Y,N,N
-124.08333333333333,52.11666666666667,543,PUNTZI MOUNTAIN,BC,BRITISH COLUMBIA,COLOMBIE-BRITANNIQUE,CAN,520700000,-1240500000,PST,909.50,1086556,,,N/A,F,1,7,,,,,1968-01-01 00:00:00,1979-12-01 00:00:00,1968-05-16 07:00:00,1979-07-31 08:00:00,1968-05-01 00:00:00,1979-07-31 00:00:00,1968-01-01 00:00:00,1979-12-01 00:00:00,Y,N,Y
-123.08333333333333,52.833333333333336,544,QUESNEL BAR HL RANCH,BC,BRITISH COLUMBIA,COLOMBIE-BRITANNIQUE,CAN,525000000,-1230500000,PST,944.90,1086633,,,N/A,,1,9,,,,,1961-01-01 00:00:00,1963-12-01 00:00:00,,,1961-12-01 00:00:00,1963-02-28 00:00:00,1961-01-01 00:00:00,1963-12-01 00:00:00,Y,N,N
-123.7,52.15,545,REDSTONE STUART RANCH,BC,BRITISH COLUMBIA,COLOMBIE-BRITANNIQUE,CAN,520900000,-1234200000,PST,841.90,1086695,,,N/A,F,1,7,,,,,1980-01-01 00:00:00,1991-11-01 00:00:00,,,1980-10-01 00:00:00,1991-10-31 00:00:00,1980-01-01 00:00:00,1991-11-01 00:00:00,Y,N,N
-125.76666666666667,54.03333333333333,546,SOUTHBANK,BC,BRITISH COLUMBIA,COLOMBIE-BRITANNIQUE,CAN,540200000,-1254600000,PST,730.00,1087600,,,N/A,F,1,7,,,,,1962-01-01 00:00:00,1976-12-01 00:00:00,,,1962-11-01 00:00:00,1976-06-30 00:00:00,1962-01-01 00:00:00,1976-12-01 00:00:00,Y,N,N
-127.7,53.61666666666667,547,TAHTSA LAKE WEST,BC,BRITISH COLUMBIA,COLOMBIE-BRITANNIQUE,CAN,533700000,-1274200000,PST,862.60,1087950,,,N/A,A,1,1,,,,,1951-01-01 00:00:00,2000-07-31 00:00:00,,,1951-12-01 00:00:00,2000-07-31 00:00:00,1951-01-01 00:00:00,2000-07-01 00:00:00,Y,N,N
-125.87027777777777,53.8725,548,TAKYSIE LAKE,BC,BRITISH COLUMBIA,COLOMBIE-BRITANNIQUE,CAN,535221000,-1255213000,PST,884.00,1087974,,,Climate-Staffed,E,1,6,,,,,1987-01-01 00:00:00,2007-06-11 00:00:00,,,1987-07-01 00:00:00,2007-06-11 00:00:00,1987-01-01 00:00:00,2007-02-01 00:00:00,Y,N,N
-123.68333333333334,51.6,549,TASEKO RIVER VICK CREEK,BC,BRITISH COLUMBIA,COLOMBIE-BRITANNIQUE,CAN,513600000,-1234100000,PST,1239.90,1087998,,,N/A,G,1,9,,,,,1980-01-01 00:00:00,1981-12-01 00:00:00,,,1980-10-01 00:00:00,1981-05-31 00:00:00,1980-01-01 00:00:00,1981-12-01 00:00:00,Y,N,N
-124.73333333333333,53.3,550,TATELKUZ LAKE,BC,BRITISH COLUMBIA,COLOMBIE-BRITANNIQUE,CAN,531800000,-1244400000,PST,914.40,1088007,,,N/A,G,1,8,,,,,1970-01-01 00:00:00,1977-12-01 00:00:00,,,1970-11-01 00:00:00,1977-03-31 00:00:00,1970-01-01 00:00:00,1977-12-01 00:00:00,Y,N,N
-124.6,51.9,551,TATLA LAKE BCFS,BC,BRITISH COLUMBIA,COLOMBIE-BRITANNIQUE,CAN,515400000,-1243600000,PST,944.90,1088009,,,N/A,F,1,7,,,,,1973-01-01 00:00:00,1984-12-01 00:00:00,,,1973-06-01 00:00:00,1984-09-30 00:00:00,1973-01-01 00:00:00,1984-12-01 00:00:00,Y,N,N
-124.405,51.67472222222222,552,TATLAYOKO LAKE,BC,BRITISH COLUMBIA,COLOMBIE-BRITANNIQUE,CAN,514029000,-1242418000,PST,870.00,1088010,,,Climate-Staffed,A,1,1,,,,,1928-01-01 00:00:00,2005-04-30 00:00:00,,,1928-06-01 00:00:00,2005-04-30 00:00:00,1928-01-01 00:00:00,2005-04-01 00:00:00,Y,Y,N
-124.16666666666667,51.53333333333333,553,TSUNIAH LAKE LODGE,BC,BRITISH COLUMBIA,COLOMBIE-BRITANNIQUE,CAN,513200000,-1241000000,PST,1222.20,1088293,,,N/A,G,1,9,,,,,1975-01-01 00:00:00,1976-12-01 00:00:00,,,1975-07-01 00:00:00,1976-08-31 00:00:00,1975-01-01 00:00:00,1976-12-01 00:00:00,Y,N,N
-122.78333333333333,50.93333333333333,554,TYAUGHTON LAKE RESORT,BC,BRITISH COLUMBIA,COLOMBIE-BRITANNIQUE,CAN,505600000,-1224700000,PST,1021.10,1088326,,,N/A,G,1,9,,,,,1973-01-01 00:00:00,1973-12-01 00:00:00,,,1973-10-01 00:00:00,1973-10-31 00:00:00,1973-01-01 00:00:00,1973-12-01 00:00:00,Y,N,N
-126.21444444444444,53.825,555,WISTARIA,BC,BRITISH COLUMBIA,COLOMBIE-BRITANNIQUE,CAN,534930000,-1261252000,PST,862.60,1088970,,,Climate-Staffed,A,1,1,,,,,1926-01-01 00:00:00,2004-12-31 00:00:00,,,1926-01-01 00:00:00,2004-12-31 00:00:00,1926-01-01 00:00:00,2004-12-01 00:00:00,Y,N,N
-120.8,53.63333333333333,556,CATFISH CREEK,BC,BRITISH COLUMBIA,COLOMBIE-BRITANNIQUE,CAN,533800000,-1204800000,PST,648.00,109AMEP,,,N/A,G,1,9,,,,,1986-01-01 00:00:00,1987-12-01 00:00:00,,,1986-06-01 00:00:00,1987-07-31 00:00:00,1986-01-01 00:00:00,1987-12-01 00:00:00,Y,N,N
-124.84722222222223,54.07833333333333,557,FRASER LAKE NORTH SHORE,BC,BRITISH COLUMBIA,COLOMBIE-BRITANNIQUE,CAN,540442000,-1245050000,PST,674.00,109C0LF,,,Climate-Staffed,A,1,1,,,,,1969-01-01 00:00:00,2010-07-31 00:00:00,,,1969-11-01 00:00:00,2010-07-31 00:00:00,1969-01-01 00:00:00,2007-02-01 00:00:00,Y,Y,N
-124.75,54.11666666666667,558,FRASER LAKE NORTH SHORE,BC,BRITISH COLUMBIA,COLOMBIE-BRITANNIQUE,CAN,540700000,-1244500000,PST,666.00,109C0L6,,,N/A,,1,9,,,,,1965-01-01 00:00:00,1969-12-01 00:00:00,,,1965-06-01 00:00:00,1969-10-31 00:00:00,1965-01-01 00:00:00,1969-12-01 00:00:00,Y,N,N
-121.26279694444445,51.62334194444445,559,108 MILE HOUSE ABEL LAKE,BC,BRITISH COLUMBIA,COLOMBIE-BRITANNIQUE,CAN,513724031,-1211546069,PST,1005.00,109E7R6,,,Climate-Staffed,F,1,7,CCN,RCSC,Co-operative Climate Network,Réseau coopératif de stations climatiques,1987-01-01 00:00:00,2020-11-19 00:00:00,,,1987-07-01 00:00:00,2020-11-19 00:00:00,1987-01-01 00:00:00,2007-02-01 00:00:00,Y,N,N
-122.58333333333333,53.36666666666667,560,STRATHNAVER,BC,BRITISH COLUMBIA,COLOMBIE-BRITANNIQUE,CAN,532200000,-1223500000,PST,655.00,109G775,,,N/A,G,1,8,,,,,1983-01-01 00:00:00,1985-12-01 00:00:00,,,1983-11-01 00:00:00,1985-03-31 00:00:00,1983-01-01 00:00:00,1985-12-01 00:00:00,Y,N,N
-122.18333333333334,52.1,561,WILLIAMS LAKE ESLER 2,BC,BRITISH COLUMBIA,COLOMBIE-BRITANNIQUE,CAN,520600000,-1221100000,PST,917.00,109H9M2,,,N/A,G,1,9,,,,,1989-01-01 00:00:00,1990-12-01 00:00:00,,,1989-05-01 00:00:00,1990-05-31 00:00:00,1989-01-01 00:00:00,1990-12-01 00:00:00,Y,N,N
-119.535,53.0025,562,TETE JAUNE,BC,BRITISH COLUMBIA,COLOMBIE-BRITANNIQUE,CAN,530009000,-1193206000,PST,746.00,109QJ3G,,,Climate-Staffed,G,1,8,,,,,1989-01-01 00:00:00,2006-12-31 00:00:00,,,1989-11-01 00:00:00,2006-12-31 00:00:00,1989-01-01 00:00:00,2006-12-01 00:00:00,Y,N,N
-122.65,51.85,563,WINEGLASS RANCH,BC,BRITISH COLUMBIA,COLOMBIE-BRITANNIQUE,CAN,515100000,-1223900000,PST,487.70,109QR57,,,N/A,C,1,4,,,,,1973-01-01 00:00:00,1993-12-31 00:00:00,,,1973-09-01 00:00:00,1993-12-31 00:00:00,1973-01-01 00:00:00,1993-12-01 00:00:00,Y,N,N
-121.45,53.28333333333333,564,BOWRON LAKE,BC,BRITISH COLUMBIA,COLOMBIE-BRITANNIQUE,CAN,531700000,-1212700000,PST,944.90,1090R0R,,,N/A,E,1,6,,,,,1974-01-01 00:00:00,1990-12-01 00:00:00,,,1974-04-01 00:00:00,1990-08-31 00:00:00,1974-01-01 00:00:00,1990-12-01 00:00:00,Y,N,N
-122.06666666666666,54.11666666666667,565,ALEZA LAKE,BC,BRITISH COLUMBIA,COLOMBIE-BRITANNIQUE,CAN,540700000,-1220400000,PST,624.80,1090300,,,N/A,F,1,7,,,,,1952-01-01 00:00:00,1980-12-01 00:00:00,,,1952-02-01 00:00:00,1980-07-31 00:00:00,1952-01-01 00:00:00,1980-12-01 00:00:00,Y,N,N
-122.28333333333333,51.78333333333333,566,ALKALI LAKE,BC,BRITISH COLUMBIA,COLOMBIE-BRITANNIQUE,CAN,514700000,-1221700000,PST,,1090335,,,N/A,,1,9,,,,,1910-01-01 00:00:00,1922-12-01 00:00:00,,,1910-09-01 00:00:00,1922-03-31 00:00:00,1910-01-01 00:00:00,1922-12-01 00:00:00,Y,N,N
-122.95,53.61666666666667,567,BALDY HUGHES,BC,BRITISH COLUMBIA,COLOMBIE-BRITANNIQUE,CAN,533700000,-1225700000,PST,1128.10,1090586,,,N/A,G,1,8,,,,,1980-01-01 00:00:00,1984-12-01 00:00:00,,,1980-08-01 00:00:00,1984-07-31 00:00:00,1980-01-01 00:00:00,1984-12-01 00:00:00,Y,N,N
-121.51472222222222,53.06916666666667,568,BARKERVILLE,BC,BRITISH COLUMBIA,COLOMBIE-BRITANNIQUE,CAN,530409000,-1213053000,PST,1283.00,1090660,,,Climate-Staffed,A,1,1,,,,,1888-01-01 00:00:00,2024-10-30 00:00:00,,,1888-02-01 00:00:00,2024-10-30 00:00:00,1888-01-01 00:00:00,2007-02-01 00:00:00,Y,Y,N
-120.88333333333334,52.1,569,BOSS MOUNTAIN,BC,BRITISH COLUMBIA,COLOMBIE-BRITANNIQUE,CAN,520600000,-1205300000,PST,1531.60,1090904,,,N/A,F,1,7,,,,,1967-01-01 00:00:00,1984-12-01 00:00:00,,,1967-01-01 00:00:00,1984-01-31 00:00:00,1967-01-01 00:00:00,1984-12-01 00:00:00,Y,N,N
-122.43333333333334,50.85,570,BRIDGE RIVER,BC,BRITISH COLUMBIA,COLOMBIE-BRITANNIQUE,CAN,505100000,-1222600000,PST,609.60,1090989,,,N/A,,1,9,,,,,1924-01-01 00:00:00,1929-12-01 00:00:00,,,1924-01-01 00:00:00,1929-07-31 00:00:00,1924-01-01 00:00:00,1929-12-01 00:00:00,Y,N,N
-122.21666666666667,50.733333333333334,571,BRIDGE RIVER,BC,BRITISH COLUMBIA,COLOMBIE-BRITANNIQUE,CAN,504400000,-1221300000,PST,253.00,1090990,,,N/A,,1,9,,,,,1935-01-01 00:00:00,1953-12-01 00:00:00,,,1935-07-01 00:00:00,1953-02-28 00:00:00,1935-01-01 00:00:00,1953-12-01 00:00:00,Y,N,N
-125.76666666666667,54.233333333333334,572,BURNS LAKE,BC,BRITISH COLUMBIA,COLOMBIE-BRITANNIQUE,CAN,541400000,-1254600000,PST,704.10,1091169,,,N/A,D,1,5,,,,,1969-01-01 00:00:00,1990-12-01 00:00:00,1969-02-03 01:00:00,1990-11-30 16:00:00,1969-02-01 00:00:00,1990-11-30 00:00:00,1969-01-01 00:00:00,1990-12-01 00:00:00,Y,N,Y
-125.8,54.25,573,BURNS LAKE DECKER LAKE,BC,BRITISH COLUMBIA,COLOMBIE-BRITANNIQUE,CAN,541500000,-1254800000,PST,707.10,1091170,,,N/A,G,1,9,,,,,1949-01-01 00:00:00,1973-12-01 00:00:00,,,1949-03-01 00:00:00,1973-01-31 00:00:00,1949-01-01 00:00:00,1973-12-01 00:00:00,Y,N,N
-125.95866666666667,54.38316666666667,574,BURNS LAKE DECKER LAKE,BC,BRITISH COLUMBIA,COLOMBIE-BRITANNIQUE,CAN,542259400,-1255731200,PST,713.20,1091174,WPZ,71952,Climate-Auto,G,1,8,ECCC - MSC,ECCC - SMC,Environment and Climate Change Canada - Meteorological Service of Canada,Environnement et Changement climatique Canada - Service météorologique du Canada,1990-01-01 00:00:00,2024-11-19 12:30:02,1990-12-01 04:00:00,2024-11-19 12:30:02,1990-12-01 00:00:00,2024-11-19 00:00:00,1990-01-01 00:00:00,2006-11-01 00:00:00,Y,N,Y
-121.96666666666667,52.416666666666664,575,CAMILLE LAKE,BC,BRITISH COLUMBIA,COLOMBIE-BRITANNIQUE,CAN,522500000,-1215800000,PST,857.00,1091235,,,Climate-Staffed,D,1,5,,,,,1980-01-01 00:00:00,1997-06-30 00:00:00,,,1980-09-01 00:00:00,1997-06-30 00:00:00,1980-01-01 00:00:00,1997-06-01 00:00:00,Y,N,N
-120.78333333333333,51.9,576,CANIM LAKE,BC,BRITISH COLUMBIA,COLOMBIE-BRITANNIQUE,CAN,515400000,-1204700000,PST,944.90,1091305,,,N/A,,1,9,,,,,1958-01-01 00:00:00,1959-12-01 00:00:00,,,1959-03-01 00:00:00,1959-10-31 00:00:00,1958-01-01 00:00:00,1959-12-01 00:00:00,Y,N,N
-123.06666666666666,54.1,577,CHIEF LAKE,BC,BRITISH COLUMBIA,COLOMBIE-BRITANNIQUE,CAN,540600000,-1230400000,PST,792.50,1091512,,,N/A,F,1,7,,,,,1970-01-01 00:00:00,1980-12-01 00:00:00,,,1970-06-01 00:00:00,1980-04-30 00:00:00,1970-01-01 00:00:00,1980-12-01 00:00:00,Y,N,N
-122.25,51.583333333333336,578,DOG CREEK,BC,BRITISH COLUMBIA,COLOMBIE-BRITANNIQUE,CAN,513500000,-1221500000,PST,655.30,1092489,,,N/A,G,1,8,,,,,1973-01-01 00:00:00,1977-12-01 00:00:00,,,1973-09-01 00:00:00,1977-08-31 00:00:00,1973-01-01 00:00:00,1977-12-01 00:00:00,Y,N,N
-122.25,51.63333333333333,579,DOG CREEK A,BC,BRITISH COLUMBIA,COLOMBIE-BRITANNIQUE,CAN,513800000,-1221500000,PST,1027.20,1092490,,,N/A,,1,9,,,,,1944-01-01 00:00:00,1960-12-01 00:00:00,,,1944-08-01 00:00:00,1960-11-30 00:00:00,1944-01-01 00:00:00,1960-12-01 00:00:00,Y,N,N
-121.16666666666667,53.75,580,DOME CREEK,BC,BRITISH COLUMBIA,COLOMBIE-BRITANNIQUE,CAN,534500000,-1211000000,PST,670.60,1092519,,,N/A,,1,9,,,,,1917-12-01 00:00:00,1951-12-01 00:00:00,,,1917-12-01 00:00:00,1951-10-31 00:00:00,1918-01-01 00:00:00,1951-12-01 00:00:00,Y,N,N
-120.98333333333333,53.733333333333334,581,DOME CREEK,BC,BRITISH COLUMBIA,COLOMBIE-BRITANNIQUE,CAN,534400000,-1205900000,PST,647.70,1092520,,,Climate-Staffed,D,1,5,,,,,1970-01-01 00:00:00,1995-04-30 00:00:00,,,1970-06-01 00:00:00,1995-04-30 00:00:00,1970-01-01 00:00:00,1995-04-01 00:00:00,Y,N,N
-119.85,53.13333333333333,582,DUNSTER,BC,BRITISH COLUMBIA,COLOMBIE-BRITANNIQUE,CAN,530800000,-1195100000,PST,725.40,1092578,,,Climate-Staffed,C,1,4,,,,,1974-01-01 00:00:00,1995-04-30 00:00:00,,,1974-05-01 00:00:00,1995-04-30 00:00:00,1974-01-01 00:00:00,1995-04-01 00:00:00,Y,N,N
-125.1,54.03333333333333,583,ENDAKO MINE,BC,BRITISH COLUMBIA,COLOMBIE-BRITANNIQUE,CAN,540200000,-1250600000,PST,984.50,1092676,,,N/A,F,1,7,,,,,1973-01-01 00:00:00,1982-12-01 00:00:00,,,1973-07-01 00:00:00,1982-07-31 00:00:00,1973-01-01 00:00:00,1982-12-01 00:00:00,Y,N,N
-125.16666666666667,54.1,584,ENDAKO SAVORY,BC,BRITISH COLUMBIA,COLOMBIE-BRITANNIQUE,CAN,540600000,-1251000000,PST,688.80,1092678,,,N/A,,1,9,,,,,1961-01-01 00:00:00,1967-12-01 00:00:00,,,1961-09-01 00:00:00,1967-10-31 00:00:00,1961-01-01 00:00:00,1967-12-01 00:00:00,Y,N,N
-124.21666666666667,54.03333333333333,585,ENGEN,BC,BRITISH COLUMBIA,COLOMBIE-BRITANNIQUE,CAN,540200000,-1241300000,PST,705.90,1092685,,,N/A,,1,9,,,,,1957-01-01 00:00:00,1970-12-01 00:00:00,,,1957-06-01 00:00:00,1970-08-31 00:00:00,1957-01-01 00:00:00,1970-12-01 00:00:00,Y,N,N
-124.55,54.1,586,FORT FRASER,BC,BRITISH COLUMBIA,COLOMBIE-BRITANNIQUE,CAN,540600000,-1243300000,PST,701.00,1092904,,,N/A,,1,9,,,,,1964-01-01 00:00:00,1965-12-01 00:00:00,,,1964-09-01 00:00:00,1965-08-31 00:00:00,1964-01-01 00:00:00,1965-12-01 00:00:00,Y,N,N
-124.58333333333333,53.88333333333333,587,FORT FRASER 13S,BC,BRITISH COLUMBIA,COLOMBIE-BRITANNIQUE,CAN,535300000,-1243500000,PST,701.00,1092905,,,N/A,D,1,5,,,,,1970-01-01 00:00:00,1993-12-31 00:00:00,,,1970-05-01 00:00:00,1993-12-31 00:00:00,1970-01-01 00:00:00,1993-12-01 00:00:00,Y,N,N
-124.2855561111111,54.455280277777774,588,FORT ST JAMES,BC,BRITISH COLUMBIA,COLOMBIE-BRITANNIQUE,CAN,542719009,-1241708002,PST,691.00,1092970,,,Climate-Staffed,A,1,1,CCN,RCSC,Co-operative Climate Network,Réseau coopératif de stations climatiques,1895-01-01 00:00:00,2019-05-08 00:00:00,,,1895-01-01 00:00:00,2019-05-08 00:00:00,1895-01-01 00:00:00,2007-02-01 00:00:00,Y,Y,N
-124.25,54.416666666666664,589,FORT ST JAMES A,BC,BRITISH COLUMBIA,COLOMBIE-BRITANNIQUE,CAN,542500000,-1241500000,PST,716.30,1092972,,,N/A,E,1,6,,,,,1979-01-01 00:00:00,1991-11-01 00:00:00,1979-07-01 05:00:00,1991-06-30 18:00:00,1979-05-01 00:00:00,1991-06-30 00:00:00,1979-01-01 00:00:00,1991-11-01 00:00:00,Y,N,N
-122.33333333333333,51.55,590,GANG RANCH,BC,BRITISH COLUMBIA,COLOMBIE-BRITANNIQUE,CAN,513300000,-1222000000,PST,658.00,1093052,,,N/A,G,1,9,,,,,1973-09-01 00:00:00,1990-12-01 00:00:00,,,1973-09-01 00:00:00,1990-07-31 00:00:00,1989-01-01 00:00:00,1990-12-01 00:00:00,Y,N,N
-122.26666666666667,54.11666666666667,591,GISCOME,BC,BRITISH COLUMBIA,COLOMBIE-BRITANNIQUE,CAN,540700000,-1221600000,PST,598.90,1093165,,,N/A,G,1,9,,,,,1970-01-01 00:00:00,1971-12-01 00:00:00,,,1970-10-01 00:00:00,1971-04-30 00:00:00,1970-01-01 00:00:00,1971-12-01 00:00:00,Y,N,N
-122.69944611111111,53.53138916666666,592,HIXON,BC,BRITISH COLUMBIA,COLOMBIE-BRITANNIQUE,CAN,533153001,-1224158006,PST,551.00,1093474,,,Climate-Staffed,A,1,1,CCN,RCSC,Co-operative Climate Network,Réseau coopératif de stations climatiques,1970-01-01 00:00:00,2024-10-27 00:00:00,,,1970-06-01 00:00:00,2024-10-27 00:00:00,1970-01-01 00:00:00,2007-02-01 00:00:00,Y,Y,N
-122.58333333333333,53.416666666666664,593,HIXON BCFS,BC,BRITISH COLUMBIA,COLOMBIE-BRITANNIQUE,CAN,532500000,-1223500000,PST,586.70,1093475,,,N/A,F,1,7,,,,,1973-01-01 00:00:00,1983-12-01 00:00:00,,,1973-07-01 00:00:00,1983-10-31 00:00:00,1973-01-01 00:00:00,1983-12-01 00:00:00,Y,N,N
-121.41666666666667,52.333333333333336,595,HORSEFLY BCFS,BC,BRITISH COLUMBIA,COLOMBIE-BRITANNIQUE,CAN,522000000,-1212500000,PST,784.90,1093599,,,N/A,E,1,6,,,,,1970-01-01 00:00:00,1984-12-01 00:00:00,,,1970-05-01 00:00:00,1984-03-31 00:00:00,1970-01-01 00:00:00,1984-12-01 00:00:00,Y,N,N
-121.36416666666666,52.3625,596,HORSEFLY LAKE GRUHS LAKE,BC,BRITISH COLUMBIA,COLOMBIE-BRITANNIQUE,CAN,522145000,-1212151000,PST,777.00,1093600,,,Climate-Staffed,E,1,6,,,,,1950-01-01 00:00:00,2016-06-07 00:00:00,,,1950-12-01 00:00:00,2016-06-07 00:00:00,1950-01-01 00:00:00,2007-02-01 00:00:00,Y,N,N
-123.23333333333333,53.96666666666667,597,ISLE PIERRE,BC,BRITISH COLUMBIA,COLOMBIE-BRITANNIQUE,CAN,535800000,-1231400000,PST,624.80,1093680,,,N/A,G,1,8,,,,,1970-01-01 00:00:00,1973-12-01 00:00:00,,,1970-06-01 00:00:00,1973-09-30 00:00:00,1970-01-01 00:00:00,1973-12-01 00:00:00,Y,N,N
-121.96666666666667,51.266666666666666,598,JESMOND,BC,BRITISH COLUMBIA,COLOMBIE-BRITANNIQUE,CAN,511600000,-1215800000,PST,1158.20,1093730,,,N/A,G,1,8,,,,,1974-01-01 00:00:00,1978-12-01 00:00:00,,,1974-05-01 00:00:00,1978-11-30 00:00:00,1974-01-01 00:00:00,1978-12-01 00:00:00,Y,N,N
-124.25,54.96666666666667,599,KALDER LAKE,BC,BRITISH COLUMBIA,COLOMBIE-BRITANNIQUE,CAN,545800000,-1241500000,PST,969.30,1093777,,,N/A,D,1,5,,,,,1973-01-01 00:00:00,1988-12-01 00:00:00,,,1973-07-01 00:00:00,1988-08-31 00:00:00,1973-01-01 00:00:00,1988-12-01 00:00:00,Y,N,N
-121.4,52.75,600,KEITHLEY CREEK,BC,BRITISH COLUMBIA,COLOMBIE-BRITANNIQUE,CAN,524500000,-1212400000,PST,807.70,1093920,,,N/A,,1,9,,,,,1962-01-01 00:00:00,1962-12-01 00:00:00,,,1962-01-01 00:00:00,1962-05-31 00:00:00,1962-01-01 00:00:00,1962-12-01 00:00:00,Y,N,N
-122.36666666666666,52.81666666666667,601,KERSLEY,BC,BRITISH COLUMBIA,COLOMBIE-BRITANNIQUE,CAN,524900000,-1222200000,PST,670.60,1094125,,,N/A,D,1,5,,,,,1962-01-01 00:00:00,1992-12-01 00:00:00,,,1962-09-01 00:00:00,1992-08-31 00:00:00,1962-01-01 00:00:00,1992-12-01 00:00:00,Y,N,N
-122.41291666666666,52.814416666666666,602,KERSLEY 2,BC,BRITISH COLUMBIA,COLOMBIE-BRITANNIQUE,CAN,524851900,-1222446500,PST,570.00,1094127,,,Climate-Staffed,F,1,7,,,,,1985-01-01 00:00:00,2010-08-31 00:00:00,,,1985-07-01 00:00:00,2010-08-31 00:00:00,1985-01-01 00:00:00,2007-02-01 00:00:00,Y,N,N
-121.46666666666667,51.81666666666667,603,LAC LA HACHE,BC,BRITISH COLUMBIA,COLOMBIE-BRITANNIQUE,CAN,514900000,-1212800000,PST,819.00,1094455,,,N/A,F,1,7,,,,,1962-01-01 00:00:00,1990-12-01 00:00:00,,,1962-05-01 00:00:00,1990-04-30 00:00:00,1962-01-01 00:00:00,1990-12-01 00:00:00,Y,N,N
-121.73333333333333,51.88333333333333,604,LAC LA HACHE DINGWALL CREEK,BC,BRITISH COLUMBIA,COLOMBIE-BRITANNIQUE,CAN,515300000,-1214400000,PST,906.00,1094456,,,Climate-Staffed,G,1,8,,,,,1989-01-01 00:00:00,1994-12-01 00:00:00,,,1989-05-01 00:00:00,1994-07-31 00:00:00,1989-01-01 00:00:00,1994-12-01 00:00:00,Y,N,N
-121.55,51.71666666666667,605,LAC LA HACHE 11SW,BC,BRITISH COLUMBIA,COLOMBIE-BRITANNIQUE,CAN,514300000,-1213300000,PST,990.00,1094457,,,N/A,G,1,8,,,,,1987-01-01 00:00:00,1993-12-01 00:00:00,,,1987-06-01 00:00:00,1993-04-30 00:00:00,1987-01-01 00:00:00,1993-12-01 00:00:00,Y,N,N
-125.58333333333333,55.083333333333336,606,LEO CREEK,BC,BRITISH COLUMBIA,COLOMBIE-BRITANNIQUE,CAN,550500000,-1253500000,PST,698.00,1094602,,,N/A,G,1,8,,,,,1973-01-01 00:00:00,1980-12-01 00:00:00,,,1973-11-01 00:00:00,1980-03-31 00:00:00,1973-01-01 00:00:00,1980-12-01 00:00:00,Y,N,N
-121.53333333333333,52.6,607,LIKELY,BC,BRITISH COLUMBIA,COLOMBIE-BRITANNIQUE,CAN,523600000,-1213200000,PST,723.90,1094616,,,N/A,D,1,5,,,,,1974-01-01 00:00:00,1993-12-31 00:00:00,,,1974-09-01 00:00:00,1993-12-31 00:00:00,1974-01-01 00:00:00,1993-12-01 00:00:00,Y,N,N
-122.35,51.96666666666667,608,LORSTA WILLIAMS LAKE,BC,BRITISH COLUMBIA,COLOMBIE-BRITANNIQUE,CAN,515800000,-1222100000,PST,926.60,1094719,,,N/A,G,1,8,,,,,1977-01-01 00:00:00,1984-12-01 00:00:00,,,1977-07-01 00:00:00,1984-07-31 00:00:00,1977-01-01 00:00:00,1984-12-01 00:00:00,Y,N,N
-120.71666666666667,52.38333333333333,609,MACKAY RIVER,BC,BRITISH COLUMBIA,COLOMBIE-BRITANNIQUE,CAN,522300000,-1204300000,PST,1219.20,1094785,,,N/A,G,1,8,,,,,1971-10-01 00:00:00,1975-10-31 00:00:00,,,1971-10-01 00:00:00,1975-10-31 00:00:00,,,Y,N,N
-123.88333333333334,53.88333333333333,610,MAPES,BC,BRITISH COLUMBIA,COLOMBIE-BRITANNIQUE,CAN,535300000,-1235300000,PST,784.90,1094897,,,N/A,,1,9,,,,,1970-01-01 00:00:00,1970-12-01 00:00:00,,,1970-06-01 00:00:00,1970-09-30 00:00:00,1970-01-01 00:00:00,1970-12-01 00:00:00,Y,N,N
-120.35266666666666,53.42338888888889,611,MCBRIDE ELDER CREEK,BC,BRITISH COLUMBIA,COLOMBIE-BRITANNIQUE,CAN,532524200,-1202109600,PST,733.00,1094948,,,Climate-Staffed,F,1,7,,,,,1985-01-01 00:00:00,2009-02-28 00:00:00,,,1985-09-01 00:00:00,2009-02-28 00:00:00,1985-01-01 00:00:00,2007-02-01 00:00:00,Y,N,N
-120.15,53.266666666666666,612,MCBRIDE 4SE,BC,BRITISH COLUMBIA,COLOMBIE-BRITANNIQUE,CAN,531600000,-1200900000,PST,722.40,1094950,,,N/A,F,1,7,,,,,1922-01-01 00:00:00,1995-02-28 00:00:00,,,1922-05-01 00:00:00,1995-02-28 00:00:00,1922-01-01 00:00:00,1995-02-01 00:00:00,Y,N,N
-120.25,53.36666666666667,613,MCBRIDE NORTH,BC,BRITISH COLUMBIA,COLOMBIE-BRITANNIQUE,CAN,532200000,-1201500000,PST,771.10,1094955,,,N/A,D,1,5,,,,,1973-01-01 00:00:00,1992-12-01 00:00:00,,,1973-06-01 00:00:00,1992-09-30 00:00:00,1973-01-01 00:00:00,1992-12-01 00:00:00,Y,N,N
-120.13333333333334,53.266666666666666,614,MCBRIDE S & W RANCH,BC,BRITISH COLUMBIA,COLOMBIE-BRITANNIQUE,CAN,531600000,-1200800000,PST,716.00,1094962,,,N/A,F,1,7,,,,,1980-01-01 00:00:00,1985-12-01 00:00:00,,,1980-08-01 00:00:00,1985-09-30 00:00:00,1980-01-01 00:00:00,1985-12-01 00:00:00,Y,N,N
-121.83333333333333,54.083333333333336,615,MCGREGOR,BC,BRITISH COLUMBIA,COLOMBIE-BRITANNIQUE,CAN,540500000,-1215000000,PST,609.60,1095000,,,N/A,G,1,8,,,,,1965-12-01 00:00:00,1975-12-01 00:00:00,,,1965-12-01 00:00:00,1975-08-31 00:00:00,1966-01-01 00:00:00,1975-12-01 00:00:00,Y,N,N
-122.37361388888888,52.379736111111114,616,MCLEESE LAKE FRASERVIEW,BC,BRITISH COLUMBIA,COLOMBIE-BRITANNIQUE,CAN,522247050,-1222225010,PST,563.90,1095015,,,Climate-Staffed,D,1,5,,,,,1980-01-01 00:00:00,2016-05-30 00:00:00,,,1980-08-01 00:00:00,2016-05-30 00:00:00,1980-01-01 00:00:00,2007-02-01 00:00:00,Y,N,N
-122.28583555555555,52.53055805555555,617,MCLEESE LAKE GRANITE MT,BC,BRITISH COLUMBIA,COLOMBIE-BRITANNIQUE,CAN,523150009,-1221709008,PST,1133.00,1095018,,,Climate-Staffed,C,1,4,CCN,RCSC,Co-operative Climate Network,Réseau coopératif de stations climatiques,1972-01-01 00:00:00,2024-11-17 00:00:00,,,1972-03-01 00:00:00,2024-11-17 00:00:00,1972-01-01 00:00:00,2007-02-01 00:00:00,Y,N,N
-121.48333333333333,52.233333333333334,618,MOFFAT CREEK,BC,BRITISH COLUMBIA,COLOMBIE-BRITANNIQUE,CAN,521400000,-1212900000,PST,945.00,1095195,,,N/A,F,1,7,,,,,1975-01-01 00:00:00,1986-12-01 00:00:00,,,1975-07-01 00:00:00,1986-08-31 00:00:00,1975-01-01 00:00:00,1986-12-01 00:00:00,Y,N,N
-119.23333333333333,53.016666666666666,619,MOUNT ROBSON RANCH,BC,BRITISH COLUMBIA,COLOMBIE-BRITANNIQUE,CAN,530100000,-1191400000,PST,868.70,10952B9,,,N/A,D,1,5,,,,,1975-01-01 00:00:00,1992-12-01 00:00:00,,,1975-05-01 00:00:00,1992-08-31 00:00:00,1975-01-01 00:00:00,1992-12-01 00:00:00,Y,N,N
-122.48333333333333,53.28333333333333,620,NAVER CREEK,BC,BRITISH COLUMBIA,COLOMBIE-BRITANNIQUE,CAN,531700000,-1222900000,PST,667.50,1095410,,,N/A,,1,9,,,,,1955-01-01 00:00:00,1957-12-01 00:00:00,,,1955-05-01 00:00:00,1957-10-31 00:00:00,1955-01-01 00:00:00,1957-12-01 00:00:00,Y,N,N
-122.33333333333333,53.25,621,NAVER CREEK AHBAU,BC,BRITISH COLUMBIA,COLOMBIE-BRITANNIQUE,CAN,531500000,-1222000000,PST,896.10,1095412,,,N/A,,1,9,,,,,1959-01-01 00:00:00,1961-12-01 00:00:00,,,1959-11-01 00:00:00,1961-04-30 00:00:00,1959-01-01 00:00:00,1961-12-01 00:00:00,Y,N,N
-121.91666666666667,53.81666666666667,622,NORCO COAL,BC,BRITISH COLUMBIA,COLOMBIE-BRITANNIQUE,CAN,534900000,-1215500000,PST,742.20,1095617,,,N/A,G,1,9,,,,,1977-01-01 00:00:00,1978-12-01 00:00:00,,,1977-10-01 00:00:00,1978-04-30 00:00:00,1977-01-01 00:00:00,1978-12-01 00:00:00,Y,N,N
-121.7238888888889,52.26027777777778,623,OCHILTREE MIOCENE,BC,BRITISH COLUMBIA,COLOMBIE-BRITANNIQUE,CAN,521537000,-1214326000,PST,1027.00,1095676,,,Climate-Staffed,D,1,5,,,,,1963-01-01 00:00:00,2003-09-30 00:00:00,,,1963-01-01 00:00:00,2003-09-30 00:00:00,1963-01-01 00:00:00,2003-09-01 00:00:00,Y,N,N
-122.65,54.11666666666667,624,OLD SUMMIT RD NORTH,BC,BRITISH COLUMBIA,COLOMBIE-BRITANNIQUE,CAN,540700000,-1223900000,PST,685.80,1095740,,,N/A,G,1,8,,,,,1976-01-01 00:00:00,1977-12-01 00:00:00,,,1976-07-01 00:00:00,1977-09-30 00:00:00,1976-01-01 00:00:00,1977-12-01 00:00:00,Y,N,N
-121.26666666666667,51.65,625,100 MILE HOUSE,BC,BRITISH COLUMBIA,COLOMBIE-BRITANNIQUE,CAN,513900000,-1211600000,PST,929.60,1095790,,,N/A,,1,9,,,,,1957-01-01 00:00:00,1959-12-01 00:00:00,,,1957-06-01 00:00:00,1959-08-31 00:00:00,1957-01-01 00:00:00,1959-12-01 00:00:00,Y,N,N
-121.33333333333333,51.75,626,108 MILE HOUSE,BC,BRITISH COLUMBIA,COLOMBIE-BRITANNIQUE,CAN,514500000,-1212000000,PST,957.10,1095796,,,N/A,G,1,9,,,,,1970-01-01 00:00:00,1973-12-01 00:00:00,,,1970-05-01 00:00:00,1973-07-31 00:00:00,1970-01-01 00:00:00,1973-12-01 00:00:00,Y,N,N
-121.93333333333334,52.11666666666667,627,150 MILE HOUSE,BC,BRITISH COLUMBIA,COLOMBIE-BRITANNIQUE,CAN,520700000,-1215600000,PST,737.60,1095820,,,N/A,,1,9,,,,,1947-01-01 00:00:00,1963-12-01 00:00:00,,,1947-10-01 00:00:00,1963-09-30 00:00:00,1947-01-01 00:00:00,1963-12-01 00:00:00,Y,N,N
-122.0,52.21666666666667,628,150 MILE HOUSE 7N,BC,BRITISH COLUMBIA,COLOMBIE-BRITANNIQUE,CAN,521300000,-1220000000,PST,883.90,1095821,,,N/A,G,1,8,,,,,1969-01-01 00:00:00,1975-12-01 00:00:00,,,1969-01-01 00:00:00,1975-01-31 00:00:00,1969-01-01 00:00:00,1975-12-01 00:00:00,Y,N,N
-122.73333333333333,53.916666666666664,629,PRINCE GEORGE,BC,BRITISH COLUMBIA,COLOMBIE-BRITANNIQUE,CAN,535500000,-1224400000,PST,569.10,1096435,,,N/A,,1,9,,,,,1956-01-01 00:00:00,1957-12-01 00:00:00,,,1956-08-01 00:00:00,1957-10-31 00:00:00,1956-01-01 00:00:00,1957-12-01 00:00:00,Y,N,N
-122.8,53.833333333333336,630,PRINCE GEORGE,BC,BRITISH COLUMBIA,COLOMBIE-BRITANNIQUE,CAN,535000000,-1224800000,PST,570.00,1096436,,,N/A,,1,9,,,,,1912-01-01 00:00:00,1945-12-01 00:00:00,,,1912-08-01 00:00:00,1945-06-30 00:00:00,1912-01-01 00:00:00,1945-12-01 00:00:00,Y,N,N
-122.67888888888889,53.89083333333333,631,PRINCE GEORGE A,BC,BRITISH COLUMBIA,COLOMBIE-BRITANNIQUE,CAN,535327000,-1224044000,PST,691.30,1096450,YXS,71896,Aviation-Staffed,A,1,1,,,,,1942-01-01 00:00:00,2009-10-22 10:00:00,1953-01-01 00:00:00,2009-10-22 10:00:00,1942-07-01 00:00:00,2009-10-21 00:00:00,1942-01-01 00:00:00,2009-10-01 00:00:00,Y,Y,Y
-122.85222222222222,53.775555833333335,632,PRINCE GEORGE WEST LAKE,BC,BRITISH COLUMBIA,COLOMBIE-BRITANNIQUE,CAN,534632001,-1225108000,PST,699.00,1096455,,,Climate-Staffed,G,1,8,,,,,1970-01-01 00:00:00,2011-02-28 00:00:00,,,1970-06-01 00:00:00,2011-02-28 00:00:00,1970-01-01 00:00:00,2007-02-01 00:00:00,Y,N,N
-122.73583333333333,54.05305555555555,633,PRINCE GEORGE 15NW,BC,BRITISH COLUMBIA,COLOMBIE-BRITANNIQUE,CAN,540311000,-1224409000,PST,762.00,1096458,,,Climate-Staffed,D,1,5,,,,,1984-01-01 00:00:00,2004-06-30 00:00:00,,,1984-05-01 00:00:00,2004-06-30 00:00:00,1984-01-01 00:00:00,2004-06-01 00:00:00,Y,Y,N
-122.68333333333334,53.93333333333333,634,PR GEORGE FOREMAN FLAT,BC,BRITISH COLUMBIA,COLOMBIE-BRITANNIQUE,CAN,535600000,-1224100000,PST,579.10,1096460,,,N/A,,1,9,,,,,1962-01-01 00:00:00,1966-12-01 00:00:00,,,1962-03-01 00:00:00,1966-10-31 00:00:00,1962-01-01 00:00:00,1966-12-01 00:00:00,Y,N,N
-122.93333333333334,53.96666666666667,635,PRINCE GEORGE MIWORTH,BC,BRITISH COLUMBIA,COLOMBIE-BRITANNIQUE,CAN,535800000,-1225600000,PST,610.00,1096465,,,Climate-Staffed,F,1,7,,,,,1984-01-01 00:00:00,2002-07-31 00:00:00,,,1984-11-01 00:00:00,2002-07-31 00:00:00,1984-01-01 00:00:00,2002-07-01 00:00:00,Y,N,N
-122.7675,53.88,636,PRINCE GEORGE STP,BC,BRITISH COLUMBIA,COLOMBIE-BRITANNIQUE,CAN,535248000,-1224603000,PST,579.00,1096468,,,Climate-Staffed,C,1,4,CCN,RCSC,Co-operative Climate Network,Réseau coopératif de stations climatiques,1975-01-01 00:00:00,2023-05-31 00:00:00,,,1975-11-01 00:00:00,2023-05-31 00:00:00,1975-01-01 00:00:00,2007-02-01 00:00:00,Y,Y,N
-122.78333333333333,53.9,637,PRINCE GEORGE WESTWOOD,BC,BRITISH COLUMBIA,COLOMBIE-BRITANNIQUE,CAN,535400000,-1224700000,PST,591.30,1096470,,,N/A,G,1,9,,,,,1974-01-01 00:00:00,1976-12-01 00:00:00,,,1974-12-01 00:00:00,1976-03-31 00:00:00,1974-01-01 00:00:00,1976-12-01 00:00:00,Y,N,N
-122.48333333333333,52.983333333333334,638,QUESNEL,BC,BRITISH COLUMBIA,COLOMBIE-BRITANNIQUE,CAN,525900000,-1222900000,PST,487.70,1096600,,,N/A,,1,9,,,,,1892-11-01 00:00:00,1970-12-01 00:00:00,,,1892-11-01 00:00:00,1970-04-30 00:00:00,1893-01-01 00:00:00,1970-12-01 00:00:00,Y,N,N
-122.51666666666667,53.03333333333333,639,QUESNEL AUT,BC,BRITISH COLUMBIA,COLOMBIE-BRITANNIQUE,CAN,530200000,-1223100000,PST,545.30,1096601,WQZ,,Climate-Auto,G,1,8,,,,,1990-01-01 00:00:00,1994-12-01 00:00:00,1994-02-01 00:00:00,1994-09-20 08:00:00,1990-03-01 00:00:00,1994-09-30 00:00:00,1990-01-01 00:00:00,1994-12-01 00:00:00,Y,N,N
-122.51,53.02611111111111,640,QUESNEL A,BC,BRITISH COLUMBIA,COLOMBIE-BRITANNIQUE,CAN,530134000,-1223036000,PST,545.00,1096630,,,Climate-Staffed,A,1,1,,,,,1946-01-01 00:00:00,2007-03-30 00:00:00,1953-01-01 00:00:00,2006-02-22 22:00:00,1946-02-01 00:00:00,2007-03-30 00:00:00,1946-01-01 00:00:00,2007-02-01 00:00:00,Y,Y,Y
-122.5,53.06666666666667,641,QUESNEL MOOSE HEIGHTS,BC,BRITISH COLUMBIA,COLOMBIE-BRITANNIQUE,CAN,530400000,-1223000000,PST,711.70,1096635,,,N/A,E,1,6,,,,,1962-01-01 00:00:00,1984-01-31 00:00:00,,,1962-12-01 00:00:00,1984-01-31 00:00:00,1962-01-01 00:00:00,1983-12-01 00:00:00,Y,N,N
-122.66666666666667,53.016666666666666,642,QUESNEL NAZKO ROAD,BC,BRITISH COLUMBIA,COLOMBIE-BRITANNIQUE,CAN,530100000,-1224000000,PST,762.00,1096636,,,N/A,G,1,8,,,,,1968-01-01 00:00:00,1974-12-01 00:00:00,,,1968-01-01 00:00:00,1974-03-31 00:00:00,1968-01-01 00:00:00,1974-12-01 00:00:00,Y,N,N
-119.0,53.0,643,RED PASS JUNCTION,BC,BRITISH COLUMBIA,COLOMBIE-BRITANNIQUE,CAN,530000000,-1190000000,PST,1059.20,1096660,,,N/A,,1,9,,,,,1931-01-01 00:00:00,1969-12-01 00:00:00,,,1931-11-01 00:00:00,1969-06-30 00:00:00,1931-01-01 00:00:00,1969-12-01 00:00:00,Y,N,N
-119.0,52.983333333333334,644,RED PASS MT ROBSON PARK,BC,BRITISH COLUMBIA,COLOMBIE-BRITANNIQUE,CAN,525900000,-1190000000,PST,1066.80,1096665,,,N/A,G,1,8,,,,,1970-01-01 00:00:00,1975-12-01 00:00:00,,,1970-07-01 00:00:00,1975-04-30 00:00:00,1970-01-01 00:00:00,1975-12-01 00:00:00,Y,N,N
-123.65,52.1,645,REDSTONE,BC,BRITISH COLUMBIA,COLOMBIE-BRITANNIQUE,CAN,520600000,-1233900000,PST,808.90,1096691,,,N/A,,1,9,,,,,1957-01-01 00:00:00,1957-12-01 00:00:00,,,1957-01-01 00:00:00,1957-03-31 00:00:00,1957-01-01 00:00:00,1957-12-01 00:00:00,Y,N,N
-122.51666666666667,52.016666666666666,646,RISKE CREEK FTP,BC,BRITISH COLUMBIA,COLOMBIE-BRITANNIQUE,CAN,520100000,-1223100000,PST,1005.80,1096775,,,N/A,,1,9,,,,,1965-01-01 00:00:00,1970-12-01 00:00:00,,,1965-08-01 00:00:00,1970-05-31 00:00:00,1965-01-01 00:00:00,1970-12-01 00:00:00,Y,N,N
-122.65,54.13333333333333,647,SALMON VAL ERICKSON RD,BC,BRITISH COLUMBIA,COLOMBIE-BRITANNIQUE,CAN,540800000,-1223900000,PST,693.40,1096952,,,N/A,G,1,8,,,,,1970-01-01 00:00:00,1977-12-31 00:00:00,,,1970-06-01 00:00:00,1977-12-31 00:00:00,1970-01-01 00:00:00,1977-12-01 00:00:00,Y,N,N
-121.66666666666667,54.016666666666666,648,SINCLAIR MILLS,BC,BRITISH COLUMBIA,COLOMBIE-BRITANNIQUE,CAN,540100000,-1214000000,PST,655.30,1097370,,,N/A,,1,9,,,,,1960-01-01 00:00:00,1965-12-01 00:00:00,,,1960-04-01 00:00:00,1965-11-30 00:00:00,1960-01-01 00:00:00,1965-12-01 00:00:00,Y,N,N
-122.28333333333333,52.333333333333336,649,SODA CREEK,BC,BRITISH COLUMBIA,COLOMBIE-BRITANNIQUE,CAN,522000000,-1221700000,PST,,1097550,,,N/A,,1,9,,,,,1879-01-01 00:00:00,1933-12-31 00:00:00,,,1879-01-01 00:00:00,1933-12-31 00:00:00,1879-01-01 00:00:00,1933-12-01 00:00:00,Y,N,N
-121.68612194444445,52.183615,650,SPOKIN LAKE 4E,BC,BRITISH COLUMBIA,COLOMBIE-BRITANNIQUE,CAN,521101014,-1214110039,PST,1033.00,1097646,,,Climate-Staffed,D,1,5,CCN,RCSC,Co-operative Climate Network,Réseau coopératif de stations climatiques,1983-01-01 00:00:00,2024-11-17 00:00:00,,,1983-06-01 00:00:00,2024-11-17 00:00:00,1983-01-01 00:00:00,2007-02-01 00:00:00,Y,Y,N
-121.6,53.2,651,STEWART CREEK,BC,BRITISH COLUMBIA,COLOMBIE-BRITANNIQUE,CAN,531200000,-1213600000,PST,1207.00,1097750,,,N/A,G,1,8,,,,,1977-01-01 00:00:00,1978-12-01 00:00:00,,,1977-05-01 00:00:00,1978-08-31 00:00:00,1977-01-01 00:00:00,1978-12-01 00:00:00,Y,N,N
-124.7,54.63333333333333,652,TACHIE 1SE,BC,BRITISH COLUMBIA,COLOMBIE-BRITANNIQUE,CAN,543800000,-1244200000,PST,682.80,1097888,,,N/A,F,1,7,,,,,1973-01-01 00:00:00,1985-12-01 00:00:00,,,1973-09-01 00:00:00,1985-08-31 00:00:00,1973-01-01 00:00:00,1985-12-01 00:00:00,Y,N,N
-125.96666666666667,55.46666666666667,653,TAKLA LANDING,BC,BRITISH COLUMBIA,COLOMBIE-BRITANNIQUE,CAN,552800000,-1255800000,PST,854.00,1097970,,,N/A,G,1,8,,,,,1962-01-01 00:00:00,1991-11-01 00:00:00,,,1962-11-01 00:00:00,1991-05-31 00:00:00,1962-01-01 00:00:00,1991-11-01 00:00:00,Y,N,N
-124.26666666666667,54.083333333333336,654,VANDERHOOF BRAESIDE RD,BC,BRITISH COLUMBIA,COLOMBIE-BRITANNIQUE,CAN,540500000,-1241600000,PST,682.80,1098DR0,,,N/A,F,1,7,,,,,1970-01-01 00:00:00,1980-12-01 00:00:00,,,1970-05-01 00:00:00,1980-08-31 00:00:00,1970-01-01 00:00:00,1980-12-01 00:00:00,Y,N,N
-124.01666666666667,54.03333333333333,655,VANDERHOOF,BC,BRITISH COLUMBIA,COLOMBIE-BRITANNIQUE,CAN,540200000,-1240100000,PST,638.00,1098D90,,,Climate-Staffed,D,1,5,CCN,RCSC,Co-operative Climate Network,Réseau coopératif de stations climatiques,1980-01-01 00:00:00,2021-10-30 00:00:00,,,1980-08-01 00:00:00,2021-10-30 00:00:00,1980-01-01 00:00:00,2007-02-01 00:00:00,Y,Y,N
-119.38333333333334,52.916666666666664,656,TETE JAUNE,BC,BRITISH COLUMBIA,COLOMBIE-BRITANNIQUE,CAN,525500000,-1192300000,PST,776.90,1098138,,,Climate-Staffed,G,1,8,,,,,1981-01-01 00:00:00,1985-12-01 00:00:00,,,1981-10-01 00:00:00,1985-06-30 00:00:00,1981-01-01 00:00:00,1985-12-01 00:00:00,Y,N,N
-122.6175,52.466388888888886,657,TWAN CREEK,BC,BRITISH COLUMBIA,COLOMBIE-BRITANNIQUE,CAN,522759000,-1223703000,PST,914.40,1098318,,,Climate-Staffed,C,1,4,,,,,1977-01-01 00:00:00,2005-05-31 00:00:00,,,1977-09-01 00:00:00,2005-05-31 00:00:00,1977-01-01 00:00:00,2005-05-01 00:00:00,Y,Y,N
-122.08333333333333,52.38333333333333,658,TYEE LAKE,BC,BRITISH COLUMBIA,COLOMBIE-BRITANNIQUE,CAN,522300000,-1220500000,PST,911.00,1098328,,,Climate-Staffed,F,1,7,,,,,1988-01-01 00:00:00,1998-05-31 00:00:00,,,1988-09-01 00:00:00,1998-05-31 00:00:00,1988-01-01 00:00:00,1998-05-01 00:00:00,Y,N,N
-121.95,54.11666666666667,659,UPPER FRASER,BC,BRITISH COLUMBIA,COLOMBIE-BRITANNIQUE,CAN,540700000,-1215700000,PST,612.60,1098335,,,N/A,,1,9,,,,,1959-12-01 00:00:00,1962-12-01 00:00:00,,,1959-12-01 00:00:00,1962-10-31 00:00:00,1960-01-01 00:00:00,1962-12-01 00:00:00,Y,N,N
-124.13333333333334,54.05,660,VANDERHOOF,BC,BRITISH COLUMBIA,COLOMBIE-BRITANNIQUE,CAN,540300000,-1240800000,PST,673.60,10984R0,,,N/A,,1,9,,,,,1966-01-01 00:00:00,1969-12-31 00:00:00,,,1966-07-01 00:00:00,1969-12-31 00:00:00,1966-01-01 00:00:00,1969-12-01 00:00:00,Y,N,N
-124.0,54.05,661,VANDERHOOF,BC,BRITISH COLUMBIA,COLOMBIE-BRITANNIQUE,CAN,540300000,-1240000000,PST,637.90,1098490,,,N/A,,1,9,,,,,1916-01-01 00:00:00,1966-12-01 00:00:00,,,1916-02-01 00:00:00,1966-02-28 00:00:00,1916-01-01 00:00:00,1966-12-01 00:00:00,Y,N,N
-124.0,54.03333333333333,662,VANDERHOOF 2NE,BC,BRITISH COLUMBIA,COLOMBIE-BRITANNIQUE,CAN,540200000,-1240000000,PST,676.70,1098492,,,N/A,G,1,8,,,,,1969-01-01 00:00:00,1976-12-01 00:00:00,,,1969-01-01 00:00:00,1976-03-31 00:00:00,1969-01-01 00:00:00,1976-12-01 00:00:00,Y,N,N
-122.16666666666667,52.13333333333333,663,WILLIAMS LAKE,BC,BRITISH COLUMBIA,COLOMBIE-BRITANNIQUE,CAN,520800000,-1221000000,PST,614.00,1098939,,,N/A,G,1,9,,,,,1936-01-01 00:00:00,1987-12-01 00:00:00,,,1936-01-01 00:00:00,1987-07-31 00:00:00,1939-01-01 00:00:00,1987-12-01 00:00:00,Y,N,N
-122.05416666666666,52.183055555555555,664,WILLIAMS LAKE A,BC,BRITISH COLUMBIA,COLOMBIE-BRITANNIQUE,CAN,521059000,-1220315000,PST,939.70,1098940,YWL,71104,Aviation-Staffed,A,1,1,,,,,1960-12-01 00:00:00,2012-12-06 10:00:00,1961-01-01 00:00:00,2012-12-06 10:00:00,1960-12-01 00:00:00,2012-12-05 00:00:00,1961-01-01 00:00:00,2012-12-01 00:00:00,Y,Y,Y
-122.18333333333334,52.1,665,WILLIAMS LAKE ESLER,BC,BRITISH COLUMBIA,COLOMBIE-BRITANNIQUE,CAN,520600000,-1221100000,PST,930.00,1098942,,,N/A,G,1,8,,,,,1987-01-01 00:00:00,1989-12-01 00:00:00,,,1987-06-01 00:00:00,1989-08-31 00:00:00,1987-01-01 00:00:00,1989-12-01 00:00:00,Y,N,N
-122.16666666666667,52.15,666,WILLIAMS LAKE GLENDALE,BC,BRITISH COLUMBIA,COLOMBIE-BRITANNIQUE,CAN,520900000,-1221000000,PST,588.30,1098943,,,N/A,F,1,7,,,,,1965-01-01 00:00:00,1979-12-01 00:00:00,,,1965-07-01 00:00:00,1979-05-31 00:00:00,1965-01-01 00:00:00,1979-12-01 00:00:00,Y,N,N
-122.14888888888889,52.128055555555555,667,WILLIAMS LAKE RIVER,BC,BRITISH COLUMBIA,COLOMBIE-BRITANNIQUE,CAN,520741000,-1220856000,PST,585.20,1098946,,,N/A,C,1,4,,,,,1980-01-01 00:00:00,2002-06-30 00:00:00,,,1980-08-01 00:00:00,2002-06-30 00:00:00,1980-01-01 00:00:00,2002-06-01 00:00:00,Y,Y,N
-122.46916666666667,54.05638888888889,668,WILLOW RIVER,BC,BRITISH COLUMBIA,COLOMBIE-BRITANNIQUE,CAN,540323000,-1222809000,PST,586.00,1098954,,,Climate-Staffed,F,1,7,,,,,1988-01-01 00:00:00,1999-12-31 00:00:00,,,1988-12-01 00:00:00,1999-12-31 00:00:00,1988-01-01 00:00:00,1999-12-01 00:00:00,Y,N,N
-122.31666666666666,53.733333333333334,669,WILLOW RIVER,BC,BRITISH COLUMBIA,COLOMBIE-BRITANNIQUE,CAN,534400000,-1221900000,PST,801.30,1098955,,,N/A,,1,9,,,,,1955-12-01 00:00:00,1956-03-31 00:00:00,,,1955-12-01 00:00:00,1956-03-31 00:00:00,,,Y,N,N
-122.65,53.516666666666666,670,WOODPECKER,BC,BRITISH COLUMBIA,COLOMBIE-BRITANNIQUE,CAN,533100000,-1223900000,PST,609.60,1098977,,,N/A,,1,9,,,,,1934-01-01 00:00:00,1945-12-01 00:00:00,,,1934-07-01 00:00:00,1945-05-31 00:00:00,1934-01-01 00:00:00,1945-12-01 00:00:00,Y,N,N
-123.0,49.21666666666667,671,BURNABY METROTOWN,BC,BRITISH COLUMBIA,COLOMBIE-BRITANNIQUE,CAN,491300000,-1230000000,PST,125.00,110A1ND,,,Climate-Staffed,F,1,7,,,,,1987-01-01 00:00:00,1998-03-31 00:00:00,,,1987-04-01 00:00:00,1998-03-31 00:00:00,1987-01-01 00:00:00,1998-03-01 00:00:00,Y,N,N
-122.58333333333333,49.28333333333333,672,HANEY UBC RF MARC,BC,BRITISH COLUMBIA,COLOMBIE-BRITANNIQUE,CAN,491700000,-1223500000,PST,114.30,110CCCC,,,N/A,G,1,8,,,,,1945-01-01 00:00:00,1972-12-01 00:00:00,,,1945-08-01 00:00:00,1972-07-31 00:00:00,1945-01-01 00:00:00,1972-12-01 00:00:00,Y,N,N
-123.23333333333333,49.45,673,LIONS BAY 2,BC,BRITISH COLUMBIA,COLOMBIE-BRITANNIQUE,CAN,492700000,-1231400000,PST,40.00,110D634,,,N/A,G,1,8,,,,,1988-01-01 00:00:00,1989-12-31 00:00:00,,,1988-08-01 00:00:00,1989-12-31 00:00:00,1988-01-01 00:00:00,1989-12-01 00:00:00,Y,N,N
-122.63333333333334,49.21666666666667,674,MAPLE RIDGE STP,BC,BRITISH COLUMBIA,COLOMBIE-BRITANNIQUE,CAN,491300000,-1223800000,PST,6.10,110D90K,,,N/A,G,1,9,,,,,1974-01-01 00:00:00,1974-12-01 00:00:00,,,1974-04-01 00:00:00,1974-06-30 00:00:00,1974-01-01 00:00:00,1974-12-01 00:00:00,Y,N,N
-122.23333333333333,49.25,675,MISSION HARTLEY RD,BC,BRITISH COLUMBIA,COLOMBIE-BRITANNIQUE,CAN,491500000,-1221400000,PST,137.20,110EA90,,,N/A,G,1,8,,,,,1979-01-01 00:00:00,1984-12-01 00:00:00,,,1979-04-01 00:00:00,1984-01-31 00:00:00,1979-01-01 00:00:00,1984-12-01 00:00:00,Y,N,N
-123.05,49.31666666666667,676,N VANCOUVER CLOVERLEY,BC,BRITISH COLUMBIA,COLOMBIE-BRITANNIQUE,CAN,491900000,-1230300000,PST,79.20,110EFEF,,,N/A,E,1,6,,,,,1968-01-01 00:00:00,1984-12-01 00:00:00,,,1968-07-01 00:00:00,1984-04-30 00:00:00,1968-01-01 00:00:00,1984-12-01 00:00:00,Y,N,N
-123.06666666666666,49.333333333333336,677,NORTH VANC LONSDALE PARK,BC,BRITISH COLUMBIA,COLOMBIE-BRITANNIQUE,CAN,492000000,-1230400000,PST,135.60,110EFE9,,,N/A,G,1,9,,,,,1969-01-01 00:00:00,1971-12-01 00:00:00,,,1969-12-01 00:00:00,1971-05-31 00:00:00,1969-01-01 00:00:00,1971-12-01 00:00:00,Y,N,N
-123.01666666666667,49.31666666666667,678,N VANCOUVER SEYMOUR BLVD,BC,BRITISH COLUMBIA,COLOMBIE-BRITANNIQUE,CAN,491900000,-1230100000,PST,8.50,110EFFF,,,N/A,E,1,6,,,,,1968-01-01 00:00:00,1982-12-01 00:00:00,,,1968-01-01 00:00:00,1982-03-31 00:00:00,1968-01-01 00:00:00,1982-12-01 00:00:00,Y,N,N
-123.11666666666666,49.35,679,N VANCOUVER CAPILANO HIGHLANDS,BC,BRITISH COLUMBIA,COLOMBIE-BRITANNIQUE,CAN,492100000,-1230700000,PST,130.00,110EFNN,,,N/A,G,1,9,,,,,1989-01-01 00:00:00,1991-11-01 00:00:00,,,1989-04-01 00:00:00,1991-09-30 00:00:00,1989-01-01 00:00:00,1991-11-01 00:00:00,Y,N,N
-123.10722222222222,49.359722222222224,680,N VANCOUVER CLEVELAND,BC,BRITISH COLUMBIA,COLOMBIE-BRITANNIQUE,CAN,492135000,-1230626000,PST,157.00,110EF56,,,Climate-Staffed,A,1,2,,,,,1968-01-01 00:00:00,2003-09-30 00:00:00,,,1968-04-01 00:00:00,2003-09-30 00:00:00,1968-01-01 00:00:00,2003-09-01 00:00:00,Y,N,N
-123.05,49.31666666666667,681,N VANC GRAND BLVD,BC,BRITISH COLUMBIA,COLOMBIE-BRITANNIQUE,CAN,491900000,-1230300000,PST,111.30,110EF57,,,Climate-Staffed,E,1,6,,,,,1969-12-01 00:00:00,1997-03-31 00:00:00,,,1969-12-01 00:00:00,1997-03-31 00:00:00,1970-01-01 00:00:00,1997-03-01 00:00:00,Y,N,N
-122.68333333333334,49.21666666666667,682,PITT MEADOWS STP,BC,BRITISH COLUMBIA,COLOMBIE-BRITANNIQUE,CAN,491300000,-1224100000,PST,4.90,110FAG9,,,N/A,D,1,5,,,,,1974-01-01 00:00:00,1993-12-01 00:00:00,,,1974-04-01 00:00:00,1993-10-31 00:00:00,1974-01-01 00:00:00,1993-12-01 00:00:00,Y,N,N
-122.66666666666667,49.28333333333333,683,PITT MEADOWS ALOUETTE RIVER,BC,BRITISH COLUMBIA,COLOMBIE-BRITANNIQUE,CAN,491700000,-1224000000,PST,6.00,110FJPP,,,N/A,F,1,7,,,,,1986-01-01 00:00:00,1992-12-01 00:00:00,,,1986-10-01 00:00:00,1992-10-31 00:00:00,1986-01-01 00:00:00,1992-12-01 00:00:00,Y,N,N
-122.78333333333333,49.25,684,PORT COQUITLAM MARY HILL,BC,BRITISH COLUMBIA,COLOMBIE-BRITANNIQUE,CAN,491500000,-1224700000,PST,63.00,110FKNF,,,N/A,G,1,9,,,,,1988-01-01 00:00:00,1990-12-01 00:00:00,,,1988-08-01 00:00:00,1990-11-30 00:00:00,1988-01-01 00:00:00,1990-12-01 00:00:00,Y,N,N
-123.58333333333333,49.016666666666666,685,PORLIER PASS LIGHT STATION,BC,BRITISH COLUMBIA,COLOMBIE-BRITANNIQUE,CAN,490100000,-1233500000,PST,3.30,110FK0M,,,N/A,F,1,7,,,,,1987-01-01 00:00:00,1996-02-29 00:00:00,,,1987-06-01 00:00:00,1996-02-29 00:00:00,1987-01-01 00:00:00,1996-02-01 00:00:00,Y,N,N
-122.83083333333333,49.1875,686,SURREY GUILDFORD,BC,BRITISH COLUMBIA,COLOMBIE-BRITANNIQUE,CAN,491115000,-1224951000,PST,80.00,110GQPB,,,Climate-Staffed,F,1,7,,,,,1988-01-01 00:00:00,2004-03-31 00:00:00,,,1988-08-01 00:00:00,2004-03-31 00:00:00,1988-01-01 00:00:00,2004-03-01 00:00:00,Y,N,N
-122.85,49.1,687,SURREY PANORAMA RIDGE,BC,BRITISH COLUMBIA,COLOMBIE-BRITANNIQUE,CAN,490600000,-1225100000,PST,50.00,110G8G8,,,N/A,G,1,8,,,,,1987-01-01 00:00:00,1992-12-01 00:00:00,,,1987-04-01 00:00:00,1992-02-29 00:00:00,1987-01-01 00:00:00,1992-12-01 00:00:00,Y,N,N
-123.05,49.28333333333333,688,VANCOUVER GRANDVIEW N,BC,BRITISH COLUMBIA,COLOMBIE-BRITANNIQUE,CAN,491700000,-1230300000,PST,45.70,110HD4N,,,N/A,,1,9,,,,,1961-01-01 00:00:00,1963-07-31 00:00:00,,,1961-05-01 00:00:00,1963-07-31 00:00:00,1961-01-01 00:00:00,1962-12-01 00:00:00,Y,N,N
-123.03333333333333,49.266666666666666,689,VANCOUVER GRANDVIEW E,BC,BRITISH COLUMBIA,COLOMBIE-BRITANNIQUE,CAN,491600000,-1230200000,PST,53.30,110HD45,,,N/A,,1,9,,,,,1961-01-01 00:00:00,1962-12-01 00:00:00,,,1961-09-01 00:00:00,1962-05-31 00:00:00,1961-01-01 00:00:00,1962-12-01 00:00:00,Y,N,N
-123.16666666666667,49.266666666666666,690,VANCOUVER KITSILANO BEACH,BC,BRITISH COLUMBIA,COLOMBIE-BRITANNIQUE,CAN,491600000,-1231000000,PST,12.00,110HM5C,,,N/A,G,1,9,,,,,1987-01-01 00:00:00,1988-12-01 00:00:00,,,1987-04-01 00:00:00,1988-04-30 00:00:00,1987-01-01 00:00:00,1988-12-01 00:00:00,Y,N,N
-123.16666666666667,49.266666666666666,691,VANCOUVER JERICHO BEACH,BC,BRITISH COLUMBIA,COLOMBIE-BRITANNIQUE,CAN,491600000,-1231000000,PST,6.70,110H447,,,N/A,,1,9,,,,,1927-01-01 00:00:00,1936-12-01 00:00:00,,,1927-11-01 00:00:00,1936-10-31 00:00:00,1927-01-01 00:00:00,1936-12-01 00:00:00,Y,N,N
-123.16666666666667,49.266666666666666,692,VANCOUVER WEST 10TH,BC,BRITISH COLUMBIA,COLOMBIE-BRITANNIQUE,CAN,491600000,-1231000000,PST,54.90,110H488,,,N/A,F,1,7,,,,,1975-01-01 00:00:00,1984-12-01 00:00:00,,,1975-06-01 00:00:00,1984-11-30 00:00:00,1975-01-01 00:00:00,1984-12-01 00:00:00,Y,N,N
-122.48333333333333,49.21666666666667,693,MAPLE RIDGE WHONNOCK LAKE,BC,BRITISH COLUMBIA,COLOMBIE-BRITANNIQUE,CAN,491300000,-1222900000,PST,172.00,110MR02,,,N/A,G,1,9,,,,,1987-01-01 00:00:00,1988-12-01 00:00:00,,,1987-07-01 00:00:00,1988-04-30 00:00:00,1987-01-01 00:00:00,1988-12-01 00:00:00,Y,N,N
-123.0,49.31666666666667,694,NORTH VANCOUVER BLUE RIDGE,BC,BRITISH COLUMBIA,COLOMBIE-BRITANNIQUE,CAN,491900000,-1230000000,PST,71.90,110NFEQ,,,N/A,G,1,8,,,,,1988-01-01 00:00:00,1989-12-01 00:00:00,,,1988-08-01 00:00:00,1989-09-30 00:00:00,1988-01-01 00:00:00,1989-12-01 00:00:00,Y,N,N
-122.95,49.31666666666667,695,NORTH VANCOUVER DOLLARTON,BC,BRITISH COLUMBIA,COLOMBIE-BRITANNIQUE,CAN,491900000,-1225700000,PST,52.00,110NFNF,,,N/A,G,1,9,,,,,1988-01-01 00:00:00,1991-11-01 00:00:00,,,1988-09-01 00:00:00,1991-01-31 00:00:00,1988-01-01 00:00:00,1991-11-01 00:00:00,Y,N,N
-123.0975,49.3625,696,N VANC SONORA DR,BC,BRITISH COLUMBIA,COLOMBIE-BRITANNIQUE,CAN,492145000,-1230551000,PST,182.90,110N6FF,,,Climate-Staffed,C,1,4,,,,,1976-01-01 00:00:00,2011-02-22 00:00:00,,,1976-01-01 00:00:00,2011-02-22 00:00:00,1976-01-01 00:00:00,2007-02-01 00:00:00,Y,Y,N
-123.08333333333333,49.36666666666667,697,N VANCOUVER REDONDA DR,BC,BRITISH COLUMBIA,COLOMBIE-BRITANNIQUE,CAN,492200000,-1230500000,PST,228.60,110N6F5,,,N/A,C,1,4,,,,,1973-01-01 00:00:00,1995-05-31 00:00:00,,,1973-11-01 00:00:00,1995-05-31 00:00:00,1973-01-01 00:00:00,1995-05-01 00:00:00,Y,N,N
-122.96694638888889,49.43751833333334,698,N VAN SEYMOUR HATCHERY,BC,BRITISH COLUMBIA,COLOMBIE-BRITANNIQUE,CAN,492615066,-1225801007,PST,177.00,110N666,,,Climate-Staffed,D,1,5,CCN,RCSC,Co-operative Climate Network,Réseau coopératif de stations climatiques,1981-01-01 00:00:00,2024-09-30 00:00:00,,,1981-11-01 00:00:00,2024-09-30 00:00:00,1981-01-01 00:00:00,2007-02-01 00:00:00,Y,Y,N
-122.46666666666667,49.05,699,ALDERGROVE CENTRE,BC,BRITISH COLUMBIA,COLOMBIE-BRITANNIQUE,CAN,490300000,-1222800000,PST,60.00,1100KM0,,,N/A,G,1,8,,,,,1986-01-01 00:00:00,1989-12-01 00:00:00,,,1986-09-01 00:00:00,1989-03-31 00:00:00,1986-01-01 00:00:00,1989-12-01 00:00:00,Y,N,N
-122.91666666666667,50.1,700,BLACKCOMB MOUNTAIN 1540,BC,BRITISH COLUMBIA,COLOMBIE-BRITANNIQUE,CAN,500600000,-1225500000,PST,1540.20,1100Q7Q,,,Climate-Staffed,G,1,9,,,,,1983-01-01 00:00:00,1994-12-01 00:00:00,,,1983-12-01 00:00:00,1994-05-31 00:00:00,1983-01-01 00:00:00,1994-12-01 00:00:00,Y,N,N
-122.33333333333333,49.016666666666666,701,ABBOTSFORD,BC,BRITISH COLUMBIA,COLOMBIE-BRITANNIQUE,CAN,490100000,-1222000000,PST,,1100015,,,N/A,,1,9,,,,,1956-01-01 00:00:00,1956-12-31 00:00:00,,,1956-04-01 00:00:00,1956-12-31 00:00:00,1956-01-01 00:00:00,1956-12-01 00:00:00,Y,N,N
-122.36,49.02527777777778,702,ABBOTSFORD A,BC,BRITISH COLUMBIA,COLOMBIE-BRITANNIQUE,CAN,490131000,-1222136000,PST,59.10,1100030,YXX,71108,Aviation-Staffed,A,1,1,,,,,1944-01-01 00:00:00,2012-06-21 10:00:00,1953-01-01 00:00:00,2012-06-21 10:00:00,1944-10-01 00:00:00,2012-06-20 00:00:00,1944-01-01 00:00:00,2012-06-01 00:00:00,Y,Y,Y
-122.25,49.03333333333333,703,ABBOTSFORD EAST,BC,BRITISH COLUMBIA,COLOMBIE-BRITANNIQUE,CAN,490200000,-1221500000,PST,7.60,1100035,,,N/A,,1,9,,,,,1960-01-01 00:00:00,1962-12-31 00:00:00,,,1960-11-01 00:00:00,1962-12-31 00:00:00,1960-01-01 00:00:00,1962-12-01 00:00:00,Y,N,N
-122.3,49.03333333333333,704,ABBOTSFORD KING ROAD,BC,BRITISH COLUMBIA,COLOMBIE-BRITANNIQUE,CAN,490200000,-1221800000,PST,61.00,1100037,,,N/A,G,1,8,,,,,1968-01-01 00:00:00,1973-12-01 00:00:00,,,1968-11-01 00:00:00,1973-03-31 00:00:00,1968-01-01 00:00:00,1973-12-01 00:00:00,Y,N,N
-122.26666666666667,49.05,705,ABBOTSFORD UPPER SUMAS,BC,BRITISH COLUMBIA,COLOMBIE-BRITANNIQUE,CAN,490300000,-1221600000,PST,9.10,1100040,,,N/A,,1,9,,,,,1935-01-01 00:00:00,1946-12-01 00:00:00,,,1935-11-01 00:00:00,1946-03-31 00:00:00,1935-01-01 00:00:00,1946-12-01 00:00:00,Y,N,N
-121.76027777777777,49.24305555555556,706,AGASSIZ RCS,BC,BRITISH COLUMBIA,COLOMBIE-BRITANNIQUE,CAN,491435000,-1214537000,PST,19.30,1100119,WZA,71113,Climate-Auto,E,1,6,ECCC - MSC,ECCC - SMC,Environment and Climate Change Canada - Meteorological Service of Canada,Environnement et Changement climatique Canada - Service météorologique du Canada,1988-01-01 00:00:00,2024-11-19 12:30:02,1994-02-01 00:00:00,2024-11-19 12:30:02,1988-11-01 00:00:00,2024-11-19 00:00:00,1988-01-01 00:00:00,2006-11-01 00:00:00,Y,N,N
-121.76027777777777,49.24305555555556,707,AGASSIZ CDA,BC,BRITISH COLUMBIA,COLOMBIE-BRITANNIQUE,CAN,491435000,-1214537000,PST,15.00,1100120,,,Climate-Staffed,A,1,1,CCN,RCSC,Co-operative Climate Network,Réseau coopératif de stations climatiques,1889-01-01 00:00:00,2023-10-30 00:00:00,,,1889-10-01 00:00:00,2023-10-30 00:00:00,1889-01-01 00:00:00,2007-02-01 00:00:00,Y,Y,N
-121.83333333333333,49.266666666666666,708,AGASSIZ MOUNTAIN INSTITUTE,BC,BRITISH COLUMBIA,COLOMBIE-BRITANNIQUE,CAN,491600000,-1215000000,PST,30.00,1100130,,,Climate-Staffed,F,1,7,,,,,1986-01-01 00:00:00,1995-05-31 00:00:00,,,1986-04-01 00:00:00,1995-05-31 00:00:00,1986-01-01 00:00:00,1995-05-01 00:00:00,Y,N,N
-122.48333333333333,49.11666666666667,709,ALDERGROVE,BC,BRITISH COLUMBIA,COLOMBIE-BRITANNIQUE,CAN,490700000,-1222900000,PST,76.20,1100240,,,N/A,F,1,7,,,,,1953-01-01 00:00:00,1980-12-01 00:00:00,,,1953-04-01 00:00:00,1980-06-30 00:00:00,1953-01-01 00:00:00,1980-12-01 00:00:00,Y,N,N
-122.48333333333333,49.03333333333333,710,ALDERGROVE 2,BC,BRITISH COLUMBIA,COLOMBIE-BRITANNIQUE,CAN,490200000,-1222900000,PST,60.00,1100241,,,N/A,F,1,7,,,,,1980-01-01 00:00:00,1989-12-01 00:00:00,,,1980-06-01 00:00:00,1989-06-30 00:00:00,1980-01-01 00:00:00,1989-12-01 00:00:00,Y,N,N
-122.51666666666667,49.083333333333336,711,ALDERGROVE 48 AVENUE,BC,BRITISH COLUMBIA,COLOMBIE-BRITANNIQUE,CAN,490500000,-1223100000,PST,85.00,1100245,,,N/A,G,1,8,,,,,1987-01-01 00:00:00,1991-11-30 00:00:00,,,1987-03-01 00:00:00,1991-11-30 00:00:00,1987-01-01 00:00:00,1991-11-01 00:00:00,Y,N,N
-122.48333333333333,49.28333333333333,712,ALOUETTE LAKE,BC,BRITISH COLUMBIA,COLOMBIE-BRITANNIQUE,CAN,491700000,-1222900000,PST,117.30,1100360,,,N/A,E,1,6,,,,,1924-01-01 00:00:00,1982-12-31 00:00:00,,,1924-01-01 00:00:00,1982-12-31 00:00:00,1924-01-01 00:00:00,1982-12-01 00:00:00,Y,N,N
-122.31666666666666,49.36666666666667,713,ALOUETTE POWER HOUSE,BC,BRITISH COLUMBIA,COLOMBIE-BRITANNIQUE,CAN,492200000,-1221900000,PST,91.40,1100370,,,N/A,,1,9,,,,,1935-01-01 00:00:00,1949-12-01 00:00:00,,,1935-07-01 00:00:00,1949-03-31 00:00:00,1935-01-01 00:00:00,1949-12-01 00:00:00,Y,N,N
-122.93333333333334,49.18333333333333,714,ANNACIS ISLAND,BC,BRITISH COLUMBIA,COLOMBIE-BRITANNIQUE,CAN,491100000,-1225600000,PST,4.60,1100440,,,N/A,,1,9,,,,,1954-01-01 00:00:00,1962-12-01 00:00:00,,,1954-10-01 00:00:00,1962-03-31 00:00:00,1954-01-01 00:00:00,1962-12-01 00:00:00,Y,N,N
-122.91666666666667,50.1,715,BLACKCOMB MOUNTAIN 1860,BC,BRITISH COLUMBIA,COLOMBIE-BRITANNIQUE,CAN,500600000,-1225500000,PST,1860.90,1100879,,,Climate-Staffed,G,1,9,,,,,1980-11-01 00:00:00,1994-05-31 00:00:00,,,1980-11-01 00:00:00,1994-05-31 00:00:00,1981-01-01 00:00:00,1990-12-01 00:00:00,Y,N,N
-121.70416722222222,49.08000222222222,716,CHILLIWACK R HATCHERY,BC,BRITISH COLUMBIA,COLOMBIE-BRITANNIQUE,CAN,490448008,-1214215002,PST,225.00,1101N65,,,Climate-Staffed,D,1,5,,,,,1961-01-01 00:00:00,2016-05-04 00:00:00,,,1961-04-01 00:00:00,2016-05-04 00:00:00,1961-01-01 00:00:00,2007-02-01 00:00:00,Y,N,N
-122.835,49.259166666666665,717,COQUITLAM MUNDY PARK 2,BC,BRITISH COLUMBIA,COLOMBIE-BRITANNIQUE,CAN,491533000,-1225006000,PST,150.00,1101Q9A,,,Climate-Staffed,E,1,6,,,,,1989-01-01 00:00:00,2003-01-31 00:00:00,,,1989-12-01 00:00:00,2003-01-31 00:00:00,1989-01-01 00:00:00,2003-01-01 00:00:00,Y,N,N
-122.91666666666667,49.25,718,BURNABY CARIBOO DAM,BC,BRITISH COLUMBIA,COLOMBIE-BRITANNIQUE,CAN,491500000,-1225500000,PST,12.80,11011MF,,,N/A,F,1,7,,,,,1979-01-01 00:00:00,1987-12-31 00:00:00,,,1979-05-01 00:00:00,1987-12-31 00:00:00,1979-01-01 00:00:00,1987-12-01 00:00:00,Y,N,N
-122.75,49.21666666666667,719,BURNABY EAST,BC,BRITISH COLUMBIA,COLOMBIE-BRITANNIQUE,CAN,491300000,-1224500000,PST,120.10,11011N0,,,N/A,G,1,8,,,,,1978-01-01 00:00:00,1980-12-01 00:00:00,,,1978-05-01 00:00:00,1980-08-31 00:00:00,1978-01-01 00:00:00,1980-12-01 00:00:00,Y,N,N
-122.86277777777778,49.38472222222222,720,BUNTZEN BAY,BC,BRITISH COLUMBIA,COLOMBIE-BRITANNIQUE,CAN,492305000,-1225146000,PST,10.00,1101138,,,Climate-Staffed,F,1,7,,,,,1971-01-01 00:00:00,2007-02-28 00:00:00,,,1971-11-01 00:00:00,2007-02-28 00:00:00,1971-01-01 00:00:00,2007-02-01 00:00:00,Y,N,N
-122.86666666666666,49.38333333333333,721,BUNTZEN LAKE,BC,BRITISH COLUMBIA,COLOMBIE-BRITANNIQUE,CAN,492300000,-1225200000,PST,10.00,1101140,,,N/A,E,1,6,,,,,1924-01-01 00:00:00,1983-12-01 00:00:00,,,1924-01-01 00:00:00,1983-05-31 00:00:00,1924-01-01 00:00:00,1983-12-01 00:00:00,Y,N,N
-123.0,49.25,722,BURNABY BC INST TECHNOL,BC,BRITISH COLUMBIA,COLOMBIE-BRITANNIQUE,CAN,491500000,-1230000000,PST,30.50,1101142,,,N/A,,1,9,,,,,1966-01-01 00:00:00,1968-12-01 00:00:00,,,1966-04-01 00:00:00,1968-10-31 00:00:00,1966-01-01 00:00:00,1968-12-01 00:00:00,Y,N,N
-122.96666666666667,49.233333333333334,723,BURNABY BRANTFORD,BC,BRITISH COLUMBIA,COLOMBIE-BRITANNIQUE,CAN,491400000,-1225800000,PST,125.00,1101144,,,N/A,,1,9,,,,,1959-12-01 00:00:00,1970-12-01 00:00:00,,,1959-12-01 00:00:00,1970-03-31 00:00:00,1960-01-01 00:00:00,1970-12-01 00:00:00,Y,N,N
-122.98666666666666,49.28611111111111,724,BURNABY CAPITOL HILL,BC,BRITISH COLUMBIA,COLOMBIE-BRITANNIQUE,CAN,491710000,-1225912000,PST,182.90,1101146,,,Climate-Staffed,A,1,2,,,,,1960-01-01 00:00:00,2001-12-31 00:00:00,,,1960-01-01 00:00:00,2001-12-31 00:00:00,1960-01-01 00:00:00,2001-12-01 00:00:00,Y,Y,N
-122.96666666666667,49.28333333333333,725,BURNABY CURTIS,BC,BRITISH COLUMBIA,COLOMBIE-BRITANNIQUE,CAN,491700000,-1225800000,PST,99.10,1101147,,,N/A,G,1,8,,,,,1968-01-01 00:00:00,1973-12-01 00:00:00,,,1968-07-01 00:00:00,1973-05-31 00:00:00,1968-01-01 00:00:00,1973-12-01 00:00:00,Y,N,N
-122.93333333333334,49.233333333333334,726,BURNABY EAST,BC,BRITISH COLUMBIA,COLOMBIE-BRITANNIQUE,CAN,491400000,-1225600000,PST,114.30,1101150,,,N/A,,1,9,,,,,1955-01-01 00:00:00,1958-12-01 00:00:00,,,1955-07-01 00:00:00,1958-04-30 00:00:00,1955-01-01 00:00:00,1958-12-01 00:00:00,Y,N,N
-122.95,49.21666666666667,727,BURNABY EDMONDS,BC,BRITISH COLUMBIA,COLOMBIE-BRITANNIQUE,CAN,491300000,-1225700000,PST,99.10,1101151,,,N/A,,1,9,,,,,1959-12-01 00:00:00,1962-12-31 00:00:00,,,1959-12-01 00:00:00,1962-12-31 00:00:00,1960-01-01 00:00:00,1962-12-01 00:00:00,Y,N,N
-122.95,49.266666666666666,728,BURNABY LAKE,BC,BRITISH COLUMBIA,COLOMBIE-BRITANNIQUE,CAN,491600000,-1225700000,PST,65.50,1101153,,,N/A,,1,9,,,,,1960-01-01 00:00:00,1963-12-01 00:00:00,,,1960-01-01 00:00:00,1963-03-31 00:00:00,1960-01-01 00:00:00,1963-12-01 00:00:00,Y,N,N
-122.98333333333333,49.266666666666666,729,BURNABY LAKE WEST,BC,BRITISH COLUMBIA,COLOMBIE-BRITANNIQUE,CAN,491600000,-1225900000,PST,33.50,1101154,,,N/A,,1,9,,,,,1964-01-01 00:00:00,1964-12-01 00:00:00,,,1964-01-01 00:00:00,1964-07-31 00:00:00,1964-01-01 00:00:00,1964-12-01 00:00:00,Y,N,N
-122.93333333333334,49.266666666666666,730,BURNABY MTN TERMINAL,BC,BRITISH COLUMBIA,COLOMBIE-BRITANNIQUE,CAN,491600000,-1225600000,PST,137.20,1101155,,,Climate-Staffed,C,1,4,,,,,1958-01-01 00:00:00,1996-04-30 00:00:00,,,1958-07-01 00:00:00,1996-04-30 00:00:00,1958-01-01 00:00:00,1996-04-01 00:00:00,Y,N,N
-122.91804444444445,49.27838888888889,731,BURNABY SIMON FRASER U,BC,BRITISH COLUMBIA,COLOMBIE-BRITANNIQUE,CAN,491642200,-1225504960,PST,365.80,1101158,,,Climate-Staffed,A,1,1,CCN,RCSC,Co-operative Climate Network,Réseau coopératif de stations climatiques,1965-01-01 00:00:00,2022-06-04 00:00:00,,,1965-02-01 00:00:00,2022-06-04 00:00:00,1965-01-01 00:00:00,2007-02-01 00:00:00,Y,Y,N
-123.01666666666667,49.21666666666667,732,BURNABY SUNCREST,BC,BRITISH COLUMBIA,COLOMBIE-BRITANNIQUE,CAN,491300000,-1230100000,PST,54.90,1101160,,,N/A,,1,9,,,,,1955-01-01 00:00:00,1957-12-01 00:00:00,,,1955-07-01 00:00:00,1957-06-30 00:00:00,1955-01-01 00:00:00,1957-12-01 00:00:00,Y,N,N
-123.01666666666667,49.3,733,BURNABY VANCOUVER HTS,BC,BRITISH COLUMBIA,COLOMBIE-BRITANNIQUE,CAN,491800000,-1230100000,PST,82.30,1101166,,,N/A,,1,9,,,,,1959-12-01 00:00:00,1966-12-01 00:00:00,,,1959-12-01 00:00:00,1966-09-30 00:00:00,1960-01-01 00:00:00,1966-12-01 00:00:00,Y,N,N
-122.87694444444445,49.251666666666665,734,BURQUITLAM VANCOUVER GOLF COURSE,BC,BRITISH COLUMBIA,COLOMBIE-BRITANNIQUE,CAN,491506000,-1225237000,PST,122.00,1101200,,,Climate-Staffed,E,1,6,,,,,1926-01-01 00:00:00,2005-12-31 00:00:00,,,1926-01-01 00:00:00,2005-12-31 00:00:00,1926-01-01 00:00:00,2005-12-01 00:00:00,Y,N,N
-121.92465833333333,49.172158333333336,735,CHILLIWACK,BC,BRITISH COLUMBIA,COLOMBIE-BRITANNIQUE,CAN,491019770,-1215528770,PST,11.00,1101530,,,Climate-Staffed,C,1,4,,,,,1879-01-01 00:00:00,2014-08-31 00:00:00,,,1879-04-01 00:00:00,2014-08-31 00:00:00,1879-01-01 00:00:00,2007-02-01 00:00:00,Y,N,N
-121.95,49.18333333333333,736,CHILLIWACK CITY,BC,BRITISH COLUMBIA,COLOMBIE-BRITANNIQUE,CAN,491100000,-1215700000,PST,6.10,1101540,,,N/A,G,1,8,,,,,1960-01-01 00:00:00,1985-12-01 00:00:00,,,1960-01-01 00:00:00,1985-09-30 00:00:00,1960-01-01 00:00:00,1985-12-01 00:00:00,Y,N,N
-121.86666666666666,49.166666666666664,737,CHILLIWACK GIBSON ROAD,BC,BRITISH COLUMBIA,COLOMBIE-BRITANNIQUE,CAN,491000000,-1215200000,PST,12.00,1101545,,,N/A,E,1,6,,,,,1961-01-01 00:00:00,1986-12-01 00:00:00,,,1961-01-01 00:00:00,1986-10-31 00:00:00,1961-01-01 00:00:00,1986-12-01 00:00:00,Y,N,N
-121.83333333333333,49.13333333333333,738,CHILLIWACK MARBLEHILL CK,BC,BRITISH COLUMBIA,COLOMBIE-BRITANNIQUE,CAN,490800000,-1215000000,PST,213.40,1101561,,,N/A,,1,9,,,,,1970-01-01 00:00:00,1970-12-01 00:00:00,,,1970-05-01 00:00:00,1970-08-31 00:00:00,1970-01-01 00:00:00,1970-12-01 00:00:00,Y,N,N
-121.55,49.1,739,CHILLIWACK R CENTRE CRK,BC,BRITISH COLUMBIA,COLOMBIE-BRITANNIQUE,CAN,490600000,-1213300000,PST,487.70,1101564,,,N/A,G,1,8,,,,,1961-01-01 00:00:00,1976-12-01 00:00:00,,,1961-04-01 00:00:00,1976-07-31 00:00:00,1961-01-01 00:00:00,1976-12-01 00:00:00,Y,N,N
-121.63333333333334,49.1,740,CHILLIWACK R FOLEY CREEK,BC,BRITISH COLUMBIA,COLOMBIE-BRITANNIQUE,CAN,490600000,-1213800000,PST,369.10,1101565,,,N/A,E,1,6,,,,,1966-01-01 00:00:00,1984-12-01 00:00:00,,,1966-07-01 00:00:00,1984-05-31 00:00:00,1966-01-01 00:00:00,1984-12-01 00:00:00,Y,N,N
-121.83333333333333,49.06666666666667,742,CHILLIWACK R TAMAHI CRK,BC,BRITISH COLUMBIA,COLOMBIE-BRITANNIQUE,CAN,490400000,-1215000000,PST,137.20,1101567,,,N/A,,1,9,,,,,1961-01-01 00:00:00,1966-12-01 00:00:00,,,1961-04-01 00:00:00,1966-06-30 00:00:00,1961-01-01 00:00:00,1966-12-01 00:00:00,Y,N,N
-121.96666666666667,49.166666666666664,743,CHILLIWACK WESTVIEW,BC,BRITISH COLUMBIA,COLOMBIE-BRITANNIQUE,CAN,491000000,-1215800000,PST,6.10,1101577,,,N/A,E,1,6,,,,,1981-01-01 00:00:00,1994-12-01 00:00:00,,,1981-12-01 00:00:00,1994-05-31 00:00:00,1981-01-01 00:00:00,1994-12-01 00:00:00,Y,N,N
-121.9,49.18333333333333,744,CHILLIWACK YALE RD EAST,BC,BRITISH COLUMBIA,COLOMBIE-BRITANNIQUE,CAN,491100000,-1215400000,PST,7.60,1101580,,,N/A,F,1,7,,,,,1969-01-01 00:00:00,1977-12-01 00:00:00,,,1969-05-01 00:00:00,1977-03-31 00:00:00,1969-01-01 00:00:00,1977-12-01 00:00:00,Y,N,N
-122.73333333333333,49.1,745,CLOVERDALE,BC,BRITISH COLUMBIA,COLOMBIE-BRITANNIQUE,CAN,490600000,-1224400000,PST,3.00,1101680,,,N/A,,1,9,,,,,1953-01-01 00:00:00,1962-12-01 00:00:00,,,1953-06-01 00:00:00,1962-10-31 00:00:00,1953-01-01 00:00:00,1962-12-01 00:00:00,Y,N,N
-122.73333333333333,49.1,746,CLOVERDALE CENTRE,BC,BRITISH COLUMBIA,COLOMBIE-BRITANNIQUE,CAN,490600000,-1224400000,PST,3.00,1101707,,,N/A,,1,9,,,,,1962-01-01 00:00:00,1966-12-01 00:00:00,,,1962-06-01 00:00:00,1966-01-31 00:00:00,1962-01-01 00:00:00,1966-12-01 00:00:00,Y,N,N
-122.69759722222223,49.10915277777778,747,CLOVERDALE EAST,BC,BRITISH COLUMBIA,COLOMBIE-BRITANNIQUE,CAN,490632950,-1224151350,PST,50.00,1101708,,,Climate-Staffed,F,1,7,CCN,RCSC,Co-operative Climate Network,Réseau coopératif de stations climatiques,1964-01-01 00:00:00,2024-11-18 00:00:00,,,1964-01-01 00:00:00,2024-11-18 00:00:00,1964-01-01 00:00:00,2007-02-01 00:00:00,Y,N,N
-122.73333333333333,49.13333333333333,748,CLOVERVALLEY FRYS CORNER,BC,BRITISH COLUMBIA,COLOMBIE-BRITANNIQUE,CAN,490800000,-1224400000,PST,9.10,1101709,,,N/A,G,1,9,,,,,1974-01-01 00:00:00,1974-12-01 00:00:00,,,1974-04-01 00:00:00,1974-08-31 00:00:00,1974-01-01 00:00:00,1974-12-01 00:00:00,Y,N,N
-122.85,49.266666666666666,749,COQUITLAM,BC,BRITISH COLUMBIA,COLOMBIE-BRITANNIQUE,CAN,491600000,-1225100000,PST,7.90,1101888,,,N/A,,1,9,,,,,1901-01-01 00:00:00,1933-12-01 00:00:00,,,1901-06-01 00:00:00,1933-10-31 00:00:00,1901-01-01 00:00:00,1933-12-01 00:00:00,Y,N,N
-122.86555833333334,49.26945,750,COQUITLAM COMO LAKE AVE,BC,BRITISH COLUMBIA,COLOMBIE-BRITANNIQUE,CAN,491610020,-1225156010,PST,160.00,1101889,,,Climate-Staffed,C,1,4,,,,,1972-12-01 00:00:00,2016-06-13 00:00:00,,,1972-12-01 00:00:00,2016-06-13 00:00:00,1973-01-01 00:00:00,2007-02-01 00:00:00,Y,N,N
-122.8,49.36666666666667,751,COQUITLAM LAKE,BC,BRITISH COLUMBIA,COLOMBIE-BRITANNIQUE,CAN,492200000,-1224800000,PST,160.90,1101890,,,N/A,F,1,7,,,,,1924-01-01 00:00:00,1982-12-01 00:00:00,,,1924-01-01 00:00:00,1982-09-30 00:00:00,1924-01-01 00:00:00,1982-12-01 00:00:00,Y,N,N
-122.83333333333333,49.25,752,COQUITLAM MUNDY PARK,BC,BRITISH COLUMBIA,COLOMBIE-BRITANNIQUE,CAN,491500000,-1225000000,PST,101.00,1101891,,,N/A,G,1,8,,,,,1988-01-01 00:00:00,1989-12-31 00:00:00,,,1988-08-01 00:00:00,1989-12-31 00:00:00,1988-01-01 00:00:00,1989-12-01 00:00:00,Y,N,N
-121.96666666666667,49.13333333333333,753,EDENBANK SARDIS,BC,BRITISH COLUMBIA,COLOMBIE-BRITANNIQUE,CAN,490800000,-1215800000,PST,10.00,1102F3H,,,N/A,E,1,6,,,,,1977-01-01 00:00:00,1997-05-31 00:00:00,,,1977-04-01 00:00:00,1997-05-31 00:00:00,1977-01-01 00:00:00,1997-05-01 00:00:00,Y,N,N
-121.98333333333333,49.083333333333336,754,CULTUS LAKE,BC,BRITISH COLUMBIA,COLOMBIE-BRITANNIQUE,CAN,490500000,-1215900000,PST,45.70,1102220,,,Climate-Staffed,D,1,5,,,,,1931-01-01 00:00:00,1994-12-01 00:00:00,,,1931-11-01 00:00:00,1994-11-30 00:00:00,1931-01-01 00:00:00,1994-12-01 00:00:00,Y,N,N
-122.01666666666667,49.03333333333333,755,CULTUS LAKE LINDELL,BC,BRITISH COLUMBIA,COLOMBIE-BRITANNIQUE,CAN,490200000,-1220100000,PST,61.00,1102222,,,N/A,F,1,7,,,,,1981-01-01 00:00:00,1988-12-31 00:00:00,,,1981-02-01 00:00:00,1988-12-31 00:00:00,1981-01-01 00:00:00,1988-12-01 00:00:00,Y,N,N
-123.20444444444445,49.39611111111111,756,CYPRESS BOWL,BC,BRITISH COLUMBIA,COLOMBIE-BRITANNIQUE,CAN,492346000,-1231216000,PST,930.00,1102253,,,Climate-Staffed,G,1,8,,,,,1984-01-01 00:00:00,2004-07-31 00:00:00,,,1984-12-01 00:00:00,2004-07-31 00:00:00,1984-01-01 00:00:00,2004-07-01 00:00:00,Y,N,N
-123.19083333333333,49.40463888888889,757,CYPRESS BOWL UPPER,BC,BRITISH COLUMBIA,COLOMBIE-BRITANNIQUE,CAN,492416700,-1231127000,PST,1210.00,1102254,,,Climate-Staffed,G,1,9,,,,,1985-01-01 00:00:00,2004-04-30 00:00:00,,,1985-01-01 00:00:00,2004-04-30 00:00:00,1985-01-01 00:00:00,2004-04-01 00:00:00,Y,N,N
-122.91666666666667,49.15,758,DELTA ANNIEVILLE,BC,BRITISH COLUMBIA,COLOMBIE-BRITANNIQUE,CAN,490900000,-1225500000,PST,85.30,1102410,,,N/A,G,1,9,,,,,1971-01-01 00:00:00,1972-12-01 00:00:00,,,1971-04-01 00:00:00,1972-08-31 00:00:00,1971-01-01 00:00:00,1972-12-01 00:00:00,Y,N,N
-123.06666666666666,49.03333333333333,759,DELTA BEACH GROVE,BC,BRITISH COLUMBIA,COLOMBIE-BRITANNIQUE,CAN,490200000,-1230400000,PST,3.00,1102412,,,N/A,G,1,9,,,,,1984-01-01 00:00:00,1984-12-01 00:00:00,,,1984-10-01 00:00:00,1984-11-30 00:00:00,1984-01-01 00:00:00,1984-12-01 00:00:00,Y,N,N
-123.06666666666666,49.083333333333336,760,DELTA LADNER EAST,BC,BRITISH COLUMBIA,COLOMBIE-BRITANNIQUE,CAN,490500000,-1230400000,PST,1.50,1102416,,,N/A,G,1,8,,,,,1971-01-01 00:00:00,1975-12-01 00:00:00,,,1971-03-01 00:00:00,1975-03-31 00:00:00,1971-01-01 00:00:00,1975-12-01 00:00:00,Y,N,N
-123.08333333333333,49.06666666666667,761,DELTA LADNER SOUTH,BC,BRITISH COLUMBIA,COLOMBIE-BRITANNIQUE,CAN,490400000,-1230500000,PST,2.00,1102417,,,N/A,D,1,5,,,,,1971-01-01 00:00:00,1989-12-01 00:00:00,,,1971-03-01 00:00:00,1989-07-31 00:00:00,1971-01-01 00:00:00,1989-12-01 00:00:00,Y,N,N
-122.91666666666667,49.083333333333336,762,DELTA OLIVER SLOUGH,BC,BRITISH COLUMBIA,COLOMBIE-BRITANNIQUE,CAN,490500000,-1225500000,PST,1.80,1102419,,,N/A,G,1,8,,,,,1971-01-01 00:00:00,1975-12-01 00:00:00,,,1971-03-01 00:00:00,1975-09-30 00:00:00,1971-01-01 00:00:00,1975-12-01 00:00:00,Y,N,N
-123.08333333333333,49.0,763,DELTA PEBBLE HILL,BC,BRITISH COLUMBIA,COLOMBIE-BRITANNIQUE,CAN,490000000,-1230500000,PST,51.00,1102420,,,Climate-Staffed,D,1,5,,,,,1961-01-01 00:00:00,1996-01-31 00:00:00,,,1961-12-01 00:00:00,1996-01-31 00:00:00,1961-01-01 00:00:00,1996-01-01 00:00:00,Y,N,N
-122.91666666666667,49.11666666666667,764,DELTA SUNSHINE HILLS,BC,BRITISH COLUMBIA,COLOMBIE-BRITANNIQUE,CAN,490700000,-1225500000,PST,64.00,1102422,,,Climate-Staffed,G,1,8,,,,,1987-01-01 00:00:00,1997-05-31 00:00:00,,,1987-08-01 00:00:00,1997-05-31 00:00:00,1987-01-01 00:00:00,1997-05-01 00:00:00,Y,N,N
-123.1,49.016666666666666,765,DELTA TSAWWASSEN,BC,BRITISH COLUMBIA,COLOMBIE-BRITANNIQUE,CAN,490100000,-1230600000,PST,53.30,1102424,,,N/A,,1,9,,,,,1959-01-01 00:00:00,1969-12-31 00:00:00,,,1959-10-01 00:00:00,1969-12-31 00:00:00,1959-01-01 00:00:00,1969-12-01 00:00:00,Y,N,N
-123.09333333333333,49.01094444444445,766,DELTA TSAWWASSEN BEACH,BC,BRITISH COLUMBIA,COLOMBIE-BRITANNIQUE,CAN,490039400,-1230536000,PST,2.40,1102425,,,Climate-Staffed,E,1,6,CCN,RCSC,Co-operative Climate Network,Réseau coopératif de stations climatiques,1971-01-01 00:00:00,2024-11-18 00:00:00,,,1971-03-01 00:00:00,2024-11-18 00:00:00,1971-01-01 00:00:00,2007-02-01 00:00:00,Y,N,N
-122.06666666666666,49.18333333333333,767,DEROCHE,BC,BRITISH COLUMBIA,COLOMBIE-BRITANNIQUE,CAN,491100000,-1220400000,PST,61.00,1102465,,,N/A,G,1,8,,,,,1984-01-01 00:00:00,1990-12-01 00:00:00,,,1984-07-01 00:00:00,1990-11-30 00:00:00,1984-01-01 00:00:00,1990-12-01 00:00:00,Y,N,N
-121.96666666666667,49.28333333333333,768,ELBOW LAKE,BC,BRITISH COLUMBIA,COLOMBIE-BRITANNIQUE,CAN,491700000,-1215800000,PST,218.00,1102650,,,N/A,F,1,7,,,,,1980-10-01 00:00:00,1989-12-01 00:00:00,,,1980-10-01 00:00:00,1989-09-30 00:00:00,1981-01-01 00:00:00,1989-12-01 00:00:00,Y,N,N
-122.81666666666666,49.25,769,ESSONDALE,BC,BRITISH COLUMBIA,COLOMBIE-BRITANNIQUE,CAN,491500000,-1224900000,PST,53.30,1102725,,,N/A,,1,9,,,,,1960-01-01 00:00:00,1961-12-01 00:00:00,,,1960-10-01 00:00:00,1961-06-30 00:00:00,1960-01-01 00:00:00,1961-12-01 00:00:00,Y,N,N
-122.61666666666666,49.2,770,FORT LANGLEY,BC,BRITISH COLUMBIA,COLOMBIE-BRITANNIQUE,CAN,491200000,-1223700000,PST,6.10,1102910,,,N/A,,1,9,,,,,1953-01-01 00:00:00,1956-12-01 00:00:00,,,1953-03-01 00:00:00,1956-07-31 00:00:00,1953-01-01 00:00:00,1956-12-01 00:00:00,Y,N,N
-122.6,49.21666666666667,771,HANEY,BC,BRITISH COLUMBIA,COLOMBIE-BRITANNIQUE,CAN,491300000,-1223600000,PST,25.90,1103322,,,N/A,,1,9,,,,,1958-01-01 00:00:00,1962-12-31 00:00:00,,,1958-01-01 00:00:00,1962-12-31 00:00:00,1958-01-01 00:00:00,1962-12-01 00:00:00,Y,N,N
-122.51666666666667,49.25,772,HANEY CORRL INSTN,BC,BRITISH COLUMBIA,COLOMBIE-BRITANNIQUE,CAN,491500000,-1223100000,PST,141.70,1103324,,,N/A,F,1,7,,,,,1960-01-01 00:00:00,1981-12-01 00:00:00,,,1960-05-01 00:00:00,1981-04-30 00:00:00,1960-01-01 00:00:00,1981-12-01 00:00:00,Y,N,N
-122.55827777777777,49.204388888888886,773,HANEY EAST,BC,BRITISH COLUMBIA,COLOMBIE-BRITANNIQUE,CAN,491215800,-1223329800,PST,30.50,1103326,,,Climate-Staffed,A,1,1,,,,,1959-01-01 00:00:00,2011-10-29 00:00:00,,,1959-07-01 00:00:00,2011-10-29 00:00:00,1959-01-01 00:00:00,2007-02-01 00:00:00,Y,Y,N
-122.61666666666666,49.25,774,HANEY 532,BC,BRITISH COLUMBIA,COLOMBIE-BRITANNIQUE,CAN,491500000,-1223700000,PST,3.00,1103327,,,N/A,,1,9,,,,,1967-01-01 00:00:00,1970-12-01 00:00:00,,,1967-03-01 00:00:00,1970-07-31 00:00:00,1967-01-01 00:00:00,1970-12-01 00:00:00,Y,N,N
-122.51666666666667,49.266666666666666,775,HANEY PINE RIDGE CAMP,BC,BRITISH COLUMBIA,COLOMBIE-BRITANNIQUE,CAN,491600000,-1223100000,PST,150.00,1103329,,,N/A,,1,9,,,,,1981-10-01 00:00:00,1981-10-31 00:00:00,,,1981-10-01 00:00:00,1981-10-31 00:00:00,,,Y,N,N
-122.57316666666667,49.264472222222224,776,HANEY UBC RF ADMIN,BC,BRITISH COLUMBIA,COLOMBIE-BRITANNIQUE,CAN,491552100,-1223423400,PST,147.00,1103332,,,Climate-Staffed,A,1,1,CCN,RCSC,Co-operative Climate Network,Réseau coopératif de stations climatiques,1961-01-01 00:00:00,2024-11-07 00:00:00,,,1961-10-01 00:00:00,2024-11-07 00:00:00,1961-01-01 00:00:00,2007-02-01 00:00:00,Y,Y,N
-122.58333333333333,49.3,777,HANEY UBC RF LOON LAKE,BC,BRITISH COLUMBIA,COLOMBIE-BRITANNIQUE,CAN,491800000,-1223500000,PST,353.60,1103333,,,N/A,G,1,8,,,,,1962-01-01 00:00:00,1972-12-01 00:00:00,,,1962-05-01 00:00:00,1972-07-31 00:00:00,1962-01-01 00:00:00,1972-12-01 00:00:00,Y,N,N
-122.55,49.3,778,HANEY UBC RF SPUR 17,BC,BRITISH COLUMBIA,COLOMBIE-BRITANNIQUE,CAN,491800000,-1223300000,PST,373.40,1103334,,,N/A,G,1,8,,,,,1961-01-01 00:00:00,1972-12-01 00:00:00,,,1961-10-01 00:00:00,1972-07-31 00:00:00,1961-01-01 00:00:00,1972-12-01 00:00:00,Y,N,N
-122.25,49.166666666666664,779,HATZIC LAKE,BC,BRITISH COLUMBIA,COLOMBIE-BRITANNIQUE,CAN,491000000,-1221500000,PST,25.00,1103342,,,Climate-Staffed,E,1,6,,,,,1959-01-01 00:00:00,2000-04-30 00:00:00,,,1959-11-01 00:00:00,2000-04-30 00:00:00,1959-01-01 00:00:00,2000-04-01 00:00:00,Y,N,N
-121.93333333333334,49.38333333333333,780,HEMLOCK,BC,BRITISH COLUMBIA,COLOMBIE-BRITANNIQUE,CAN,492300000,-1215600000,PST,976.90,1103440,,,N/A,G,1,9,,,,,1982-12-01 00:00:00,1985-12-01 00:00:00,,,1982-12-01 00:00:00,1985-02-28 00:00:00,1983-01-01 00:00:00,1985-12-01 00:00:00,Y,N,N
-123.18333333333334,49.38333333333333,781,HOLLYBURN RIDGE,BC,BRITISH COLUMBIA,COLOMBIE-BRITANNIQUE,CAN,492300000,-1231100000,PST,930.00,1103510,,,Climate-Staffed,C,1,4,,,,,1954-01-01 00:00:00,1995-04-30 00:00:00,,,1954-05-01 00:00:00,1995-04-30 00:00:00,1954-01-01 00:00:00,1995-04-01 00:00:00,Y,N,N
-122.21666666666667,49.0,782,HUNTINGDON METER STATION,BC,BRITISH COLUMBIA,COLOMBIE-BRITANNIQUE,CAN,490000000,-1221300000,PST,7.60,1103635,,,N/A,,1,9,,,,,1961-01-01 00:00:00,1968-12-01 00:00:00,,,1961-03-01 00:00:00,1968-08-31 00:00:00,1961-01-01 00:00:00,1968-12-01 00:00:00,Y,N,N
-122.2,49.03333333333333,783,HUNTINGDON VYE ROAD,BC,BRITISH COLUMBIA,COLOMBIE-BRITANNIQUE,CAN,490200000,-1221200000,PST,25.00,1103636,,,N/A,F,1,7,,,,,1971-12-01 00:00:00,1992-12-01 00:00:00,,,1971-12-01 00:00:00,1992-03-31 00:00:00,1972-01-01 00:00:00,1992-12-01 00:00:00,Y,N,N
-122.88333333333334,49.38333333333333,784,INDIAN ARM CENTRAL,BC,BRITISH COLUMBIA,COLOMBIE-BRITANNIQUE,CAN,492300000,-1225300000,PST,1.00,1103647,,,N/A,G,1,8,,,,,1986-01-01 00:00:00,1989-12-01 00:00:00,,,1986-05-01 00:00:00,1989-01-31 00:00:00,1986-01-01 00:00:00,1989-12-01 00:00:00,Y,N,N
-122.91666666666667,49.333333333333336,785,INDIAN ARM WOODLANDS,BC,BRITISH COLUMBIA,COLOMBIE-BRITANNIQUE,CAN,492000000,-1225500000,PST,15.00,1103648,,,Climate-Staffed,G,1,8,,,,,1987-01-01 00:00:00,2001-06-30 00:00:00,,,1987-10-01 00:00:00,2001-06-30 00:00:00,1987-01-01 00:00:00,2001-06-01 00:00:00,Y,N,N
-122.88333333333334,49.3,786,IOCO REFINERY,BC,BRITISH COLUMBIA,COLOMBIE-BRITANNIQUE,CAN,491800000,-1225300000,PST,53.30,1103660,,,N/A,C,1,4,,,,,1916-01-01 00:00:00,1995-06-30 00:00:00,,,1916-08-01 00:00:00,1995-06-30 00:00:00,1916-01-01 00:00:00,1995-06-01 00:00:00,Y,N,N
-122.50666666666666,49.21111111111111,787,MAPLE RIDGE KANAKA CREEK,BC,BRITISH COLUMBIA,COLOMBIE-BRITANNIQUE,CAN,491240000,-1223024000,PST,76.00,1104R02,,,Climate-Staffed,E,1,6,CCN,RCSC,Co-operative Climate Network,Réseau coopératif de stations climatiques,1986-01-01 00:00:00,2018-02-15 00:00:00,,,1986-12-01 00:00:00,2018-02-15 00:00:00,1986-01-01 00:00:00,2007-02-01 00:00:00,Y,N,N
-122.78333333333333,49.06666666666667,788,KENSINGTON PRAIRIE,BC,BRITISH COLUMBIA,COLOMBIE-BRITANNIQUE,CAN,490400000,-1224700000,PST,27.40,1104080,,,N/A,F,1,7,,,,,1953-01-01 00:00:00,1978-12-01 00:00:00,,,1953-04-01 00:00:00,1978-07-31 00:00:00,1953-01-01 00:00:00,1978-12-01 00:00:00,Y,N,N
-123.06666666666666,49.083333333333336,789,LADNER,BC,BRITISH COLUMBIA,COLOMBIE-BRITANNIQUE,CAN,490500000,-1230400000,PST,9.10,1104468,,,N/A,,1,9,,,,,1878-01-01 00:00:00,1934-12-31 00:00:00,,,1878-02-01 00:00:00,1934-12-31 00:00:00,1878-01-01 00:00:00,1934-12-01 00:00:00,Y,N,N
-123.01666666666667,49.083333333333336,790,LADNER,BC,BRITISH COLUMBIA,COLOMBIE-BRITANNIQUE,CAN,490500000,-1230100000,PST,1.20,1104470,,,N/A,G,1,9,,,,,1952-01-01 00:00:00,1971-12-01 00:00:00,,,1952-01-01 00:00:00,1971-10-31 00:00:00,1952-01-01 00:00:00,1971-12-01 00:00:00,Y,N,N
-123.05,49.083333333333336,791,LADNER BCHPA,BC,BRITISH COLUMBIA,COLOMBIE-BRITANNIQUE,CAN,490500000,-1230300000,PST,1.50,1104473,,,N/A,G,1,8,,,,,1975-01-01 00:00:00,1978-12-01 00:00:00,,,1975-06-01 00:00:00,1978-10-31 00:00:00,1975-01-01 00:00:00,1978-12-01 00:00:00,Y,N,N
-123.11666666666666,49.06666666666667,792,LADNER MONITOR STN,BC,BRITISH COLUMBIA,COLOMBIE-BRITANNIQUE,CAN,490400000,-1230700000,PST,0.00,1104477,,,N/A,G,1,9,,,,,1960-01-01 00:00:00,1971-12-01 00:00:00,,,1960-01-01 00:00:00,1971-03-31 00:00:00,1960-01-01 00:00:00,1971-12-01 00:00:00,Y,N,N
-123.1,49.083333333333336,793,LADNER PORT GUICHON,BC,BRITISH COLUMBIA,COLOMBIE-BRITANNIQUE,CAN,490500000,-1230600000,PST,0.00,1104484,,,N/A,G,1,8,,,,,1960-01-01 00:00:00,1975-12-01 00:00:00,,,1960-01-01 00:00:00,1975-02-28 00:00:00,1960-01-01 00:00:00,1975-12-01 00:00:00,Y,N,N
-121.5794638888889,49.35638888888889,794,LAIDLAW,BC,BRITISH COLUMBIA,COLOMBIE-BRITANNIQUE,CAN,492123000,-1213446070,PST,37.00,1104488,,,Climate-Staffed,D,1,5,CCN,RCSC,Co-operative Climate Network,Réseau coopératif de stations climatiques,1977-01-01 00:00:00,2017-02-28 00:00:00,,,1977-01-01 00:00:00,2017-02-28 00:00:00,1977-01-01 00:00:00,2007-02-01 00:00:00,Y,N,N
-122.53333333333333,49.18333333333333,795,LANGLEY,BC,BRITISH COLUMBIA,COLOMBIE-BRITANNIQUE,CAN,491100000,-1223200000,PST,,1104550,,,N/A,,1,9,,,,,1878-01-01 00:00:00,1900-12-01 00:00:00,,,1878-01-01 00:00:00,1900-10-31 00:00:00,1878-01-01 00:00:00,1900-12-01 00:00:00,Y,N,N
-122.66666666666667,49.03333333333333,796,LANGLEY CAMPBELL R PK,BC,BRITISH COLUMBIA,COLOMBIE-BRITANNIQUE,CAN,490200000,-1224000000,PST,56.00,1104553,,,Climate-Staffed,F,1,7,,,,,1987-01-01 00:00:00,1996-12-31 00:00:00,,,1987-04-01 00:00:00,1996-12-31 00:00:00,1987-01-01 00:00:00,1996-12-01 00:00:00,Y,N,N
-122.61666666666666,49.083333333333336,797,LANGLEY CENTRE,BC,BRITISH COLUMBIA,COLOMBIE-BRITANNIQUE,CAN,490500000,-1223700000,PST,59.40,1104554,,,N/A,G,1,8,,,,,1988-01-01 00:00:00,1994-12-01 00:00:00,,,1988-10-01 00:00:00,1994-04-30 00:00:00,1988-01-01 00:00:00,1994-12-01 00:00:00,Y,N,N
-122.58333333333333,49.05,798,LANGLEY LOCHIEL,BC,BRITISH COLUMBIA,COLOMBIE-BRITANNIQUE,CAN,490300000,-1223500000,PST,100.90,1104555,,,N/A,D,1,5,,,,,1957-01-01 00:00:00,1986-12-01 00:00:00,,,1957-03-01 00:00:00,1986-07-31 00:00:00,1957-01-01 00:00:00,1986-12-01 00:00:00,Y,N,N
-122.65,49.15,799,LANGLEY PRAIRIE,BC,BRITISH COLUMBIA,COLOMBIE-BRITANNIQUE,CAN,490900000,-1223900000,PST,86.90,1104560,,,N/A,F,1,7,,,,,1953-01-01 00:00:00,1983-12-01 00:00:00,,,1953-04-01 00:00:00,1983-04-30 00:00:00,1953-01-01 00:00:00,1983-12-01 00:00:00,Y,N,N
-122.53333333333333,49.166666666666664,800,LANGLEY RIVER ROAD,BC,BRITISH COLUMBIA,COLOMBIE-BRITANNIQUE,CAN,491000000,-1223200000,PST,15.00,1104562,,,Climate-Staffed,E,1,6,,,,,1987-01-01 00:00:00,1999-08-31 00:00:00,,,1987-06-01 00:00:00,1999-08-31 00:00:00,1987-01-01 00:00:00,1999-08-01 00:00:00,Y,N,N
-122.66666666666667,49.06666666666667,801,LANGLEY WELLS,BC,BRITISH COLUMBIA,COLOMBIE-BRITANNIQUE,CAN,490400000,-1224000000,PST,45.70,1104565,,,N/A,,1,9,,,,,1964-01-01 00:00:00,1965-12-01 00:00:00,,,1964-04-01 00:00:00,1965-11-30 00:00:00,1964-01-01 00:00:00,1965-12-01 00:00:00,Y,N,N
-122.6,49.18333333333333,802,LANGLEY 96 AVENUE,BC,BRITISH COLUMBIA,COLOMBIE-BRITANNIQUE,CAN,491100000,-1223600000,PST,13.00,1104569,,,N/A,G,1,9,,,,,1987-01-01 00:00:00,1987-12-01 00:00:00,,,1987-06-01 00:00:00,1987-10-31 00:00:00,1987-01-01 00:00:00,1987-12-01 00:00:00,Y,N,N
-123.23861111111111,49.45333333333333,803,LIONS BAY,BC,BRITISH COLUMBIA,COLOMBIE-BRITANNIQUE,CAN,492712000,-1231419000,PST,52.00,1104634,,,Climate-Staffed,E,1,6,,,,,1983-01-01 00:00:00,2004-10-31 00:00:00,,,1983-07-01 00:00:00,2004-10-31 00:00:00,1983-01-01 00:00:00,2004-10-01 00:00:00,Y,N,N
-122.61666666666666,49.233333333333334,804,MAPLE RIDGE,BC,BRITISH COLUMBIA,COLOMBIE-BRITANNIQUE,CAN,491400000,-1223700000,PST,23.00,1104902,,,N/A,F,1,7,,,,,1973-01-01 00:00:00,1991-11-01 00:00:00,,,1973-01-01 00:00:00,1991-09-30 00:00:00,1973-01-01 00:00:00,1991-11-01 00:00:00,Y,N,N
-122.3,49.1,805,MATSQUI,BC,BRITISH COLUMBIA,COLOMBIE-BRITANNIQUE,CAN,490600000,-1221800000,PST,5.00,1104927,,,N/A,G,1,9,,,,,1987-01-01 00:00:00,1988-12-01 00:00:00,,,1987-07-01 00:00:00,1988-04-30 00:00:00,1987-01-01 00:00:00,1988-12-01 00:00:00,Y,N,N
-122.4,49.06666666666667,806,MATSQUI ROSS ROAD,BC,BRITISH COLUMBIA,COLOMBIE-BRITANNIQUE,CAN,490400000,-1222400000,PST,120.00,1104928,,,N/A,G,1,8,,,,,1987-01-01 00:00:00,1991-12-01 00:00:00,,,1987-04-01 00:00:00,1991-08-31 00:00:00,1987-01-01 00:00:00,1991-12-01 00:00:00,Y,N,N
-122.95,49.31666666666667,807,N VANCOUVER DOLLARTON 2,BC,BRITISH COLUMBIA,COLOMBIE-BRITANNIQUE,CAN,491900000,-1225700000,PST,109.70,1105F5F,,,N/A,G,1,8,,,,,1990-01-01 00:00:00,1993-12-01 00:00:00,,,1990-05-01 00:00:00,1993-02-28 00:00:00,1990-01-01 00:00:00,1993-12-01 00:00:00,Y,N,N
-122.61666666666666,49.13333333333333,808,MILNER AIC,BC,BRITISH COLUMBIA,COLOMBIE-BRITANNIQUE,CAN,490800000,-1223700000,PST,7.60,1105155,,,N/A,F,1,7,,,,,1967-01-01 00:00:00,1979-12-01 00:00:00,,,1967-03-01 00:00:00,1979-01-31 00:00:00,1967-01-01 00:00:00,1979-12-01 00:00:00,Y,N,N
-122.33333333333333,49.13333333333333,809,MISSION,BC,BRITISH COLUMBIA,COLOMBIE-BRITANNIQUE,CAN,490800000,-1222000000,PST,60.00,1105190,,,N/A,D,1,5,,,,,1953-01-01 00:00:00,1992-12-01 00:00:00,,,1953-04-01 00:00:00,1992-04-30 00:00:00,1953-01-01 00:00:00,1992-12-01 00:00:00,Y,N,N
-122.27055583333333,49.152500555555555,810,MISSION WEST ABBEY,BC,BRITISH COLUMBIA,COLOMBIE-BRITANNIQUE,CAN,490909002,-1221614001,PST,197.00,1105192,,,Climate-Staffed,A,1,1,CCN,RCSC,Co-operative Climate Network,Réseau coopératif de stations climatiques,1962-01-01 00:00:00,2024-11-16 00:00:00,,,1962-10-01 00:00:00,2024-11-16 00:00:00,1962-01-01 00:00:00,2007-02-01 00:00:00,Y,Y,N
-122.95,49.43333333333333,811,MOUNT SEYMOUR,BC,BRITISH COLUMBIA,COLOMBIE-BRITANNIQUE,CAN,492600000,-1225700000,PST,823.00,1105230,,,N/A,,1,9,,,,,1958-01-01 00:00:00,1968-12-01 00:00:00,,,1958-06-01 00:00:00,1968-07-31 00:00:00,1958-01-01 00:00:00,1968-12-01 00:00:00,Y,N,N
-122.93333333333334,49.21666666666667,812,NEW WESTMINSTER,BC,BRITISH COLUMBIA,COLOMBIE-BRITANNIQUE,CAN,491300000,-1225600000,PST,118.90,1105550,,,N/A,,1,9,,,,,1874-01-01 00:00:00,1966-12-01 00:00:00,,,1874-09-01 00:00:00,1966-06-30 00:00:00,1874-01-01 00:00:00,1966-12-01 00:00:00,Y,N,N
-122.9,49.21666666666667,813,NEW WESTMINSTER BC PEN,BC,BRITISH COLUMBIA,COLOMBIE-BRITANNIQUE,CAN,491300000,-1225400000,PST,18.30,1105553,,,N/A,F,1,7,,,,,1960-01-01 00:00:00,1980-12-01 00:00:00,,,1960-07-01 00:00:00,1980-01-31 00:00:00,1960-01-01 00:00:00,1980-12-01 00:00:00,Y,N,N
-122.91666666666667,49.21666666666667,814,NEW WESTM QUEENS PARK,BC,BRITISH COLUMBIA,COLOMBIE-BRITANNIQUE,CAN,491300000,-1225500000,PST,100.60,1105560,,,N/A,,1,9,,,,,1958-01-01 00:00:00,1958-12-31 00:00:00,,,1958-05-01 00:00:00,1958-12-31 00:00:00,1958-01-01 00:00:00,1958-12-01 00:00:00,Y,N,N
-122.93333333333334,49.21666666666667,815,NEW WESTMINSTER WEST,BC,BRITISH COLUMBIA,COLOMBIE-BRITANNIQUE,CAN,491300000,-1225600000,PST,83.80,1105570,,,N/A,G,1,9,,,,,1960-01-01 00:00:00,1971-12-01 00:00:00,,,1960-01-01 00:00:00,1971-09-30 00:00:00,1960-01-01 00:00:00,1971-12-01 00:00:00,Y,N,N
-122.95,49.28333333333333,817,NORTH BURNABY UNION,BC,BRITISH COLUMBIA,COLOMBIE-BRITANNIQUE,CAN,491700000,-1225700000,PST,121.90,1105627,,,N/A,F,1,7,,,,,1973-01-01 00:00:00,1980-12-01 00:00:00,,,1973-04-01 00:00:00,1980-01-31 00:00:00,1973-01-01 00:00:00,1980-12-01 00:00:00,Y,N,N
-122.03333333333333,49.2,818,NORTH NICOMEN,BC,BRITISH COLUMBIA,COLOMBIE-BRITANNIQUE,CAN,491200000,-1220200000,PST,18.00,1105630,,,N/A,,1,9,,,,,1897-01-01 00:00:00,1928-12-01 00:00:00,,,1897-01-01 00:00:00,1928-11-30 00:00:00,1897-01-01 00:00:00,1928-12-01 00:00:00,Y,N,N
-123.1,49.36666666666667,819,N VANCOUVER CANYON HTS,BC,BRITISH COLUMBIA,COLOMBIE-BRITANNIQUE,CAN,492200000,-1230600000,PST,208.80,1105652,,,N/A,,1,9,,,,,1956-01-01 00:00:00,1957-12-01 00:00:00,,,1956-11-01 00:00:00,1957-06-30 00:00:00,1956-01-01 00:00:00,1957-12-01 00:00:00,Y,N,N
-123.11666666666666,49.35,820,N VANCOUVER CAPILANO,BC,BRITISH COLUMBIA,COLOMBIE-BRITANNIQUE,CAN,492100000,-1230700000,PST,93.00,1105655,,,N/A,D,1,5,,,,,1955-01-01 00:00:00,1990-12-01 00:00:00,,,1955-07-01 00:00:00,1990-09-30 00:00:00,1955-01-01 00:00:00,1990-12-01 00:00:00,Y,N,N
-123.08333333333333,49.31666666666667,821,NORTH VANCOUVER CITY,BC,BRITISH COLUMBIA,COLOMBIE-BRITANNIQUE,CAN,491900000,-1230500000,PST,88.40,1105656,,,N/A,,1,9,,,,,1960-01-01 00:00:00,1961-12-31 00:00:00,,,1960-01-01 00:00:00,1961-12-31 00:00:00,1960-01-01 00:00:00,1961-12-01 00:00:00,Y,N,N
-123.11666666666666,49.333333333333336,822,N VANCOUVER GLENAIRE,BC,BRITISH COLUMBIA,COLOMBIE-BRITANNIQUE,CAN,492000000,-1230700000,PST,15.20,1105657,,,N/A,,1,9,,,,,1964-12-01 00:00:00,1966-12-01 00:00:00,,,1964-12-01 00:00:00,1966-06-30 00:00:00,1965-01-01 00:00:00,1966-12-01 00:00:00,Y,N,N
-123.07833444444445,49.38111166666667,823,N VANC GROUSE MTN RESORT,BC,BRITISH COLUMBIA,COLOMBIE-BRITANNIQUE,CAN,492252002,-1230442004,PST,1103.00,1105658,,,Climate-Staffed,C,1,4,CCN,RCSC,Co-operative Climate Network,Réseau coopératif de stations climatiques,1971-01-01 00:00:00,2024-11-13 00:00:00,,,1971-10-01 00:00:00,2024-11-13 00:00:00,1971-01-01 00:00:00,2007-02-01 00:00:00,Y,N,N
-123.08333333333333,49.35,824,NORTH VANCOUVER HOLYROOD,BC,BRITISH COLUMBIA,COLOMBIE-BRITANNIQUE,CAN,492100000,-1230500000,PST,182.90,1105659,,,N/A,,1,9,,,,,1960-01-01 00:00:00,1968-12-31 00:00:00,,,1960-02-01 00:00:00,1968-12-31 00:00:00,1960-01-01 00:00:00,1968-12-01 00:00:00,Y,N,N
-123.03333333333333,49.36666666666667,825,N VANCOUVER LYNN CREEK,BC,BRITISH COLUMBIA,COLOMBIE-BRITANNIQUE,CAN,492200000,-1230200000,PST,190.50,1105660,,,N/A,E,1,6,,,,,1964-01-01 00:00:00,1983-12-31 00:00:00,,,1964-06-01 00:00:00,1983-12-31 00:00:00,1964-01-01 00:00:00,1983-12-01 00:00:00,Y,N,N
-123.03333333333333,49.35,826,N VANCOUVER LYNN VALLEY,BC,BRITISH COLUMBIA,COLOMBIE-BRITANNIQUE,CAN,492100000,-1230200000,PST,152.40,1105661,,,N/A,,1,9,,,,,1960-01-01 00:00:00,1964-12-31 00:00:00,,,1960-02-01 00:00:00,1964-12-31 00:00:00,1960-01-01 00:00:00,1964-12-01 00:00:00,Y,N,N
-123.08333333333333,49.35,827,N VANCOUVER MOSQUITO CR,BC,BRITISH COLUMBIA,COLOMBIE-BRITANNIQUE,CAN,492100000,-1230500000,PST,344.40,1105663,,,N/A,,1,9,,,,,1954-01-01 00:00:00,1960-12-31 00:00:00,,,1954-04-01 00:00:00,1960-12-31 00:00:00,1954-01-01 00:00:00,1960-12-01 00:00:00,Y,N,N
-123.11666666666666,49.31666666666667,828,NORTH VANCOUVER NORGATE,BC,BRITISH COLUMBIA,COLOMBIE-BRITANNIQUE,CAN,491900000,-1230700000,PST,4.60,1105664,,,N/A,,1,9,,,,,1960-01-01 00:00:00,1963-12-01 00:00:00,,,1960-01-01 00:00:00,1963-04-30 00:00:00,1960-01-01 00:00:00,1963-12-01 00:00:00,Y,N,N
-123.06805555555556,49.35166666666667,829,N VANCOUVER N LONSDALE,BC,BRITISH COLUMBIA,COLOMBIE-BRITANNIQUE,CAN,492106000,-1230405000,PST,308.00,1105665,,,Climate-Staffed,F,1,7,,,,,1960-01-01 00:00:00,2004-11-30 00:00:00,,,1960-01-01 00:00:00,2004-11-30 00:00:00,1960-01-01 00:00:00,2004-11-01 00:00:00,Y,N,N
-123.01491666666666,49.29794444444445,830,N VANCOUVER 2ND NARROWS,BC,BRITISH COLUMBIA,COLOMBIE-BRITANNIQUE,CAN,491752600,-1230053700,PST,4.00,1105666,,,Climate-Staffed,A,1,2,,,,,1957-01-01 00:00:00,2008-11-30 00:00:00,,,1957-11-01 00:00:00,2008-11-30 00:00:00,1957-01-01 00:00:00,2007-02-01 00:00:00,Y,Y,N
-123.06666666666666,49.35,831,N VANCOUVER UPR LONSDALE,BC,BRITISH COLUMBIA,COLOMBIE-BRITANNIQUE,CAN,492100000,-1230400000,PST,350.50,1105667,,,N/A,,1,9,,,,,1964-01-01 00:00:00,1965-12-01 00:00:00,,,1964-06-01 00:00:00,1965-10-31 00:00:00,1964-01-01 00:00:00,1965-12-01 00:00:00,Y,N,N
-123.03333333333333,49.35,832,N VANCOUVER UPPER LYNN,BC,BRITISH COLUMBIA,COLOMBIE-BRITANNIQUE,CAN,492100000,-1230200000,PST,176.80,1105668,,,N/A,F,1,7,,,,,1960-01-01 00:00:00,1980-12-01 00:00:00,,,1960-09-01 00:00:00,1980-08-31 00:00:00,1960-01-01 00:00:00,1980-12-01 00:00:00,Y,N,N
-123.11527777777778,49.31478333333333,833,N VANCOUVER WHARVES,BC,BRITISH COLUMBIA,COLOMBIE-BRITANNIQUE,CAN,491853220,-1230655000,PST,7.00,1105669,,,Climate-Staffed,A,1,2,CCN,RCSC,Co-operative Climate Network,Réseau coopératif de stations climatiques,1962-01-01 00:00:00,2024-11-18 00:00:00,,,1962-03-01 00:00:00,2024-11-18 00:00:00,1962-01-01 00:00:00,2007-02-01 00:00:00,Y,Y,N
-122.88138888888889,49.27916666666667,834,PORT MOODY GLENAYRE,BC,BRITISH COLUMBIA,COLOMBIE-BRITANNIQUE,CAN,491645000,-1225253000,PST,129.50,1106CL2,,,Climate-Staffed,C,1,4,CCN,RCSC,Co-operative Climate Network,Réseau coopératif de stations climatiques,1970-01-01 00:00:00,2024-11-17 00:00:00,,,1970-11-01 00:00:00,2024-11-17 00:00:00,1970-01-01 00:00:00,2007-02-01 00:00:00,Y,N,N
-123.11666666666666,49.15,835,RICHMOND BROADMOOR 2,BC,BRITISH COLUMBIA,COLOMBIE-BRITANNIQUE,CAN,490900000,-1230700000,PST,2.00,1106GF3,,,N/A,G,1,8,,,,,1990-01-01 00:00:00,1993-12-01 00:00:00,,,1990-12-01 00:00:00,1993-08-31 00:00:00,1990-01-01 00:00:00,1993-12-01 00:00:00,Y,N,N
-122.8,49.3,836,PORT MOODY MERIDIAN,BC,BRITISH COLUMBIA,COLOMBIE-BRITANNIQUE,CAN,491800000,-1224800000,PST,325.50,1106L3K,,,N/A,G,1,8,,,,,1974-01-01 00:00:00,1975-12-01 00:00:00,,,1974-05-01 00:00:00,1975-09-30 00:00:00,1974-01-01 00:00:00,1975-12-01 00:00:00,Y,N,N
-123.09305555555555,49.170833333333334,837,RICHMOND NATURE PARK,BC,BRITISH COLUMBIA,COLOMBIE-BRITANNIQUE,CAN,491015000,-1230535000,PST,3.00,1106PF7,,,Climate-Staffed,C,1,4,CCN,RCSC,Co-operative Climate Network,Réseau coopératif de stations climatiques,1977-01-01 00:00:00,2024-11-15 00:00:00,,,1977-03-01 00:00:00,2024-11-15 00:00:00,1977-01-01 00:00:00,2007-02-01 00:00:00,Y,Y,N
-123.16666666666667,49.15,838,RICHMOND GEAL RD,BC,BRITISH COLUMBIA,COLOMBIE-BRITANNIQUE,CAN,490900000,-1231000000,PST,1.20,1106P6N,,,N/A,E,1,6,,,,,1976-01-01 00:00:00,1988-12-01 00:00:00,,,1976-06-01 00:00:00,1988-10-31 00:00:00,1976-01-01 00:00:00,1988-12-01 00:00:00,Y,N,N
-122.51666666666667,49.43333333333333,839,PITT LAKE,BC,BRITISH COLUMBIA,COLOMBIE-BRITANNIQUE,CAN,492600000,-1223100000,PST,7.60,1106174,,,N/A,,1,9,,,,,1958-01-01 00:00:00,1959-12-01 00:00:00,,,1958-11-01 00:00:00,1959-03-31 00:00:00,1958-01-01 00:00:00,1959-12-01 00:00:00,Y,N,N
-122.71277777777777,49.21611111111111,840,PITT MEADOWS A,BC,BRITISH COLUMBIA,COLOMBIE-BRITANNIQUE,CAN,491258000,-1224246000,PST,3.40,1106177,YPK,,N/A,,1,9,,,,,1959-01-01 00:00:00,1960-12-01 00:00:00,,,1959-09-01 00:00:00,1960-08-31 00:00:00,1959-01-01 00:00:00,1960-12-01 00:00:00,Y,N,N
-122.68333333333334,49.233333333333334,841,PITT MEADOWS LOUGHEED,BC,BRITISH COLUMBIA,COLOMBIE-BRITANNIQUE,CAN,491400000,-1224100000,PST,6.10,1106179,,,N/A,,1,9,,,,,1960-01-01 00:00:00,1969-12-01 00:00:00,,,1960-02-01 00:00:00,1969-06-30 00:00:00,1960-01-01 00:00:00,1969-12-01 00:00:00,Y,N,N
-122.63061111111111,49.27322222222222,842,PITT POLDER,BC,BRITISH COLUMBIA,COLOMBIE-BRITANNIQUE,CAN,491623600,-1223750200,PST,5.00,1106180,,,Climate-Staffed,A,1,1,,,,,1951-01-01 00:00:00,2010-01-31 00:00:00,,,1951-11-01 00:00:00,2010-01-31 00:00:00,1951-01-01 00:00:00,2007-02-01 00:00:00,Y,Y,N
-122.73333333333333,49.25,843,PITT RIVER,BC,BRITISH COLUMBIA,COLOMBIE-BRITANNIQUE,CAN,491500000,-1224400000,PST,5.50,1106190,,,N/A,,1,9,,,,,1957-01-01 00:00:00,1959-12-01 00:00:00,,,1957-02-01 00:00:00,1959-10-31 00:00:00,1957-01-01 00:00:00,1959-12-01 00:00:00,Y,N,N
-123.26472222222222,49.33036111111111,844,POINT ATKINSON,BC,BRITISH COLUMBIA,COLOMBIE-BRITANNIQUE,CAN,491949300,-1231553000,PST,14.00,1106200,WSB,71037,Climate-Auto,G,1,8,ECCC - MSC,ECCC - SMC,Environment and Climate Change Canada - Meteorological Service of Canada,Environnement et Changement climatique Canada - Service météorologique du Canada,1968-01-01 00:00:00,2024-11-19 12:30:02,1996-05-31 11:00:00,2024-11-19 12:30:02,1968-01-01 00:00:00,2024-11-19 00:00:00,1968-01-01 00:00:00,2001-11-01 00:00:00,Y,N,N
-122.78333333333333,49.266666666666666,845,PORT COQUITLAM,BC,BRITISH COLUMBIA,COLOMBIE-BRITANNIQUE,CAN,491600000,-1224700000,PST,12.00,1106255,,,N/A,G,1,8,,,,,1958-01-01 00:00:00,1990-12-01 00:00:00,,,1958-02-01 00:00:00,1990-06-30 00:00:00,1958-01-01 00:00:00,1990-12-01 00:00:00,Y,N,N
-122.78333333333333,49.266666666666666,846,PORT COQUITLAM CITY YARD,BC,BRITISH COLUMBIA,COLOMBIE-BRITANNIQUE,CAN,491600000,-1224700000,PST,6.70,1106256,,,N/A,E,1,6,,,,,1971-01-01 00:00:00,1990-12-01 00:00:00,,,1971-01-01 00:00:00,1990-10-31 00:00:00,1971-01-01 00:00:00,1990-12-01 00:00:00,Y,N,N
-122.73333333333333,49.266666666666666,847,PRT COQUITLAM PRAIRIE RD,BC,BRITISH COLUMBIA,COLOMBIE-BRITANNIQUE,CAN,491600000,-1224400000,PST,2.70,1106257,,,N/A,G,1,8,,,,,1971-12-01 00:00:00,1974-12-01 00:00:00,,,1971-12-01 00:00:00,1974-08-31 00:00:00,1972-01-01 00:00:00,1974-12-01 00:00:00,Y,N,N
-122.85,49.28333333333333,848,PORT MOODY CENTRE,BC,BRITISH COLUMBIA,COLOMBIE-BRITANNIQUE,CAN,491700000,-1225100000,PST,23.00,11063L2,,,N/A,G,1,8,,,,,1970-01-01 00:00:00,1989-12-01 00:00:00,,,1970-01-01 00:00:00,1989-09-30 00:00:00,1970-01-01 00:00:00,1989-12-01 00:00:00,Y,N,N
-122.7,49.15,849,PORT KELLS,BC,BRITISH COLUMBIA,COLOMBIE-BRITANNIQUE,CAN,490900000,-1224200000,PST,9.10,1106300,,,N/A,,1,9,,,,,1953-01-01 00:00:00,1965-12-01 00:00:00,,,1953-03-01 00:00:00,1965-05-31 00:00:00,1953-01-01 00:00:00,1965-12-01 00:00:00,Y,N,N
-122.85,49.11666666666667,850,REIDVILLE,BC,BRITISH COLUMBIA,COLOMBIE-BRITANNIQUE,CAN,490700000,-1225100000,PST,99.10,1106720,,,N/A,,1,9,,,,,1953-01-01 00:00:00,1958-12-01 00:00:00,,,1953-04-01 00:00:00,1958-08-31 00:00:00,1953-01-01 00:00:00,1958-12-01 00:00:00,Y,N,N
-123.11666666666666,49.15,851,RICHMOND CBC TRANSMITTER,BC,BRITISH COLUMBIA,COLOMBIE-BRITANNIQUE,CAN,490900000,-1230700000,PST,1.50,1106762,,,N/A,,1,9,,,,,1961-12-01 00:00:00,1969-12-01 00:00:00,,,1961-12-01 00:00:00,1969-04-30 00:00:00,1962-01-01 00:00:00,1969-12-01 00:00:00,Y,N,N
-123.13333333333334,49.13333333333333,852,RICHMOND BROADMOOR,BC,BRITISH COLUMBIA,COLOMBIE-BRITANNIQUE,CAN,490800000,-1230800000,PST,1.00,1106763,,,N/A,F,1,7,,,,,1986-01-01 00:00:00,1993-12-01 00:00:00,,,1986-04-01 00:00:00,1993-04-30 00:00:00,1986-01-01 00:00:00,1993-12-01 00:00:00,Y,N,N
-123.08694444444444,49.17861111111111,853,RICHMOND DALLYN 2,BC,BRITISH COLUMBIA,COLOMBIE-BRITANNIQUE,CAN,491043000,-1230513000,PST,1.80,1106764,,,Climate-Staffed,F,1,7,CCN,RCSC,Co-operative Climate Network,Réseau coopératif de stations climatiques,1963-01-01 00:00:00,2024-11-05 00:00:00,,,1963-11-01 00:00:00,2024-11-05 00:00:00,1963-01-01 00:00:00,2007-02-01 00:00:00,Y,N,N
-122.96666666666667,49.18333333333333,854,RICHMOND EAST,BC,BRITISH COLUMBIA,COLOMBIE-BRITANNIQUE,CAN,491100000,-1225800000,PST,0.60,1106765,,,N/A,,1,9,,,,,1959-11-01 00:00:00,1961-12-01 00:00:00,,,1959-11-01 00:00:00,1961-11-30 00:00:00,1960-01-01 00:00:00,1961-12-01 00:00:00,Y,N,N
-123.1,49.2,855,RICHMOND MCLENNAN ROAD,BC,BRITISH COLUMBIA,COLOMBIE-BRITANNIQUE,CAN,491200000,-1230600000,PST,1.80,1106766,,,N/A,G,1,8,,,,,1970-01-01 00:00:00,1973-12-01 00:00:00,,,1970-04-01 00:00:00,1973-05-31 00:00:00,1970-01-01 00:00:00,1973-12-01 00:00:00,Y,N,N
-123.15,49.15,856,RICHMOND MINLER ROAD,BC,BRITISH COLUMBIA,COLOMBIE-BRITANNIQUE,CAN,490900000,-1230900000,PST,1.20,1106767,,,N/A,,1,9,,,,,1970-01-01 00:00:00,1970-12-01 00:00:00,,,1970-04-01 00:00:00,1970-09-30 00:00:00,1970-01-01 00:00:00,1970-12-01 00:00:00,Y,N,N
-123.01666666666667,49.166666666666664,857,RICHMOND NELSON RD,BC,BRITISH COLUMBIA,COLOMBIE-BRITANNIQUE,CAN,491000000,-1230100000,PST,1.80,1106768,,,N/A,,1,9,,,,,1961-01-01 00:00:00,1963-12-01 00:00:00,,,1961-02-01 00:00:00,1963-09-30 00:00:00,1961-01-01 00:00:00,1963-12-01 00:00:00,Y,N,N
-123.03333333333333,49.2,858,RICHMOND RIVER ROAD EAST,BC,BRITISH COLUMBIA,COLOMBIE-BRITANNIQUE,CAN,491200000,-1230200000,PST,2.10,1106770,,,N/A,,1,9,,,,,1970-01-01 00:00:00,1970-12-01 00:00:00,,,1970-04-01 00:00:00,1970-08-31 00:00:00,1970-01-01 00:00:00,1970-12-01 00:00:00,Y,N,N
-121.8,49.18333333333333,859,ROSEDALE,BC,BRITISH COLUMBIA,COLOMBIE-BRITANNIQUE,CAN,491100000,-1214800000,PST,10.70,1106865,,,N/A,D,1,5,,,,,1967-01-01 00:00:00,1988-12-01 00:00:00,,,1967-01-01 00:00:00,1988-03-31 00:00:00,1967-01-01 00:00:00,1988-12-01 00:00:00,Y,N,N
-122.41666666666667,49.166666666666664,860,RUSKIN,BC,BRITISH COLUMBIA,COLOMBIE-BRITANNIQUE,CAN,491000000,-1222500000,PST,30.50,1106910,,,N/A,,1,9,,,,,1966-01-01 00:00:00,1969-12-01 00:00:00,,,1966-03-01 00:00:00,1969-01-31 00:00:00,1966-01-01 00:00:00,1969-12-01 00:00:00,Y,N,N
-122.85,49.18333333333333,861,SURREY 99A AVE,BC,BRITISH COLUMBIA,COLOMBIE-BRITANNIQUE,CAN,491100000,-1225100000,PST,96.00,1107H7H,,,N/A,F,1,7,,,,,1974-01-01 00:00:00,1993-12-01 00:00:00,,,1974-02-01 00:00:00,1993-11-30 00:00:00,1974-01-01 00:00:00,1993-12-01 00:00:00,Y,N,N
-122.76666666666667,49.03333333333333,862,SURREY WHITE ROCK,BC,BRITISH COLUMBIA,COLOMBIE-BRITANNIQUE,CAN,490200000,-1224600000,PST,54.90,1107H7R,,,N/A,F,1,7,,,,,1980-01-01 00:00:00,1987-12-01 00:00:00,,,1980-08-01 00:00:00,1987-07-31 00:00:00,1980-01-01 00:00:00,1987-12-01 00:00:00,Y,N,N
-122.76666666666667,49.2,863,SURREY 104 AVE 164 ST,BC,BRITISH COLUMBIA,COLOMBIE-BRITANNIQUE,CAN,491200000,-1224600000,PST,65.50,1107QP8,,,N/A,G,1,9,,,,,1974-01-01 00:00:00,1974-12-01 00:00:00,,,1974-04-01 00:00:00,1974-06-30 00:00:00,1974-01-01 00:00:00,1974-12-01 00:00:00,Y,N,N
-121.89472222222223,49.081944444444446,864,SARDIS,BC,BRITISH COLUMBIA,COLOMBIE-BRITANNIQUE,CAN,490455000,-1215341000,PST,106.70,1107080,,,Climate-Staffed,D,1,5,,,,,1954-01-01 00:00:00,2010-06-30 00:00:00,,,1954-02-01 00:00:00,2010-06-30 00:00:00,1954-01-01 00:00:00,2007-02-01 00:00:00,Y,Y,N
-122.95,49.416666666666664,865,SEYMOUR CREEK,BC,BRITISH COLUMBIA,COLOMBIE-BRITANNIQUE,CAN,492500000,-1225700000,PST,177.70,1107195,,,N/A,,1,9,,,,,1924-01-01 00:00:00,1947-12-01 00:00:00,,,1924-01-01 00:00:00,1947-08-31 00:00:00,1924-01-01 00:00:00,1947-12-01 00:00:00,Y,N,N
-122.97111111111111,49.44027777777778,866,SEYMOUR FALLS,BC,BRITISH COLUMBIA,COLOMBIE-BRITANNIQUE,CAN,492625000,-1225816000,PST,244.00,1107200,,,Climate-Staffed,A,1,2,,,,,1927-01-01 00:00:00,2003-09-30 00:00:00,,,1927-11-01 00:00:00,2003-09-30 00:00:00,1927-01-01 00:00:00,2003-09-01 00:00:00,Y,Y,N
-122.36666666666666,49.233333333333334,867,STAVE FALLS,BC,BRITISH COLUMBIA,COLOMBIE-BRITANNIQUE,CAN,491400000,-1222200000,PST,110.00,1107680,,,Climate-Staffed,E,1,6,,,,,1909-01-01 00:00:00,2004-08-31 00:00:00,,,1909-10-01 00:00:00,2004-08-31 00:00:00,1909-01-01 00:00:00,2004-08-01 00:00:00,Y,N,N
-122.33333333333333,49.28333333333333,868,STAVE LAKE SEVENTYNINE CREEK,BC,BRITISH COLUMBIA,COLOMBIE-BRITANNIQUE,CAN,491700000,-1222000000,PST,106.00,1107689,,,Climate-Staffed,G,1,8,,,,,1987-01-01 00:00:00,1995-09-30 00:00:00,,,1987-12-01 00:00:00,1995-09-30 00:00:00,1987-01-01 00:00:00,1995-09-01 00:00:00,Y,N,N
-123.18861111111111,49.13055555555555,869,STEVESTON,BC,BRITISH COLUMBIA,COLOMBIE-BRITANNIQUE,CAN,490750000,-1231119000,PST,0.00,1107710,,,Climate-Staffed,E,1,6,,,,,1896-01-01 00:00:00,2004-12-31 00:00:00,,,1896-02-01 00:00:00,2004-12-31 00:00:00,1896-01-01 00:00:00,2004-12-01 00:00:00,Y,N,N
-122.10972333333333,49.11333555555556,870,SUMAS CANAL,BC,BRITISH COLUMBIA,COLOMBIE-BRITANNIQUE,CAN,490648008,-1220635004,PST,9.00,1107785,,,Climate-Staffed,F,1,7,CCN,RCSC,Co-operative Climate Network,Réseau coopératif de stations climatiques,1957-01-01 00:00:00,2024-11-18 00:00:00,,,1957-02-01 00:00:00,2024-11-18 00:00:00,1957-01-01 00:00:00,2007-02-01 00:00:00,Y,N,N
-122.13333333333334,49.05,871,SUMAS PRAIRIE,BC,BRITISH COLUMBIA,COLOMBIE-BRITANNIQUE,CAN,490300000,-1220800000,PST,3.00,1107788,,,N/A,G,1,8,,,,,1969-12-01 00:00:00,1976-12-01 00:00:00,,,1969-12-01 00:00:00,1976-08-31 00:00:00,1970-01-01 00:00:00,1976-12-01 00:00:00,Y,N,N
-122.15,49.05,872,SUMAS PRAIRIE 2,BC,BRITISH COLUMBIA,COLOMBIE-BRITANNIQUE,CAN,490300000,-1220900000,PST,10.10,1107790,,,N/A,G,1,9,,,,,1980-01-01 00:00:00,1980-12-01 00:00:00,,,1980-08-01 00:00:00,1980-10-31 00:00:00,1980-01-01 00:00:00,1980-12-01 00:00:00,Y,N,N
-122.86666666666666,49.21666666666667,873,SURREY BRIDGEVIEW,BC,BRITISH COLUMBIA,COLOMBIE-BRITANNIQUE,CAN,491300000,-1225200000,PST,9.10,11078GK,,,N/A,G,1,9,,,,,1971-01-01 00:00:00,1971-12-01 00:00:00,,,1971-04-01 00:00:00,1971-05-31 00:00:00,1971-01-01 00:00:00,1971-12-01 00:00:00,Y,N,N
-122.8597361111111,49.19222222222222,874,SURREY KWANTLEN PARK,BC,BRITISH COLUMBIA,COLOMBIE-BRITANNIQUE,CAN,491132000,-1225135050,PST,78.00,1107873,,,Climate-Staffed,A,1,2,,,,,1960-01-01 00:00:00,2011-05-15 00:00:00,,,1960-11-01 00:00:00,2011-05-15 00:00:00,1960-01-01 00:00:00,2007-02-01 00:00:00,Y,Y,N
-122.82751111111111,49.106680555555556,875,SURREY MUNICIPAL HALL,BC,BRITISH COLUMBIA,COLOMBIE-BRITANNIQUE,CAN,490624050,-1224939040,PST,76.00,1107876,,,Climate-Staffed,D,1,5,,,,,1962-01-01 00:00:00,2006-04-30 00:00:00,,,1962-11-01 00:00:00,2006-04-30 00:00:00,1962-01-01 00:00:00,2006-04-01 00:00:00,Y,N,N
-122.84722222222223,49.13333333333333,876,SURREY NEWTON,BC,BRITISH COLUMBIA,COLOMBIE-BRITANNIQUE,CAN,490800000,-1225050000,PST,73.20,1107878,,,Climate-Staffed,A,1,1,,,,,1960-01-01 00:00:00,2000-12-31 00:00:00,,,1960-11-01 00:00:00,2000-12-31 00:00:00,1960-01-01 00:00:00,2000-12-01 00:00:00,Y,N,N
-122.76666666666667,49.05,877,SURREY SUNNYSIDE,BC,BRITISH COLUMBIA,COLOMBIE-BRITANNIQUE,CAN,490300000,-1224600000,PST,95.10,1107879,,,N/A,F,1,7,,,,,1960-01-01 00:00:00,1983-12-01 00:00:00,,,1960-11-01 00:00:00,1983-11-30 00:00:00,1960-01-01 00:00:00,1983-12-01 00:00:00,Y,N,N
-123.15,49.35,878,W VANCOUVER CRESTWELL RD,BC,BRITISH COLUMBIA,COLOMBIE-BRITANNIQUE,CAN,492100000,-1230900000,PST,304.80,1108H2G,,,N/A,G,1,9,,,,,1973-01-01 00:00:00,1974-12-01 00:00:00,,,1973-11-01 00:00:00,1974-04-30 00:00:00,1973-01-01 00:00:00,1974-12-01 00:00:00,Y,N,N
-123.05,49.21666666666667,879,VANCOUVER WALES ST,BC,BRITISH COLUMBIA,COLOMBIE-BRITANNIQUE,CAN,491300000,-1230300000,PST,91.10,1108M87,,,N/A,G,1,8,,,,,1982-01-01 00:00:00,1986-12-01 00:00:00,,,1982-04-01 00:00:00,1986-03-31 00:00:00,1982-01-01 00:00:00,1986-12-01 00:00:00,Y,N,N
-123.05,49.25,880,VANCOUVER CEDAR COTTAGE,BC,BRITISH COLUMBIA,COLOMBIE-BRITANNIQUE,CAN,491500000,-1230300000,PST,79.20,1108410,,,N/A,G,1,8,,,,,1972-01-01 00:00:00,1976-12-01 00:00:00,,,1972-02-01 00:00:00,1976-11-30 00:00:00,1972-01-01 00:00:00,1976-12-01 00:00:00,Y,N,N
-123.01666666666667,49.233333333333334,881,VANCOUVER CENTRAL PARK,BC,BRITISH COLUMBIA,COLOMBIE-BRITANNIQUE,CAN,491400000,-1230100000,PST,121.90,1108414,,,N/A,G,1,9,,,,,1981-01-01 00:00:00,1982-12-01 00:00:00,,,1981-07-01 00:00:00,1982-11-30 00:00:00,1981-01-01 00:00:00,1982-12-01 00:00:00,Y,N,N
-123.11666666666666,49.28333333333333,882,VANCOUVER CITY HALL,BC,BRITISH COLUMBIA,COLOMBIE-BRITANNIQUE,CAN,491700000,-1230700000,PST,86.30,1108430,,,N/A,D,1,5,,,,,1924-01-01 00:00:00,1987-12-01 00:00:00,,,1924-01-01 00:00:00,1987-02-28 00:00:00,1924-01-01 00:00:00,1987-12-01 00:00:00,Y,N,N
-123.18333333333334,49.233333333333334,883,VANCOUVER DUNBAR,BC,BRITISH COLUMBIA,COLOMBIE-BRITANNIQUE,CAN,491400000,-1231100000,PST,61.00,1108435,,,N/A,G,1,8,,,,,1955-01-01 00:00:00,1974-12-01 00:00:00,,,1955-07-01 00:00:00,1974-06-30 00:00:00,1955-01-01 00:00:00,1974-12-01 00:00:00,Y,N,N
-123.18333333333334,49.25,884,VANCOUVER DUNBAR SOUTH,BC,BRITISH COLUMBIA,COLOMBIE-BRITANNIQUE,CAN,491500000,-1231100000,PST,61.00,1108436,,,N/A,E,1,6,,,,,1966-01-01 00:00:00,1982-12-01 00:00:00,,,1966-03-01 00:00:00,1982-08-31 00:00:00,1966-01-01 00:00:00,1982-12-01 00:00:00,Y,N,N
-123.05,49.28333333333333,885,VANCOUVER EXHIB PARK,BC,BRITISH COLUMBIA,COLOMBIE-BRITANNIQUE,CAN,491700000,-1230300000,PST,35.10,1108440,,,N/A,,1,9,,,,,1955-01-01 00:00:00,1964-12-01 00:00:00,,,1955-07-01 00:00:00,1964-08-31 00:00:00,1955-01-01 00:00:00,1964-12-01 00:00:00,Y,N,N
-123.13333333333334,49.266666666666666,886,VANCOUVER FAIRVIEW,BC,BRITISH COLUMBIA,COLOMBIE-BRITANNIQUE,CAN,491600000,-1230800000,PST,35.10,1108442,,,N/A,,1,9,,,,,1957-01-01 00:00:00,1958-12-01 00:00:00,,,1957-08-01 00:00:00,1958-06-30 00:00:00,1957-01-01 00:00:00,1958-12-01 00:00:00,Y,N,N
-123.05,49.2,887,VANCOUVER FRASERVIEW,BC,BRITISH COLUMBIA,COLOMBIE-BRITANNIQUE,CAN,491200000,-1230300000,PST,85.30,1108445,,,N/A,,1,9,,,,,1955-01-01 00:00:00,1958-12-01 00:00:00,,,1955-07-01 00:00:00,1958-03-31 00:00:00,1955-01-01 00:00:00,1958-12-01 00:00:00,Y,N,N
-123.12186944444444,49.29535277777778,888,VANCOUVER HARBOUR CS,BC,BRITISH COLUMBIA,COLOMBIE-BRITANNIQUE,CAN,491743270,-1230718730,PST,2.50,1108446,WHC,71201,Climate-Auto,D,1,5,ECCC - MSC,ECCC - SMC,Environment and Climate Change Canada - Meteorological Service of Canada,Environnement et Changement climatique Canada - Service météorologique du Canada,1925-01-01 00:00:00,2024-11-19 12:30:02,1976-01-20 07:00:00,2024-11-19 12:30:02,1925-11-01 00:00:00,2024-11-19 00:00:00,1925-01-01 00:00:00,2007-02-01 00:00:00,Y,N,Y
-123.18194444444444,49.195,889,VANCOUVER INT'L A,BC,BRITISH COLUMBIA,COLOMBIE-BRITANNIQUE,CAN,491142000,-1231055000,PST,4.30,1108447,YVR,,Aviation-Staffed,A,1,1,,,,,1937-01-01 00:00:00,2013-06-13 10:00:00,1953-01-01 00:00:00,2013-06-13 10:00:00,1937-01-01 00:00:00,2013-06-12 00:00:00,1937-01-01 00:00:00,2013-06-01 00:00:00,Y,Y,Y
-123.16666666666667,49.233333333333334,890,VANCOUVER KERRISDALE,BC,BRITISH COLUMBIA,COLOMBIE-BRITANNIQUE,CAN,491400000,-1231000000,PST,45.70,1108448,,,N/A,,1,9,,,,,1960-01-01 00:00:00,1961-12-01 00:00:00,,,1960-01-01 00:00:00,1961-01-31 00:00:00,1960-01-01 00:00:00,1961-12-01 00:00:00,Y,N,N
-123.13333333333334,49.233333333333334,891,VANCOUVER KERRISDALE,BC,BRITISH COLUMBIA,COLOMBIE-BRITANNIQUE,CAN,491400000,-1230800000,PST,88.40,1108449,,,N/A,F,1,7,,,,,1970-01-01 00:00:00,1980-12-01 00:00:00,,,1970-11-01 00:00:00,1980-02-29 00:00:00,1970-01-01 00:00:00,1980-12-01 00:00:00,Y,N,N
-123.08333333333333,49.25,892,VANCOUVER KINGCREST,BC,BRITISH COLUMBIA,COLOMBIE-BRITANNIQUE,CAN,491500000,-1230500000,PST,65.50,1108450,,,N/A,,1,9,,,,,1955-01-01 00:00:00,1961-12-01 00:00:00,,,1955-07-01 00:00:00,1961-07-31 00:00:00,1955-01-01 00:00:00,1961-12-01 00:00:00,Y,N,N
-123.16666666666667,49.266666666666666,893,VANCOUVER KITSILANO,BC,BRITISH COLUMBIA,COLOMBIE-BRITANNIQUE,CAN,491600000,-1231000000,PST,12.00,1108453,,,N/A,F,1,7,,,,,1956-01-01 00:00:00,1990-12-01 00:00:00,,,1956-05-01 00:00:00,1990-11-30 00:00:00,1956-01-01 00:00:00,1990-12-01 00:00:00,Y,N,N
-123.13333333333334,49.2,894,VANCOUVER MARPOLE,BC,BRITISH COLUMBIA,COLOMBIE-BRITANNIQUE,CAN,491200000,-1230800000,PST,30.50,1108455,,,N/A,,1,9,,,,,1955-01-01 00:00:00,1957-12-01 00:00:00,,,1955-07-01 00:00:00,1957-09-30 00:00:00,1955-01-01 00:00:00,1957-12-01 00:00:00,Y,N,N
-123.1,49.266666666666666,895,VANCOUVER MT PLEASANT,BC,BRITISH COLUMBIA,COLOMBIE-BRITANNIQUE,CAN,491600000,-1230600000,PST,48.80,1108460,,,N/A,,1,9,,,,,1955-01-01 00:00:00,1956-12-31 00:00:00,,,1955-07-01 00:00:00,1956-12-31 00:00:00,1955-01-01 00:00:00,1956-12-01 00:00:00,Y,N,N
-123.13333333333334,49.21666666666667,896,VANCOUVER OAK 53,BC,BRITISH COLUMBIA,COLOMBIE-BRITANNIQUE,CAN,491300000,-1230800000,PST,82.30,1108462,,,N/A,G,1,8,,,,,1970-01-01 00:00:00,1977-12-31 00:00:00,,,1970-02-01 00:00:00,1977-12-31 00:00:00,1970-01-01 00:00:00,1977-12-01 00:00:00,Y,N,N
-123.12,49.234722222222224,897,VANCOUVER OAKRIDGE,BC,BRITISH COLUMBIA,COLOMBIE-BRITANNIQUE,CAN,491405000,-1230712000,PST,76.00,1108463,,,Climate-Staffed,F,1,7,,,,,1960-01-01 00:00:00,2008-12-31 00:00:00,,,1960-01-01 00:00:00,2008-12-31 00:00:00,1960-01-01 00:00:00,2007-02-01 00:00:00,Y,N,N
-123.11666666666666,49.28333333333333,898,VANCOUVER PMO,BC,BRITISH COLUMBIA,COLOMBIE-BRITANNIQUE,CAN,491700000,-1230700000,PST,59.40,1108465,,,N/A,F,1,7,,,,,1898-01-01 00:00:00,1979-12-01 00:00:00,,,1898-10-01 00:00:00,1979-05-31 00:00:00,1898-01-01 00:00:00,1979-12-01 00:00:00,Y,N,N
-123.15,49.233333333333334,899,VANCOUVER QUILCHENA,BC,BRITISH COLUMBIA,COLOMBIE-BRITANNIQUE,CAN,491400000,-1230900000,PST,83.80,1108470,,,N/A,,1,9,,,,,1955-01-01 00:00:00,1961-12-01 00:00:00,,,1955-07-01 00:00:00,1961-08-31 00:00:00,1955-01-01 00:00:00,1961-12-01 00:00:00,Y,N,N
-123.03333333333333,49.233333333333334,900,VANCOUVER RUPERT ST,BC,BRITISH COLUMBIA,COLOMBIE-BRITANNIQUE,CAN,491400000,-1230200000,PST,91.10,1108471,,,N/A,G,1,9,,,,,1984-01-01 00:00:00,1984-12-01 00:00:00,,,1984-01-01 00:00:00,1984-08-31 00:00:00,1984-01-01 00:00:00,1984-12-01 00:00:00,Y,N,N
-123.17833333333333,49.2275,901,VANCOUVER SOUTHLANDS,BC,BRITISH COLUMBIA,COLOMBIE-BRITANNIQUE,CAN,491339000,-1231042000,PST,8.00,1108473,,,Climate-Staffed,G,1,8,,,,,1960-01-01 00:00:00,2004-12-31 00:00:00,,,1960-01-01 00:00:00,2004-12-31 00:00:00,1960-01-01 00:00:00,2004-12-01 00:00:00,Y,N,N
-123.06666666666666,49.21666666666667,902,VANCOUVER SOUTH FRASER,BC,BRITISH COLUMBIA,COLOMBIE-BRITANNIQUE,CAN,491300000,-1230400000,PST,64.00,1108475,,,N/A,G,1,8,,,,,1955-01-01 00:00:00,1972-12-01 00:00:00,,,1955-07-01 00:00:00,1972-02-29 00:00:00,1955-01-01 00:00:00,1972-12-01 00:00:00,Y,N,N
-123.25,49.25,903,VANCOUVER UBC,BC,BRITISH COLUMBIA,COLOMBIE-BRITANNIQUE,CAN,491500000,-1231500000,PST,76.00,1108487,,,Climate-Staffed,C,1,4,,,,,1957-01-01 00:00:00,1995-06-30 00:00:00,,,1957-09-01 00:00:00,1995-06-30 00:00:00,1957-01-01 00:00:00,1995-06-01 00:00:00,Y,N,N
-123.21666666666667,49.266666666666666,904,VANCOUVER WEST PT GREY,BC,BRITISH COLUMBIA,COLOMBIE-BRITANNIQUE,CAN,491600000,-1231300000,PST,61.00,1108488,,,N/A,,1,9,,,,,1963-01-01 00:00:00,1966-12-31 00:00:00,,,1963-01-01 00:00:00,1966-12-31 00:00:00,1963-01-01 00:00:00,1966-12-01 00:00:00,Y,N,N
-123.2,49.266666666666666,905,VANCOUVER WPG BYNG,BC,BRITISH COLUMBIA,COLOMBIE-BRITANNIQUE,CAN,491600000,-1231200000,PST,76.20,1108489,,,N/A,,1,9,,,,,1968-01-01 00:00:00,1970-12-01 00:00:00,,,1968-10-01 00:00:00,1970-05-31 00:00:00,1968-01-01 00:00:00,1970-12-01 00:00:00,Y,N,N
-122.0,49.1,906,VEDDER SOUTH LICKMAN,BC,BRITISH COLUMBIA,COLOMBIE-BRITANNIQUE,CAN,490600000,-1220000000,PST,15.20,1108530,,,N/A,,1,9,,,,,1964-01-01 00:00:00,1968-12-01 00:00:00,,,1964-07-01 00:00:00,1968-09-30 00:00:00,1964-01-01 00:00:00,1968-12-01 00:00:00,Y,N,N
-123.16666666666667,49.333333333333336,907,WEST VANCOUVER,BC,BRITISH COLUMBIA,COLOMBIE-BRITANNIQUE,CAN,492000000,-1231000000,PST,28.70,1108820,,,N/A,,1,9,,,,,1953-01-01 00:00:00,1961-12-31 00:00:00,,,1953-09-01 00:00:00,1961-12-31 00:00:00,1953-01-01 00:00:00,1961-12-01 00:00:00,Y,N,N
-123.13333333333334,49.36666666666667,908,W VANC BALLANTREE PLACE,BC,BRITISH COLUMBIA,COLOMBIE-BRITANNIQUE,CAN,492200000,-1230800000,PST,289.60,1108823,,,N/A,D,1,5,,,,,1972-01-01 00:00:00,1988-12-01 00:00:00,,,1972-03-01 00:00:00,1988-03-31 00:00:00,1972-01-01 00:00:00,1988-12-01 00:00:00,Y,N,N
-123.11666666666666,49.35,909,W VANC CAPILANO GCC,BC,BRITISH COLUMBIA,COLOMBIE-BRITANNIQUE,CAN,492100000,-1230700000,PST,200.90,1108825,,,Climate-Staffed,E,1,6,,,,,1976-01-01 00:00:00,1998-09-30 00:00:00,,,1976-04-01 00:00:00,1998-09-30 00:00:00,1976-01-01 00:00:00,1998-09-01 00:00:00,Y,N,N
-123.28333333333333,49.38333333333333,910,W VANCOUVER COPPER COVE,BC,BRITISH COLUMBIA,COLOMBIE-BRITANNIQUE,CAN,492300000,-1231700000,PST,45.70,1108826,,,N/A,G,1,9,,,,,1959-12-01 00:00:00,1972-12-01 00:00:00,,,1959-12-01 00:00:00,1972-03-31 00:00:00,1960-01-01 00:00:00,1972-12-01 00:00:00,Y,N,N
-123.25,49.35,911,W VANCOUVER CYPRESS PARK,BC,BRITISH COLUMBIA,COLOMBIE-BRITANNIQUE,CAN,492100000,-1231500000,PST,155.00,1108828,,,N/A,F,1,7,,,,,1957-01-01 00:00:00,1994-12-01 00:00:00,,,1957-11-01 00:00:00,1994-03-31 00:00:00,1957-01-01 00:00:00,1994-12-01 00:00:00,Y,N,N
-123.18333333333334,49.333333333333336,912,W VANCOUVER DUNDARAVE,BC,BRITISH COLUMBIA,COLOMBIE-BRITANNIQUE,CAN,492000000,-1231100000,PST,2.00,1108829,,,N/A,E,1,6,,,,,1971-01-01 00:00:00,1986-12-01 00:00:00,,,1971-05-01 00:00:00,1986-05-31 00:00:00,1971-01-01 00:00:00,1986-12-01 00:00:00,Y,N,N
-123.25,49.35,913,WEST VANCOUVER KEW BEACH,BC,BRITISH COLUMBIA,COLOMBIE-BRITANNIQUE,CAN,492100000,-1231500000,PST,64.00,1108831,,,N/A,,1,9,,,,,1959-01-01 00:00:00,1963-12-01 00:00:00,,,1959-04-01 00:00:00,1963-09-30 00:00:00,1959-01-01 00:00:00,1963-12-01 00:00:00,Y,N,N
-123.11666666666666,49.333333333333336,914,WEST VANCOUVER MACBETH,BC,BRITISH COLUMBIA,COLOMBIE-BRITANNIQUE,CAN,492000000,-1230700000,PST,54.90,1108835,,,N/A,G,1,8,,,,,1955-01-01 00:00:00,1973-12-01 00:00:00,,,1955-07-01 00:00:00,1973-06-30 00:00:00,1955-01-01 00:00:00,1973-12-01 00:00:00,Y,N,N
-123.18333333333334,49.333333333333336,915,WEST VANCOUVER MATHERS,BC,BRITISH COLUMBIA,COLOMBIE-BRITANNIQUE,CAN,492000000,-1231100000,PST,45.70,1108837,,,N/A,G,1,8,,,,,1966-01-01 00:00:00,1980-12-01 00:00:00,,,1966-07-01 00:00:00,1980-10-31 00:00:00,1966-01-01 00:00:00,1980-12-01 00:00:00,Y,N,N
-123.13333333333334,49.36666666666667,916,W VANCOUVER MILLSTREAM,BC,BRITISH COLUMBIA,COLOMBIE-BRITANNIQUE,CAN,492200000,-1230800000,PST,381.00,1108840,,,Climate-Staffed,E,1,6,,,,,1961-01-01 00:00:00,1992-12-31 00:00:00,,,1961-10-01 00:00:00,1992-12-31 00:00:00,1961-01-01 00:00:00,1992-12-01 00:00:00,Y,N,N
-123.16666666666667,49.333333333333336,917,WEST VANCOUVER OTTAWA,BC,BRITISH COLUMBIA,COLOMBIE-BRITANNIQUE,CAN,492000000,-1231000000,PST,121.90,1108844,,,N/A,,1,9,,,,,1960-01-01 00:00:00,1963-12-01 00:00:00,,,1960-02-01 00:00:00,1963-09-30 00:00:00,1960-01-01 00:00:00,1963-12-01 00:00:00,Y,N,N
-123.15,49.333333333333336,918,W VANCOUVER PALMERSTON,BC,BRITISH COLUMBIA,COLOMBIE-BRITANNIQUE,CAN,492000000,-1230900000,PST,121.90,1108846,,,N/A,G,1,8,,,,,1961-01-01 00:00:00,1972-12-01 00:00:00,,,1961-09-01 00:00:00,1972-04-30 00:00:00,1961-01-01 00:00:00,1972-12-01 00:00:00,Y,N,N
-123.15,49.333333333333336,919,WEST VANCOUVER RENA CRES,BC,BRITISH COLUMBIA,COLOMBIE-BRITANNIQUE,CAN,492000000,-1230900000,PST,146.30,1108848,,,N/A,G,1,8,,,,,1962-01-01 00:00:00,1975-12-01 00:00:00,,,1962-01-01 00:00:00,1975-06-30 00:00:00,1962-01-01 00:00:00,1975-12-01 00:00:00,Y,N,N
-122.85,49.2,920,WHALLEY BALL PARK,BC,BRITISH COLUMBIA,COLOMBIE-BRITANNIQUE,CAN,491200000,-1225100000,PST,80.80,1108885,,,N/A,G,1,9,,,,,1971-12-01 00:00:00,1972-12-01 00:00:00,,,1971-12-01 00:00:00,1972-07-31 00:00:00,1972-01-01 00:00:00,1972-12-01 00:00:00,Y,N,N
-122.85,49.2,921,WHALLEY BOLIVAR CRESCENT,BC,BRITISH COLUMBIA,COLOMBIE-BRITANNIQUE,CAN,491200000,-1225100000,PST,61.00,1108886,,,N/A,,1,9,,,,,1959-12-01 00:00:00,1962-12-01 00:00:00,,,1959-12-01 00:00:00,1962-02-28 00:00:00,1960-01-01 00:00:00,1962-12-01 00:00:00,Y,N,N
-122.83333333333333,49.18333333333333,922,WHALLEY FOREST NURSERY,BC,BRITISH COLUMBIA,COLOMBIE-BRITANNIQUE,CAN,491100000,-1225000000,PST,83.80,1108890,,,Climate-Staffed,C,1,4,,,,,1958-01-01 00:00:00,1994-12-01 00:00:00,,,1958-09-01 00:00:00,1994-11-30 00:00:00,1958-01-01 00:00:00,1994-12-01 00:00:00,Y,N,N
-122.85,49.2,923,WHALLEY HILTON ROAD,BC,BRITISH COLUMBIA,COLOMBIE-BRITANNIQUE,CAN,491200000,-1225100000,PST,91.40,1108892,,,N/A,,1,9,,,,,1961-01-01 00:00:00,1963-12-01 00:00:00,,,1961-09-01 00:00:00,1963-05-31 00:00:00,1961-01-01 00:00:00,1963-12-01 00:00:00,Y,N,N
-122.94722222222222,50.06777777777778,924,WHISTLER ROUNDHOUSE,BC,BRITISH COLUMBIA,COLOMBIE-BRITANNIQUE,CAN,500404000,-1225650000,PST,1835.00,1108906,,,Climate-Staffed,G,1,8,CCN,RCSC,Co-operative Climate Network,Réseau coopératif de stations climatiques,1972-11-01 00:00:00,2024-10-19 00:00:00,,,1972-11-01 00:00:00,2024-10-19 00:00:00,1973-01-01 00:00:00,2007-02-01 00:00:00,Y,N,N
-122.7838888888889,49.018055555555556,925,WHITE ROCK CAMPBELL SCIENTIFIC,BC,BRITISH COLUMBIA,COLOMBIE-BRITANNIQUE,CAN,490105000,-1224702000,PST,13.00,1108910,WWK,71785,Climate-Auto,F,1,7,ECCC - MSC,ECCC - SMC,Environment and Climate Change Canada - Meteorological Service of Canada,Environnement et Changement climatique Canada - Service météorologique du Canada,1929-01-01 00:00:00,2024-11-19 12:30:02,1994-02-01 00:00:00,2024-11-19 12:30:02,1929-01-01 00:00:00,2024-11-19 00:00:00,1929-01-01 00:00:00,2007-02-01 00:00:00,Y,N,Y
-122.81666666666666,49.03333333333333,926,WHITE ROCK BREARLEY,BC,BRITISH COLUMBIA,COLOMBIE-BRITANNIQUE,CAN,490200000,-1224900000,PST,76.20,1108911,,,N/A,,1,9,,,,,1970-01-01 00:00:00,1970-12-01 00:00:00,,,1970-02-01 00:00:00,1970-09-30 00:00:00,1970-01-01 00:00:00,1970-12-01 00:00:00,Y,N,N
-122.87638888888888,49.04222222222222,927,WHITE ROCK OCEAN PARK,BC,BRITISH COLUMBIA,COLOMBIE-BRITANNIQUE,CAN,490232000,-1225235000,PST,45.70,1108913,,,Climate-Staffed,E,1,6,,,,,1988-01-01 00:00:00,2007-11-26 00:00:00,,,1988-08-01 00:00:00,2007-11-26 00:00:00,1988-01-01 00:00:00,2007-02-01 00:00:00,Y,N,N
-122.7838888888889,49.01861111111111,928,WHITE ROCK STP,BC,BRITISH COLUMBIA,COLOMBIE-BRITANNIQUE,CAN,490107000,-1224702000,PST,13.00,1108914,,,Climate-Staffed,C,1,4,,,,,1964-01-01 00:00:00,2002-01-31 00:00:00,,,1964-04-01 00:00:00,2002-01-31 00:00:00,1964-01-01 00:00:00,2002-01-01 00:00:00,Y,N,N
-122.475,49.21333333333333,929,WHONNOCK,BC,BRITISH COLUMBIA,COLOMBIE-BRITANNIQUE,CAN,491248000,-1222830000,PST,162.00,1108920,,,N/A,G,1,8,,,,,1985-01-01 00:00:00,1986-12-01 00:00:00,,,1985-01-01 00:00:00,1986-02-28 00:00:00,1985-01-01 00:00:00,1986-12-01 00:00:00,Y,N,N
-122.46666666666667,49.18333333333333,930,WHONNOCK NO 5 RD,BC,BRITISH COLUMBIA,COLOMBIE-BRITANNIQUE,CAN,491100000,-1222800000,PST,61.00,1108923,,,N/A,,1,9,,,,,1959-01-01 00:00:00,1960-12-01 00:00:00,,,1959-10-01 00:00:00,1960-11-30 00:00:00,1959-01-01 00:00:00,1960-12-01 00:00:00,Y,N,N
-122.5,49.18333333333333,931,WHONNOCK THORN HILL,BC,BRITISH COLUMBIA,COLOMBIE-BRITANNIQUE,CAN,491100000,-1223000000,PST,213.40,1108925,,,N/A,,1,9,,,,,1957-01-01 00:00:00,1969-12-01 00:00:00,,,1957-06-01 00:00:00,1969-03-31 00:00:00,1957-01-01 00:00:00,1969-12-01 00:00:00,Y,N,N
-122.48333333333333,49.18333333333333,932,WHONNOCK 269 ST,BC,BRITISH COLUMBIA,COLOMBIE-BRITANNIQUE,CAN,491100000,-1222900000,PST,61.00,1108927,,,N/A,G,1,8,,,,,1960-01-01 00:00:00,1975-12-01 00:00:00,,,1960-12-01 00:00:00,1975-08-31 00:00:00,1960-01-01 00:00:00,1975-12-01 00:00:00,Y,N,N
-122.06666666666666,49.06666666666667,933,YARROW,BC,BRITISH COLUMBIA,COLOMBIE-BRITANNIQUE,CAN,490400000,-1220400000,PST,99.10,1109004,,,N/A,,1,9,,,,,1960-01-01 00:00:00,1964-12-31 00:00:00,,,1960-01-01 00:00:00,1964-12-31 00:00:00,1960-01-01 00:00:00,1964-12-01 00:00:00,Y,N,N
-122.11666666666666,49.083333333333336,934,YARROW SUMAS LAKE,BC,BRITISH COLUMBIA,COLOMBIE-BRITANNIQUE,CAN,490500000,-1220700000,PST,9.10,1109006,,,N/A,,1,9,,,,,1961-01-01 00:00:00,1968-12-01 00:00:00,,,1961-08-01 00:00:00,1968-04-30 00:00:00,1961-01-01 00:00:00,1968-12-01 00:00:00,Y,N,N
-121.93584722222222,51.07057777777778,935,EDGE HILLS BUTCHER CREEK,BC,BRITISH COLUMBIA,COLOMBIE-BRITANNIQUE,CAN,510414080,-1215609050,PST,580.00,111KFLR,,,Climate-Staffed,E,1,6,,,,,1988-01-01 00:00:00,2002-10-31 00:00:00,,,1988-07-01 00:00:00,2002-10-31 00:00:00,1988-01-01 00:00:00,2002-10-01 00:00:00,Y,N,N
-122.65,50.56666666666667,936,BIRKENHEAD LAKE,BC,BRITISH COLUMBIA,COLOMBIE-BRITANNIQUE,CAN,503400000,-1223900000,PST,715.10,1110Q78,,,N/A,G,1,8,,,,,1983-01-01 00:00:00,1985-12-01 00:00:00,,,1983-07-01 00:00:00,1985-07-31 00:00:00,1983-01-01 00:00:00,1985-12-01 00:00:00,Y,N,N
-121.45,49.86666666666667,937,BOSTON BAR,BC,BRITISH COLUMBIA,COLOMBIE-BRITANNIQUE,CAN,495200000,-1212700000,PST,163.10,1110R04,,,N/A,,1,9,,,,,1968-01-01 00:00:00,1968-12-01 00:00:00,,,1968-04-01 00:00:00,1968-08-31 00:00:00,1968-01-01 00:00:00,1968-12-01 00:00:00,Y,N,N
-120.83333333333333,49.13333333333333,938,ALLISON PASS,BC,BRITISH COLUMBIA,COLOMBIE-BRITANNIQUE,CAN,490800000,-1205000000,PST,1341.10,1110350,,,N/A,G,1,8,,,,,1958-01-01 00:00:00,1972-12-01 00:00:00,,,1958-09-01 00:00:00,1972-10-31 00:00:00,1958-01-01 00:00:00,1972-12-01 00:00:00,Y,N,N
-120.86666666666666,49.11666666666667,939,ALLISON PASS DOH,BC,BRITISH COLUMBIA,COLOMBIE-BRITANNIQUE,CAN,490700000,-1205200000,PST,1339.90,1110352,,,Climate-Staffed,E,1,6,,,,,1974-01-01 00:00:00,1989-12-01 00:00:00,,,1974-11-01 00:00:00,1989-05-31 00:00:00,1974-01-01 00:00:00,1989-12-01 00:00:00,Y,N,N
-121.45,49.916666666666664,940,BOSTON BAR ALPINE,BC,BRITISH COLUMBIA,COLOMBIE-BRITANNIQUE,CAN,495500000,-1212700000,PST,213.00,111090D,,,N/A,G,1,9,,,,,1985-01-01 00:00:00,1985-12-01 00:00:00,,,1985-06-01 00:00:00,1985-08-31 00:00:00,1985-01-01 00:00:00,1985-12-01 00:00:00,Y,N,N
-121.43333333333334,49.86666666666667,941,BOSTON BAR,BC,BRITISH COLUMBIA,COLOMBIE-BRITANNIQUE,CAN,495200000,-1212600000,PST,199.90,111090M,,,N/A,E,1,6,,,,,1974-01-01 00:00:00,1989-12-01 00:00:00,,,1974-10-01 00:00:00,1989-05-31 00:00:00,1974-01-01 00:00:00,1989-12-01 00:00:00,Y,N,N
-121.91666666666667,50.7,942,EAST LILLOOET,BC,BRITISH COLUMBIA,COLOMBIE-BRITANNIQUE,CAN,504200000,-1215500000,PST,269.70,1112625,,,N/A,,1,9,,,,,1957-01-01 00:00:00,1960-12-01 00:00:00,,,1957-05-01 00:00:00,1960-02-29 00:00:00,1957-01-01 00:00:00,1960-12-01 00:00:00,Y,N,N
-122.51666666666667,50.516666666666666,943,GATES STATION,BC,BRITISH COLUMBIA,COLOMBIE-BRITANNIQUE,CAN,503100000,-1223100000,PST,390.20,1113072,,,Climate-Staffed,E,1,6,,,,,1974-01-01 00:00:00,1994-12-01 00:00:00,,,1974-04-01 00:00:00,1994-10-31 00:00:00,1974-01-01 00:00:00,1994-12-01 00:00:00,Y,N,N
-121.45,49.78333333333333,944,HELLS GATE,BC,BRITISH COLUMBIA,COLOMBIE-BRITANNIQUE,CAN,494700000,-1212700000,PST,121.90,1113420,,,N/A,E,1,6,,,,,1951-01-01 00:00:00,1987-12-01 00:00:00,,,1951-06-01 00:00:00,1987-05-31 00:00:00,1951-01-01 00:00:00,1987-12-01 00:00:00,Y,N,N
-121.48333333333333,49.36666666666667,945,HOPE,BC,BRITISH COLUMBIA,COLOMBIE-BRITANNIQUE,CAN,492200000,-1212900000,PST,39.00,1113539,YHE,71114,Climate-Auto,G,1,9,,,,,1990-01-01 00:00:00,2005-03-08 22:00:00,1994-02-02 16:00:00,2005-03-08 22:00:00,1990-03-01 00:00:00,2005-03-08 00:00:00,1990-01-01 00:00:00,2004-11-01 00:00:00,Y,N,Y
-121.49805555555555,49.36833333333333,946,HOPE A,BC,BRITISH COLUMBIA,COLOMBIE-BRITANNIQUE,CAN,492206000,-1212953000,PST,39.00,1113540,,,N/A,C,1,4,,,,,1934-01-01 00:00:00,1995-03-31 07:00:00,1953-01-01 04:00:00,1995-03-31 07:00:00,1934-06-01 00:00:00,1995-03-31 00:00:00,1934-01-01 00:00:00,1995-03-01 00:00:00,Y,N,Y
-121.55,49.416666666666664,947,HOPE DOG MOUNTAIN,BC,BRITISH COLUMBIA,COLOMBIE-BRITANNIQUE,CAN,492500000,-1213300000,PST,1475.20,1113545,,,N/A,,1,9,,,,,1958-01-01 00:00:00,1958-12-01 00:00:00,,,1958-04-01 00:00:00,1958-10-31 00:00:00,1958-01-01 00:00:00,1958-12-01 00:00:00,Y,N,N
-121.4,49.38333333333333,948,HOPE KAWKAWA LAKE,BC,BRITISH COLUMBIA,COLOMBIE-BRITANNIQUE,CAN,492300000,-1212400000,PST,152.40,1113550,,,N/A,F,1,7,,,,,1955-01-01 00:00:00,1977-12-01 00:00:00,,,1955-04-01 00:00:00,1977-06-30 00:00:00,1955-01-01 00:00:00,1977-12-01 00:00:00,Y,N,N
-121.41666666666667,49.38333333333333,949,HOPE LITTLE MOUNTAIN,BC,BRITISH COLUMBIA,COLOMBIE-BRITANNIQUE,CAN,492300000,-1212500000,PST,176.80,1113570,,,N/A,,1,9,,,,,1910-01-01 00:00:00,1954-12-31 00:00:00,,,1910-03-01 00:00:00,1954-12-31 00:00:00,1910-01-01 00:00:00,1954-12-01 00:00:00,Y,N,N
-121.21666666666667,49.266666666666666,950,HOPE SLIDE,BC,BRITISH COLUMBIA,COLOMBIE-BRITANNIQUE,CAN,491600000,-1211300000,PST,701.00,1113580,,,N/A,G,1,8,,,,,1967-01-01 00:00:00,1974-12-01 00:00:00,,,1967-05-01 00:00:00,1974-04-30 00:00:00,1967-01-01 00:00:00,1974-12-01 00:00:00,Y,N,N
-121.23333333333333,49.266666666666666,951,HOPE SLIDE,BC,BRITISH COLUMBIA,COLOMBIE-BRITANNIQUE,CAN,491600000,-1211400000,PST,685.00,1113581,WKV,,Aviation-Staffed,D,1,5,CCN,RCSC,Co-operative Climate Network,Réseau coopératif de stations climatiques,1969-12-31 16:00:00,2024-11-18 00:00:00,1969-12-31 16:00:00,2014-03-20 09:00:00,1975-05-01 00:00:00,2024-11-18 00:00:00,1975-01-01 00:00:00,2007-02-01 00:00:00,Y,Y,N
-121.8,50.666666666666664,952,KWOTLENEMO LAKE,BC,BRITISH COLUMBIA,COLOMBIE-BRITANNIQUE,CAN,504000000,-1214800000,PST,919.00,1114435,,,N/A,G,1,8,,,,,1969-01-01 00:00:00,1974-12-01 00:00:00,,,1969-01-01 00:00:00,1974-03-31 00:00:00,1969-01-01 00:00:00,1974-12-01 00:00:00,Y,N,N
-121.25,49.5,953,LADNER CREEK,BC,BRITISH COLUMBIA,COLOMBIE-BRITANNIQUE,CAN,493000000,-1211500000,PST,807.10,1114474,,,N/A,F,1,7,,,,,1982-01-01 00:00:00,1992-12-01 00:00:00,,,1982-03-01 00:00:00,1992-04-30 00:00:00,1982-01-01 00:00:00,1992-12-01 00:00:00,Y,N,N
-121.88333333333334,50.666666666666664,954,LILLOOET A,BC,BRITISH COLUMBIA,COLOMBIE-BRITANNIQUE,CAN,504000000,-1215300000,PST,402.00,11146K0,,,N/A,G,1,9,,,,,1984-01-01 00:00:00,1986-12-01 00:00:00,,,1984-12-01 00:00:00,1986-03-31 00:00:00,1984-01-01 00:00:00,1986-12-01 00:00:00,Y,N,N
-121.93333333333334,50.7,955,LILLOOET,BC,BRITISH COLUMBIA,COLOMBIE-BRITANNIQUE,CAN,504200000,-1215600000,PST,289.60,1114620,,,N/A,,1,9,,,,,1878-01-01 00:00:00,1970-12-01 00:00:00,,,1878-01-01 00:00:00,1970-02-28 00:00:00,1878-01-01 00:00:00,1970-12-01 00:00:00,Y,N,N
-121.86666666666666,50.6,956,LILLOOET CEDAR FALLS,BC,BRITISH COLUMBIA,COLOMBIE-BRITANNIQUE,CAN,503600000,-1215200000,PST,554.70,1114621,,,N/A,D,1,5,,,,,1962-01-01 00:00:00,1989-12-01 00:00:00,,,1962-05-01 00:00:00,1989-07-31 00:00:00,1962-01-01 00:00:00,1989-12-01 00:00:00,Y,N,N
-121.76666666666667,50.53333333333333,957,LILLOOET FOUNTAINVIEW,BC,BRITISH COLUMBIA,COLOMBIE-BRITANNIQUE,CAN,503200000,-1214600000,PST,300.00,1114622,,,N/A,G,1,8,,,,,1987-01-01 00:00:00,1994-12-01 00:00:00,,,1987-10-01 00:00:00,1994-02-28 00:00:00,1987-01-01 00:00:00,1994-12-01 00:00:00,Y,N,N
-121.93333333333334,50.7,958,LILLOOET HEIGHTS,BC,BRITISH COLUMBIA,COLOMBIE-BRITANNIQUE,CAN,504200000,-1215600000,PST,298.70,1114623,,,N/A,,1,9,,,,,1961-01-01 00:00:00,1965-12-01 00:00:00,,,1961-07-01 00:00:00,1965-06-30 00:00:00,1961-01-01 00:00:00,1965-12-01 00:00:00,Y,N,N
-121.93333333333334,50.7,959,LILLOOET RUSSELL ST,BC,BRITISH COLUMBIA,COLOMBIE-BRITANNIQUE,CAN,504200000,-1215600000,PST,243.80,1114626,,,N/A,F,1,7,,,,,1959-01-01 00:00:00,1983-12-01 00:00:00,,,1959-11-01 00:00:00,1983-06-30 00:00:00,1959-01-01 00:00:00,1983-12-01 00:00:00,Y,N,N
-121.92416666666666,50.67333333333333,960,LILLOOET SETON BCHPA,BC,BRITISH COLUMBIA,COLOMBIE-BRITANNIQUE,CAN,504024000,-1215527000,PST,198.10,1114627,,,Climate-Staffed,A,1,1,,,,,1971-01-01 00:00:00,2001-04-30 00:00:00,,,1971-10-01 00:00:00,2001-04-30 00:00:00,1971-01-01 00:00:00,2001-04-01 00:00:00,Y,N,N
-121.58194444444445,50.224444444444444,961,LYTTON,BC,BRITISH COLUMBIA,COLOMBIE-BRITANNIQUE,CAN,501328000,-1213455000,PST,225.00,1114739,WLY,,Aviation-Auto,G,1,9,,,,,1990-01-01 00:00:00,2013-08-22 10:00:00,1994-02-01 00:00:00,2013-08-22 10:00:00,1990-03-01 00:00:00,2013-08-22 00:00:00,1990-01-01 00:00:00,2007-02-01 00:00:00,Y,N,Y
-121.56666666666666,50.233333333333334,962,LYTTON,BC,BRITISH COLUMBIA,COLOMBIE-BRITANNIQUE,CAN,501400000,-1213400000,PST,175.00,1114740,,,N/A,,1,9,,,,,1944-01-01 00:00:00,1970-12-01 00:00:00,1953-01-01 00:00:00,1970-01-31 23:00:00,1944-08-01 00:00:00,1969-12-31 00:00:00,1944-01-01 00:00:00,1970-12-01 00:00:00,Y,N,Y
-121.58333333333333,50.233333333333334,963,LYTTON,BC,BRITISH COLUMBIA,COLOMBIE-BRITANNIQUE,CAN,501400000,-1213500000,PST,229.00,1114741,,,N/A,C,1,4,,,,,1970-01-01 00:00:00,1991-12-01 00:00:00,1970-02-01 00:00:00,1991-08-30 13:00:00,1970-01-01 00:00:00,1991-08-31 00:00:00,1970-01-01 00:00:00,1991-12-01 00:00:00,Y,N,Y
-121.54888888888888,50.327777777777776,964,LYTTON BOTANIE VALLEY,BC,BRITISH COLUMBIA,COLOMBIE-BRITANNIQUE,CAN,501940000,-1213256000,PST,730.00,1114742,,,Climate-Staffed,F,1,7,,,,,1989-01-01 00:00:00,2006-03-31 00:00:00,,,1989-10-01 00:00:00,2006-03-31 00:00:00,1989-01-01 00:00:00,2006-03-01 00:00:00,Y,N,N
-121.68333333333334,50.4,965,LYTTON STEIN MOUNTAIN,BC,BRITISH COLUMBIA,COLOMBIE-BRITANNIQUE,CAN,502400000,-1214100000,PST,385.00,1114743,,,Climate-Staffed,G,1,8,,,,,1988-01-01 00:00:00,1995-06-30 00:00:00,,,1988-02-01 00:00:00,1995-06-30 00:00:00,1988-01-01 00:00:00,1995-06-01 00:00:00,Y,N,N
-121.60777777777778,50.25694444444444,966,LYTTON 2,BC,BRITISH COLUMBIA,COLOMBIE-BRITANNIQUE,CAN,501525000,-1213628000,PST,174.00,1114745,,,Climate-Staffed,F,1,7,,,,,1917-01-01 00:00:00,2015-02-08 00:00:00,,,1917-01-01 00:00:00,2015-02-08 00:00:00,1917-01-01 00:00:00,2007-02-01 00:00:00,Y,N,N
-122.43333333333334,50.61666666666667,967,MCGILLIVARY FALLS,BC,BRITISH COLUMBIA,COLOMBIE-BRITANNIQUE,CAN,503700000,-1222600000,PST,419.00,1114992,,,N/A,G,1,9,,,,,1988-01-01 00:00:00,1988-12-01 00:00:00,,,1988-08-01 00:00:00,1988-08-31 00:00:00,1988-01-01 00:00:00,1988-12-01 00:00:00,Y,N,N
-122.26666666666667,50.88333333333333,968,MOHA,BC,BRITISH COLUMBIA,COLOMBIE-BRITANNIQUE,CAN,505300000,-1221600000,PST,548.60,1115196,,,N/A,,1,9,,,,,1924-01-01 00:00:00,1947-12-01 00:00:00,,,1924-01-01 00:00:00,1947-09-30 00:00:00,1924-01-01 00:00:00,1947-12-01 00:00:00,Y,N,N
-121.83333333333333,50.86666666666667,969,PAVILION,BC,BRITISH COLUMBIA,COLOMBIE-BRITANNIQUE,CAN,505200000,-1215000000,PST,1066.80,1116060,,,N/A,,1,9,,,,,1953-01-01 00:00:00,1955-12-01 00:00:00,,,1953-04-01 00:00:00,1955-03-31 00:00:00,1953-01-01 00:00:00,1955-12-01 00:00:00,Y,N,N
-121.88333333333334,50.88333333333333,970,PAVILION BLUE RIDGE,BC,BRITISH COLUMBIA,COLOMBIE-BRITANNIQUE,CAN,505300000,-1215300000,PST,602.00,1116062,,,N/A,F,1,7,,,,,1987-01-01 00:00:00,1995-03-31 00:00:00,,,1987-06-01 00:00:00,1995-03-31 00:00:00,1987-01-01 00:00:00,1995-03-01 00:00:00,Y,N,N
-122.55,50.333333333333336,971,PEMBERTON HATCHERY,BC,BRITISH COLUMBIA,COLOMBIE-BRITANNIQUE,CAN,502000000,-1223300000,PST,256.00,1116084,,,N/A,,1,9,,,,,1908-01-01 00:00:00,1936-12-01 00:00:00,,,1908-04-01 00:00:00,1936-09-30 00:00:00,1908-01-01 00:00:00,1936-12-01 00:00:00,Y,N,N
-121.8,51.03333333333333,972,PORCUPINE CREEK,BC,BRITISH COLUMBIA,COLOMBIE-BRITANNIQUE,CAN,510200000,-1214800000,PST,1190.00,1116204,,,Climate-Staffed,C,1,4,,,,,1974-01-01 00:00:00,1995-04-30 00:00:00,,,1974-08-01 00:00:00,1995-04-30 00:00:00,1974-01-01 00:00:00,1995-04-01 00:00:00,Y,N,N
-122.24055555555556,50.72833333333333,973,SHALALTH,BC,BRITISH COLUMBIA,COLOMBIE-BRITANNIQUE,CAN,504342000,-1221426000,PST,243.80,1117215,,,N/A,C,1,4,,,,,1963-01-01 00:00:00,2004-04-30 00:00:00,,,1963-07-01 00:00:00,2004-04-30 00:00:00,1963-01-01 00:00:00,2004-04-01 00:00:00,Y,N,N
-121.16666666666667,49.083333333333336,974,SKAGIT RIVER,BC,BRITISH COLUMBIA,COLOMBIE-BRITANNIQUE,CAN,490500000,-1211000000,PST,515.10,1117410,,,N/A,,1,9,,,,,1936-01-01 00:00:00,1955-12-01 00:00:00,,,1936-12-01 00:00:00,1955-09-30 00:00:00,1936-01-01 00:00:00,1955-12-01 00:00:00,Y,N,N
-121.05,49.416666666666664,975,TREASURE MOUNTAIN,BC,BRITISH COLUMBIA,COLOMBIE-BRITANNIQUE,CAN,492500000,-1210300000,PST,1430.00,1118235,,,N/A,G,1,9,,,,,1989-06-01 00:00:00,1990-12-01 00:00:00,,,1989-06-01 00:00:00,1990-09-30 00:00:00,1990-01-01 00:00:00,1990-12-01 00:00:00,Y,N,N
-121.43333333333334,49.56666666666667,976,YALE,BC,BRITISH COLUMBIA,COLOMBIE-BRITANNIQUE,CAN,493400000,-1212600000,PST,76.00,1119002,,,N/A,F,1,7,,,,,1984-01-01 00:00:00,1994-12-01 00:00:00,,,1984-12-01 00:00:00,1994-11-30 00:00:00,1984-01-01 00:00:00,1994-12-01 00:00:00,Y,N,N
-119.43333333333334,49.93333333333333,977,KELOWNA N GLENMORE,BC,BRITISH COLUMBIA,COLOMBIE-BRITANNIQUE,CAN,495600000,-1192600000,PST,451.00,112C991,,,N/A,G,1,8,,,,,1984-01-01 00:00:00,1986-12-01 00:00:00,,,1984-12-01 00:00:00,1986-09-30 00:00:00,1984-01-01 00:00:00,1986-12-01 00:00:00,Y,N,N
-119.43333333333334,50.05,978,OKANAGAN CENTRE CAMP RD,BC,BRITISH COLUMBIA,COLOMBIE-BRITANNIQUE,CAN,500300000,-1192600000,PST,445.00,112E700,,,N/A,G,1,8,,,,,1984-01-01 00:00:00,1988-12-01 00:00:00,,,1984-08-01 00:00:00,1988-06-30 00:00:00,1984-01-01 00:00:00,1988-12-01 00:00:00,Y,N,N
-119.64869444444444,49.562555555555555,979,SUMMERLAND CS,BC,BRITISH COLUMBIA,COLOMBIE-BRITANNIQUE,CAN,493345200,-1193855300,PST,454.20,112G8L1,WUS,71768,Climate-Auto,F,1,7,ECCC - MSC,ECCC - SMC,Environment and Climate Change Canada - Meteorological Service of Canada,Environnement et Changement climatique Canada - Service météorologique du Canada,1990-01-01 00:00:00,2024-11-19 12:30:02,1994-02-01 00:00:00,2024-11-19 12:30:02,1990-06-01 00:00:00,2024-11-19 00:00:00,1990-01-01 00:00:00,2006-11-01 00:00:00,Y,N,N
-119.26666666666667,50.25,980,VERNON SOUTH,BC,BRITISH COLUMBIA,COLOMBIE-BRITANNIQUE,CAN,501500000,-1191600000,PST,381.00,112HEHD,,,N/A,G,1,8,,,,,1974-01-01 00:00:00,1978-12-01 00:00:00,,,1974-05-01 00:00:00,1978-09-30 00:00:00,1974-01-01 00:00:00,1978-12-01 00:00:00,Y,N,N
-119.56666666666666,49.166666666666664,981,OLIVER ROCKCLIFF,BC,BRITISH COLUMBIA,COLOMBIE-BRITANNIQUE,CAN,491000000,-1193400000,PST,332.00,112N765,,,N/A,G,1,9,,,,,1989-01-01 00:00:00,1989-12-01 00:00:00,,,1989-08-01 00:00:00,1989-11-30 00:00:00,1989-01-01 00:00:00,1989-12-01 00:00:00,Y,N,N
-119.56666666666666,49.583333333333336,982,ARAWANA,BC,BRITISH COLUMBIA,COLOMBIE-BRITANNIQUE,CAN,493500000,-1193400000,PST,518.20,1120M47,,,N/A,G,1,8,,,,,1970-01-01 00:00:00,1976-12-01 00:00:00,,,1970-12-01 00:00:00,1976-06-30 00:00:00,1970-01-01 00:00:00,1976-12-01 00:00:00,Y,N,N
-119.58333333333333,49.733333333333334,983,ADRA,BC,BRITISH COLUMBIA,COLOMBIE-BRITANNIQUE,CAN,494400000,-1193500000,PST,1002.50,1120090,,,N/A,,1,9,,,,,1928-01-01 00:00:00,1953-12-01 00:00:00,,,1928-09-01 00:00:00,1953-08-31 00:00:00,1928-01-01 00:00:00,1953-12-01 00:00:00,Y,N,N
-119.91666666666667,49.4,984,APEX MTN LODGE,BC,BRITISH COLUMBIA,COLOMBIE-BRITANNIQUE,CAN,492400000,-1195500000,PST,1889.80,1120447,,,N/A,G,1,9,,,,,1965-01-01 00:00:00,1971-12-01 00:00:00,,,1965-06-01 00:00:00,1971-09-30 00:00:00,1965-01-01 00:00:00,1971-12-01 00:00:00,Y,N,N
-119.28333333333333,50.4,985,ARMSTRONG GRANDVIEW,BC,BRITISH COLUMBIA,COLOMBIE-BRITANNIQUE,CAN,502400000,-1191700000,PST,502.90,1120475,,,N/A,,1,9,,,,,1959-01-01 00:00:00,1960-12-01 00:00:00,,,1959-03-01 00:00:00,1960-06-30 00:00:00,1959-01-01 00:00:00,1960-12-01 00:00:00,Y,N,N
-120.23333333333333,49.71666666666667,986,BANKEIR,BC,BRITISH COLUMBIA,COLOMBIE-BRITANNIQUE,CAN,494300000,-1201400000,PST,1097.30,1120630,,,N/A,,1,9,,,,,1954-01-01 00:00:00,1959-12-01 00:00:00,,,1954-08-01 00:00:00,1959-07-31 00:00:00,1954-01-01 00:00:00,1959-12-01 00:00:00,Y,N,N
-120.28333333333333,49.7,987,BANKIER CHAIN LAKE,BC,BRITISH COLUMBIA,COLOMBIE-BRITANNIQUE,CAN,494200000,-1201700000,PST,1020.00,1120633,,,N/A,D,1,5,,,,,1974-01-01 00:00:00,1991-11-01 00:00:00,,,1974-05-01 00:00:00,1991-08-31 00:00:00,1974-01-01 00:00:00,1991-11-01 00:00:00,Y,N,N
-120.73333333333333,49.483333333333334,988,BLAKEBURN,BC,BRITISH COLUMBIA,COLOMBIE-BRITANNIQUE,CAN,492900000,-1204400000,PST,1485.00,1120882,,,N/A,G,1,9,,,,,1973-01-01 00:00:00,1973-12-01 00:00:00,,,1973-10-01 00:00:00,1973-11-30 00:00:00,1973-01-01 00:00:00,1973-12-01 00:00:00,Y,N,N
-120.86666666666666,49.81666666666667,989,BROOKMERE,BC,BRITISH COLUMBIA,COLOMBIE-BRITANNIQUE,CAN,494900000,-1205200000,PST,972.00,1121090,,,N/A,F,1,7,,,,,1986-01-01 00:00:00,1994-12-01 00:00:00,,,1986-07-01 00:00:00,1994-04-30 00:00:00,1986-01-01 00:00:00,1994-12-01 00:00:00,Y,N,N
-119.76666666666667,49.18333333333333,990,CAWSTON SIMILKAMEEN,BC,BRITISH COLUMBIA,COLOMBIE-BRITANNIQUE,CAN,491100000,-1194600000,PST,398.00,1121459,,,N/A,G,1,8,,,,,1979-01-01 00:00:00,1992-12-01 00:00:00,,,1979-05-01 00:00:00,1992-10-31 00:00:00,1979-01-01 00:00:00,1992-12-01 00:00:00,Y,N,N
-119.53333333333333,49.68333333333333,991,CHUTE LAKE,BC,BRITISH COLUMBIA,COLOMBIE-BRITANNIQUE,CAN,494100000,-1193200000,PST,1193.60,1121620,,,N/A,,1,9,,,,,1928-01-01 00:00:00,1962-12-01 00:00:00,,,1928-09-01 00:00:00,1962-10-31 00:00:00,1928-01-01 00:00:00,1962-12-01 00:00:00,Y,N,N
-120.19966666666667,50.164833333333334,992,DOUGLAS LAKE,BC,BRITISH COLUMBIA,COLOMBIE-BRITANNIQUE,CAN,500953400,-1201158800,PST,808.00,1122541,,,Climate-Staffed,E,1,6,,,,,1979-01-01 00:00:00,2007-02-28 00:00:00,,,1979-06-01 00:00:00,2007-02-28 00:00:00,1979-01-01 00:00:00,2007-02-01 00:00:00,Y,N,N
-119.31666666666666,50.36666666666667,993,GLENEMMA,BC,BRITISH COLUMBIA,COLOMBIE-BRITANNIQUE,CAN,502200000,-1191900000,PST,,1123195,,,N/A,,1,9,,,,,1914-01-01 00:00:00,1925-12-01 00:00:00,,,1914-11-01 00:00:00,1925-02-28 00:00:00,1914-01-01 00:00:00,1925-12-01 00:00:00,Y,N,N
-120.73333333333333,49.46666666666667,994,GRANITE CREEK,BC,BRITISH COLUMBIA,COLOMBIE-BRITANNIQUE,CAN,492800000,-1204400000,PST,1036.90,1123280,,,N/A,G,1,9,,,,,1984-01-01 00:00:00,1985-12-01 00:00:00,,,1984-06-01 00:00:00,1985-04-30 00:00:00,1984-01-01 00:00:00,1985-12-01 00:00:00,Y,N,N
-120.07666666666667,49.35722222222222,995,HEDLEY,BC,BRITISH COLUMBIA,COLOMBIE-BRITANNIQUE,CAN,492126000,-1200436000,PST,517.00,1123360,,,Climate-Staffed,A,1,1,,,,,1904-01-01 00:00:00,2005-06-30 00:00:00,,,1904-05-01 00:00:00,2005-06-30 00:00:00,1904-01-01 00:00:00,2005-06-01 00:00:00,Y,Y,N
-120.02168611111111,49.36945,996,HEDLEY NP MINE,BC,BRITISH COLUMBIA,COLOMBIE-BRITANNIQUE,CAN,492210020,-1200118070,PST,1651.00,1123390,,,Climate-Staffed,F,1,7,,,,,1904-01-01 00:00:00,2015-02-24 00:00:00,,,1904-01-01 00:00:00,2015-02-24 00:00:00,1904-01-01 00:00:00,2007-02-01 00:00:00,Y,N,N
-121.0,50.5,997,HIGHLAND VALLEY BCCL,BC,BRITISH COLUMBIA,COLOMBIE-BRITANNIQUE,CAN,503000000,-1210000000,PST,1470.10,1123468,,,N/A,E,1,6,,,,,1966-01-01 00:00:00,1989-12-01 00:00:00,,,1966-12-01 00:00:00,1989-06-30 00:00:00,1966-01-01 00:00:00,1989-12-01 00:00:00,Y,N,N
-121.01666666666667,50.46666666666667,998,HIGHLAND VALLEY LORNEX,BC,BRITISH COLUMBIA,COLOMBIE-BRITANNIQUE,CAN,502800000,-1210100000,PST,1268.00,1123469,,,Climate-Staffed,A,1,1,,,,,1967-01-01 00:00:00,2011-11-20 00:00:00,,,1967-01-01 00:00:00,2011-11-20 00:00:00,1967-01-01 00:00:00,2007-02-01 00:00:00,Y,Y,N
-119.12611111111111,49.85722222222222,999,JOE RICH CREEK,BC,BRITISH COLUMBIA,COLOMBIE-BRITANNIQUE,CAN,495126000,-1190734000,PST,874.80,1123750,,,Climate-Staffed,A,1,1,,,,,1928-01-01 00:00:00,2008-12-31 00:00:00,,,1928-09-01 00:00:00,2008-12-31 00:00:00,1928-01-01 00:00:00,2007-02-01 00:00:00,Y,Y,N
-119.46666666666667,49.9,1000,KELOWNA,BC,BRITISH COLUMBIA,COLOMBIE-BRITANNIQUE,CAN,495400000,-1192800000,PST,353.60,1123930,,,N/A,,1,9,,,,,1899-01-01 00:00:00,1962-12-01 00:00:00,,,1899-03-01 00:00:00,1962-09-30 00:00:00,1899-01-01 00:00:00,1962-12-01 00:00:00,Y,N,N
-119.37777777777778,49.95611111111111,1001,KELOWNA A,BC,BRITISH COLUMBIA,COLOMBIE-BRITANNIQUE,CAN,495722000,-1192240000,PST,429.50,1123970,YLW,71203,Aviation-Staffed,A,1,1,,,,,1959-03-23 08:00:00,2005-09-30 00:00:00,1959-03-23 08:00:00,2005-01-21 05:00:00,1968-10-01 00:00:00,2005-09-30 00:00:00,1968-01-01 00:00:00,2005-09-01 00:00:00,Y,Y,Y
-119.3,49.9,1002,KELOWNA BANKHEAD,BC,BRITISH COLUMBIA,COLOMBIE-BRITANNIQUE,CAN,495400000,-1191800000,PST,,1123972,,,N/A,,1,9,,,,,1914-01-01 00:00:00,1931-12-01 00:00:00,,,1914-03-01 00:00:00,1931-06-30 00:00:00,1914-01-01 00:00:00,1931-12-01 00:00:00,Y,N,N
-119.46666666666667,49.88333333333333,1003,KELOWNA BOWES STREET,BC,BRITISH COLUMBIA,COLOMBIE-BRITANNIQUE,CAN,495300000,-1192800000,PST,350.50,1123975,,,N/A,,1,9,,,,,1961-01-01 00:00:00,1969-12-01 00:00:00,,,1961-08-01 00:00:00,1969-11-30 00:00:00,1961-01-01 00:00:00,1969-12-01 00:00:00,Y,N,N
-119.41666666666667,49.86666666666667,1004,KELOWNA CDA,BC,BRITISH COLUMBIA,COLOMBIE-BRITANNIQUE,CAN,495200000,-1192500000,PST,484.60,1123980,,,N/A,,1,9,,,,,1950-01-01 00:00:00,1970-12-01 00:00:00,,,1950-01-01 00:00:00,1970-04-30 00:00:00,1950-01-01 00:00:00,1970-12-01 00:00:00,Y,N,N
-119.445,49.85111111111111,1005,KELOWNA DAV-SPIERS ROAD,BC,BRITISH COLUMBIA,COLOMBIE-BRITANNIQUE,CAN,495104000,-1192642000,PST,375.00,1123982,,,Climate-Staffed,F,1,7,,,,,1978-01-01 00:00:00,2004-09-30 00:00:00,,,1978-06-01 00:00:00,2004-09-30 00:00:00,1978-01-01 00:00:00,2004-09-01 00:00:00,Y,N,N
-119.39666666666666,49.8595,1006,KELOWNA EAST,BC,BRITISH COLUMBIA,COLOMBIE-BRITANNIQUE,CAN,495134200,-1192348000,PST,491.00,1123984,,,Climate-Staffed,D,1,5,,,,,1980-01-01 00:00:00,2000-11-30 00:00:00,,,1980-08-01 00:00:00,2000-11-30 00:00:00,1980-01-01 00:00:00,2000-11-01 00:00:00,Y,N,N
-119.55283333333334,49.86366666666667,1007,KELOWNA LAKEVIEW,BC,BRITISH COLUMBIA,COLOMBIE-BRITANNIQUE,CAN,495149200,-1193310200,PST,525.00,1123990,,,Climate-Staffed,G,1,8,,,,,1952-01-01 00:00:00,2000-01-31 00:00:00,,,1952-05-01 00:00:00,2000-01-31 00:00:00,1952-01-01 00:00:00,2000-01-01 00:00:00,Y,N,N
-119.4835,49.87416666666667,1008,KELOWNA PC BURNETTS NURSERY,BC,BRITISH COLUMBIA,COLOMBIE-BRITANNIQUE,CAN,495227000,-1192900600,PST,349.90,1123992,,,Climate-Staffed,A,1,1,,,,,1969-01-01 00:00:00,2003-04-30 00:00:00,,,1969-01-01 00:00:00,2003-04-30 00:00:00,1969-01-01 00:00:00,2003-04-01 00:00:00,Y,Y,N
-119.81666666666666,49.2,1009,KEREMEOS,BC,BRITISH COLUMBIA,COLOMBIE-BRITANNIQUE,CAN,491200000,-1194900000,PST,415.00,1124110,,,Climate-Staffed,F,1,7,,,,,1891-01-01 00:00:00,1995-05-31 00:00:00,,,1891-01-01 00:00:00,1995-05-31 00:00:00,1891-01-01 00:00:00,1995-05-01 00:00:00,Y,N,N
-119.82133333333333,49.21033333333333,1010,KEREMEOS 2,BC,BRITISH COLUMBIA,COLOMBIE-BRITANNIQUE,CAN,491237200,-1194916800,PST,434.90,1124112,,,Climate-Staffed,C,1,4,,,,,1924-01-01 00:00:00,2000-08-31 00:00:00,,,1924-01-01 00:00:00,2000-08-31 00:00:00,1924-01-01 00:00:00,2000-08-01 00:00:00,Y,N,N
-119.83333333333333,49.21666666666667,1011,KEREMEOS WEST,BC,BRITISH COLUMBIA,COLOMBIE-BRITANNIQUE,CAN,491300000,-1195000000,PST,416.10,1124118,,,N/A,,1,9,,,,,1962-01-01 00:00:00,1966-12-01 00:00:00,,,1962-08-01 00:00:00,1966-06-30 00:00:00,1962-01-01 00:00:00,1966-12-01 00:00:00,Y,N,N
-119.95,49.666666666666664,1012,KIRTON,BC,BRITISH COLUMBIA,COLOMBIE-BRITANNIQUE,CAN,494000000,-1195700000,PST,883.90,1124260,,,N/A,,1,9,,,,,1928-01-01 00:00:00,1962-12-01 00:00:00,,,1928-09-01 00:00:00,1962-04-30 00:00:00,1928-01-01 00:00:00,1962-12-01 00:00:00,Y,N,N
-120.53333333333333,50.483333333333334,1013,LAC LE JEUNE WALLOPER LK,BC,BRITISH COLUMBIA,COLOMBIE-BRITANNIQUE,CAN,502900000,-1203200000,PST,1305.00,1124460,,,N/A,G,1,8,,,,,1957-01-01 00:00:00,1988-12-01 00:00:00,,,1984-11-01 00:00:00,1988-01-31 00:00:00,1957-01-01 00:00:00,1988-12-01 00:00:00,Y,N,N
-120.81666666666666,50.5,1014,LOGAN LAKE,BC,BRITISH COLUMBIA,COLOMBIE-BRITANNIQUE,CAN,503000000,-1204900000,PST,1101.00,1124668,,,Climate-Staffed,F,1,7,,,,,1971-01-01 00:00:00,2005-10-31 00:00:00,,,1971-10-01 00:00:00,2005-10-31 00:00:00,1971-01-01 00:00:00,2005-10-01 00:00:00,Y,N,N
-120.8,50.38333333333333,1015,MAMIT LAKE,BC,BRITISH COLUMBIA,COLOMBIE-BRITANNIQUE,CAN,502300000,-1204800000,PST,1005.80,1124860,,,N/A,,1,9,,,,,1924-01-01 00:00:00,1965-12-01 00:00:00,,,1924-01-01 00:00:00,1965-03-31 00:00:00,1924-01-01 00:00:00,1965-12-01 00:00:00,Y,N,N
-120.78333333333333,49.06666666666667,1016,MANNING PARK,BC,BRITISH COLUMBIA,COLOMBIE-BRITANNIQUE,CAN,490400000,-1204700000,PST,1197.90,1124890,,,N/A,,1,9,,,,,1952-01-01 00:00:00,1961-12-01 00:00:00,,,1952-12-01 00:00:00,1961-04-30 00:00:00,1952-01-01 00:00:00,1961-12-01 00:00:00,Y,N,N
-119.2,49.8,1017,MCCULLOCH,BC,BRITISH COLUMBIA,COLOMBIE-BRITANNIQUE,CAN,494800000,-1191200000,PST,1249.70,1124980,,,Climate-Staffed,C,1,4,,,,,1923-01-01 00:00:00,1996-02-29 00:00:00,,,1923-11-01 00:00:00,1996-02-29 00:00:00,1923-01-01 00:00:00,1996-02-01 00:00:00,Y,N,N
-119.55,49.31666666666667,1018,OKANAGAN FALLS 2S,BC,BRITISH COLUMBIA,COLOMBIE-BRITANNIQUE,CAN,491900000,-1193300000,PST,335.30,1125G0A,,,N/A,F,1,7,,,,,1970-01-01 00:00:00,1982-12-01 00:00:00,,,1970-11-01 00:00:00,1982-05-31 00:00:00,1970-01-01 00:00:00,1982-12-01 00:00:00,Y,N,N
-120.68333333333334,50.46666666666667,1019,MEADOWGREEN,BC,BRITISH COLUMBIA,COLOMBIE-BRITANNIQUE,CAN,502800000,-1204100000,PST,1207.00,1125060,,,N/A,F,1,7,,,,,1980-01-01 00:00:00,1986-12-01 00:00:00,,,1980-06-01 00:00:00,1986-11-30 00:00:00,1980-01-01 00:00:00,1986-12-01 00:00:00,Y,N,N
-120.8,50.11666666666667,1020,MERRITT,BC,BRITISH COLUMBIA,COLOMBIE-BRITANNIQUE,CAN,500700000,-1204800000,PST,585.20,1125070,,,N/A,,1,9,,,,,1918-01-01 00:00:00,1966-12-31 00:00:00,,,1918-11-01 00:00:00,1966-12-31 00:00:00,1918-01-01 00:00:00,1966-12-01 00:00:00,Y,N,N
-120.88333333333334,50.2,1021,MERRITT CRAIGMONT MINES,BC,BRITISH COLUMBIA,COLOMBIE-BRITANNIQUE,CAN,501200000,-1205300000,PST,731.50,1125075,,,N/A,G,1,8,,,,,1962-01-01 00:00:00,1976-12-01 00:00:00,,,1962-02-01 00:00:00,1976-04-30 00:00:00,1962-01-01 00:00:00,1976-12-01 00:00:00,Y,N,N
-120.80083472222222,50.11416777777778,1022,MERRITT STP,BC,BRITISH COLUMBIA,COLOMBIE-BRITANNIQUE,CAN,500651004,-1204803005,PST,609.00,1125079,,,Climate-Staffed,A,1,1,CCN,RCSC,Co-operative Climate Network,Réseau coopératif de stations climatiques,1968-01-01 00:00:00,2024-11-18 00:00:00,,,1968-08-01 00:00:00,2024-11-18 00:00:00,1968-01-01 00:00:00,2007-02-01 00:00:00,Y,Y,N
-119.23333333333333,49.15,1023,MT BALDY,BC,BRITISH COLUMBIA,COLOMBIE-BRITANNIQUE,CAN,490900000,-1191400000,PST,1722.10,1125221,,,N/A,G,1,9,,,,,1981-01-01 00:00:00,1981-12-01 00:00:00,,,1981-02-01 00:00:00,1981-03-31 00:00:00,1981-01-01 00:00:00,1981-12-01 00:00:00,Y,N,N
-119.68333333333334,49.11666666666667,1024,MT KOBAU OBSERVATORY,BC,BRITISH COLUMBIA,COLOMBIE-BRITANNIQUE,CAN,490700000,-1194100000,PST,1862.30,1125223,,,N/A,F,1,7,,,,,1966-01-01 00:00:00,1980-12-01 00:00:00,,,1966-06-01 00:00:00,1980-08-31 00:00:00,1966-01-01 00:00:00,1980-12-01 00:00:00,Y,N,N
-119.6,49.61666666666667,1025,NARAMATA,BC,BRITISH COLUMBIA,COLOMBIE-BRITANNIQUE,CAN,493700000,-1193600000,PST,365.80,1125380,,,N/A,,1,9,,,,,1924-01-01 00:00:00,1936-12-31 00:00:00,,,1924-01-01 00:00:00,1936-12-31 00:00:00,1924-01-01 00:00:00,1936-12-01 00:00:00,Y,N,N
-119.571,49.550666666666665,1026,NARAMATA,BC,BRITISH COLUMBIA,COLOMBIE-BRITANNIQUE,CAN,493302400,-1193415600,PST,411.00,1125381,,,Climate-Staffed,D,1,5,,,,,1971-01-01 00:00:00,2004-02-29 00:00:00,,,1971-04-01 00:00:00,2004-02-29 00:00:00,1971-01-01 00:00:00,2004-02-01 00:00:00,Y,N,N
-119.0,50.13333333333333,1027,NICKLEN LAKE,BC,BRITISH COLUMBIA,COLOMBIE-BRITANNIQUE,CAN,500800000,-1190000000,PST,1317.00,1125570,,,N/A,F,1,7,,,,,1990-01-01 00:00:00,1997-08-31 00:00:00,,,1990-07-01 00:00:00,1997-08-31 00:00:00,1990-01-01 00:00:00,1997-08-01 00:00:00,Y,N,N
-120.65,50.15,1028,NICOLA LAKE,BC,BRITISH COLUMBIA,COLOMBIE-BRITANNIQUE,CAN,500900000,-1203900000,PST,646.20,1125585,,,N/A,,1,9,,,,,1878-01-01 00:00:00,1918-12-01 00:00:00,,,1878-01-01 00:00:00,1918-10-31 00:00:00,1878-01-01 00:00:00,1918-12-01 00:00:00,Y,N,N
-120.45,50.25,1029,NICOLA LAKE,BC,BRITISH COLUMBIA,COLOMBIE-BRITANNIQUE,CAN,501500000,-1202700000,PST,633.10,1125586,,,N/A,G,1,8,,,,,1979-01-01 00:00:00,1985-12-01 00:00:00,,,1979-06-01 00:00:00,1985-02-28 00:00:00,1979-01-01 00:00:00,1985-12-01 00:00:00,Y,N,N
-120.63333333333334,50.166666666666664,1030,NICOLA LAKE W END,BC,BRITISH COLUMBIA,COLOMBIE-BRITANNIQUE,CAN,501000000,-1203800000,PST,642.00,1125590,,,N/A,G,1,8,,,,,1984-01-01 00:00:00,1992-12-01 00:00:00,,,1984-12-01 00:00:00,1992-10-31 00:00:00,1984-01-01 00:00:00,1992-12-01 00:00:00,Y,N,N
-119.55,49.11666666666667,1031,OLIVER MONASHEE VINEYARD,BC,BRITISH COLUMBIA,COLOMBIE-BRITANNIQUE,CAN,490700000,-1193300000,PST,374.90,11257FN,,,N/A,G,1,9,,,,,1978-01-01 00:00:00,1978-12-01 00:00:00,,,1978-06-01 00:00:00,1978-09-30 00:00:00,1978-01-01 00:00:00,1978-12-01 00:00:00,Y,N,N
-119.44511111111112,50.05613888888889,1032,OKANAGAN CENTRE,BC,BRITISH COLUMBIA,COLOMBIE-BRITANNIQUE,CAN,500322100,-1192642400,PST,370.00,1125700,,,Climate-Staffed,E,1,6,CCN,RCSC,Co-operative Climate Network,Réseau coopératif de stations climatiques,1925-01-01 00:00:00,2022-05-22 00:00:00,,,1925-03-01 00:00:00,2022-05-22 00:00:00,1925-01-01 00:00:00,2007-02-01 00:00:00,Y,N,N
-119.53333333333333,49.35,1033,OKANAGAN FALLS,BC,BRITISH COLUMBIA,COLOMBIE-BRITANNIQUE,CAN,492100000,-1193200000,PST,502.90,1125701,,,N/A,,1,9,,,,,1965-01-01 00:00:00,1968-12-01 00:00:00,,,1965-06-01 00:00:00,1968-09-30 00:00:00,1965-01-01 00:00:00,1968-12-01 00:00:00,Y,N,N
-119.51666666666667,49.8,1034,OKANAGAN MISSION,BC,BRITISH COLUMBIA,COLOMBIE-BRITANNIQUE,CAN,494800000,-1193100000,PST,408.40,1125703,,,N/A,E,1,6,,,,,1970-01-01 00:00:00,1985-12-01 00:00:00,,,1970-11-01 00:00:00,1985-09-30 00:00:00,1970-01-01 00:00:00,1985-12-01 00:00:00,Y,N,N
-119.48333333333333,49.81666666666667,1035,OKANAGAN MISSION TOZER,BC,BRITISH COLUMBIA,COLOMBIE-BRITANNIQUE,CAN,494900000,-1192900000,PST,359.00,1125707,,,N/A,G,1,8,,,,,1984-01-01 00:00:00,1992-12-01 00:00:00,,,1984-12-01 00:00:00,1992-02-29 00:00:00,1984-01-01 00:00:00,1992-12-01 00:00:00,Y,N,N
-119.53333333333333,49.35,1036,OK FALLS MCLEAN CRK,BC,BRITISH COLUMBIA,COLOMBIE-BRITANNIQUE,CAN,492100000,-1193200000,PST,455.10,1125712,,,N/A,F,1,7,,,,,1982-01-01 00:00:00,1991-11-01 00:00:00,,,1982-12-01 00:00:00,1991-05-31 00:00:00,1982-01-01 00:00:00,1991-11-01 00:00:00,Y,N,N
-119.56416666666667,49.16583333333333,1037,OLIVER,BC,BRITISH COLUMBIA,COLOMBIE-BRITANNIQUE,CAN,490957000,-1193351000,PST,315.20,1125760,,,Climate-Staffed,A,1,1,,,,,1938-06-01 00:00:00,2008-10-21 00:00:00,,,1938-06-01 00:00:00,2008-10-21 00:00:00,1955-01-01 00:00:00,2007-02-01 00:00:00,Y,N,N
-119.53333333333333,49.18333333333333,1038,OLIVER EAST,BC,BRITISH COLUMBIA,COLOMBIE-BRITANNIQUE,CAN,491100000,-1193200000,PST,335.30,1125765,,,N/A,,1,9,,,,,1962-01-01 00:00:00,1967-12-01 00:00:00,,,1962-08-01 00:00:00,1967-02-28 00:00:00,1962-01-01 00:00:00,1967-12-01 00:00:00,Y,N,N
-119.54469444444445,49.179027777777776,1039,OLIVER STP,BC,BRITISH COLUMBIA,COLOMBIE-BRITANNIQUE,CAN,491044500,-1193240900,PST,297.20,1125766,,,Climate-Staffed,A,1,1,CCN,RCSC,Co-operative Climate Network,Réseau coopératif de stations climatiques,1924-01-01 00:00:00,2022-05-30 00:00:00,,,1924-01-01 00:00:00,2022-05-30 00:00:00,1924-01-01 00:00:00,2007-02-01 00:00:00,Y,Y,N
-119.43333333333334,49.03333333333333,1040,OSOYOOS,BC,BRITISH COLUMBIA,COLOMBIE-BRITANNIQUE,CAN,490200000,-1192600000,PST,297.00,1125850,,,Climate-Auto,E,1,6,,,,,1954-01-01 00:00:00,1991-11-30 00:00:00,,,1954-04-01 00:00:00,1991-11-30 00:00:00,1954-01-01 00:00:00,1991-11-01 00:00:00,Y,N,N
-119.44099166666666,49.02829166666667,1041,OSOYOOS CS,BC,BRITISH COLUMBIA,COLOMBIE-BRITANNIQUE,CAN,490141850,-1192627570,PST,282.90,1125852,WYY,71215,Climate-Auto,F,1,7,ECCC - MSC,ECCC - SMC,Environment and Climate Change Canada - Meteorological Service of Canada,Environnement et Changement climatique Canada - Service météorologique du Canada,1990-01-01 00:00:00,2024-11-19 12:30:02,1994-02-01 00:00:00,2024-11-19 12:30:02,1990-08-01 00:00:00,2024-11-19 00:00:00,1990-01-01 00:00:00,2006-11-01 00:00:00,Y,N,Y
-119.43333333333334,49.016666666666666,1042,OSOYOOS EAST,BC,BRITISH COLUMBIA,COLOMBIE-BRITANNIQUE,CAN,490100000,-1192600000,PST,329.20,1125855,,,N/A,,1,9,,,,,1962-01-01 00:00:00,1964-12-01 00:00:00,,,1962-08-01 00:00:00,1964-05-31 00:00:00,1962-01-01 00:00:00,1964-12-01 00:00:00,Y,N,N
-119.44277777777778,49.03194444444444,1043,OSOYOOS WEST,BC,BRITISH COLUMBIA,COLOMBIE-BRITANNIQUE,CAN,490155000,-1192634000,PST,297.20,1125865,,,Climate-Staffed,A,1,1,,,,,1967-01-01 00:00:00,2009-09-15 00:00:00,,,1967-04-01 00:00:00,2009-09-15 00:00:00,1967-01-01 00:00:00,2007-02-01 00:00:00,Y,Y,N
-120.18333333333334,49.7,1044,OSPREY LAKE,BC,BRITISH COLUMBIA,COLOMBIE-BRITANNIQUE,CAN,494200000,-1201100000,PST,1099.10,1125880,,,N/A,,1,9,,,,,1928-01-01 00:00:00,1952-12-01 00:00:00,,,1928-09-01 00:00:00,1952-05-31 00:00:00,1928-01-01 00:00:00,1952-12-01 00:00:00,Y,N,N
-119.3668611111111,50.11416666666667,1045,OYAMA,BC,BRITISH COLUMBIA,COLOMBIE-BRITANNIQUE,CAN,500651000,-1192200700,PST,440.00,1125907,,,Climate-Staffed,D,1,5,,,,,1965-01-01 00:00:00,1997-10-31 00:00:00,,,1965-06-01 00:00:00,1997-10-31 00:00:00,1965-01-01 00:00:00,1997-10-01 00:00:00,Y,N,N
-119.71666666666667,49.78333333333333,1046,PEACHLAND,BC,BRITISH COLUMBIA,COLOMBIE-BRITANNIQUE,CAN,494700000,-1194300000,PST,345.00,1126070,,,N/A,D,1,5,CCN,RCSC,Co-operative Climate Network,Réseau coopératif de stations climatiques,1971-01-01 00:00:00,2024-11-11 00:00:00,,,1971-03-01 00:00:00,2024-11-11 00:00:00,1971-01-01 00:00:00,2007-02-01 00:00:00,Y,Y,N
-119.71445833333334,49.782780555555554,1047,PEACHLAND,BC,BRITISH COLUMBIA,COLOMBIE-BRITANNIQUE,CAN,494658010,-1194252050,PST,351.00,1126071,,,Climate-Staffed,F,1,7,,,,,1973-01-01 00:00:00,1981-12-31 00:00:00,,,1973-07-01 00:00:00,1981-12-31 00:00:00,1973-01-01 00:00:00,1981-12-01 00:00:00,Y,N,N
-120.0,49.86666666666667,1048,PEACHLAND BRENDA MINES,BC,BRITISH COLUMBIA,COLOMBIE-BRITANNIQUE,CAN,495200000,-1200000000,PST,1520.00,1126077,,,N/A,C,1,4,,,,,1968-01-01 00:00:00,1993-12-01 00:00:00,,,1968-04-01 00:00:00,1993-10-31 00:00:00,1968-01-01 00:00:00,1993-12-01 00:00:00,Y,N,N
-119.75,49.766666666666666,1049,PEACHLAND MINOS ROCK,BC,BRITISH COLUMBIA,COLOMBIE-BRITANNIQUE,CAN,494600000,-1194500000,PST,609.90,1126079,,,N/A,G,1,9,,,,,1982-01-01 00:00:00,1982-12-01 00:00:00,,,1982-01-01 00:00:00,1982-04-30 00:00:00,1982-01-01 00:00:00,1982-12-01 00:00:00,Y,N,N
-119.83333333333333,49.78333333333333,1050,PEACHLAND TREPANIER CR,BC,BRITISH COLUMBIA,COLOMBIE-BRITANNIQUE,CAN,494700000,-1195000000,PST,548.60,1126080,,,N/A,,1,9,,,,,1924-01-01 00:00:00,1943-12-01 00:00:00,,,1924-10-01 00:00:00,1943-05-31 00:00:00,1924-01-01 00:00:00,1943-12-01 00:00:00,Y,N,N
-120.15,50.0,1051,PENNASK LAKE LODGE,BC,BRITISH COLUMBIA,COLOMBIE-BRITANNIQUE,CAN,500000000,-1200900000,PST,1420.40,1126135,,,N/A,G,1,9,,,,,1970-01-01 00:00:00,1972-12-01 00:00:00,,,1970-05-01 00:00:00,1972-09-30 00:00:00,1970-01-01 00:00:00,1972-12-01 00:00:00,Y,N,N
-119.58333333333333,49.483333333333334,1052,PENTICTON,BC,BRITISH COLUMBIA,COLOMBIE-BRITANNIQUE,CAN,492900000,-1193500000,PST,347.50,1126145,,,N/A,,1,9,,,,,1907-01-01 00:00:00,1965-12-01 00:00:00,,,1907-04-01 00:00:00,1965-09-30 00:00:00,1907-01-01 00:00:00,1965-12-01 00:00:00,Y,N,N
-119.60222222222222,49.463055555555556,1053,PENTICTON A,BC,BRITISH COLUMBIA,COLOMBIE-BRITANNIQUE,CAN,492747000,-1193608000,PST,344.40,1126150,YYF,71889,Aviation-Staffed,A,1,1,,,,,1941-01-01 00:00:00,2012-05-10 10:00:00,1953-01-01 00:00:00,2012-05-10 10:00:00,1941-04-01 00:00:00,2012-05-10 00:00:00,1941-01-01 00:00:00,2012-05-01 00:00:00,Y,Y,Y
-119.6,49.5,1054,PENTICTON SEWAGE PLANT,BC,BRITISH COLUMBIA,COLOMBIE-BRITANNIQUE,CAN,493000000,-1193600000,PST,344.10,1126160,,,N/A,,1,9,,,,,1954-01-01 00:00:00,1969-12-01 00:00:00,,,1954-10-01 00:00:00,1969-11-30 00:00:00,1954-01-01 00:00:00,1969-12-01 00:00:00,Y,N,N
-120.5,49.43333333333333,1055,PRINCETON,BC,BRITISH COLUMBIA,COLOMBIE-BRITANNIQUE,CAN,492600000,-1203000000,PST,632.50,1126505,,,N/A,,1,9,,,,,1893-01-01 00:00:00,1942-12-01 00:00:00,,,1893-07-01 00:00:00,1942-05-31 00:00:00,1893-01-01 00:00:00,1942-12-01 00:00:00,Y,N,N
-120.5125,49.467777777777776,1056,PRINCETON A,BC,BRITISH COLUMBIA,COLOMBIE-BRITANNIQUE,CAN,492804000,-1203045000,PST,701.70,1126510,YDC,,Aviation-Staffed,A,1,1,CCN,RCSC,Co-operative Climate Network,Réseau coopératif de stations climatiques,1936-11-01 00:00:00,2024-11-02 00:00:00,1953-01-01 00:00:00,2013-08-15 10:00:00,1936-11-01 00:00:00,2024-11-02 00:00:00,1937-01-01 00:00:00,2007-02-01 00:00:00,Y,Y,Y
-120.43333333333334,49.53333333333333,1057,PRINCETON 8NE,BC,BRITISH COLUMBIA,COLOMBIE-BRITANNIQUE,CAN,493200000,-1202600000,PST,975.40,1126514,,,N/A,E,1,6,,,,,1971-01-01 00:00:00,1984-12-01 00:00:00,,,1971-11-01 00:00:00,1984-11-30 00:00:00,1971-01-01 00:00:00,1984-12-01 00:00:00,Y,N,N
-119.45,49.96666666666667,1058,RUTLAND MISSION CREEK,BC,BRITISH COLUMBIA,COLOMBIE-BRITANNIQUE,CAN,495800000,-1192700000,PST,914.40,1126915,,,N/A,,1,9,,,,,1926-01-01 00:00:00,1947-12-01 00:00:00,,,1926-01-01 00:00:00,1947-10-31 00:00:00,1926-01-01 00:00:00,1947-12-01 00:00:00,Y,N,N
-120.51666666666667,49.333333333333336,1059,SIMILKAMEEN COPPER MTN,BC,BRITISH COLUMBIA,COLOMBIE-BRITANNIQUE,CAN,492000000,-1203100000,PST,1229.00,1127358,,,Climate-Staffed,F,1,7,,,,,1980-01-01 00:00:00,1995-04-30 00:00:00,,,1980-10-01 00:00:00,1995-04-30 00:00:00,1980-01-01 00:00:00,1995-04-01 00:00:00,Y,N,N
-120.55,49.35,1060,SIMILKAMEEN MINE,BC,BRITISH COLUMBIA,COLOMBIE-BRITANNIQUE,CAN,492100000,-1203300000,PST,940.00,1127360,,,N/A,D,1,5,,,,,1974-01-01 00:00:00,1996-07-31 00:00:00,,,1974-03-01 00:00:00,1996-07-31 00:00:00,1974-01-01 00:00:00,1996-07-01 00:00:00,Y,N,N
-119.66666666666667,49.6,1061,SUMMERLAND,BC,BRITISH COLUMBIA,COLOMBIE-BRITANNIQUE,CAN,493600000,-1194000000,PST,335.30,1127798,,,N/A,,1,9,,,,,1907-01-01 00:00:00,1923-12-01 00:00:00,,,1907-07-01 00:00:00,1923-06-30 00:00:00,1907-01-01 00:00:00,1923-12-01 00:00:00,Y,N,N
-119.65,49.56666666666667,1062,SUMMERLAND CDA,BC,BRITISH COLUMBIA,COLOMBIE-BRITANNIQUE,CAN,493400000,-1193900000,PST,454.20,1127800,,,Climate-Staffed,C,1,4,,,,,1916-01-01 00:00:00,1995-03-31 00:00:00,,,1916-01-01 00:00:00,1995-03-31 00:00:00,1916-01-01 00:00:00,1995-03-01 00:00:00,Y,N,N
-119.63333333333334,49.56666666666667,1063,SUMMERLAND CDA EL,BC,BRITISH COLUMBIA,COLOMBIE-BRITANNIQUE,CAN,493400000,-1193800000,PST,345.90,1127830,,,N/A,,1,9,,,,,1949-01-01 00:00:00,1964-12-01 00:00:00,,,1949-06-01 00:00:00,1964-09-30 00:00:00,1949-01-01 00:00:00,1964-12-01 00:00:00,Y,N,N
-119.26666666666667,50.25,1064,VERNON,BC,BRITISH COLUMBIA,COLOMBIE-BRITANNIQUE,CAN,501500000,-1191600000,PST,421.50,1128550,,,N/A,,1,9,,,,,1893-01-01 00:00:00,1960-12-01 00:00:00,,,1893-01-01 00:00:00,1960-04-30 00:00:00,1893-01-01 00:00:00,1960-12-01 00:00:00,Y,N,N
-119.28333333333333,50.233333333333334,1065,VERNON,BC,BRITISH COLUMBIA,COLOMBIE-BRITANNIQUE,CAN,501400000,-1191700000,PST,556.00,1128551,,,Climate-Auto,C,1,4,,,,,1971-01-01 00:00:00,1995-09-02 14:00:00,1971-10-11 03:00:00,1995-09-02 14:00:00,1971-10-01 00:00:00,1994-01-31 00:00:00,1971-01-01 00:00:00,1994-12-01 00:00:00,Y,N,N
-119.31008333333334,50.26425,1066,VERNON BELLA VISTA,BC,BRITISH COLUMBIA,COLOMBIE-BRITANNIQUE,CAN,501551300,-1191836300,PST,427.00,1128553,,,Climate-Staffed,D,1,5,CCN,RCSC,Co-operative Climate Network,Réseau coopératif de stations climatiques,1984-12-01 00:00:00,2017-12-31 00:00:00,,,1984-12-01 00:00:00,2017-12-31 00:00:00,1985-01-01 00:00:00,2007-02-01 00:00:00,Y,Y,N
-119.21666666666667,50.28333333333333,1067,VERNON BX,BC,BRITISH COLUMBIA,COLOMBIE-BRITANNIQUE,CAN,501700000,-1191300000,PST,518.20,1128554,,,N/A,,1,9,,,,,1960-01-01 00:00:00,1966-12-01 00:00:00,,,1960-04-01 00:00:00,1966-03-31 00:00:00,1960-01-01 00:00:00,1966-12-01 00:00:00,Y,N,N
-119.2,50.21666666666667,1068,VERNON COLDSTREAM RANCH,BC,BRITISH COLUMBIA,COLOMBIE-BRITANNIQUE,CAN,501300000,-1191200000,PST,482.20,1128580,,,Climate-Staffed,A,1,1,,,,,1900-01-01 00:00:00,1997-03-31 00:00:00,,,1900-04-01 00:00:00,1997-03-31 00:00:00,1900-01-01 00:00:00,1997-03-01 00:00:00,Y,N,N
-119.2713888888889,50.34433333333333,1069,VERNON NORTH,BC,BRITISH COLUMBIA,COLOMBIE-BRITANNIQUE,CAN,502039600,-1191617000,PST,538.00,1128583,,,Climate-Staffed,E,1,6,CCN,RCSC,Co-operative Climate Network,Réseau coopératif de stations climatiques,1990-01-01 00:00:00,2020-04-12 00:00:00,,,1990-07-01 00:00:00,2020-04-12 00:00:00,1990-01-01 00:00:00,2007-02-01 00:00:00,Y,N,N
-119.05619444444444,50.359027777777776,1070,VERNON SILVER STAR LODGE,BC,BRITISH COLUMBIA,COLOMBIE-BRITANNIQUE,CAN,502132500,-1190322300,PST,1585.60,1128584,,,Climate-Staffed,G,1,8,CCN,RCSC,Co-operative Climate Network,Réseau coopératif de stations climatiques,1970-01-01 00:00:00,2024-11-18 00:00:00,,,1970-07-01 00:00:00,2024-11-18 00:00:00,1970-01-01 00:00:00,2007-02-01 00:00:00,Y,N,N
-119.36666666666666,50.233333333333334,1071,VERNON SOUTHWEST,BC,BRITISH COLUMBIA,COLOMBIE-BRITANNIQUE,CAN,501400000,-1192200000,PST,370.00,1128585,,,N/A,G,1,8,,,,,1966-01-01 00:00:00,1991-11-01 00:00:00,,,1966-04-01 00:00:00,1991-08-31 00:00:00,1966-01-01 00:00:00,1991-11-01 00:00:00,Y,N,N
-119.63333333333334,49.833333333333336,1072,WESTBANK,BC,BRITISH COLUMBIA,COLOMBIE-BRITANNIQUE,CAN,495000000,-1193800000,PST,520.90,1128758,,,Climate-Staffed,F,1,7,,,,,1981-12-01 00:00:00,1996-12-31 00:00:00,,,1981-12-01 00:00:00,1996-12-31 00:00:00,1982-01-01 00:00:00,1996-12-01 00:00:00,Y,N,N
-119.63333333333334,49.833333333333336,1073,WESTBANK IRRIGATION,BC,BRITISH COLUMBIA,COLOMBIE-BRITANNIQUE,CAN,495000000,-1193800000,PST,420.90,1128759,,,N/A,G,1,8,,,,,1983-01-01 00:00:00,1986-12-01 00:00:00,,,1983-08-01 00:00:00,1986-08-31 00:00:00,1983-01-01 00:00:00,1986-12-01 00:00:00,Y,N,N
-119.41627777777778,50.03655555555556,1074,WINFIELD,BC,BRITISH COLUMBIA,COLOMBIE-BRITANNIQUE,CAN,500211600,-1192458600,PST,506.00,1128958,,,Climate-Staffed,A,1,1,CCN,RCSC,Co-operative Climate Network,Réseau coopératif de stations climatiques,1971-01-01 00:00:00,2016-06-12 00:00:00,,,1971-03-01 00:00:00,2016-06-12 00:00:00,1971-01-01 00:00:00,2007-02-01 00:00:00,Y,Y,N
-119.38333333333334,50.05,1075,WINFIELD WOOD LAKE,BC,BRITISH COLUMBIA,COLOMBIE-BRITANNIQUE,CAN,500300000,-1192300000,PST,457.20,1128959,,,N/A,G,1,9,,,,,1969-01-01 00:00:00,1971-12-01 00:00:00,,,1969-03-01 00:00:00,1971-09-30 00:00:00,1969-01-01 00:00:00,1971-12-01 00:00:00,Y,N,N
-119.45,50.05,1076,WOODS LAKE,BC,BRITISH COLUMBIA,COLOMBIE-BRITANNIQUE,CAN,500300000,-1192700000,PST,405.40,1128983,,,N/A,,1,9,,,,,1915-01-01 00:00:00,1939-12-01 00:00:00,,,1915-06-01 00:00:00,1939-01-31 00:00:00,1915-01-01 00:00:00,1939-12-01 00:00:00,Y,N,N
-119.105,49.422666666666665,1077,BEAVERDELL,BC,BRITISH COLUMBIA,COLOMBIE-BRITANNIQUE,CAN,492521600,-1190618000,PST,780.00,1130770,,,Climate-Staffed,D,1,5,,,,,1925-01-01 00:00:00,2000-10-31 00:00:00,,,1925-09-01 00:00:00,2000-10-31 00:00:00,1925-01-01 00:00:00,2000-10-01 00:00:00,Y,N,N
-119.047,49.47833333333333,1078,BEAVERDELL NORTH,BC,BRITISH COLUMBIA,COLOMBIE-BRITANNIQUE,CAN,492842000,-1190249200,PST,838.20,1130771,,,Climate-Staffed,C,1,4,,,,,1975-01-01 00:00:00,2006-09-30 00:00:00,,,1975-05-01 00:00:00,2006-09-30 00:00:00,1975-01-01 00:00:00,2006-09-01 00:00:00,Y,Y,N
-118.93333333333334,49.733333333333334,1079,BIG WHITE,BC,BRITISH COLUMBIA,COLOMBIE-BRITANNIQUE,CAN,494400000,-1185600000,PST,1841.00,1130874,,,Climate-Staffed,G,1,8,,,,,1981-01-01 00:00:00,1999-04-30 00:00:00,,,1981-02-01 00:00:00,1999-04-30 00:00:00,1981-01-01 00:00:00,1999-04-01 00:00:00,Y,N,N
-118.93333333333334,49.733333333333334,1080,BIG WHITE MTN LODGE,BC,BRITISH COLUMBIA,COLOMBIE-BRITANNIQUE,CAN,494400000,-1185600000,PST,1844.00,1130875,,,N/A,,1,9,,,,,1965-01-01 00:00:00,1968-12-01 00:00:00,,,1965-03-01 00:00:00,1968-06-30 00:00:00,1965-01-01 00:00:00,1968-12-01 00:00:00,Y,N,N
-119.16666666666667,49.05,1081,BRIDESVILLE,BC,BRITISH COLUMBIA,COLOMBIE-BRITANNIQUE,CAN,490300000,-1191000000,PST,1187.00,1130975,,,N/A,F,1,7,,,,,1957-01-01 00:00:00,1994-12-01 00:00:00,,,1957-07-01 00:00:00,1994-10-31 00:00:00,1957-01-01 00:00:00,1994-12-01 00:00:00,Y,N,N
-119.08333333333333,49.5,1082,CARMI,BC,BRITISH COLUMBIA,COLOMBIE-BRITANNIQUE,CAN,493000000,-1190500000,PST,1244.80,1131410,,,N/A,,1,9,,,,,1924-01-01 00:00:00,1969-12-01 00:00:00,,,1924-01-01 00:00:00,1969-03-31 00:00:00,1924-01-01 00:00:00,1969-12-01 00:00:00,Y,N,N
-118.75,49.65,1083,CHRISTIAN VALLEY,BC,BRITISH COLUMBIA,COLOMBIE-BRITANNIQUE,CAN,493900000,-1184500000,PST,804.70,1131615,,,N/A,F,1,7,,,,,1972-01-01 00:00:00,1985-12-01 00:00:00,,,1972-06-01 00:00:00,1985-04-30 00:00:00,1972-01-01 00:00:00,1985-12-01 00:00:00,Y,N,N
-118.46566666666666,49.02616666666667,1084,GRAND FORKS,BC,BRITISH COLUMBIA,COLOMBIE-BRITANNIQUE,CAN,490134200,-1182756400,PST,531.90,1133270,,,Climate-Staffed,A,1,1,,,,,1941-01-01 00:00:00,2008-03-30 00:00:00,,,1941-01-01 00:00:00,2008-03-30 00:00:00,1941-01-01 00:00:00,2007-02-01 00:00:00,Y,Y,N
-118.45,49.03333333333333,1085,GRAND FORKS A,BC,BRITISH COLUMBIA,COLOMBIE-BRITANNIQUE,CAN,490200000,-1182700000,PST,530.40,1133271,,,N/A,,1,9,,,,,1936-01-01 00:00:00,1940-12-31 00:00:00,,,1936-09-01 00:00:00,1940-12-31 00:00:00,1936-01-01 00:00:00,1940-12-01 00:00:00,Y,N,N
-118.58333333333333,49.1,1086,GRAND FORKS PHOENIX,BC,BRITISH COLUMBIA,COLOMBIE-BRITANNIQUE,CAN,490600000,-1183500000,PST,1414.30,1133274,,,N/A,G,1,8,,,,,1970-01-01 00:00:00,1977-12-01 00:00:00,,,1970-08-01 00:00:00,1977-04-30 00:00:00,1970-01-01 00:00:00,1977-12-01 00:00:00,Y,N,N
-118.46666666666667,49.016666666666666,1087,GRAND FORKS RAYFIELD,BC,BRITISH COLUMBIA,COLOMBIE-BRITANNIQUE,CAN,490100000,-1182800000,PST,523.00,1133275,,,N/A,G,1,8,,,,,1909-01-01 00:00:00,1990-12-01 00:00:00,,,1909-09-01 00:00:00,1990-05-31 00:00:00,1909-01-01 00:00:00,1990-12-01 00:00:00,Y,N,N
-118.68333333333334,49.1,1088,GREENWOOD,BC,BRITISH COLUMBIA,COLOMBIE-BRITANNIQUE,CAN,490600000,-1184100000,PST,762.80,1133300,,,N/A,F,1,7,,,,,1911-01-01 00:00:00,1990-12-01 00:00:00,,,1911-06-01 00:00:00,1990-08-31 00:00:00,1911-01-01 00:00:00,1990-12-01 00:00:00,Y,N,N
-118.93333333333334,49.06666666666667,1089,KETTLE VALLEY BCFS,BC,BRITISH COLUMBIA,COLOMBIE-BRITANNIQUE,CAN,490400000,-1185600000,PST,594.70,1134130,,,N/A,F,1,7,,,,,1972-01-01 00:00:00,1980-12-01 00:00:00,,,1972-06-01 00:00:00,1980-09-30 00:00:00,1972-01-01 00:00:00,1980-12-01 00:00:00,Y,N,N
-118.43333333333334,49.25,1090,LYNCH CREEK,BC,BRITISH COLUMBIA,COLOMBIE-BRITANNIQUE,CAN,491500000,-1182600000,PST,548.60,1134735,,,N/A,,1,9,,,,,1924-01-01 00:00:00,1948-12-01 00:00:00,,,1924-01-01 00:00:00,1948-11-30 00:00:00,1924-01-01 00:00:00,1948-12-01 00:00:00,Y,N,N
-118.7718075,49.003684444444445,1091,MIDWAY,BC,BRITISH COLUMBIA,COLOMBIE-BRITANNIQUE,CAN,490013264,-1184618507,PST,571.00,1135126,,,Climate-Staffed,E,1,6,CCN,RCSC,Co-operative Climate Network,Réseau coopératif de stations climatiques,1987-01-01 00:00:00,2023-06-10 00:00:00,,,1987-06-01 00:00:00,2023-06-10 00:00:00,1987-01-01 00:00:00,2007-02-01 00:00:00,Y,N,N
-119.01666666666667,49.06666666666667,1092,ROCK CREEK,BC,BRITISH COLUMBIA,COLOMBIE-BRITANNIQUE,CAN,490400000,-1190100000,PST,609.60,1136812,,,N/A,,1,9,,,,,1912-01-01 00:00:00,1947-12-31 00:00:00,,,1912-08-01 00:00:00,1947-12-31 00:00:00,1912-01-01 00:00:00,1947-12-01 00:00:00,Y,N,N
-119.1575,49.11666666666667,1093,ROCK CREEK MT BALDY,BC,BRITISH COLUMBIA,COLOMBIE-BRITANNIQUE,CAN,490700000,-1190927000,PST,1174.00,1136813,,,Climate-Staffed,F,1,7,,,,,1988-01-01 00:00:00,2000-12-31 00:00:00,,,1988-09-01 00:00:00,2000-12-31 00:00:00,1988-01-01 00:00:00,2000-12-01 00:00:00,Y,N,N
-119.06666666666666,49.05,1094,ROCK CREEK WEST,BC,BRITISH COLUMBIA,COLOMBIE-BRITANNIQUE,CAN,490300000,-1190400000,PST,975.40,1136815,,,N/A,,1,9,,,,,1963-01-01 00:00:00,1967-12-01 00:00:00,,,1963-12-01 00:00:00,1966-12-31 00:00:00,1963-01-01 00:00:00,1967-12-01 00:00:00,Y,N,N
-117.39880555555555,49.51233333333333,1095,NELSON RIXEN CREEK,BC,BRITISH COLUMBIA,COLOMBIE-BRITANNIQUE,CAN,493044400,-1172355700,PST,760.00,114EMDM,,,Climate-Staffed,F,1,7,CCN,RCSC,Co-operative Climate Network,Réseau coopératif de stations climatiques,1990-01-01 00:00:00,2024-11-18 00:00:00,,,1990-07-01 00:00:00,2024-11-18 00:00:00,1990-01-01 00:00:00,2007-02-01 00:00:00,Y,N,N
-117.64777777777778,49.53861111111111,1096,PASSMORE,BC,BRITISH COLUMBIA,COLOMBIE-BRITANNIQUE,CAN,493219000,-1173852000,PST,503.00,114Q3C9,,,Climate-Staffed,E,1,6,,,,,1987-01-01 00:00:00,2004-10-31 00:00:00,,,1987-11-01 00:00:00,2004-10-31 00:00:00,1987-01-01 00:00:00,2004-10-01 00:00:00,Y,N,N
-116.1,49.083333333333336,1097,YAHK,BC,BRITISH COLUMBIA,COLOMBIE-BRITANNIQUE,CAN,490500000,-1160600000,PST,862.60,114R00A,,,N/A,G,1,8,,,,,1974-01-01 00:00:00,1978-12-01 00:00:00,,,1974-07-01 00:00:00,1978-10-31 00:00:00,1974-01-01 00:00:00,1978-12-01 00:00:00,Y,N,N
-117.2,49.266666666666666,1098,YMIR,BC,BRITISH COLUMBIA,COLOMBIE-BRITANNIQUE,CAN,491600000,-1171200000,PST,731.50,114R006,,,N/A,G,1,8,,,,,1971-01-01 00:00:00,1974-12-01 00:00:00,,,1971-06-01 00:00:00,1974-08-31 00:00:00,1971-01-01 00:00:00,1974-12-01 00:00:00,Y,N,N
-116.93333333333334,50.166666666666664,1099,ARGENTA,BC,BRITISH COLUMBIA,COLOMBIE-BRITANNIQUE,CAN,501000000,-1165600000,PST,548.60,1140448,,,N/A,G,1,8,,,,,1957-01-01 00:00:00,1974-12-01 00:00:00,,,1957-11-01 00:00:00,1974-06-30 00:00:00,1957-01-01 00:00:00,1974-12-01 00:00:00,Y,N,N
-118.22841666666666,49.01683333333333,1100,BILLINGS,BC,BRITISH COLUMBIA,COLOMBIE-BRITANNIQUE,CAN,490100600,-1181342300,PST,519.00,1140876,,,Climate-Staffed,E,1,6,CCN,RCSC,Co-operative Climate Network,Réseau coopératif de stations climatiques,1984-01-01 00:00:00,2024-11-18 00:00:00,,,1984-11-01 00:00:00,2024-11-18 00:00:00,1984-01-01 00:00:00,2007-02-01 00:00:00,Y,N,N
-117.71666666666667,49.166666666666664,1101,BIRCHBANK,BC,BRITISH COLUMBIA,COLOMBIE-BRITANNIQUE,CAN,491000000,-1174300000,PST,469.40,1140877,,,N/A,,1,9,,,,,1924-01-01 00:00:00,1945-12-01 00:00:00,,,1924-01-01 00:00:00,1945-05-31 00:00:00,1924-01-01 00:00:00,1945-12-01 00:00:00,Y,N,N
-117.48333333333333,49.45,1102,BONNINGTON FALLS,BC,BRITISH COLUMBIA,COLOMBIE-BRITANNIQUE,CAN,492700000,-1172900000,PST,457.20,1140903,,,N/A,,1,9,,,,,1924-01-01 00:00:00,1939-12-01 00:00:00,,,1924-01-01 00:00:00,1939-11-30 00:00:00,1924-01-01 00:00:00,1939-12-01 00:00:00,Y,N,N
-116.75,49.483333333333334,1103,BOSWELL,BC,BRITISH COLUMBIA,COLOMBIE-BRITANNIQUE,CAN,492900000,-1164500000,PST,573.00,1140905,,,N/A,,1,9,,,,,1911-01-01 00:00:00,1940-12-01 00:00:00,,,1911-03-01 00:00:00,1940-05-31 00:00:00,1911-01-01 00:00:00,1940-12-01 00:00:00,Y,N,N
-117.66666666666667,49.333333333333336,1104,CASTLEGAR,BC,BRITISH COLUMBIA,COLOMBIE-BRITANNIQUE,CAN,492000000,-1174000000,PST,434.30,1141450,,,N/A,,1,9,,,,,1916-01-01 00:00:00,1963-12-01 00:00:00,,,1916-07-01 00:00:00,1963-06-30 00:00:00,1916-01-01 00:00:00,1963-12-01 00:00:00,Y,N,N
-117.6325,49.29638888888889,1105,CASTLEGAR A,BC,BRITISH COLUMBIA,COLOMBIE-BRITANNIQUE,CAN,491747000,-1173757000,PST,495.60,1141455,YCG,,Aviation-Staffed,A,1,1,CCN,RCSC,Co-operative Climate Network,Réseau coopératif de stations climatiques,1954-01-12 07:00:00,2024-09-29 00:00:00,1954-01-12 07:00:00,2013-05-16 10:00:00,1965-12-01 00:00:00,2024-09-29 00:00:00,1966-01-01 00:00:00,2007-02-01 00:00:00,Y,Y,Y
-117.77417777777778,49.34339444444444,1106,CASTLEGAR BCHPA DAM,BC,BRITISH COLUMBIA,COLOMBIE-BRITANNIQUE,CAN,492036220,-1174627040,PST,435.00,1141457,,,Climate-Staffed,A,1,1,CCN,RCSC,Co-operative Climate Network,Réseau coopératif de stations climatiques,1969-01-01 00:00:00,2024-11-18 00:00:00,,,1969-06-01 00:00:00,2024-11-18 00:00:00,1969-01-01 00:00:00,2007-02-01 00:00:00,Y,Y,N
-117.6,49.05,1107,COLUMBIA GARDENS,BC,BRITISH COLUMBIA,COLOMBIE-BRITANNIQUE,CAN,490300000,-1173600000,PST,432.80,1141800,,,N/A,,1,9,,,,,1937-01-01 00:00:00,1970-12-01 00:00:00,,,1937-08-01 00:00:00,1970-05-31 00:00:00,1937-01-01 00:00:00,1970-12-01 00:00:00,Y,N,N
-117.6,49.06666666666667,1108,COLUMBIA GARDENS NORTH,BC,BRITISH COLUMBIA,COLOMBIE-BRITANNIQUE,CAN,490400000,-1173600000,PST,487.70,1141803,,,N/A,G,1,8,,,,,1970-01-01 00:00:00,1976-12-01 00:00:00,,,1970-06-01 00:00:00,1976-05-31 00:00:00,1970-01-01 00:00:00,1976-12-01 00:00:00,Y,N,N
-116.83333333333333,49.68333333333333,1109,CRAWFORD BAY,BC,BRITISH COLUMBIA,COLOMBIE-BRITANNIQUE,CAN,494100000,-1165000000,PST,594.40,1142112,,,N/A,,1,9,,,,,1907-01-01 00:00:00,1969-12-01 00:00:00,,,1907-07-01 00:00:00,1969-04-30 00:00:00,1907-01-01 00:00:00,1969-12-01 00:00:00,Y,N,N
-117.56666666666666,49.45,1110,CRESCENT VALLEY,BC,BRITISH COLUMBIA,COLOMBIE-BRITANNIQUE,CAN,492700000,-1173400000,PST,609.60,1142130,,,N/A,,1,9,,,,,1939-01-01 00:00:00,1965-12-01 00:00:00,,,1939-03-01 00:00:00,1965-11-30 00:00:00,1939-01-01 00:00:00,1965-12-01 00:00:00,Y,N,N
-116.51783333333333,49.097055555555556,1111,CRESTON,BC,BRITISH COLUMBIA,COLOMBIE-BRITANNIQUE,CAN,490549400,-1163104200,PST,610.40,1142160,,,Climate-Staffed,A,1,1,CCN,RCSC,Co-operative Climate Network,Réseau coopératif de stations climatiques,1912-01-01 00:00:00,2017-12-31 00:00:00,,,1912-06-01 00:00:00,2017-12-31 00:00:00,1912-01-01 00:00:00,2007-02-01 00:00:00,Y,Y,N
-116.48333333333333,49.06666666666667,1112,CRESTON SOUTHEAST,BC,BRITISH COLUMBIA,COLOMBIE-BRITANNIQUE,CAN,490400000,-1162900000,PST,715.00,1142161,,,N/A,G,1,8,,,,,1990-01-01 00:00:00,1994-12-01 00:00:00,,,1990-07-01 00:00:00,1994-09-30 00:00:00,1990-01-01 00:00:00,1994-12-01 00:00:00,Y,N,N
-116.52944444444445,49.095555555555556,1113,CRESTON WPCC,BC,BRITISH COLUMBIA,COLOMBIE-BRITANNIQUE,CAN,490544000,-1163146000,PST,538.00,1142164,,,Climate-Staffed,D,1,5,,,,,1980-01-01 00:00:00,2006-10-31 00:00:00,,,1980-08-01 00:00:00,2006-10-31 00:00:00,1980-01-01 00:00:00,2006-10-01 00:00:00,Y,Y,N
-118.05,49.416666666666664,1114,DEER PARK,BC,BRITISH COLUMBIA,COLOMBIE-BRITANNIQUE,CAN,492500000,-1180300000,PST,485.00,1142400,,,Climate-Staffed,C,1,4,,,,,1924-01-01 00:00:00,1995-09-30 00:00:00,,,1924-01-01 00:00:00,1995-09-30 00:00:00,1924-01-01 00:00:00,1995-09-01 00:00:00,Y,N,N
-116.97152777777778,50.23866666666667,1115,DUNCAN LAKE DAM,BC,BRITISH COLUMBIA,COLOMBIE-BRITANNIQUE,CAN,501419200,-1165817500,PST,548.60,1142574,,,Climate-Staffed,A,1,1,CCN,RCSC,Co-operative Climate Network,Réseau coopératif de stations climatiques,1963-01-01 00:00:00,2024-11-11 00:00:00,,,1963-03-01 00:00:00,2024-11-11 00:00:00,1963-01-01 00:00:00,2007-02-01 00:00:00,Y,Y,N
-118.13333333333334,49.833333333333336,1116,EDGEWOOD,BC,BRITISH COLUMBIA,COLOMBIE-BRITANNIQUE,CAN,495000000,-1180800000,PST,427.90,1142640,,,N/A,,1,9,,,,,1951-01-01 00:00:00,1958-12-01 00:00:00,,,1951-11-01 00:00:00,1958-08-31 00:00:00,1951-01-01 00:00:00,1958-12-01 00:00:00,Y,N,N
-118.0675,49.871944444444445,1117,FAUQUIER,BC,BRITISH COLUMBIA,COLOMBIE-BRITANNIQUE,CAN,495219000,-1180403000,PST,490.00,1142820,WFS,,Climate-Staffed,A,1,1,CCN,RCSC,Co-operative Climate Network,Réseau coopératif de stations climatiques,1913-01-01 00:00:00,2017-12-31 00:00:00,,,1913-02-01 00:00:00,2017-12-31 00:00:00,1913-01-01 00:00:00,2007-02-01 00:00:00,Y,Y,N
-118.06666666666666,49.86666666666667,1118,FAUQUIER 2,BC,BRITISH COLUMBIA,COLOMBIE-BRITANNIQUE,CAN,495200000,-1180400000,PST,470.00,1142826,,,N/A,G,1,8,,,,,1990-01-01 00:00:00,1992-12-01 00:00:00,,,1990-08-01 00:00:00,1992-11-30 00:00:00,1990-01-01 00:00:00,1992-12-01 00:00:00,Y,N,N
-117.48333333333333,50.666666666666664,1119,FERGUSON,BC,BRITISH COLUMBIA,COLOMBIE-BRITANNIQUE,CAN,504000000,-1172900000,PST,,1142845,,,N/A,,1,9,,,,,1908-01-01 00:00:00,1922-12-01 00:00:00,,,1908-06-01 00:00:00,1922-11-30 00:00:00,1908-01-01 00:00:00,1922-12-01 00:00:00,Y,N,N
-117.68333333333334,49.21666666666667,1120,GENELLE,BC,BRITISH COLUMBIA,COLOMBIE-BRITANNIQUE,CAN,491300000,-1174100000,PST,472.40,1143085,,,N/A,,1,9,,,,,1962-01-01 00:00:00,1962-12-01 00:00:00,,,1962-08-01 00:00:00,1962-11-30 00:00:00,1962-01-01 00:00:00,1962-12-01 00:00:00,Y,N,N
-117.3,50.5,1121,GERRARD,BC,BRITISH COLUMBIA,COLOMBIE-BRITANNIQUE,CAN,503000000,-1171800000,PST,715.70,1143120,,,N/A,,1,9,,,,,1935-01-01 00:00:00,1946-12-31 00:00:00,,,1935-07-01 00:00:00,1946-12-31 00:00:00,1935-01-01 00:00:00,1946-12-01 00:00:00,Y,N,N
-117.05,49.6,1122,HARROP,BC,BRITISH COLUMBIA,COLOMBIE-BRITANNIQUE,CAN,493600000,-1170300000,PST,538.00,1143338,,,N/A,,1,9,,,,,1959-01-01 00:00:00,1961-12-01 00:00:00,,,1959-11-01 00:00:00,1961-08-31 00:00:00,1959-01-01 00:00:00,1961-12-01 00:00:00,Y,N,N
-117.0,50.3,1123,HOWSER,BC,BRITISH COLUMBIA,COLOMBIE-BRITANNIQUE,CAN,501800000,-1170000000,PST,571.20,1143617,,,N/A,,1,9,,,,,1912-01-01 00:00:00,1927-12-01 00:00:00,,,1912-08-01 00:00:00,1927-10-31 00:00:00,1912-01-01 00:00:00,1927-12-01 00:00:00,Y,N,N
-116.92063888888889,49.91269444444445,1124,KASLO,BC,BRITISH COLUMBIA,COLOMBIE-BRITANNIQUE,CAN,495445700,-1165514300,PST,600.00,1143900,,,Climate-Staffed,A,1,1,CCN,RCSC,Co-operative Climate Network,Réseau coopératif de stations climatiques,1894-01-01 00:00:00,2018-09-13 00:00:00,,,1894-07-01 00:00:00,2018-09-13 00:00:00,1894-01-01 00:00:00,2007-02-01 00:00:00,Y,Y,N
-116.18333333333334,49.0,1125,KINGSGATE,BC,BRITISH COLUMBIA,COLOMBIE-BRITANNIQUE,CAN,490000000,-1161100000,PST,819.90,1144230,,,N/A,,1,9,,,,,1924-01-01 00:00:00,1962-12-01 00:00:00,,,1924-01-01 00:00:00,1962-04-30 00:00:00,1924-01-01 00:00:00,1962-12-01 00:00:00,Y,N,N
-116.86666666666666,49.666666666666664,1126,KOOTENAY BAY,BC,BRITISH COLUMBIA,COLOMBIE-BRITANNIQUE,CAN,494000000,-1165200000,PST,548.60,1144388,,,N/A,F,1,7,,,,,1974-01-01 00:00:00,1981-01-31 00:00:00,,,1974-05-01 00:00:00,1981-01-31 00:00:00,1974-01-01 00:00:00,1980-12-01 00:00:00,Y,N,N
-117.03333333333333,49.06666666666667,1127,KOOTENAY PASS,BC,BRITISH COLUMBIA,COLOMBIE-BRITANNIQUE,CAN,490400000,-1170200000,PST,1773.90,1144413,,,N/A,F,1,7,,,,,1974-01-01 00:00:00,1989-12-31 00:00:00,,,1974-11-01 00:00:00,1989-12-31 00:00:00,1974-01-01 00:00:00,1989-12-01 00:00:00,Y,N,N
-116.96666666666667,50.2,1128,LARDEAU,BC,BRITISH COLUMBIA,COLOMBIE-BRITANNIQUE,CAN,501200000,-1165800000,PST,550.20,1144580,,,N/A,F,1,7,,,,,1961-01-01 00:00:00,1980-12-01 00:00:00,,,1961-08-01 00:00:00,1980-06-30 00:00:00,1961-01-01 00:00:00,1980-12-01 00:00:00,Y,N,N
-117.393905,50.66279333333333,1129,LARDEAU CREEK GALENA LODGE,BC,BRITISH COLUMBIA,COLOMBIE-BRITANNIQUE,CAN,503946056,-1172338058,PST,1097.00,1144582,,,Climate-Staffed,F,1,7,,,,,1989-01-01 00:00:00,2008-10-31 00:00:00,,,1989-12-01 00:00:00,2008-10-31 00:00:00,1989-01-01 00:00:00,2006-09-01 00:00:00,Y,N,N
-116.45772222222222,49.03197222222222,1130,LISTER,BC,BRITISH COLUMBIA,COLOMBIE-BRITANNIQUE,CAN,490155100,-1162727800,PST,660.00,1144635,,,Climate-Staffed,E,1,6,CCN,RCSC,Co-operative Climate Network,Réseau coopératif de stations climatiques,1956-01-01 00:00:00,2024-11-16 00:00:00,,,1956-04-01 00:00:00,2024-11-16 00:00:00,1956-01-01 00:00:00,2007-02-01 00:00:00,Y,N,N
-117.8,50.25,1131,NAKUSP,BC,BRITISH COLUMBIA,COLOMBIE-BRITANNIQUE,CAN,501500000,-1174800000,PST,457.20,1145300,,,Climate-Staffed,D,1,5,,,,,1912-01-01 00:00:00,1995-02-28 00:00:00,,,1912-03-01 00:00:00,1995-02-28 00:00:00,1912-01-01 00:00:00,1995-02-01 00:00:00,Y,N,N
-117.78333333333333,50.266666666666666,1132,NAKUSP GLENBANK,BC,BRITISH COLUMBIA,COLOMBIE-BRITANNIQUE,CAN,501600000,-1174700000,PST,585.00,1145303,,,N/A,G,1,8,,,,,1985-01-01 00:00:00,1991-11-30 00:00:00,,,1985-12-01 00:00:00,1991-11-30 00:00:00,1985-01-01 00:00:00,1991-11-01 00:00:00,Y,N,N
-118.08333333333333,49.9,1133,NEEDLES WHATSHAN BCHPA,BC,BRITISH COLUMBIA,COLOMBIE-BRITANNIQUE,CAN,495400000,-1180500000,PST,463.30,1145419,,,N/A,G,1,8,,,,,1971-01-01 00:00:00,1972-12-01 00:00:00,,,1971-05-01 00:00:00,1972-11-30 00:00:00,1971-01-01 00:00:00,1972-12-01 00:00:00,Y,N,N
-118.06666666666666,49.916666666666664,1134,NEEDLES WHATSHAN PH,BC,BRITISH COLUMBIA,COLOMBIE-BRITANNIQUE,CAN,495500000,-1180400000,PST,433.10,1145420,,,N/A,,1,9,,,,,1955-01-01 00:00:00,1969-12-01 00:00:00,,,1955-08-01 00:00:00,1969-01-31 00:00:00,1955-01-01 00:00:00,1969-12-01 00:00:00,Y,N,N
-117.35,49.483333333333334,1135,NELSON,BC,BRITISH COLUMBIA,COLOMBIE-BRITANNIQUE,CAN,492900000,-1172100000,PST,539.50,1145430,,,N/A,,1,9,,,,,1904-01-01 00:00:00,1955-12-01 00:00:00,,,1904-01-01 00:00:00,1955-10-31 00:00:00,1904-01-01 00:00:00,1955-12-01 00:00:00,Y,N,N
-117.35,49.483333333333334,1136,NELSON CITY HALL,BC,BRITISH COLUMBIA,COLOMBIE-BRITANNIQUE,CAN,492900000,-1172100000,PST,551.70,1145433,,,N/A,,1,9,,,,,1956-01-01 00:00:00,1956-12-01 00:00:00,,,1956-07-01 00:00:00,1956-08-31 00:00:00,1956-01-01 00:00:00,1956-12-01 00:00:00,Y,N,N
-117.2063888888889,49.58611111111111,1137,NELSON NE,BC,BRITISH COLUMBIA,COLOMBIE-BRITANNIQUE,CAN,493510000,-1171223000,PST,570.00,1145442,,,Climate-Staffed,F,1,7,CCN,RCSC,Co-operative Climate Network,Réseau coopératif de stations climatiques,1983-01-01 00:00:00,2023-08-04 00:00:00,,,1983-01-01 00:00:00,2023-08-04 00:00:00,1983-01-01 00:00:00,2007-02-01 00:00:00,Y,N,N
-117.26666666666667,49.5,1138,NELSON NOTRE DAME U,BC,BRITISH COLUMBIA,COLOMBIE-BRITANNIQUE,CAN,493000000,-1171600000,PST,627.90,1145443,,,N/A,,1,9,,,,,1965-01-01 00:00:00,1966-12-01 00:00:00,,,1965-07-01 00:00:00,1966-03-31 00:00:00,1965-01-01 00:00:00,1966-12-01 00:00:00,Y,N,N
-117.28333333333333,49.516666666666666,1139,NELSON 3,BC,BRITISH COLUMBIA,COLOMBIE-BRITANNIQUE,CAN,493100000,-1171700000,PST,552.00,1145444,,,N/A,G,1,9,,,,,1989-01-01 00:00:00,1989-12-01 00:00:00,,,1989-06-01 00:00:00,1989-11-30 00:00:00,1989-01-01 00:00:00,1989-12-01 00:00:00,Y,N,N
-117.28333333333333,49.5,1140,NELSON 2,BC,BRITISH COLUMBIA,COLOMBIE-BRITANNIQUE,CAN,493000000,-1171700000,PST,603.50,1145445,,,N/A,E,1,6,,,,,1955-01-01 00:00:00,1982-12-31 00:00:00,,,1955-11-01 00:00:00,1982-12-31 00:00:00,1955-01-01 00:00:00,1982-12-01 00:00:00,Y,N,N
-117.3,49.483333333333334,1141,NELSON VOCATIONAL SCHOOL,BC,BRITISH COLUMBIA,COLOMBIE-BRITANNIQUE,CAN,492900000,-1171800000,PST,678.50,1145446,,,N/A,G,1,8,,,,,1972-01-01 00:00:00,1978-12-01 00:00:00,,,1972-08-01 00:00:00,1978-01-31 00:00:00,1972-01-01 00:00:00,1978-12-01 00:00:00,Y,N,N
-117.370285,49.995835,1142,NEW DENVER,BC,BRITISH COLUMBIA,COLOMBIE-BRITANNIQUE,CAN,495945006,-1172213026,PST,568.00,1145460,,,Climate-Staffed,A,1,1,CCN,RCSC,Co-operative Climate Network,Réseau coopératif de stations climatiques,1924-01-01 00:00:00,2024-11-18 00:00:00,,,1924-01-01 00:00:00,2024-11-18 00:00:00,1924-01-01 00:00:00,2007-02-01 00:00:00,Y,Y,N
-117.91666666666667,49.15,1143,OLD GLORY MOUNTAIN,BC,BRITISH COLUMBIA,COLOMBIE-BRITANNIQUE,CAN,490900000,-1175500000,PST,2347.00,1145730,,,N/A,,1,9,,,,,1944-11-01 00:00:00,1967-12-31 23:00:00,1953-01-01 00:00:00,1967-12-31 23:00:00,1944-11-01 00:00:00,1967-12-31 00:00:00,1945-01-01 00:00:00,1967-12-01 00:00:00,Y,N,N
-117.81666666666666,49.0,1144,PATERSON,BC,BRITISH COLUMBIA,COLOMBIE-BRITANNIQUE,CAN,490000000,-1174900000,PST,673.00,1146000,,,N/A,,1,9,,,,,1954-01-01 00:00:00,1963-12-01 00:00:00,,,1954-04-01 00:00:00,1963-06-30 00:00:00,1954-01-01 00:00:00,1963-12-01 00:00:00,Y,N,N
-117.48333333333333,49.666666666666664,1145,PERRY SIDING,BC,BRITISH COLUMBIA,COLOMBIE-BRITANNIQUE,CAN,494000000,-1172900000,PST,518.20,1146168,,,N/A,,1,9,,,,,1913-01-01 00:00:00,1939-12-01 00:00:00,,,1913-04-01 00:00:00,1939-03-31 00:00:00,1913-01-01 00:00:00,1939-12-01 00:00:00,Y,N,N
-117.7,49.333333333333336,1146,ROBSON,BC,BRITISH COLUMBIA,COLOMBIE-BRITANNIQUE,CAN,492000000,-1174200000,PST,442.00,1146810,,,N/A,F,1,7,,,,,1946-01-01 00:00:00,1980-12-01 00:00:00,,,1946-02-01 00:00:00,1980-03-31 00:00:00,1946-01-01 00:00:00,1980-12-01 00:00:00,Y,N,N
-117.802,49.0775,1147,ROSSLAND CITY YARD,BC,BRITISH COLUMBIA,COLOMBIE-BRITANNIQUE,CAN,490439000,-1174807200,PST,1039.00,1146870,,,Climate-Staffed,G,1,8,,,,,1900-01-01 00:00:00,2000-10-31 00:00:00,,,1900-01-01 00:00:00,2000-10-31 00:00:00,1900-01-01 00:00:00,2000-10-01 00:00:00,Y,N,N
-117.8,49.083333333333336,1148,ROSSLAND MACLEAN,BC,BRITISH COLUMBIA,COLOMBIE-BRITANNIQUE,CAN,490500000,-1174800000,PST,1085.10,1146874,,,N/A,D,1,5,,,,,1963-01-01 00:00:00,1990-12-01 00:00:00,,,1963-09-01 00:00:00,1990-03-31 00:00:00,1963-01-01 00:00:00,1990-12-01 00:00:00,Y,N,N
-117.3,49.18333333333333,1149,SALMO BCFS,BC,BRITISH COLUMBIA,COLOMBIE-BRITANNIQUE,CAN,491100000,-1171800000,PST,684.90,1146944,,,N/A,G,1,8,,,,,1972-01-01 00:00:00,1980-12-01 00:00:00,,,1972-06-01 00:00:00,1980-09-30 00:00:00,1972-01-01 00:00:00,1980-12-01 00:00:00,Y,N,N
-117.21666666666667,49.96666666666667,1150,SANDON,BC,BRITISH COLUMBIA,COLOMBIE-BRITANNIQUE,CAN,495800000,-1171300000,PST,1082.00,1147020,,,N/A,,1,9,,,,,1941-01-01 00:00:00,1964-12-31 00:00:00,,,1941-07-01 00:00:00,1964-12-31 00:00:00,1941-01-01 00:00:00,1964-12-01 00:00:00,Y,N,N
-117.93333333333334,50.61666666666667,1151,SHELTER BAY,BC,BRITISH COLUMBIA,COLOMBIE-BRITANNIQUE,CAN,503700000,-1175600000,PST,457.20,1147250,,,N/A,G,1,9,,,,,1973-01-01 00:00:00,1973-12-01 00:00:00,,,1973-06-01 00:00:00,1973-06-30 00:00:00,1973-01-01 00:00:00,1973-12-01 00:00:00,Y,N,N
-116.61666666666666,49.25,1152,SIRDAR,BC,BRITISH COLUMBIA,COLOMBIE-BRITANNIQUE,CAN,491500000,-1163700000,PST,566.00,1147400,,,N/A,,1,9,,,,,1958-01-01 00:00:00,1958-12-01 00:00:00,,,1958-07-01 00:00:00,1958-08-31 00:00:00,1958-01-01 00:00:00,1958-12-01 00:00:00,Y,N,N
-117.52288888888889,49.46013888888889,1153,SOUTH SLOCAN,BC,BRITISH COLUMBIA,COLOMBIE-BRITANNIQUE,CAN,492736500,-1173122400,PST,457.20,1147620,,,Climate-Staffed,D,1,5,,,,,1940-01-01 00:00:00,2008-12-23 00:00:00,,,1940-10-01 00:00:00,2008-12-23 00:00:00,1940-01-01 00:00:00,2007-02-01 00:00:00,Y,N,N
-117.51666666666667,49.46666666666667,1154,SOUTH SLOCAN 2,BC,BRITISH COLUMBIA,COLOMBIE-BRITANNIQUE,CAN,492800000,-1173100000,PST,518.20,1147622,,,N/A,G,1,9,,,,,1973-01-01 00:00:00,1974-12-01 00:00:00,,,1973-08-01 00:00:00,1974-01-31 00:00:00,1973-01-01 00:00:00,1974-12-01 00:00:00,Y,N,N
-117.56666666666666,49.36666666666667,1155,TARRYS,BC,BRITISH COLUMBIA,COLOMBIE-BRITANNIQUE,CAN,492200000,-1173400000,PST,470.00,1147995,,,N/A,,1,9,,,,,1924-01-01 00:00:00,1943-12-01 00:00:00,,,1924-01-01 00:00:00,1943-09-30 00:00:00,1924-01-01 00:00:00,1943-12-01 00:00:00,Y,N,N
-117.73333333333333,49.13333333333333,1156,TRAIL SUNNINGDALE,BC,BRITISH COLUMBIA,COLOMBIE-BRITANNIQUE,CAN,490800000,-1174400000,PST,432.80,1148212,,,N/A,,1,9,,,,,1959-01-01 00:00:00,1970-12-31 00:00:00,,,1959-10-01 00:00:00,1970-12-31 00:00:00,1959-01-01 00:00:00,1970-12-01 00:00:00,Y,N,N
-117.5,50.333333333333336,1157,TROUT LAKE,BC,BRITISH COLUMBIA,COLOMBIE-BRITANNIQUE,CAN,502000000,-1173000000,PST,717.80,1148262,,,N/A,G,1,8,,,,,1973-01-01 00:00:00,1976-12-01 00:00:00,,,1973-06-01 00:00:00,1976-04-30 00:00:00,1973-01-01 00:00:00,1976-12-01 00:00:00,Y,N,N
-117.58333333333333,49.016666666666666,1158,WANETA,BC,BRITISH COLUMBIA,COLOMBIE-BRITANNIQUE,CAN,490100000,-1173500000,PST,557.80,1148670,,,N/A,F,1,7,,,,,1913-01-01 00:00:00,1977-12-01 00:00:00,,,1913-03-01 00:00:00,1977-08-31 00:00:00,1913-01-01 00:00:00,1977-12-01 00:00:00,Y,N,N
-117.75,49.1,1159,WARFIELD,BC,BRITISH COLUMBIA,COLOMBIE-BRITANNIQUE,CAN,490600000,-1174500000,PST,605.60,1148700,,,Climate-Staffed,A,1,1,,,,,1928-01-01 00:00:00,2002-12-31 00:00:00,,,1928-06-01 00:00:00,2002-12-31 00:00:00,1928-01-01 00:00:00,2002-12-01 00:00:00,Y,Y,N
-116.58333333333333,49.083333333333336,1160,WEST CRESTON,BC,BRITISH COLUMBIA,COLOMBIE-BRITANNIQUE,CAN,490500000,-1163500000,PST,548.60,1148790,,,N/A,,1,9,,,,,1949-01-01 00:00:00,1962-12-01 00:00:00,,,1949-11-01 00:00:00,1962-11-30 00:00:00,1949-01-01 00:00:00,1962-12-01 00:00:00,Y,N,N
-116.23333333333333,50.56666666666667,1161,WILMER,BC,BRITISH COLUMBIA,COLOMBIE-BRITANNIQUE,CAN,503400000,-1161400000,PST,1005.80,1148957,,,N/A,,1,9,,,,,1909-01-01 00:00:00,1926-12-01 00:00:00,,,1909-09-01 00:00:00,1926-03-31 00:00:00,1909-01-01 00:00:00,1926-12-01 00:00:00,Y,N,N
-116.58333333333333,49.166666666666664,1162,WYNNDEL,BC,BRITISH COLUMBIA,COLOMBIE-BRITANNIQUE,CAN,491000000,-1163500000,PST,597.40,1149000,,,N/A,,1,9,,,,,1949-01-01 00:00:00,1969-12-01 00:00:00,,,1949-12-01 00:00:00,1969-03-31 00:00:00,1949-01-01 00:00:00,1969-12-01 00:00:00,Y,N,N
-116.58333333333333,49.2,1163,WYNNDEL NORTH,BC,BRITISH COLUMBIA,COLOMBIE-BRITANNIQUE,CAN,491200000,-1163500000,PST,579.10,1149001,,,N/A,F,1,7,,,,,1968-01-01 00:00:00,1977-12-01 00:00:00,,,1968-11-01 00:00:00,1977-06-30 00:00:00,1968-01-01 00:00:00,1977-12-01 00:00:00,Y,N,N
-115.9,49.7,1164,KIMBERLEY MEADOWBROOK,BC,BRITISH COLUMBIA,COLOMBIE-BRITANNIQUE,CAN,494200000,-1155400000,PST,1064.00,115D202,,,N/A,G,1,8,,,,,1984-01-01 00:00:00,1986-12-01 00:00:00,,,1984-02-01 00:00:00,1986-06-30 00:00:00,1984-01-01 00:00:00,1986-12-01 00:00:00,Y,N,N
-115.98333333333333,50.46666666666667,1165,WINDERMERE,BC,BRITISH COLUMBIA,COLOMBIE-BRITANNIQUE,CAN,502800000,-1155900000,PST,802.00,115H9NP,,,N/A,G,1,9,,,,,1987-01-01 00:00:00,1989-12-01 00:00:00,,,1987-02-01 00:00:00,1989-11-30 00:00:00,1987-01-01 00:00:00,1989-12-01 00:00:00,Y,N,N
-115.36666666666666,49.5,1166,ABERFELDIE,BC,BRITISH COLUMBIA,COLOMBIE-BRITANNIQUE,CAN,493000000,-1152200000,MST,804.70,1150060,,,N/A,F,1,7,,,,,1950-01-01 00:00:00,1982-12-01 00:00:00,,,1950-05-01 00:00:00,1982-05-31 00:00:00,1950-01-01 00:00:00,1982-12-01 00:00:00,Y,N,N
-115.2205,49.22602777777778,1167,BAYNES LAKE KOOTENAY RIVER,BC,BRITISH COLUMBIA,COLOMBIE-BRITANNIQUE,CAN,491333700,-1151313800,MST,800.00,1150690,,,Climate-Staffed,E,1,6,CCN,RCSC,Co-operative Climate Network,Réseau coopératif de stations climatiques,1986-01-01 00:00:00,2017-09-07 00:00:00,,,1986-02-01 00:00:00,2017-09-07 00:00:00,1986-01-01 00:00:00,2007-02-01 00:00:00,Y,N,N
-115.81666666666666,50.15,1168,CANAL FLATS RANGER STN,BC,BRITISH COLUMBIA,COLOMBIE-BRITANNIQUE,CAN,500900000,-1154900000,MST,816.90,1151288,,,N/A,G,1,8,,,,,1962-01-01 00:00:00,1982-12-01 00:00:00,,,1962-07-01 00:00:00,1982-09-30 00:00:00,1962-01-01 00:00:00,1982-12-01 00:00:00,Y,N,N
-115.81666666666666,50.15,1169,CANAL FLATS,BC,BRITISH COLUMBIA,COLOMBIE-BRITANNIQUE,CAN,500900000,-1154900000,MST,808.60,1151290,,,N/A,,1,9,,,,,1924-01-01 00:00:00,1948-12-31 00:00:00,,,1924-01-01 00:00:00,1948-12-31 00:00:00,1924-01-01 00:00:00,1948-12-01 00:00:00,Y,N,N
-114.65,49.516666666666666,1170,CORBIN,BC,BRITISH COLUMBIA,COLOMBIE-BRITANNIQUE,CAN,493100000,-1143900000,MST,1572.20,1151915,,,N/A,E,1,6,,,,,1977-01-01 00:00:00,1993-12-01 00:00:00,,,1977-06-01 00:00:00,1993-07-31 00:00:00,1977-01-01 00:00:00,1993-12-01 00:00:00,Y,N,N
-115.76083333333334,49.509166666666665,1171,CRANBROOK CITY,BC,BRITISH COLUMBIA,COLOMBIE-BRITANNIQUE,CAN,493033000,-1154539000,MST,926.00,1152J02,,,Climate-Staffed,D,1,5,,,,,1979-01-01 00:00:00,2003-03-31 00:00:00,,,1979-07-01 00:00:00,2003-03-31 00:00:00,1979-01-01 00:00:00,2003-03-01 00:00:00,Y,N,N
-115.78333333333333,49.5,1172,CRANBROOK,BC,BRITISH COLUMBIA,COLOMBIE-BRITANNIQUE,CAN,493000000,-1154700000,MST,918.70,1152090,,,N/A,,1,9,,,,,1901-01-01 00:00:00,1939-12-01 00:00:00,,,1901-01-01 00:00:00,1939-03-31 00:00:00,1901-01-01 00:00:00,1939-12-01 00:00:00,Y,N,N
-115.76666666666667,49.53333333333333,1173,CRANBROOK A,BC,BRITISH COLUMBIA,COLOMBIE-BRITANNIQUE,CAN,493200000,-1154600000,MST,918.40,1152100,,,N/A,,1,9,,,,,1938-01-01 00:00:00,1968-12-01 00:00:00,,,1938-02-01 00:00:00,1968-02-29 00:00:00,1938-01-01 00:00:00,1968-12-01 00:00:00,Y,N,N
-115.78194444444445,49.61222222222222,1174,CRANBROOK A,BC,BRITISH COLUMBIA,COLOMBIE-BRITANNIQUE,CAN,493644000,-1154655000,MST,940.00,1152102,YXC,71880,Aviation-Staffed,A,1,1,,,,,1968-01-01 00:00:00,2012-11-15 00:00:00,1968-03-01 09:00:00,2012-11-08 11:00:00,1968-03-01 00:00:00,2012-11-15 00:00:00,1968-01-01 00:00:00,2012-11-01 00:00:00,Y,Y,Y
-115.51666666666667,49.45,1175,CRANBROOK MAYOOK,BC,BRITISH COLUMBIA,COLOMBIE-BRITANNIQUE,CAN,492700000,-1153100000,MST,854.00,1152103,,,N/A,E,1,6,,,,,1974-01-01 00:00:00,1986-12-01 00:00:00,,,1974-05-01 00:00:00,1986-06-30 00:00:00,1974-01-01 00:00:00,1986-12-01 00:00:00,Y,N,N
-115.73333333333333,49.5,1176,CRANBROOK MT BAKER,BC,BRITISH COLUMBIA,COLOMBIE-BRITANNIQUE,CAN,493000000,-1154400000,MST,1005.80,1152104,,,N/A,G,1,8,,,,,1972-01-01 00:00:00,1977-12-01 00:00:00,,,1972-08-01 00:00:00,1977-08-31 00:00:00,1972-01-01 00:00:00,1977-12-01 00:00:00,Y,N,N
-115.74833333333333,49.47611111111111,1177,CRANBROOK SE,BC,BRITISH COLUMBIA,COLOMBIE-BRITANNIQUE,CAN,492834000,-1154454000,PST,1082.00,1152109,,,Climate-Staffed,E,1,6,,,,,1984-01-01 00:00:00,2002-11-30 00:00:00,,,1984-12-01 00:00:00,2002-11-30 00:00:00,1984-01-01 00:00:00,2002-11-01 00:00:00,Y,N,N
-114.91666666666667,50.016666666666666,1178,ELKFORD,BC,BRITISH COLUMBIA,COLOMBIE-BRITANNIQUE,CAN,500100000,-1145500000,MST,1370.00,1152653,,,N/A,E,1,6,,,,,1972-01-01 00:00:00,1993-12-31 00:00:00,,,1972-01-01 00:00:00,1993-12-31 00:00:00,1972-01-01 00:00:00,1993-12-01 00:00:00,Y,N,N
-115.11666666666666,49.3,1179,ELKO,BC,BRITISH COLUMBIA,COLOMBIE-BRITANNIQUE,CAN,491800000,-1150700000,MST,931.00,1152670,,,Climate-Staffed,E,1,6,,,,,1923-01-01 00:00:00,1995-05-31 00:00:00,,,1923-10-01 00:00:00,1995-05-31 00:00:00,1923-01-01 00:00:00,1995-05-01 00:00:00,Y,N,N
-115.07330555555555,49.48872222222222,1180,FERNIE,BC,BRITISH COLUMBIA,COLOMBIE-BRITANNIQUE,CAN,492919400,-1150423900,MST,1001.00,1152850,,,Climate-Staffed,A,1,1,CCN,RCSC,Co-operative Climate Network,Réseau coopératif de stations climatiques,1913-01-01 00:00:00,2024-11-15 00:00:00,,,1913-12-01 00:00:00,2024-11-15 00:00:00,1913-01-01 00:00:00,2007-02-01 00:00:00,Y,Y,N
-115.1,49.46666666666667,1181,FERNIE SNOW VALLEY,BC,BRITISH COLUMBIA,COLOMBIE-BRITANNIQUE,CAN,492800000,-1150600000,MST,1371.60,1152851,,,N/A,G,1,9,,,,,1975-01-01 00:00:00,1975-12-01 00:00:00,,,1975-02-01 00:00:00,1975-03-31 00:00:00,1975-01-01 00:00:00,1975-12-01 00:00:00,Y,N,N
-115.06666666666666,49.5,1182,FERNIE 2,BC,BRITISH COLUMBIA,COLOMBIE-BRITANNIQUE,CAN,493000000,-1150400000,MST,1009.80,1152852,,,N/A,,1,9,,,,,1924-01-01 00:00:00,1935-12-01 00:00:00,,,1924-01-01 00:00:00,1935-03-31 00:00:00,1924-01-01 00:00:00,1935-12-01 00:00:00,Y,N,N
-114.81666666666666,50.2,1183,FORDING RIVER CLODE CRK,BC,BRITISH COLUMBIA,COLOMBIE-BRITANNIQUE,CAN,501200000,-1144900000,MST,2100.00,1152898,,,N/A,F,1,7,,,,,1976-01-01 00:00:00,1987-12-01 00:00:00,,,1976-01-01 00:00:00,1987-04-30 00:00:00,1976-01-01 00:00:00,1987-12-01 00:00:00,Y,N,N
-114.855,50.14861111111111,1184,FORDING RIVER COMINCO,BC,BRITISH COLUMBIA,COLOMBIE-BRITANNIQUE,CAN,500855000,-1145118000,MST,1585.00,1152899,,,Climate-Staffed,A,1,1,CCN,RCSC,Co-operative Climate Network,Réseau coopératif de stations climatiques,1970-01-01 00:00:00,2017-04-11 00:00:00,,,1970-01-01 00:00:00,2017-04-11 00:00:00,1970-01-01 00:00:00,2007-02-01 00:00:00,Y,Y,N
-115.61666666666666,49.63333333333333,1185,FORT STEELE,BC,BRITISH COLUMBIA,COLOMBIE-BRITANNIQUE,CAN,493800000,-1153700000,MST,915.00,1153033,,,N/A,,1,9,,,,,1966-01-01 00:00:00,1968-12-01 00:00:00,,,1966-05-01 00:00:00,1968-02-29 00:00:00,1966-01-01 00:00:00,1968-12-01 00:00:00,Y,N,N
-115.46058333333333,49.523916666666665,1186,FT STEELE DANDY CRK,BC,BRITISH COLUMBIA,COLOMBIE-BRITANNIQUE,CAN,493126100,-1152738100,MST,856.00,1153034,,,Climate-Staffed,D,1,5,CCN,RCSC,Co-operative Climate Network,Réseau coopératif de stations climatiques,1968-01-01 00:00:00,2024-11-18 00:00:00,,,1968-03-01 00:00:00,2024-11-18 00:00:00,1968-01-01 00:00:00,2007-02-01 00:00:00,Y,N,N
-115.06666666666666,49.083333333333336,1187,GRASMERE,BC,BRITISH COLUMBIA,COLOMBIE-BRITANNIQUE,CAN,490500000,-1150400000,MST,868.70,1153282,,,N/A,D,1,5,,,,,1962-01-01 00:00:00,1993-12-01 00:00:00,,,1962-01-01 00:00:00,1993-11-30 00:00:00,1962-01-01 00:00:00,1993-12-01 00:00:00,Y,N,N
-115.73333333333333,49.78333333333333,1188,HANSON LAKE,BC,BRITISH COLUMBIA,COLOMBIE-BRITANNIQUE,CAN,494700000,-1154400000,MST,774.20,1153335,,,N/A,G,1,8,,,,,1976-01-01 00:00:00,1979-12-01 00:00:00,,,1976-07-01 00:00:00,1979-06-30 00:00:00,1976-01-01 00:00:00,1979-12-01 00:00:00,Y,N,N
-116.03333333333333,50.5,1189,INVERMERE,BC,BRITISH COLUMBIA,COLOMBIE-BRITANNIQUE,CAN,503000000,-1160200000,MST,810.00,1153655,,,N/A,G,1,8,,,,,1912-12-01 00:00:00,1993-12-01 00:00:00,,,1912-12-01 00:00:00,1993-01-31 00:00:00,1913-01-01 00:00:00,1993-12-01 00:00:00,Y,N,N
-116.05,50.46666666666667,1190,INVERMERE 2,BC,BRITISH COLUMBIA,COLOMBIE-BRITANNIQUE,CAN,502800000,-1160300000,MST,807.70,1153656,,,N/A,,1,9,,,,,1912-01-01 00:00:00,1930-12-01 00:00:00,,,1912-11-01 00:00:00,1930-10-31 00:00:00,1912-01-01 00:00:00,1930-12-01 00:00:00,Y,N,N
-115.98333333333333,49.68333333333333,1191,KIMBERLEY,BC,BRITISH COLUMBIA,COLOMBIE-BRITANNIQUE,CAN,494100000,-1155900000,MST,1176.50,1154195,,,N/A,G,1,8,,,,,1960-01-01 00:00:00,1974-12-01 00:00:00,,,1960-07-01 00:00:00,1974-09-30 00:00:00,1960-01-01 00:00:00,1974-12-01 00:00:00,Y,N,N
-115.78333333333333,49.733333333333334,1192,KIMBERLEY A,BC,BRITISH COLUMBIA,COLOMBIE-BRITANNIQUE,CAN,494400000,-1154700000,MST,914.40,1154200,,,N/A,G,1,9,,,,,1943-01-01 00:00:00,1976-12-01 00:00:00,1953-01-01 00:00:00,1969-04-09 10:00:00,1943-02-01 00:00:00,1976-01-31 00:00:00,1943-01-01 00:00:00,1976-12-01 00:00:00,Y,N,N
-115.98333333333333,49.68333333333333,1193,KIMBERLEY CHAPMAN CAMP,BC,BRITISH COLUMBIA,COLOMBIE-BRITANNIQUE,CAN,494100000,-1155900000,MST,1097.30,1154201,,,N/A,G,1,8,,,,,1974-01-01 00:00:00,1976-12-01 00:00:00,,,1974-10-01 00:00:00,1976-04-30 00:00:00,1974-01-01 00:00:00,1976-12-01 00:00:00,Y,N,N
-115.96227777777777,49.63158333333333,1194,KIMBERLEY PCC,BC,BRITISH COLUMBIA,COLOMBIE-BRITANNIQUE,CAN,493753700,-1155744200,MST,889.00,1154203,,,Climate-Staffed,E,1,6,CCN,RCSC,Co-operative Climate Network,Réseau coopératif de stations climatiques,1975-01-01 00:00:00,2024-11-14 00:00:00,,,1975-06-01 00:00:00,2024-11-14 00:00:00,1975-01-01 00:00:00,2007-02-01 00:00:00,Y,N,N
-116.06666666666666,50.61666666666667,1195,KOOTENAY NAT PARK ADMIN,BC,BRITISH COLUMBIA,COLOMBIE-BRITANNIQUE,CAN,503700000,-1160400000,MST,1001.60,1154395,,,N/A,,1,9,,,,,1965-01-01 00:00:00,1968-12-01 00:00:00,,,1965-06-01 00:00:00,1968-11-30 00:00:00,1965-01-01 00:00:00,1968-12-01 00:00:00,Y,N,N
-116.05111111111111,50.88333333333333,1196,KOOTENAY NP KTNY CRSG,BC,BRITISH COLUMBIA,COLOMBIE-BRITANNIQUE,CAN,505300000,-1160304000,MST,1170.40,1154400,,,Climate-Staffed,C,1,4,,,,,1965-01-01 00:00:00,2002-09-30 00:00:00,,,1965-06-01 00:00:00,2002-09-30 00:00:00,1965-01-01 00:00:00,2002-09-01 00:00:00,Y,N,N
-116.11666666666666,51.18333333333333,1197,KTNY NP MARBLE CANYON,BC,BRITISH COLUMBIA,COLOMBIE-BRITANNIQUE,CAN,511100000,-1160700000,MST,1484.40,1154402,,,N/A,,1,9,,,,,1965-01-01 00:00:00,1968-12-01 00:00:00,,,1965-06-01 00:00:00,1968-08-31 00:00:00,1965-01-01 00:00:00,1968-12-01 00:00:00,Y,N,N
-116.01666666666667,50.65,1198,KOOTENAY NAT PARK RADIUM,BC,BRITISH COLUMBIA,COLOMBIE-BRITANNIQUE,CAN,503900000,-1160100000,MST,1088.10,1154405,,,N/A,,1,9,,,,,1925-01-01 00:00:00,1968-12-01 00:00:00,,,1925-09-01 00:00:00,1968-10-31 00:00:00,1925-01-01 00:00:00,1968-12-01 00:00:00,Y,N,N
-116.06138888888889,50.630805555555554,1199,KOOTENAY NP WEST GATE,BC,BRITISH COLUMBIA,COLOMBIE-BRITANNIQUE,CAN,503750900,-1160341000,MST,935.00,1154410,,,Climate-Staffed,A,1,1,CCN,RCSC,Co-operative Climate Network,Réseau coopératif de stations climatiques,1968-01-01 00:00:00,2022-09-11 00:00:00,,,1968-11-01 00:00:00,2022-09-11 00:00:00,1968-01-01 00:00:00,2007-02-01 00:00:00,Y,Y,N
-115.95705555555556,49.63711111111111,1200,MARYSVILLE,BC,BRITISH COLUMBIA,COLOMBIE-BRITANNIQUE,CAN,493813600,-1155725400,MST,960.00,1154909,,,Climate-Staffed,A,1,1,,,,,1972-01-01 00:00:00,2009-09-30 00:00:00,,,1972-08-01 00:00:00,2009-09-30 00:00:00,1972-01-01 00:00:00,2007-02-01 00:00:00,Y,Y,N
-115.83333333333333,49.28333333333333,1201,MOYIE,BC,BRITISH COLUMBIA,COLOMBIE-BRITANNIQUE,CAN,491700000,-1155000000,MST,944.90,1155236,,,N/A,G,1,8,,,,,1972-01-01 00:00:00,1978-12-01 00:00:00,,,1972-06-01 00:00:00,1978-03-31 00:00:00,1972-01-01 00:00:00,1978-12-01 00:00:00,Y,N,N
-114.91666666666667,49.7,1202,NATAL,BC,BRITISH COLUMBIA,COLOMBIE-BRITANNIQUE,CAN,494200000,-1145500000,MST,1143.00,1155401,,,N/A,,1,9,,,,,1965-01-01 00:00:00,1968-12-01 00:00:00,,,1965-07-01 00:00:00,1968-07-31 00:00:00,1965-01-01 00:00:00,1968-12-01 00:00:00,Y,N,N
-114.83333333333333,49.766666666666666,1203,NATAL HARMER RIDGE,BC,BRITISH COLUMBIA,COLOMBIE-BRITANNIQUE,CAN,494600000,-1145000000,MST,1889.80,1155402,,,N/A,E,1,6,,,,,1971-01-01 00:00:00,1991-12-31 00:00:00,,,1971-07-01 00:00:00,1991-12-31 00:00:00,1971-01-01 00:00:00,1991-12-01 00:00:00,Y,N,N
-114.88333333333334,49.75,1204,NATAL KAISER RESOURCES,BC,BRITISH COLUMBIA,COLOMBIE-BRITANNIQUE,CAN,494500000,-1145300000,MST,1127.80,1155403,,,N/A,F,1,7,,,,,1969-01-01 00:00:00,1980-12-01 00:00:00,,,1969-05-01 00:00:00,1980-03-31 00:00:00,1969-01-01 00:00:00,1980-12-01 00:00:00,Y,N,N
-115.15,49.016666666666666,1205,NEWGATE,BC,BRITISH COLUMBIA,COLOMBIE-BRITANNIQUE,CAN,490100000,-1150900000,MST,708.70,1155490,,,N/A,,1,9,,,,,1914-01-01 00:00:00,1960-12-01 00:00:00,,,1914-03-01 00:00:00,1960-07-31 00:00:00,1914-01-01 00:00:00,1960-12-01 00:00:00,Y,N,N
-115.96666666666667,50.666666666666664,1206,SINCLAIR PASS,BC,BRITISH COLUMBIA,COLOMBIE-BRITANNIQUE,CAN,504000000,-1155800000,MST,1170.40,1157380,,,N/A,,1,9,,,,,1935-01-01 00:00:00,1955-12-01 00:00:00,,,1935-06-01 00:00:00,1955-01-31 00:00:00,1935-01-01 00:00:00,1955-12-01 00:00:00,Y,N,N
-114.88277777777778,49.74527777777778,1207,SPARWOOD,BC,BRITISH COLUMBIA,COLOMBIE-BRITANNIQUE,CAN,494443000,-1145258000,MST,1137.70,1157630,,,Climate-Staffed,D,1,5,CCN,RCSC,Co-operative Climate Network,Réseau coopératif de stations climatiques,1980-01-01 00:00:00,2020-02-22 00:00:00,1980-03-03 07:00:00,2014-10-02 11:00:00,1980-03-01 00:00:00,2020-02-22 00:00:00,1980-01-01 00:00:00,2007-02-01 00:00:00,Y,Y,Y
-115.08333333333333,49.016666666666666,1208,TOBACCO PLAINS,BC,BRITISH COLUMBIA,COLOMBIE-BRITANNIQUE,CAN,490100000,-1150500000,MST,701.00,1158200,,,N/A,,1,9,,,,,1896-01-01 00:00:00,1911-12-31 00:00:00,,,1896-02-01 00:00:00,1911-12-31 00:00:00,1896-01-01 00:00:00,1911-12-01 00:00:00,Y,N,N
-115.45952777777778,49.473166666666664,1209,WARDNER KTNY HATCHERY,BC,BRITISH COLUMBIA,COLOMBIE-BRITANNIQUE,CAN,492823400,-1152734300,MST,760.00,1158692,,,Climate-Staffed,A,1,1,,,,,1971-01-01 00:00:00,2021-02-21 00:00:00,,,1971-10-01 00:00:00,2021-02-21 00:00:00,1971-01-01 00:00:00,2007-02-01 00:00:00,Y,Y,N
-115.63077777777778,49.80730555555556,1210,WASA,BC,BRITISH COLUMBIA,COLOMBIE-BRITANNIQUE,CAN,494826300,-1153750800,MST,970.00,1158730,,,Climate-Staffed,D,1,5,CCN,RCSC,Co-operative Climate Network,Réseau coopératif de stations climatiques,1924-01-01 00:00:00,2017-12-03 00:00:00,,,1924-01-01 00:00:00,2017-12-03 00:00:00,1924-01-01 00:00:00,2007-02-01 00:00:00,Y,Y,N
-115.41666666666667,50.166666666666664,1211,WHITESWAN LAKE,BC,BRITISH COLUMBIA,COLOMBIE-BRITANNIQUE,CAN,501000000,-1152500000,MST,1138.40,1158917,,,N/A,,1,9,,,,,1959-01-01 00:00:00,1961-12-01 00:00:00,,,1959-02-01 00:00:00,1961-10-31 00:00:00,1959-01-01 00:00:00,1961-12-01 00:00:00,Y,N,N
-115.88333333333334,49.583333333333336,1212,WYCLIFFE,BC,BRITISH COLUMBIA,COLOMBIE-BRITANNIQUE,CAN,493500000,-1155300000,MST,914.40,1158990,,,N/A,,1,9,,,,,1958-01-01 00:00:00,1967-12-01 00:00:00,,,1958-06-01 00:00:00,1967-05-31 00:00:00,1958-01-01 00:00:00,1967-12-01 00:00:00,Y,N,N
-120.0,51.68333333333333,1213,CLEARWATER CANDLE CRK,BC,BRITISH COLUMBIA,COLOMBIE-BRITANNIQUE,CAN,514100000,-1200000000,PST,701.00,116A655,,,N/A,G,1,8,,,,,1985-01-01 00:00:00,1988-12-01 00:00:00,,,1985-08-01 00:00:00,1988-09-30 00:00:00,1985-01-01 00:00:00,1988-12-01 00:00:00,Y,N,N
-121.15,51.56666666666667,1214,HORSE LAKE LONE BUTE,BC,BRITISH COLUMBIA,COLOMBIE-BRITANNIQUE,CAN,513400000,-1210900000,PST,1070.00,116CNR6,,,N/A,G,1,9,,,,,1988-01-01 00:00:00,1988-12-01 00:00:00,,,1988-07-01 00:00:00,1988-11-30 00:00:00,1988-01-01 00:00:00,1988-12-01 00:00:00,Y,N,N
-120.16666666666667,50.666666666666664,1215,KAMLOOPS DALLAS,BC,BRITISH COLUMBIA,COLOMBIE-BRITANNIQUE,CAN,504000000,-1201000000,PST,346.00,116CQAK,,,N/A,G,1,9,,,,,1989-01-01 00:00:00,1989-12-01 00:00:00,,,1989-06-01 00:00:00,1989-11-30 00:00:00,1989-01-01 00:00:00,1989-12-01 00:00:00,Y,N,N
-120.172,50.62961111111111,1216,KAMLOOPS PRATT ROAD,BC,BRITISH COLUMBIA,COLOMBIE-BRITANNIQUE,CAN,503746600,-1201019200,PST,729.00,116C8P0,,,Climate-Staffed,G,1,8,CCN,RCSC,Co-operative Climate Network,Réseau coopératif de stations climatiques,1986-01-01 00:00:00,2024-11-15 00:00:00,,,1986-06-01 00:00:00,2024-11-15 00:00:00,1986-01-01 00:00:00,2007-02-01 00:00:00,Y,N,N
-120.83916666666667,51.3265,1217,VIDETTE LAKE SHARPE LAKE,BC,BRITISH COLUMBIA,COLOMBIE-BRITANNIQUE,CAN,511935400,-1205021000,PST,1083.00,116HFF6,,,Climate-Staffed,E,1,6,,,,,1987-01-01 00:00:00,2009-06-30 00:00:00,,,1987-06-01 00:00:00,2009-06-30 00:00:00,1987-01-01 00:00:00,2007-02-01 00:00:00,Y,N,N
-120.0,51.733333333333334,1218,CLEARWATER SPAHATS CREEK,BC,BRITISH COLUMBIA,COLOMBIE-BRITANNIQUE,CAN,514400000,-1200000000,PST,869.00,116JF55,,,Climate-Staffed,G,1,8,,,,,1990-01-01 00:00:00,1995-02-28 00:00:00,,,1990-03-01 00:00:00,1995-02-28 00:00:00,1990-01-01 00:00:00,1995-02-01 00:00:00,Y,N,N
-120.38333333333334,50.7,1219,KAMLOOPS RIDGEVIEW TERRACE,BC,BRITISH COLUMBIA,COLOMBIE-BRITANNIQUE,CAN,504200000,-1202300000,PST,342.00,116LQPJ,,,N/A,G,1,8,,,,,1986-01-01 00:00:00,1990-12-01 00:00:00,,,1986-08-01 00:00:00,1990-03-31 00:00:00,1986-01-01 00:00:00,1990-12-01 00:00:00,Y,N,N
-120.2945,50.818083333333334,1220,KAMLOOPS RAYLEIGH,BC,BRITISH COLUMBIA,COLOMBIE-BRITANNIQUE,CAN,504905100,-1201740200,PST,357.00,116L87J,,,Climate-Staffed,E,1,6,,,,,1986-01-01 00:00:00,2002-08-31 00:00:00,,,1986-06-01 00:00:00,2002-08-31 00:00:00,1986-01-01 00:00:00,2002-08-01 00:00:00,Y,N,N
-120.01666666666667,50.65,1221,MONTE CREEK WEST,BC,BRITISH COLUMBIA,COLOMBIE-BRITANNIQUE,CAN,503900000,-1200100000,PST,363.00,116NJRF,,,Climate-Staffed,F,1,7,,,,,1986-01-01 00:00:00,1996-11-30 00:00:00,,,1986-07-01 00:00:00,1996-11-30 00:00:00,1986-01-01 00:00:00,1996-11-01 00:00:00,Y,N,N
-119.95388888888888,50.653055555555554,1222,MONTE CREEK,BC,BRITISH COLUMBIA,COLOMBIE-BRITANNIQUE,CAN,503911000,-1195714000,PST,351.00,116NJ9F,,,Climate-Staffed,E,1,6,,,,,1986-01-01 00:00:00,2007-03-30 00:00:00,,,1986-07-01 00:00:00,2007-03-30 00:00:00,1986-01-01 00:00:00,2007-02-01 00:00:00,Y,N,N
-119.8,50.53333333333333,1223,MONTE LAKE PAXTON VALLEY,BC,BRITISH COLUMBIA,COLOMBIE-BRITANNIQUE,CAN,503200000,-1194800000,PST,844.90,116NJ97,,,N/A,D,1,5,,,,,1972-01-01 00:00:00,1990-12-31 00:00:00,,,1972-04-01 00:00:00,1990-12-31 00:00:00,1972-01-01 00:00:00,1990-12-01 00:00:00,Y,N,N
-121.33333333333333,51.7,1224,108 MILE HOUSE WATSON LAKE,BC,BRITISH COLUMBIA,COLOMBIE-BRITANNIQUE,CAN,514200000,-1212000000,PST,890.00,116N7R6,,,N/A,G,1,8,,,,,1987-01-01 00:00:00,1989-12-31 00:00:00,,,1987-07-01 00:00:00,1989-12-31 00:00:00,1987-01-01 00:00:00,1989-12-01 00:00:00,Y,N,N
-119.8,51.083333333333336,1225,ADAMS LAKE SKWAAM BAY,BC,BRITISH COLUMBIA,COLOMBIE-BRITANNIQUE,CAN,510500000,-1194800000,PST,457.20,1160075,,,N/A,G,1,8,,,,,1972-01-01 00:00:00,1975-12-01 00:00:00,,,1972-06-01 00:00:00,1975-08-31 00:00:00,1972-01-01 00:00:00,1975-12-01 00:00:00,Y,N,N
-119.18333333333334,50.45,1226,ARMSTRONG,BC,BRITISH COLUMBIA,COLOMBIE-BRITANNIQUE,CAN,502700000,-1191100000,PST,359.00,1160450,,,N/A,F,1,7,,,,,1912-01-01 00:00:00,1992-12-01 00:00:00,,,1912-01-01 00:00:00,1992-09-30 00:00:00,1912-01-01 00:00:00,1992-12-01 00:00:00,Y,N,N
-119.21666666666667,50.5,1227,ARMSTRONG HULLCAR,BC,BRITISH COLUMBIA,COLOMBIE-BRITANNIQUE,CAN,503000000,-1191300000,PST,505.00,1160483,,,Climate-Staffed,E,1,6,,,,,1971-01-01 00:00:00,1998-12-31 00:00:00,,,1971-07-01 00:00:00,1998-12-31 00:00:00,1971-01-01 00:00:00,1998-12-01 00:00:00,Y,N,N
-119.13333333333334,50.46666666666667,1228,ARMSTRONG NORTH,BC,BRITISH COLUMBIA,COLOMBIE-BRITANNIQUE,CAN,502800000,-1190800000,PST,373.00,1160485,,,N/A,D,1,5,,,,,1972-01-01 00:00:00,1993-12-31 00:00:00,,,1972-10-01 00:00:00,1993-12-31 00:00:00,1972-01-01 00:00:00,1993-12-01 00:00:00,Y,N,N
-121.28333333333333,50.71666666666667,1229,ASHCROFT,BC,BRITISH COLUMBIA,COLOMBIE-BRITANNIQUE,CAN,504300000,-1211700000,PST,304.80,1160510,,,N/A,,1,9,,,,,1912-01-01 00:00:00,1970-01-31 00:00:00,,,1912-09-01 00:00:00,1970-01-31 00:00:00,1912-01-01 00:00:00,1969-12-01 00:00:00,Y,N,N
-121.26666666666667,50.733333333333334,1230,ASHCROFT,BC,BRITISH COLUMBIA,COLOMBIE-BRITANNIQUE,CAN,504400000,-1211600000,PST,331.00,1160511,,,N/A,F,1,7,,,,,1973-01-01 00:00:00,1989-12-01 00:00:00,,,1973-05-01 00:00:00,1989-11-30 00:00:00,1973-01-01 00:00:00,1989-12-01 00:00:00,Y,N,N
-121.26666666666667,50.733333333333334,1231,ASHCROFT NORTH,BC,BRITISH COLUMBIA,COLOMBIE-BRITANNIQUE,CAN,504400000,-1211600000,PST,320.00,1160520,,,N/A,F,1,7,,,,,1980-01-01 00:00:00,1986-12-01 00:00:00,,,1980-08-01 00:00:00,1986-09-30 00:00:00,1980-01-01 00:00:00,1986-12-01 00:00:00,Y,N,N
-121.33333333333333,50.71666666666667,1232,ASHCROFT M,BC,BRITISH COLUMBIA,COLOMBIE-BRITANNIQUE,CAN,504300000,-1212000000,PST,487.70,1160540,,,N/A,G,1,8,,,,,1944-01-01 00:00:00,1972-12-01 00:00:00,,,1944-11-01 00:00:00,1972-08-31 00:00:00,1944-01-01 00:00:00,1972-12-01 00:00:00,Y,N,N
-121.33333333333333,50.55,1233,ASHCROFT VENABLES VLY,BC,BRITISH COLUMBIA,COLOMBIE-BRITANNIQUE,CAN,503300000,-1212000000,PST,640.00,1160546,,,N/A,G,1,8,,,,,1984-01-01 00:00:00,1987-12-01 00:00:00,,,1984-06-01 00:00:00,1987-01-31 00:00:00,1984-01-01 00:00:00,1987-12-01 00:00:00,Y,N,N
-119.33333333333333,51.78333333333333,1234,AVOLA,BC,BRITISH COLUMBIA,COLOMBIE-BRITANNIQUE,CAN,514700000,-1192000000,PST,609.60,1160565,,,N/A,F,1,7,,,,,1974-01-01 00:00:00,1982-12-01 00:00:00,,,1974-05-01 00:00:00,1982-02-28 00:00:00,1974-01-01 00:00:00,1982-12-01 00:00:00,Y,N,N
-120.11666666666666,51.18333333333333,1235,BARRIERE,BC,BRITISH COLUMBIA,COLOMBIE-BRITANNIQUE,CAN,511100000,-1200700000,PST,415.00,1160670,,,Climate-Staffed,C,1,4,,,,,1955-01-01 00:00:00,1996-10-31 00:00:00,,,1955-11-01 00:00:00,1996-10-31 00:00:00,1955-01-01 00:00:00,1996-10-01 00:00:00,Y,N,N
-120.15,51.233333333333334,1236,BARRIERE NORTH,BC,BRITISH COLUMBIA,COLOMBIE-BRITANNIQUE,CAN,511400000,-1200900000,PST,388.60,1160673,,,N/A,E,1,6,,,,,1970-01-01 00:00:00,1984-12-01 00:00:00,,,1970-09-01 00:00:00,1984-09-30 00:00:00,1970-01-01 00:00:00,1984-12-01 00:00:00,Y,N,N
-119.28952777777778,52.12902777777778,1237,BLUE RIVER A,BC,BRITISH COLUMBIA,COLOMBIE-BRITANNIQUE,CAN,520744500,-1191722300,PST,690.40,1160899,YCP,,Aviation-Staffed,A,1,1,CCN,RCSC,Co-operative Climate Network,Réseau coopératif de stations climatiques,1969-01-01 00:00:00,2024-11-18 00:00:00,1969-12-01 01:00:00,2015-01-15 10:00:00,1969-12-01 00:00:00,2024-11-18 00:00:00,1969-01-01 00:00:00,2007-02-01 00:00:00,Y,Y,Y
-119.28333333333333,52.15,1238,BLUE RIVER NORTH,BC,BRITISH COLUMBIA,COLOMBIE-BRITANNIQUE,CAN,520900000,-1191700000,PST,688.80,1160900,,,N/A,E,1,6,,,,,1929-01-01 00:00:00,1985-12-01 00:00:00,,,1929-01-01 00:00:00,1985-09-30 00:00:00,1929-01-01 00:00:00,1985-12-01 00:00:00,Y,N,N
-120.73333333333333,51.46666666666667,1239,BRIDGE LAKE,BC,BRITISH COLUMBIA,COLOMBIE-BRITANNIQUE,CAN,512800000,-1204400000,PST,1157.00,1160985,,,Climate-Staffed,G,1,8,,,,,1975-01-01 00:00:00,1995-06-30 00:00:00,,,1975-09-01 00:00:00,1995-06-30 00:00:00,1975-01-01 00:00:00,1995-06-01 00:00:00,Y,N,N
-120.7935,51.50383333333333,1240,BRIDGE LAKE 2,BC,BRITISH COLUMBIA,COLOMBIE-BRITANNIQUE,CAN,513013800,-1204736600,PST,1155.20,1160986,,,Climate-Staffed,D,1,5,,,,,1980-01-01 00:00:00,2010-10-13 00:00:00,,,1980-08-01 00:00:00,2010-10-13 00:00:00,1980-01-01 00:00:00,2007-02-01 00:00:00,Y,Y,N
-120.11666666666666,51.61666666666667,1241,CLEARWATER BLACKPOOL,BC,BRITISH COLUMBIA,COLOMBIE-BRITANNIQUE,CAN,513700000,-1200700000,PST,420.90,1161FN5,,,N/A,G,1,8,,,,,1984-01-01 00:00:00,1986-12-31 00:00:00,,,1984-05-01 00:00:00,1986-12-31 00:00:00,1984-01-01 00:00:00,1986-12-01 00:00:00,Y,N,N
-120.11666666666666,51.516666666666666,1242,CLEARWATER AXEL CRK,BC,BRITISH COLUMBIA,COLOMBIE-BRITANNIQUE,CAN,513100000,-1200700000,PST,716.00,1161F55,,,Climate-Staffed,E,1,6,,,,,1984-01-01 00:00:00,1996-09-30 00:00:00,,,1984-05-01 00:00:00,1996-09-30 00:00:00,1984-01-01 00:00:00,1996-09-01 00:00:00,Y,N,N
-121.08252,51.70863305555555,1243,BUFFALO LAKE,BC,BRITISH COLUMBIA,COLOMBIE-BRITANNIQUE,CAN,514231079,-1210457072,PST,989.00,1161104,,,Climate-Staffed,F,1,7,,,,,1962-01-01 00:00:00,2016-11-04 00:00:00,,,1962-05-01 00:00:00,2016-11-04 00:00:00,1962-01-01 00:00:00,2007-02-01 00:00:00,Y,N,N
-121.41528611111112,50.91500555555555,1244,CACHE CREEK 16 MILE,BC,BRITISH COLUMBIA,COLOMBIE-BRITANNIQUE,CAN,505454020,-1212455030,PST,515.10,1161215,,,Climate-Staffed,E,1,6,,,,,1982-01-01 00:00:00,1998-11-30 00:00:00,,,1982-11-01 00:00:00,1998-11-30 00:00:00,1982-01-01 00:00:00,1998-11-01 00:00:00,Y,N,N
-120.86666666666666,51.86666666666667,1245,CANIM LAKE EAGLE CREEK,BC,BRITISH COLUMBIA,COLOMBIE-BRITANNIQUE,CAN,515200000,-1205200000,PST,780.00,1161306,,,N/A,G,1,8,,,,,1987-01-01 00:00:00,1991-11-01 00:00:00,,,1987-06-01 00:00:00,1991-06-30 00:00:00,1987-01-01 00:00:00,1991-11-01 00:00:00,Y,N,N
-119.06666666666666,50.8,1246,CANOE POINT,BC,BRITISH COLUMBIA,COLOMBIE-BRITANNIQUE,CAN,504800000,-1190400000,PST,353.30,1161312,,,N/A,,1,9,,,,,1910-01-01 00:00:00,1920-12-01 00:00:00,,,1910-06-01 00:00:00,1920-09-30 00:00:00,1910-01-01 00:00:00,1920-12-01 00:00:00,Y,N,N
-119.37944444444445,50.955555555555556,1247,CELISTA,BC,BRITISH COLUMBIA,COLOMBIE-BRITANNIQUE,CAN,505720000,-1192246000,PST,515.00,116146F,,,Climate-Staffed,E,1,6,,,,,1986-01-01 00:00:00,2004-07-31 00:00:00,,,1986-07-01 00:00:00,2004-07-31 00:00:00,1986-01-01 00:00:00,2004-07-01 00:00:00,Y,N,N
-119.68638888888889,50.818888888888885,1248,CHASE,BC,BRITISH COLUMBIA,COLOMBIE-BRITANNIQUE,CAN,504908000,-1194111000,PST,359.00,1161470,,,Climate-Staffed,F,1,7,,,,,1952-01-01 00:00:00,2001-06-30 00:00:00,,,1952-05-01 00:00:00,2001-06-30 00:00:00,1952-01-01 00:00:00,2001-06-01 00:00:00,Y,N,N
-118.58333333333333,50.233333333333334,1249,CHERRYVILLE,BC,BRITISH COLUMBIA,COLOMBIE-BRITANNIQUE,CAN,501400000,-1183500000,PST,664.50,1161506,,,N/A,,1,9,,,,,1959-01-01 00:00:00,1961-12-01 00:00:00,,,1959-04-01 00:00:00,1961-08-31 00:00:00,1959-01-01 00:00:00,1961-12-01 00:00:00,Y,N,N
-120.18333333333334,51.25,1250,CHINOOK COVE,BC,BRITISH COLUMBIA,COLOMBIE-BRITANNIQUE,CAN,511500000,-1201100000,PST,403.60,1161590,,,N/A,,1,9,,,,,1913-12-01 00:00:00,1955-12-01 00:00:00,,,1913-12-01 00:00:00,1955-10-31 00:00:00,1914-01-01 00:00:00,1955-12-01 00:00:00,Y,N,N
-120.20388888888888,51.26222222222222,1251,CHINOOK COVE POSBY LAKE,BC,BRITISH COLUMBIA,COLOMBIE-BRITANNIQUE,CAN,511544000,-1201214000,PST,716.00,1161592,,,Climate-Staffed,G,1,8,,,,,1989-01-01 00:00:00,2007-12-05 00:00:00,,,1989-05-01 00:00:00,2007-12-05 00:00:00,1989-01-01 00:00:00,2007-02-01 00:00:00,Y,N,N
-120.03333333333333,51.65,1252,CLEARWATER,BC,BRITISH COLUMBIA,COLOMBIE-BRITANNIQUE,CAN,513900000,-1200200000,PST,466.00,1161655,,,N/A,E,1,6,,,,,1976-01-01 00:00:00,1992-12-01 00:00:00,,,1976-04-01 00:00:00,1992-08-31 00:00:00,1976-01-01 00:00:00,1992-12-01 00:00:00,Y,N,N
-120.1,51.65,1253,CLEARWATER SUNSHINE,BC,BRITISH COLUMBIA,COLOMBIE-BRITANNIQUE,CAN,513900000,-1200600000,PST,451.10,1161656,,,N/A,G,1,9,,,,,1980-01-01 00:00:00,1980-12-01 00:00:00,,,1980-08-01 00:00:00,1980-08-31 00:00:00,1980-01-01 00:00:00,1980-12-01 00:00:00,Y,N,N
-121.56666666666666,51.083333333333336,1254,CLINTON,BC,BRITISH COLUMBIA,COLOMBIE-BRITANNIQUE,CAN,510500000,-1213400000,PST,891.50,1161660,,,N/A,,1,9,,,,,1962-01-01 00:00:00,1965-12-01 00:00:00,,,1962-05-01 00:00:00,1965-01-31 00:00:00,1962-01-01 00:00:00,1965-12-01 00:00:00,Y,N,N
-121.50472222222223,51.14472222222222,1255,CLINTON (AUT),BC,BRITISH COLUMBIA,COLOMBIE-BRITANNIQUE,CAN,510841000,-1213017000,PST,1056.70,1161661,ZCL,,Aviation-Auto,G,1,9,ECCC - MSC,ECCC - SMC,Environment and Climate Change Canada - Meteorological Service of Canada,Environnement et Changement climatique Canada - Service météorologique du Canada,1972-01-01 00:00:00,2018-07-24 07:00:00,1994-02-01 00:00:00,2018-07-24 07:00:00,1973-01-01 00:00:00,2015-04-06 00:00:00,1972-01-01 00:00:00,2007-02-01 00:00:00,Y,N,Y
-120.72833333333334,51.02972222222222,1256,CRISS CREEK,BC,BRITISH COLUMBIA,COLOMBIE-BRITANNIQUE,CAN,510147000,-1204342000,PST,1122.00,1162177,,,Climate-Staffed,E,1,6,CCN,RCSC,Co-operative Climate Network,Réseau coopératif de stations climatiques,1988-01-01 00:00:00,2020-02-12 00:00:00,,,1988-10-01 00:00:00,2020-02-12 00:00:00,1988-01-01 00:00:00,2007-02-01 00:00:00,Y,N,N
-120.18252777777778,51.29175,1257,DARFIELD,BC,BRITISH COLUMBIA,COLOMBIE-BRITANNIQUE,CAN,511730300,-1201057100,PST,466.00,1162265,,,Climate-Staffed,A,1,1,CCN,RCSC,Co-operative Climate Network,Réseau coopératif de stations climatiques,1956-01-01 00:00:00,2018-03-28 00:00:00,,,1956-04-01 00:00:00,2018-03-28 00:00:00,1956-01-01 00:00:00,2007-02-01 00:00:00,Y,Y,N
-119.21666666666667,50.93333333333333,1258,EAGLE BAY,BC,BRITISH COLUMBIA,COLOMBIE-BRITANNIQUE,CAN,505600000,-1191300000,PST,411.50,1162580,,,N/A,E,1,6,,,,,1924-01-01 00:00:00,1995-04-30 00:00:00,,,1924-01-01 00:00:00,1995-04-30 00:00:00,1924-01-01 00:00:00,1995-04-01 00:00:00,Y,N,N
-119.15,50.55,1259,ENDERBY,BC,BRITISH COLUMBIA,COLOMBIE-BRITANNIQUE,CAN,503300000,-1190900000,PST,354.00,1162680,,,Climate-Staffed,E,1,6,,,,,1893-01-01 00:00:00,1997-02-28 00:00:00,,,1893-09-01 00:00:00,1997-02-28 00:00:00,1893-01-01 00:00:00,1997-02-01 00:00:00,Y,N,N
-118.91666666666667,50.55,1260,ENDERBY ASHTON CREEK,BC,BRITISH COLUMBIA,COLOMBIE-BRITANNIQUE,CAN,503300000,-1185500000,PST,350.50,1162682,,,N/A,G,1,8,,,,,1965-01-01 00:00:00,1975-12-01 00:00:00,,,1965-06-01 00:00:00,1975-01-31 00:00:00,1965-01-01 00:00:00,1975-12-01 00:00:00,Y,N,N
-119.16666666666667,50.53333333333333,1261,ENDERBY VALECAIRN FARM,BC,BRITISH COLUMBIA,COLOMBIE-BRITANNIQUE,CAN,503200000,-1191000000,PST,335.30,1162683,,,N/A,,1,9,,,,,1966-01-01 00:00:00,1967-12-01 00:00:00,,,1966-02-01 00:00:00,1967-03-31 00:00:00,1966-01-01 00:00:00,1967-12-01 00:00:00,Y,N,N
-119.4,50.46666666666667,1262,FALKLAND SALMON VALLEY,BC,BRITISH COLUMBIA,COLOMBIE-BRITANNIQUE,CAN,502800000,-1192400000,PST,485.00,1162784,,,N/A,E,1,6,,,,,1959-01-01 00:00:00,1986-12-01 00:00:00,,,1959-03-01 00:00:00,1986-08-31 00:00:00,1959-01-01 00:00:00,1986-12-01 00:00:00,Y,N,N
-119.5,50.5,1263,FALKLAND SPANISH LAKE,BC,BRITISH COLUMBIA,COLOMBIE-BRITANNIQUE,CAN,503000000,-1193000000,PST,823.00,1162785,,,N/A,F,1,7,,,,,1974-12-01 00:00:00,1984-12-01 00:00:00,,,1974-12-01 00:00:00,1984-03-31 00:00:00,1975-01-01 00:00:00,1984-12-01 00:00:00,Y,N,N
-118.53333333333333,50.96666666666667,1264,GRIFFIN LAKE,BC,BRITISH COLUMBIA,COLOMBIE-BRITANNIQUE,CAN,505800000,-1183200000,PST,434.30,1163306,,,N/A,G,1,9,,,,,1975-01-01 00:00:00,1976-12-01 00:00:00,,,1975-08-01 00:00:00,1976-01-31 00:00:00,1975-01-01 00:00:00,1976-12-01 00:00:00,Y,N,N
-121.58333333333333,50.75,1265,HAT CREEK,BC,BRITISH COLUMBIA,COLOMBIE-BRITANNIQUE,CAN,504500000,-1213500000,PST,922.90,1163340,,,N/A,E,1,6,,,,,1960-01-01 00:00:00,1981-12-01 00:00:00,,,1960-11-01 00:00:00,1981-02-28 00:00:00,1960-01-01 00:00:00,1981-12-01 00:00:00,Y,N,N
-120.18333333333334,50.916666666666664,1266,HEFFLEY CREEK,BC,BRITISH COLUMBIA,COLOMBIE-BRITANNIQUE,CAN,505500000,-1201100000,PST,682.80,1163400,,,Climate-Staffed,C,1,4,,,,,1953-01-01 00:00:00,1995-10-31 00:00:00,,,1953-02-01 00:00:00,1995-10-31 00:00:00,1953-01-01 00:00:00,1995-10-01 00:00:00,Y,N,N
-120.05,51.916666666666664,1267,HEMP CREEK CLEARWATER,BC,BRITISH COLUMBIA,COLOMBIE-BRITANNIQUE,CAN,515500000,-1200300000,PST,640.10,1163450,,,N/A,,1,9,,,,,1953-01-01 00:00:00,1963-12-01 00:00:00,,,1953-06-01 00:00:00,1963-03-31 00:00:00,1953-01-01 00:00:00,1963-12-01 00:00:00,Y,N,N
-120.98333333333333,50.483333333333334,1268,HIGHLAND VALLEY,BC,BRITISH COLUMBIA,COLOMBIE-BRITANNIQUE,CAN,502900000,-1205900000,PST,1524.00,1163465,,,N/A,,1,9,,,,,1957-01-01 00:00:00,1958-12-01 00:00:00,,,1957-03-01 00:00:00,1958-04-30 00:00:00,1957-01-01 00:00:00,1958-12-01 00:00:00,Y,N,N
-120.98333333333333,50.516666666666666,1269,HIGHLAND VALLEY 2,BC,BRITISH COLUMBIA,COLOMBIE-BRITANNIQUE,CAN,503100000,-1205900000,PST,1402.10,1163466,,,N/A,,1,9,,,,,1958-01-01 00:00:00,1959-12-01 00:00:00,,,1958-09-01 00:00:00,1959-09-30 00:00:00,1958-01-01 00:00:00,1959-12-01 00:00:00,Y,N,N
-120.98333333333333,50.516666666666666,1270,HIGHLAND VALLEY 3,BC,BRITISH COLUMBIA,COLOMBIE-BRITANNIQUE,CAN,503100000,-1205900000,PST,1402.10,1163467,,,N/A,,1,9,,,,,1960-01-01 00:00:00,1961-12-01 00:00:00,,,1960-01-01 00:00:00,1961-03-31 00:00:00,1960-01-01 00:00:00,1961-12-01 00:00:00,Y,N,N
-120.48333333333333,51.2,1271,HOOPATATKWA LAKE,BC,BRITISH COLUMBIA,COLOMBIE-BRITANNIQUE,CAN,511200000,-1202900000,PST,1402.10,1163530,,,N/A,,1,9,,,,,1967-01-01 00:00:00,1967-12-01 00:00:00,,,1967-07-01 00:00:00,1967-08-31 00:00:00,1967-01-01 00:00:00,1967-12-01 00:00:00,Y,N,N
-121.2,51.6,1272,HORSE LAKE,BC,BRITISH COLUMBIA,COLOMBIE-BRITANNIQUE,CAN,513600000,-1211200000,PST,994.00,1163595,,,N/A,F,1,7,,,,,1983-01-01 00:00:00,1994-12-01 00:00:00,,,1983-06-01 00:00:00,1994-06-30 00:00:00,1983-01-01 00:00:00,1994-12-01 00:00:00,Y,N,N
-121.06666666666666,51.56666666666667,1273,HORSE LAKE FAWN CREEK,BC,BRITISH COLUMBIA,COLOMBIE-BRITANNIQUE,CAN,513400000,-1210400000,PST,1061.00,1163596,,,N/A,G,1,8,,,,,1987-01-01 00:00:00,1993-12-01 00:00:00,,,1987-06-01 00:00:00,1993-03-31 00:00:00,1987-01-01 00:00:00,1993-12-01 00:00:00,Y,N,N
-120.33333333333333,50.666666666666664,1274,KAMLOOPS,BC,BRITISH COLUMBIA,COLOMBIE-BRITANNIQUE,CAN,504000000,-1202000000,PST,378.90,1163779,,,N/A,F,1,7,,,,,1878-01-01 00:00:00,1982-12-31 00:00:00,,,1878-01-01 00:00:00,1982-12-31 00:00:00,1878-01-01 00:00:00,1982-12-01 00:00:00,Y,N,N
-120.44194444444445,50.702222222222225,1275,KAMLOOPS A,BC,BRITISH COLUMBIA,COLOMBIE-BRITANNIQUE,CAN,504208000,-1202631000,PST,345.30,1163780,YKA,71887,Aviation-Staffed,A,1,1,,,,,1951-01-01 00:00:00,2013-06-13 10:00:00,1953-01-01 04:00:00,2013-06-13 10:00:00,1951-01-01 00:00:00,2013-06-12 00:00:00,1951-01-01 00:00:00,2013-06-01 00:00:00,Y,Y,Y
-120.5,50.666666666666664,1276,KAMLOOPS AFTON MINES,BC,BRITISH COLUMBIA,COLOMBIE-BRITANNIQUE,CAN,504000000,-1203000000,PST,701.00,1163790,,,N/A,D,1,5,,,,,1977-01-01 00:00:00,1993-12-31 00:00:00,,,1977-05-01 00:00:00,1993-12-31 00:00:00,1977-01-01 00:00:00,1993-11-01 00:00:00,Y,N,N
-120.45,50.71666666666667,1277,KAMLOOPS CDA,BC,BRITISH COLUMBIA,COLOMBIE-BRITANNIQUE,CAN,504300000,-1202700000,PST,345.00,1163810,,,N/A,F,1,7,,,,,1949-01-01 00:00:00,1977-12-01 00:00:00,,,1949-08-01 00:00:00,1977-05-31 00:00:00,1949-01-01 00:00:00,1977-12-01 00:00:00,Y,N,N
-120.58333333333333,50.68333333333333,1278,KAMLOOPS CHERRY CREEK,BC,BRITISH COLUMBIA,COLOMBIE-BRITANNIQUE,CAN,504100000,-1203500000,PST,556.30,1163814,,,N/A,G,1,8,,,,,1970-01-01 00:00:00,1974-12-01 00:00:00,,,1970-09-01 00:00:00,1974-06-30 00:00:00,1970-01-01 00:00:00,1974-12-01 00:00:00,Y,N,N
-120.58333333333333,50.65,1279,KAMLOOPS CHERRY CREEK 2,BC,BRITISH COLUMBIA,COLOMBIE-BRITANNIQUE,CAN,503900000,-1203500000,PST,701.00,1163815,,,N/A,G,1,8,,,,,1974-01-01 00:00:00,1977-12-01 00:00:00,,,1974-08-01 00:00:00,1977-03-31 00:00:00,1974-01-01 00:00:00,1977-12-01 00:00:00,Y,N,N
-120.36666666666666,50.666666666666664,1280,KAMLOOPS GLENEAGLES,BC,BRITISH COLUMBIA,COLOMBIE-BRITANNIQUE,CAN,504000000,-1202200000,PST,601.00,1163817,,,N/A,G,1,9,,,,,1986-01-01 00:00:00,1988-12-01 00:00:00,,,1986-07-01 00:00:00,1988-04-30 00:00:00,1986-01-01 00:00:00,1988-12-01 00:00:00,Y,N,N
-120.36666666666666,50.71666666666667,1281,KAMLOOPS KIMBERLY CRESCENT,BC,BRITISH COLUMBIA,COLOMBIE-BRITANNIQUE,CAN,504300000,-1202200000,PST,345.00,1163826,,,N/A,G,1,8,,,,,1986-01-01 00:00:00,1989-12-01 00:00:00,,,1986-09-01 00:00:00,1989-06-30 00:00:00,1986-01-01 00:00:00,1989-12-01 00:00:00,Y,N,N
-120.35,50.68333333333333,1282,KAMLOOPS MISSION FLATS,BC,BRITISH COLUMBIA,COLOMBIE-BRITANNIQUE,CAN,504100000,-1202100000,PST,345.30,1163840,,,N/A,,1,9,,,,,1939-01-01 00:00:00,1957-12-01 00:00:00,,,1939-05-01 00:00:00,1957-02-28 00:00:00,1939-01-01 00:00:00,1957-12-01 00:00:00,Y,N,N
-120.31666666666666,50.666666666666664,1283,KAMLOOPS TUNSTALL CRES,BC,BRITISH COLUMBIA,COLOMBIE-BRITANNIQUE,CAN,504000000,-1201900000,PST,442.00,1163873,,,N/A,G,1,8,,,,,1970-01-01 00:00:00,1974-12-01 00:00:00,,,1970-01-01 00:00:00,1974-05-31 00:00:00,1970-01-01 00:00:00,1974-12-01 00:00:00,Y,N,N
-120.25277777777778,50.675,1284,KAMLOOPS VALLEYVIEW,BC,BRITISH COLUMBIA,COLOMBIE-BRITANNIQUE,CAN,504030000,-1201510000,PST,347.00,1163875,,,Climate-Staffed,F,1,7,,,,,1962-01-01 00:00:00,2005-09-30 00:00:00,,,1962-05-01 00:00:00,2005-09-30 00:00:00,1962-01-01 00:00:00,2005-09-01 00:00:00,Y,N,N
-121.15,51.56666666666667,1285,LONE BUTTE 3,BC,BRITISH COLUMBIA,COLOMBIE-BRITANNIQUE,CAN,513400000,-1210900000,PST,1082.00,1164GA5,,,N/A,G,1,8,,,,,1983-01-01 00:00:00,1984-12-01 00:00:00,,,1983-06-01 00:00:00,1984-09-30 00:00:00,1983-01-01 00:00:00,1984-12-01 00:00:00,Y,N,N
-121.2,51.55,1286,LONE BUTTE 2,BC,BRITISH COLUMBIA,COLOMBIE-BRITANNIQUE,CAN,513300000,-1211200000,PST,1145.10,1164G1E,,,N/A,F,1,7,,,,,1981-01-01 00:00:00,1991-11-01 00:00:00,,,1981-05-01 00:00:00,1991-04-30 00:00:00,1981-01-01 00:00:00,1991-11-01 00:00:00,Y,N,N
-120.31666666666666,50.6,1287,KNUTSFORD 2S,BC,BRITISH COLUMBIA,COLOMBIE-BRITANNIQUE,CAN,503600000,-1201900000,PST,899.00,1164LH5,,,Climate-Staffed,G,1,8,,,,,1986-01-01 00:00:00,1997-02-28 00:00:00,,,1986-07-01 00:00:00,1997-02-28 00:00:00,1986-01-01 00:00:00,1997-02-01 00:00:00,Y,N,N
-120.13333333333334,50.96666666666667,1288,KNOUFF LAKE,BC,BRITISH COLUMBIA,COLOMBIE-BRITANNIQUE,CAN,505800000,-1200800000,PST,1143.00,1164380,,,N/A,,1,9,,,,,1924-01-01 00:00:00,1951-12-01 00:00:00,,,1924-01-01 00:00:00,1951-05-31 00:00:00,1924-01-01 00:00:00,1951-12-01 00:00:00,Y,N,N
-120.13333333333334,50.95,1289,KNOUFF LAKE 2,BC,BRITISH COLUMBIA,COLOMBIE-BRITANNIQUE,CAN,505700000,-1200800000,PST,1112.50,1164381,,,N/A,,1,9,,,,,1952-01-01 00:00:00,1952-12-01 00:00:00,,,1952-07-01 00:00:00,1952-11-30 00:00:00,1952-01-01 00:00:00,1952-12-01 00:00:00,Y,N,N
-120.31666666666666,50.61666666666667,1290,KNUTSFORD,BC,BRITISH COLUMBIA,COLOMBIE-BRITANNIQUE,CAN,503700000,-1201900000,PST,786.00,1164384,,,N/A,G,1,8,,,,,1986-01-01 00:00:00,1988-12-01 00:00:00,,,1986-06-01 00:00:00,1988-06-30 00:00:00,1986-01-01 00:00:00,1988-12-01 00:00:00,Y,N,N
-120.61666666666666,51.5,1291,LAC DES ROCHES,BC,BRITISH COLUMBIA,COLOMBIE-BRITANNIQUE,CAN,513000000,-1203700000,PST,1143.00,1164445,,,N/A,G,1,8,,,,,1974-01-01 00:00:00,1979-12-01 00:00:00,,,1974-05-01 00:00:00,1979-09-30 00:00:00,1974-01-01 00:00:00,1979-12-01 00:00:00,Y,N,N
-120.18333333333334,51.36666666666667,1292,LITTLE FORT 2,BC,BRITISH COLUMBIA,COLOMBIE-BRITANNIQUE,CAN,512200000,-1201100000,PST,390.00,11646L6,,,N/A,G,1,8,,,,,1986-01-01 00:00:00,1990-12-01 00:00:00,,,1986-08-01 00:00:00,1990-07-31 00:00:00,1986-01-01 00:00:00,1990-12-01 00:00:00,Y,N,N
-120.2,51.45,1293,LITTLE FORT,BC,BRITISH COLUMBIA,COLOMBIE-BRITANNIQUE,CAN,512700000,-1201200000,PST,457.20,1164636,,,N/A,F,1,7,,,,,1973-01-01 00:00:00,1984-12-01 00:00:00,,,1973-06-01 00:00:00,1984-03-31 00:00:00,1973-01-01 00:00:00,1984-12-01 00:00:00,Y,N,N
-120.83333333333333,51.65,1294,LONE BUTTE,BC,BRITISH COLUMBIA,COLOMBIE-BRITANNIQUE,CAN,513900000,-1205000000,PST,1173.50,1164715,,,N/A,,1,9,,,,,1966-01-01 00:00:00,1967-12-01 00:00:00,,,1966-10-01 00:00:00,1967-02-28 00:00:00,1966-01-01 00:00:00,1967-12-01 00:00:00,Y,N,N
-121.33333333333333,51.06666666666667,1295,LOON LAKE,BC,BRITISH COLUMBIA,COLOMBIE-BRITANNIQUE,CAN,510400000,-1212000000,PST,838.00,1164717,,,N/A,E,1,6,,,,,1968-01-01 00:00:00,1989-12-31 00:00:00,,,1968-05-01 00:00:00,1989-12-31 00:00:00,1968-01-01 00:00:00,1989-12-01 00:00:00,Y,N,N
-120.03333333333333,51.03333333333333,1296,LOUIS CRK MEL-BAR RANCH,BC,BRITISH COLUMBIA,COLOMBIE-BRITANNIQUE,CAN,510200000,-1200200000,PST,624.80,1164720,,,N/A,G,1,8,,,,,1969-01-01 00:00:00,1974-12-01 00:00:00,,,1969-10-01 00:00:00,1974-07-31 00:00:00,1969-01-01 00:00:00,1974-12-01 00:00:00,Y,N,N
-118.95566666666667,50.23616666666667,1297,LUMBY,BC,BRITISH COLUMBIA,COLOMBIE-BRITANNIQUE,CAN,501410200,-1185720400,PST,500.00,1164729,,,Climate-Staffed,F,1,7,,,,,1959-01-01 00:00:00,2010-03-31 00:00:00,,,1959-03-01 00:00:00,2010-03-31 00:00:00,1959-01-01 00:00:00,2007-02-01 00:00:00,Y,N,N
-118.76666666666667,50.36666666666667,1298,LUMBY SIGALET RD,BC,BRITISH COLUMBIA,COLOMBIE-BRITANNIQUE,CAN,502200000,-1184600000,PST,559.90,1164730,,,Climate-Staffed,C,1,4,,,,,1970-01-01 00:00:00,1999-02-28 00:00:00,,,1970-11-01 00:00:00,1999-02-28 00:00:00,1970-01-01 00:00:00,1999-02-01 00:00:00,Y,N,N
-118.78333333333333,50.38333333333333,1299,MABEL LAKE,BC,BRITISH COLUMBIA,COLOMBIE-BRITANNIQUE,CAN,502300000,-1184700000,PST,399.30,1164770,,,N/A,G,1,8,,,,,1924-01-01 00:00:00,1975-12-01 00:00:00,,,1924-07-01 00:00:00,1975-10-31 00:00:00,1924-01-01 00:00:00,1975-12-01 00:00:00,Y,N,N
-118.65,51.0,1300,MALAKWA EAGLE R HATCHERY,BC,BRITISH COLUMBIA,COLOMBIE-BRITANNIQUE,CAN,510000000,-1183900000,PST,404.00,1164830,,,N/A,F,1,7,,,,,1924-01-01 00:00:00,1994-12-01 00:00:00,,,1924-01-01 00:00:00,1994-08-31 00:00:00,1924-01-01 00:00:00,1994-12-01 00:00:00,Y,N,N
-119.03333333333333,50.71666666666667,1301,MARA LAKE,BC,BRITISH COLUMBIA,COLOMBIE-BRITANNIQUE,CAN,504300000,-1190200000,PST,353.60,1164903,,,N/A,,1,9,,,,,1965-01-01 00:00:00,1969-12-01 00:00:00,,,1965-06-01 00:00:00,1969-03-31 00:00:00,1965-01-01 00:00:00,1969-12-01 00:00:00,Y,N,N
-120.22166666666666,51.04666666666667,1302,MCLURE,BC,BRITISH COLUMBIA,COLOMBIE-BRITANNIQUE,CAN,510248000,-1201318000,PST,381.00,1165030,,,Climate-Staffed,E,1,6,,,,,1967-01-01 00:00:00,2009-11-29 00:00:00,,,1967-04-01 00:00:00,2009-11-29 00:00:00,1967-01-01 00:00:00,2007-02-01 00:00:00,Y,N,N
-119.85,50.516666666666666,1303,MONTE LAKE,BC,BRITISH COLUMBIA,COLOMBIE-BRITANNIQUE,CAN,503100000,-1195100000,PST,683.40,1165197,,,N/A,,1,9,,,,,1961-01-01 00:00:00,1968-12-01 00:00:00,,,1961-09-01 00:00:00,1968-09-30 00:00:00,1961-01-01 00:00:00,1968-12-01 00:00:00,Y,N,N
-119.85,50.516666666666666,1304,MONTE LAKE 2,BC,BRITISH COLUMBIA,COLOMBIE-BRITANNIQUE,CAN,503100000,-1195100000,PST,701.00,1165198,,,N/A,,1,9,,,,,1961-01-01 00:00:00,1962-12-31 00:00:00,,,1961-09-01 00:00:00,1962-12-31 00:00:00,1961-01-01 00:00:00,1962-12-01 00:00:00,Y,N,N
-120.01666666666667,51.86666666666667,1305,MOUL CREEK CLEARWATER,BC,BRITISH COLUMBIA,COLOMBIE-BRITANNIQUE,CAN,515200000,-1200100000,PST,713.20,1165210,,,N/A,,1,9,,,,,1963-01-01 00:00:00,1967-12-01 00:00:00,,,1963-11-01 00:00:00,1967-05-31 00:00:00,1963-01-01 00:00:00,1967-12-01 00:00:00,Y,N,N
-120.18333333333334,50.78333333333333,1306,MT LOLO ADMIN KAMLOOPS,BC,BRITISH COLUMBIA,COLOMBIE-BRITANNIQUE,CAN,504700000,-1201100000,PST,872.90,1165224,,,N/A,F,1,7,,,,,1977-01-01 00:00:00,1988-12-01 00:00:00,,,1977-05-01 00:00:00,1988-06-30 00:00:00,1977-01-01 00:00:00,1988-12-01 00:00:00,Y,N,N
-120.13333333333334,50.8,1307,MT LOLO KAMLOOPS,BC,BRITISH COLUMBIA,COLOMBIE-BRITANNIQUE,CAN,504800000,-1200800000,PST,1737.40,1165225,,,N/A,F,1,7,,,,,1964-01-01 00:00:00,1977-12-01 00:00:00,,,1964-02-01 00:00:00,1977-03-31 00:00:00,1964-01-01 00:00:00,1977-12-01 00:00:00,Y,N,N
-121.30251666666666,51.64695,1308,100 MILE HOUSE,BC,BRITISH COLUMBIA,COLOMBIE-BRITANNIQUE,CAN,513849020,-1211809060,PST,1059.20,1165791,,,Climate-Staffed,A,1,1,,,,,1970-01-01 00:00:00,1999-11-30 00:00:00,,,1970-05-01 00:00:00,1999-11-30 00:00:00,1970-01-01 00:00:00,1999-11-01 00:00:00,Y,N,N
-121.21694444444445,51.68138888888889,1309,100 MILE HOUSE 6NE,BC,BRITISH COLUMBIA,COLOMBIE-BRITANNIQUE,CAN,514053000,-1211301000,PST,928.00,1165793,,,Climate-Staffed,G,1,8,CCN,RCSC,Co-operative Climate Network,Réseau coopératif de stations climatiques,1987-01-01 00:00:00,2023-10-10 00:00:00,,,1987-06-01 00:00:00,2023-10-10 00:00:00,1987-01-01 00:00:00,2007-02-01 00:00:00,Y,N,N
-119.945,50.71611111111111,1310,PINANTAN LAKE,BC,BRITISH COLUMBIA,COLOMBIE-BRITANNIQUE,CAN,504258000,-1195642000,PST,960.00,1166JFR,,,Climate-Staffed,F,1,7,,,,,1986-01-01 00:00:00,2006-05-31 00:00:00,,,1986-07-01 00:00:00,2006-05-31 00:00:00,1986-01-01 00:00:00,2006-05-01 00:00:00,Y,N,N
-119.23361361111111,50.68555777777778,1311,SALMON ARM A,BC,BRITISH COLUMBIA,COLOMBIE-BRITANNIQUE,CAN,504108008,-1191401009,PST,527.30,1166R45,,,Climate-Staffed,D,1,5,,,,,1982-01-01 00:00:00,2017-10-30 00:00:00,,,1982-10-01 00:00:00,2017-10-30 00:00:00,1982-01-01 00:00:00,2007-02-01 00:00:00,Y,Y,N
-119.81666666666666,50.68333333333333,1312,PRITCHARD,BC,BRITISH COLUMBIA,COLOMBIE-BRITANNIQUE,CAN,504100000,-1194900000,PST,381.00,1166527,,,N/A,E,1,6,,,,,1986-01-01 00:00:00,1997-01-31 00:00:00,,,1986-01-01 00:00:00,1997-01-31 00:00:00,1986-01-01 00:00:00,1997-01-01 00:00:00,Y,N,N
-120.8,50.935,1313,RED LAKE,BC,BRITISH COLUMBIA,COLOMBIE-BRITANNIQUE,CAN,505606000,-1204800000,PST,1162.00,1166658,,,Climate-Staffed,E,1,6,CCN,RCSC,Co-operative Climate Network,Réseau coopératif de stations climatiques,1974-01-01 00:00:00,2024-11-15 00:00:00,,,1974-05-01 00:00:00,2024-11-15 00:00:00,1974-01-01 00:00:00,2007-02-01 00:00:00,Y,N,N
-120.76666666666667,50.9,1314,RED LAKE 2,BC,BRITISH COLUMBIA,COLOMBIE-BRITANNIQUE,CAN,505400000,-1204600000,PST,990.00,1166659,,,N/A,F,1,7,,,,,1979-01-01 00:00:00,1985-12-01 00:00:00,,,1979-11-01 00:00:00,1985-05-31 00:00:00,1979-01-01 00:00:00,1985-12-01 00:00:00,Y,N,N
-118.5,50.21666666666667,1315,RICHLAND,BC,BRITISH COLUMBIA,COLOMBIE-BRITANNIQUE,CAN,501300000,-1183000000,PST,716.30,1166760,,,N/A,G,1,8,,,,,1962-01-01 00:00:00,1975-12-01 00:00:00,,,1962-06-01 00:00:00,1975-06-30 00:00:00,1962-01-01 00:00:00,1975-12-01 00:00:00,Y,N,N
-120.97916666666667,51.844722222222224,1316,RUTH LAKE,BC,BRITISH COLUMBIA,COLOMBIE-BRITANNIQUE,CAN,515041000,-1205845000,PST,795.00,1166912,,,Climate-Staffed,E,1,6,,,,,1987-01-01 00:00:00,2013-11-30 00:00:00,,,1987-06-01 00:00:00,2013-11-30 00:00:00,1987-01-01 00:00:00,2007-02-01 00:00:00,Y,N,N
-119.25,50.7,1317,SALMON ARM,BC,BRITISH COLUMBIA,COLOMBIE-BRITANNIQUE,CAN,504200000,-1191500000,PST,506.00,1166945,,,N/A,E,1,6,,,,,1911-01-01 00:00:00,1982-12-01 00:00:00,,,1911-07-01 00:00:00,1982-07-31 00:00:00,1911-01-01 00:00:00,1982-12-01 00:00:00,Y,N,N
-119.28333333333333,50.7,1318,SALMON ARM 2,BC,BRITISH COLUMBIA,COLOMBIE-BRITANNIQUE,CAN,504200000,-1191700000,PST,396.20,1166946,,,N/A,D,1,5,,,,,1950-01-01 00:00:00,1986-12-01 00:00:00,,,1950-04-01 00:00:00,1986-10-31 00:00:00,1950-01-01 00:00:00,1986-12-01 00:00:00,Y,N,N
-119.35,50.68333333333333,1319,SALMON ARM 3,BC,BRITISH COLUMBIA,COLOMBIE-BRITANNIQUE,CAN,504100000,-1192100000,PST,363.00,1166947,,,Climate-Staffed,F,1,7,,,,,1893-01-01 00:00:00,1996-12-31 00:00:00,,,1893-04-01 00:00:00,1996-12-31 00:00:00,1893-01-01 00:00:00,1996-12-01 00:00:00,Y,N,N
-119.81666666666666,51.166666666666664,1320,SAMATOSUM MOUNTAIN MINE,BC,BRITISH COLUMBIA,COLOMBIE-BRITANNIQUE,CAN,511000000,-1194900000,PST,1145.00,1167008,,,N/A,G,1,8,,,,,1989-01-01 00:00:00,1992-12-01 00:00:00,,,1989-10-01 00:00:00,1992-09-30 00:00:00,1989-01-01 00:00:00,1992-12-01 00:00:00,Y,N,N
-121.4,51.3,1321,70 MILE HOUSE,BC,BRITISH COLUMBIA,COLOMBIE-BRITANNIQUE,CAN,511800000,-1212400000,PST,1079.90,1167191,,,N/A,F,1,7,,,,,1974-01-01 00:00:00,1987-12-01 00:00:00,,,1974-05-01 00:00:00,1987-06-30 00:00:00,1974-01-01 00:00:00,1987-12-01 00:00:00,Y,N,N
-118.95,51.25,1322,SEYMOUR ARM,BC,BRITISH COLUMBIA,COLOMBIE-BRITANNIQUE,CAN,511500000,-1185700000,PST,351.10,1167193,,,Climate-Staffed,D,1,5,,,,,1973-01-01 00:00:00,1996-02-29 00:00:00,,,1973-05-01 00:00:00,1996-02-29 00:00:00,1973-01-01 00:00:00,1996-02-01 00:00:00,Y,N,N
-119.03333333333333,51.06666666666667,1323,SEYMOUR ARM NINE MILE LIGHT,BC,BRITISH COLUMBIA,COLOMBIE-BRITANNIQUE,CAN,510400000,-1190200000,PST,351.00,1167194,,,N/A,G,1,8,,,,,1986-01-01 00:00:00,1989-12-01 00:00:00,,,1986-01-01 00:00:00,1989-05-31 00:00:00,1986-01-01 00:00:00,1989-12-01 00:00:00,Y,N,N
-118.81666666666666,50.3,1324,SHUSWAP FALLS,BC,BRITISH COLUMBIA,COLOMBIE-BRITANNIQUE,CAN,501800000,-1184900000,PST,426.70,1167260,,,N/A,G,1,8,,,,,1930-01-01 00:00:00,1972-12-01 00:00:00,,,1930-01-01 00:00:00,1972-08-31 00:00:00,1930-01-01 00:00:00,1972-12-01 00:00:00,Y,N,N
-119.0,50.8,1325,SICAMOUS,BC,BRITISH COLUMBIA,COLOMBIE-BRITANNIQUE,CAN,504800000,-1190000000,PST,426.70,1167275,,,N/A,F,1,7,,,,,1954-01-01 00:00:00,1979-12-01 00:00:00,,,1954-08-01 00:00:00,1979-04-30 00:00:00,1954-01-01 00:00:00,1979-12-01 00:00:00,Y,N,N
-118.98333333333333,50.85,1326,SICAMOUS 2,BC,BRITISH COLUMBIA,COLOMBIE-BRITANNIQUE,CAN,505100000,-1185900000,PST,355.00,1167276,,,N/A,E,1,6,,,,,1979-11-01 00:00:00,1994-12-01 00:00:00,,,1979-11-01 00:00:00,1994-10-31 00:00:00,1980-01-01 00:00:00,1994-12-01 00:00:00,Y,N,N
-119.35002777777778,50.54519444444445,1327,SILVER CREEK,BC,BRITISH COLUMBIA,COLOMBIE-BRITANNIQUE,CAN,503242700,-1192100100,PST,419.00,1167337,,,Climate-Staffed,E,1,6,CCN,RCSC,Co-operative Climate Network,Réseau coopératif de stations climatiques,1989-01-01 00:00:00,2021-10-30 00:00:00,,,1989-06-01 00:00:00,2021-10-30 00:00:00,1989-01-01 00:00:00,2007-02-01 00:00:00,Y,N,N
-119.48333333333333,50.88333333333333,1328,SORRENTO,BC,BRITISH COLUMBIA,COLOMBIE-BRITANNIQUE,CAN,505300000,-1192900000,PST,390.10,1167590,,,N/A,F,1,7,,,,,1924-01-01 00:00:00,1979-12-01 00:00:00,,,1924-01-01 00:00:00,1979-08-31 00:00:00,1924-01-01 00:00:00,1979-12-01 00:00:00,Y,N,N
-119.4,50.88333333333333,1329,SORRENTO EAST,BC,BRITISH COLUMBIA,COLOMBIE-BRITANNIQUE,CAN,505300000,-1192400000,PST,487.70,1167592,,,N/A,D,1,5,,,,,1969-01-01 00:00:00,1990-12-01 00:00:00,,,1969-04-01 00:00:00,1990-10-31 00:00:00,1969-01-01 00:00:00,1990-12-01 00:00:00,Y,N,N
-121.5,50.416666666666664,1330,SPENCES BRIDGE,BC,BRITISH COLUMBIA,COLOMBIE-BRITANNIQUE,CAN,502500000,-1213000000,PST,231.60,1167635,,,N/A,,1,9,,,,,1873-01-01 00:00:00,1909-12-01 00:00:00,,,1873-06-01 00:00:00,1909-03-31 00:00:00,1873-01-01 00:00:00,1909-12-01 00:00:00,Y,N,N
-121.31466666666667,50.42183333333333,1331,SPENCES BRIDGE NICOLA,BC,BRITISH COLUMBIA,COLOMBIE-BRITANNIQUE,CAN,502518600,-1211852800,PST,235.00,1167637,,,Climate-Staffed,C,1,4,,,,,1980-01-01 00:00:00,2002-10-31 00:00:00,,,1980-06-01 00:00:00,2002-10-31 00:00:00,1980-01-01 00:00:00,2002-10-01 00:00:00,Y,Y,N
-118.53333333333333,50.333333333333336,1332,SUGAR LAKE,BC,BRITISH COLUMBIA,COLOMBIE-BRITANNIQUE,CAN,502000000,-1183200000,PST,609.60,1167778,,,N/A,,1,9,,,,,1957-01-01 00:00:00,1964-12-01 00:00:00,,,1957-12-01 00:00:00,1964-11-30 00:00:00,1957-01-01 00:00:00,1964-12-01 00:00:00,Y,N,N
-119.33333333333333,50.75,1333,TAPPEN,BC,BRITISH COLUMBIA,COLOMBIE-BRITANNIQUE,CAN,504500000,-1192000000,PST,442.00,1167980,,,N/A,,1,9,,,,,1913-01-01 00:00:00,1961-12-31 00:00:00,,,1913-01-01 00:00:00,1961-12-31 00:00:00,1913-01-01 00:00:00,1961-12-01 00:00:00,Y,N,N
-119.3,50.8,1334,TAPPEN FORD ROAD,BC,BRITISH COLUMBIA,COLOMBIE-BRITANNIQUE,CAN,504800000,-1191800000,PST,566.90,1167982,,,N/A,,1,9,,,,,1962-01-01 00:00:00,1966-12-01 00:00:00,,,1962-07-01 00:00:00,1966-10-31 00:00:00,1962-01-01 00:00:00,1966-12-01 00:00:00,Y,N,N
-119.3,50.8,1335,TAPPEN NORTH,BC,BRITISH COLUMBIA,COLOMBIE-BRITANNIQUE,CAN,504800000,-1191800000,PST,487.70,1167984,,,N/A,,1,9,,,,,1970-01-01 00:00:00,1970-12-01 00:00:00,,,1970-10-01 00:00:00,1970-10-31 00:00:00,1970-01-01 00:00:00,1970-12-01 00:00:00,Y,N,N
-119.3,50.666666666666664,1336,TAPPEN TULARI FARM,BC,BRITISH COLUMBIA,COLOMBIE-BRITANNIQUE,CAN,504000000,-1191800000,PST,381.00,1167986,,,N/A,,1,9,,,,,1966-01-01 00:00:00,1967-12-01 00:00:00,,,1966-11-01 00:00:00,1967-02-28 00:00:00,1966-01-01 00:00:00,1967-12-01 00:00:00,Y,N,N
-118.58333333333333,50.233333333333334,1337,THIMBLE RANCH,BC,BRITISH COLUMBIA,COLOMBIE-BRITANNIQUE,CAN,501400000,-1183500000,PST,424.90,1168A5H,,,N/A,G,1,8,,,,,1975-01-01 00:00:00,1978-12-01 00:00:00,,,1975-08-01 00:00:00,1978-06-30 00:00:00,1975-01-01 00:00:00,1978-12-01 00:00:00,Y,N,N
-119.91133694444444,50.90301222222222,1338,SUN PEAKS MOUNTAIN,BC,BRITISH COLUMBIA,COLOMBIE-BRITANNIQUE,CAN,505410844,-1195440813,PST,1847.40,1168204,,,Climate-Staffed,G,1,8,CCN,RCSC,Co-operative Climate Network,Réseau coopératif de stations climatiques,1980-12-01 00:00:00,2024-11-17 00:00:00,,,1980-12-01 00:00:00,2024-11-17 00:00:00,1981-01-01 00:00:00,2007-02-01 00:00:00,Y,N,N
-120.51666666666667,50.71666666666667,1339,TRANQUILLE,BC,BRITISH COLUMBIA,COLOMBIE-BRITANNIQUE,CAN,504300000,-1203100000,PST,359.70,1168220,,,N/A,,1,9,,,,,1908-01-01 00:00:00,1953-12-01 00:00:00,,,1908-08-01 00:00:00,1953-07-31 00:00:00,1908-01-01 00:00:00,1953-12-01 00:00:00,Y,N,N
-119.77805555555555,51.57611111111111,1340,VAVENBY,BC,BRITISH COLUMBIA,COLOMBIE-BRITANNIQUE,CAN,513434000,-1194641000,PST,445.00,1168520,,,Climate-Staffed,A,1,1,CCN,RCSC,Co-operative Climate Network,Réseau coopératif de stations climatiques,1913-01-01 00:00:00,2024-11-18 00:00:00,,,1913-04-01 00:00:00,2024-11-18 00:00:00,1913-01-01 00:00:00,2007-02-01 00:00:00,Y,Y,N
-120.25,50.93333333333333,1341,VINSULLA,BC,BRITISH COLUMBIA,COLOMBIE-BRITANNIQUE,CAN,505600000,-1201500000,PST,356.60,1168667,,,N/A,,1,9,,,,,1962-01-01 00:00:00,1966-12-01 00:00:00,,,1962-05-01 00:00:00,1966-11-30 00:00:00,1962-01-01 00:00:00,1966-12-01 00:00:00,Y,N,N
-121.06666666666666,51.46666666666667,1342,WATCH LAKE EAST,BC,BRITISH COLUMBIA,COLOMBIE-BRITANNIQUE,CAN,512800000,-1210400000,PST,1080.00,1168736,,,N/A,G,1,9,,,,,1987-01-01 00:00:00,1988-12-01 00:00:00,,,1987-06-01 00:00:00,1988-02-29 00:00:00,1987-01-01 00:00:00,1988-12-01 00:00:00,Y,N,N
-121.11666666666666,51.46666666666667,1343,WATCH LAKE NORTH,BC,BRITISH COLUMBIA,COLOMBIE-BRITANNIQUE,CAN,512800000,-1210700000,PST,1069.00,1168739,,,Climate-Staffed,F,1,7,,,,,1987-01-01 00:00:00,1996-10-31 00:00:00,,,1987-06-01 00:00:00,1996-10-31 00:00:00,1987-01-01 00:00:00,1996-10-01 00:00:00,Y,N,N
-119.7505563888889,50.46889111111111,1344,WESTWOLD,BC,BRITISH COLUMBIA,COLOMBIE-BRITANNIQUE,CAN,502808008,-1194502003,PST,609.00,1168880,,,Climate-Staffed,A,1,1,,,,,1921-01-01 00:00:00,2013-05-31 00:00:00,,,1921-05-01 00:00:00,2013-05-31 00:00:00,1921-01-01 00:00:00,2007-02-01 00:00:00,Y,Y,N
-117.70147222222222,51.238194444444446,1345,GLACIER NP MT FIDELITY,BC,BRITISH COLUMBIA,COLOMBIE-BRITANNIQUE,CAN,511417500,-1174205300,PST,1890.00,117CA90,,,Climate-Staffed,A,1,1,,,,,1969-01-01 00:00:00,2024-02-14 00:00:00,,,1969-01-01 00:00:00,2024-02-14 00:00:00,1969-01-01 00:00:00,2007-02-01 00:00:00,Y,Y,N
-116.53333333333333,51.38333333333333,1346,YOHO NAT PARK BOULDER CR,BC,BRITISH COLUMBIA,COLOMBIE-BRITANNIQUE,CAN,512300000,-1163200000,MST,1219.20,117R00F,,,Climate-Staffed,D,1,5,,,,,1971-01-01 00:00:00,1993-12-01 00:00:00,,,1971-10-01 00:00:00,1993-09-30 00:00:00,1971-01-01 00:00:00,1993-12-01 00:00:00,Y,N,N
-116.336945,51.35612,1347,YOHO NP OHARA LAKE,BC,BRITISH COLUMBIA,COLOMBIE-BRITANNIQUE,CAN,512122032,-1162013002,MST,2024.60,117R00H,,,Climate-Staffed,G,1,9,CCN,RCSC,Co-operative Climate Network,Réseau coopératif de stations climatiques,1987-12-01 00:00:00,2021-08-25 00:00:00,,,1987-12-01 00:00:00,2021-08-25 00:00:00,1988-01-01 00:00:00,2007-02-01 00:00:00,Y,N,N
-116.56666666666666,51.233333333333334,1348,YOHO NAT PARK LEANCHOIL,BC,BRITISH COLUMBIA,COLOMBIE-BRITANNIQUE,CAN,511400000,-1163400000,MST,1140.00,117R00Q,,,N/A,G,1,9,,,,,1969-01-01 00:00:00,1971-12-01 00:00:00,,,1969-06-01 00:00:00,1971-04-30 00:00:00,1969-01-01 00:00:00,1971-12-01 00:00:00,Y,N,N
-116.66666666666667,51.233333333333334,1349,YOHO NP WEST GATE,BC,BRITISH COLUMBIA,COLOMBIE-BRITANNIQUE,CAN,511400000,-1164000000,MST,1143.00,117R009,,,N/A,G,1,8,,,,,1975-01-01 00:00:00,1979-12-01 00:00:00,,,1975-11-01 00:00:00,1979-08-31 00:00:00,1975-01-01 00:00:00,1979-12-01 00:00:00,Y,N,N
-116.92944444444444,50.949444444444445,1350,BOBBIE BURNS,BC,BRITISH COLUMBIA,COLOMBIE-BRITANNIQUE,CAN,505658000,-1165546000,MST,1370.00,1170R01,,,Climate-Staffed,E,1,6,,,,,1981-01-01 00:00:00,2001-12-31 00:00:00,,,1981-02-01 00:00:00,2001-12-31 00:00:00,1981-01-01 00:00:00,2000-12-01 00:00:00,Y,N,N
-119.2,52.666666666666664,1351,ALBREDA,BC,BRITISH COLUMBIA,COLOMBIE-BRITANNIQUE,CAN,524000000,-1191200000,MST,873.30,1170237,,,N/A,G,1,8,,,,,1973-01-01 00:00:00,1977-12-01 00:00:00,,,1973-06-01 00:00:00,1977-03-31 00:00:00,1973-01-01 00:00:00,1977-12-01 00:00:00,Y,N,N
-116.25805555555556,50.82055555555556,1352,BRISCO,BC,BRITISH COLUMBIA,COLOMBIE-BRITANNIQUE,CAN,504914000,-1161529000,MST,823.00,1171020,,,Climate-Staffed,E,1,6,,,,,1924-01-01 00:00:00,2004-03-31 00:00:00,,,1924-01-01 00:00:00,2004-03-31 00:00:00,1924-01-01 00:00:00,2004-03-01 00:00:00,Y,N,N
-116.70663888888889,50.754694444444446,1353,BUGABOO CREEK LODGE,BC,BRITISH COLUMBIA,COLOMBIE-BRITANNIQUE,CAN,504516900,-1164223900,MST,1529.00,1171105,,,Climate-Staffed,C,1,4,,,,,1972-01-01 00:00:00,2006-05-31 00:00:00,,,1972-10-01 00:00:00,2006-05-31 00:00:00,1972-01-01 00:00:00,2006-05-01 00:00:00,Y,N,N
-119.38333333333334,52.733333333333334,1354,CANOE RIVER,BC,BRITISH COLUMBIA,COLOMBIE-BRITANNIQUE,CAN,524400000,-1192300000,MST,953.10,1171313,,,N/A,G,1,8,,,,,1971-09-01 00:00:00,1975-12-01 00:00:00,,,1971-09-01 00:00:00,1975-10-31 00:00:00,1975-01-01 00:00:00,1975-12-01 00:00:00,Y,N,N
-119.47174916666667,52.71946972222222,1355,CARIBOO LODGE,BC,BRITISH COLUMBIA,COLOMBIE-BRITANNIQUE,CAN,524310091,-1192818297,PST,1095.80,1171393,,,Climate-Staffed,D,1,5,CCN,RCSC,Co-operative Climate Network,Réseau coopératif de stations climatiques,1975-01-01 00:00:00,2016-10-30 00:00:00,,,1975-11-01 00:00:00,2016-10-30 00:00:00,1975-01-01 00:00:00,2007-01-01 00:00:00,Y,Y,N
-117.15,51.483333333333334,1356,DONALD,BC,BRITISH COLUMBIA,COLOMBIE-BRITANNIQUE,CAN,512900000,-1170900000,MST,783.30,1172525,,,N/A,G,1,8,,,,,1891-01-01 00:00:00,1972-12-01 00:00:00,,,1891-05-01 00:00:00,1972-04-30 00:00:00,1891-01-01 00:00:00,1972-12-01 00:00:00,Y,N,N
-118.51666666666667,51.5,1357,DOWNIE SLIDE BCHPA,BC,BRITISH COLUMBIA,COLOMBIE-BRITANNIQUE,CAN,513000000,-1183100000,MST,975.40,1172543,,,N/A,G,1,9,,,,,1977-01-01 00:00:00,1978-12-01 00:00:00,,,1977-08-01 00:00:00,1978-11-30 00:00:00,1977-01-01 00:00:00,1978-12-01 00:00:00,Y,N,N
-116.48333333333333,51.38333333333333,1358,FIELD,BC,BRITISH COLUMBIA,COLOMBIE-BRITANNIQUE,CAN,512300000,-1162900000,MST,1238.70,1172870,,,N/A,,1,9,,,,,1917-01-01 00:00:00,1937-12-01 00:00:00,,,1917-06-01 00:00:00,1937-05-31 00:00:00,1917-01-01 00:00:00,1937-12-01 00:00:00,Y,N,N
-117.61666666666666,51.233333333333334,1359,FLAT CREEK,BC,BRITISH COLUMBIA,COLOMBIE-BRITANNIQUE,CAN,511400000,-1173700000,MST,944.90,1172895,,,N/A,,1,9,,,,,1958-11-01 00:00:00,1959-04-30 00:00:00,,,1958-11-01 00:00:00,1959-04-30 00:00:00,,,Y,N,N
-118.4888888888889,51.639722222222225,1360,GOLDSTREAM RIVER BREWSTER CREEK,BC,BRITISH COLUMBIA,COLOMBIE-BRITANNIQUE,CAN,513823000,-1182920000,PST,710.00,1173BDB,,,Climate-Staffed,G,1,8,,,,,1990-12-01 00:00:00,2008-09-30 00:00:00,,,1990-12-01 00:00:00,2008-09-30 00:00:00,1991-01-01 00:00:00,2006-04-01 00:00:00,Y,N,N
-117.48333333333333,51.233333333333334,1361,GLACIER,BC,BRITISH COLUMBIA,COLOMBIE-BRITANNIQUE,CAN,511400000,-1172900000,MST,1247.90,1173180,,,N/A,,1,9,,,,,1892-01-01 00:00:00,1957-12-01 00:00:00,,,1892-10-01 00:00:00,1957-03-31 00:00:00,1892-01-01 00:00:00,1957-12-01 00:00:00,Y,N,N
-117.5,51.266666666666666,1362,GLACIER AVALANCHE RS,BC,BRITISH COLUMBIA,COLOMBIE-BRITANNIQUE,CAN,511600000,-1173000000,MST,1176.50,1173190,,,N/A,,1,9,,,,,1957-01-01 00:00:00,1965-12-01 00:00:00,,,1957-10-01 00:00:00,1965-06-30 00:00:00,1957-01-01 00:00:00,1965-12-01 00:00:00,Y,N,N
-117.51666666666667,51.30168333333334,1363,GLACIER NP ROGERS PASS,BC,BRITISH COLUMBIA,COLOMBIE-BRITANNIQUE,CAN,511806060,-1173100000,PST,1330.00,1173191,,,Climate-Staffed,A,1,1,,,,,1965-01-01 00:00:00,2024-02-15 00:00:00,,,1965-06-01 00:00:00,2024-02-15 00:00:00,1965-01-01 00:00:00,2007-02-01 00:00:00,Y,Y,N
-116.98222222222222,51.299166666666665,1364,GOLDEN A,BC,BRITISH COLUMBIA,COLOMBIE-BRITANNIQUE,CAN,511757000,-1165856000,MST,784.90,1173210,YGE,71173,Aviation-Staffed,A,1,1,CCN,RCSC,Co-operative Climate Network,Réseau coopératif de stations climatiques,1902-01-01 00:00:00,2024-11-18 00:00:00,1991-10-01 05:00:00,2014-08-07 11:00:00,1902-04-01 00:00:00,2024-11-18 00:00:00,1902-01-01 00:00:00,2007-02-01 00:00:00,Y,Y,Y
-118.42472222222223,51.62972222222222,1365,GOLDSTREAM RIVER,BC,BRITISH COLUMBIA,COLOMBIE-BRITANNIQUE,CAN,513747000,-1182529000,MST,700.10,1173242,,,Climate-Staffed,D,1,5,CCN,RCSC,Co-operative Climate Network,Réseau coopératif de stations climatiques,1982-01-01 00:00:00,2018-04-26 00:00:00,,,1982-03-01 00:00:00,2018-04-26 00:00:00,1982-01-01 00:00:00,2007-02-01 00:00:00,Y,Y,N
-118.16833333333334,51.6325,1366,GOLDSTREAM RIVER STITT CREEK,BC,BRITISH COLUMBIA,COLOMBIE-BRITANNIQUE,CAN,513757000,-1181006000,PST,963.00,1173243,,,Climate-Staffed,F,1,7,,,,,1990-07-01 00:00:00,2008-06-29 00:00:00,,,1990-07-01 00:00:00,2008-06-29 00:00:00,1991-01-01 00:00:00,2006-12-01 00:00:00,Y,N,N
-118.58527777777778,52.05305555555555,1367,MICA DAM,BC,BRITISH COLUMBIA,COLOMBIE-BRITANNIQUE,CAN,520311000,-1183507000,PST,579.10,1175122,,,Climate-Staffed,A,1,1,CCN,RCSC,Co-operative Climate Network,Réseau coopératif de stations climatiques,1951-01-01 00:00:00,2024-11-18 00:00:00,,,1951-06-01 00:00:00,2024-11-18 00:00:00,1951-01-01 00:00:00,2007-02-01 00:00:00,Y,Y,N
-116.98333333333333,50.95,1368,PARSON COLUMBIA MINES,BC,BRITISH COLUMBIA,COLOMBIE-BRITANNIQUE,CAN,505700000,-1165900000,MST,1722.10,1175982,,,N/A,G,1,9,,,,,1970-01-01 00:00:00,1973-12-31 00:00:00,,,1970-10-01 00:00:00,1973-12-31 00:00:00,1970-01-01 00:00:00,1973-12-01 00:00:00,Y,N,N
-118.13333333333334,51.28333333333333,1369,REVELSTOKE CARNES CREEK,BC,BRITISH COLUMBIA,COLOMBIE-BRITANNIQUE,CAN,511700000,-1180800000,PST,960.00,1176GEB,,,N/A,G,1,9,,,,,1989-01-01 00:00:00,1989-12-01 00:00:00,,,1989-06-01 00:00:00,1989-11-30 00:00:00,1989-01-01 00:00:00,1989-12-01 00:00:00,Y,N,N
-118.18333333333334,50.96111111111111,1370,REVELSTOKE A,BC,BRITISH COLUMBIA,COLOMBIE-BRITANNIQUE,CAN,505740000,-1181100000,PST,444.70,1176749,ZRV,,Aviation-Auto,G,1,9,,,,,1990-01-01 00:00:00,2014-05-27 15:00:00,1994-02-01 01:00:00,2014-05-27 15:00:00,1990-03-01 00:00:00,2013-03-24 00:00:00,1990-01-01 00:00:00,2007-02-01 00:00:00,Y,N,Y
-118.2,51.0,1371,REVELSTOKE,BC,BRITISH COLUMBIA,COLOMBIE-BRITANNIQUE,CAN,510000000,-1181200000,MST,456.30,1176750,,,N/A,,1,9,,,,,1898-01-01 00:00:00,1969-12-01 00:00:00,1953-01-01 04:00:00,1969-11-30 22:00:00,1898-05-01 00:00:00,1969-11-30 00:00:00,1898-01-01 00:00:00,1969-12-01 00:00:00,Y,N,Y
-118.16638888888889,50.95333333333333,1372,REVELSTOKE AIRPORT RD,BC,BRITISH COLUMBIA,COLOMBIE-BRITANNIQUE,CAN,505712000,-1180959000,PST,450.00,1176751,,,Climate-Staffed,C,1,4,,,,,1969-01-01 00:00:00,1999-08-31 00:00:00,1969-12-01 04:00:00,1999-04-06 15:00:00,1969-12-01 00:00:00,1999-08-31 00:00:00,1969-01-01 00:00:00,1999-08-01 00:00:00,Y,N,Y
-118.38333333333334,51.2,1373,REVELSTOKE MT COPELAND,BC,BRITISH COLUMBIA,COLOMBIE-BRITANNIQUE,CAN,511200000,-1182300000,MST,1847.10,1176753,,,N/A,G,1,8,,,,,1969-01-01 00:00:00,1973-12-01 00:00:00,,,1969-01-01 00:00:00,1973-10-31 00:00:00,1969-01-01 00:00:00,1973-12-01 00:00:00,Y,N,N
-117.51666666666667,51.3,1374,ROGERS PASS,BC,BRITISH COLUMBIA,COLOMBIE-BRITANNIQUE,CAN,511800000,-1173100000,MST,1316.70,1176825,,,N/A,,1,9,,,,,1957-01-01 00:00:00,1960-12-01 00:00:00,,,1957-11-01 00:00:00,1960-04-30 00:00:00,1957-01-01 00:00:00,1960-12-01 00:00:00,Y,N,N
-118.01666666666667,50.78333333333333,1375,SIDMOUTH,BC,BRITISH COLUMBIA,COLOMBIE-BRITANNIQUE,CAN,504700000,-1180100000,MST,429.80,1177290,,,N/A,,1,9,,,,,1947-05-01 00:00:00,1961-12-01 00:00:00,,,1947-05-01 00:00:00,1961-08-31 00:00:00,1948-01-01 00:00:00,1961-12-01 00:00:00,Y,N,N
-116.4,50.916666666666664,1376,SPILLIMACHEEN,BC,BRITISH COLUMBIA,COLOMBIE-BRITANNIQUE,CAN,505500000,-1162400000,MST,818.40,1177640,,,N/A,G,1,8,,,,,1958-01-01 00:00:00,1980-12-01 00:00:00,,,1958-05-01 00:00:00,1980-04-30 00:00:00,1958-01-01 00:00:00,1980-12-01 00:00:00,Y,N,N
-117.46666666666667,51.35,1377,STONEY CREEK,BC,BRITISH COLUMBIA,COLOMBIE-BRITANNIQUE,CAN,512100000,-1172800000,MST,1097.30,1177773,,,N/A,,1,9,,,,,1957-01-01 00:00:00,1957-12-31 00:00:00,,,1957-10-01 00:00:00,1957-12-31 00:00:00,1957-01-01 00:00:00,1957-12-01 00:00:00,Y,N,N
-119.25,52.85,1378,VALEMOUNT NORTH,BC,BRITISH COLUMBIA,COLOMBIE-BRITANNIQUE,CAN,525100000,-1191500000,MST,891.50,1178CL9,,,N/A,E,1,6,,,,,1971-01-01 00:00:00,1989-12-01 00:00:00,,,1971-01-01 00:00:00,1989-06-30 00:00:00,1971-01-01 00:00:00,1989-12-01 00:00:00,Y,N,N
-119.25416666666666,52.83,1379,VALEMOUNT EAST,BC,BRITISH COLUMBIA,COLOMBIE-BRITANNIQUE,CAN,524948000,-1191515000,PST,808.00,11783L9,,,Climate-Staffed,F,1,7,,,,,1970-01-01 00:00:00,2004-09-30 00:00:00,,,1970-07-01 00:00:00,2004-09-30 00:00:00,1970-01-01 00:00:00,2004-09-01 00:00:00,Y,N,N
-119.25,52.81666666666667,1380,VALEMOUNT,BC,BRITISH COLUMBIA,COLOMBIE-BRITANNIQUE,CAN,524900000,-1191500000,MST,797.10,1178339,,,N/A,G,1,8,,,,,1914-01-01 00:00:00,1975-12-01 00:00:00,,,1914-01-01 00:00:00,1975-04-30 00:00:00,1914-01-01 00:00:00,1975-12-01 00:00:00,Y,N,N
-116.63638888888889,51.69972222222222,1381,WILDCAT CR. MISTAYA LODGE,BC,BRITISH COLUMBIA,COLOMBIE-BRITANNIQUE,CAN,514159000,-1163811000,MST,2057.00,1178931,,,Climate-Staffed,G,1,9,,,,,1990-01-01 00:00:00,2003-08-31 00:00:00,,,1990-07-01 00:00:00,2003-08-31 00:00:00,1990-01-01 00:00:00,2003-08-01 00:00:00,Y,N,N
-116.33333333333333,51.45,1382,YOHO NP WAPTA LAKE,BC,BRITISH COLUMBIA,COLOMBIE-BRITANNIQUE,CAN,512700000,-1162000000,MST,1645.90,117900R,,,Climate-Staffed,D,1,5,,,,,1974-01-01 00:00:00,1993-12-01 00:00:00,,,1974-01-01 00:00:00,1993-02-28 00:00:00,1974-01-01 00:00:00,1993-12-01 00:00:00,Y,N,N
-116.5,51.35,1383,YOHO NAT PARK FIELD,BC,BRITISH COLUMBIA,COLOMBIE-BRITANNIQUE,CAN,512100000,-1163000000,MST,1243.00,1179007,,,N/A,,1,9,,,,,1969-01-01 00:00:00,1970-12-01 00:00:00,,,1969-05-01 00:00:00,1970-02-28 00:00:00,1969-01-01 00:00:00,1970-12-01 00:00:00,Y,N,N
-116.33333333333333,51.43333333333333,1384,YOHO NAT PARK HECTOR,BC,BRITISH COLUMBIA,COLOMBIE-BRITANNIQUE,CAN,512600000,-1162000000,MST,1639.80,1179008,,,N/A,G,1,9,,,,,1965-01-01 00:00:00,1972-12-01 00:00:00,,,1965-11-01 00:00:00,1972-04-30 00:00:00,1965-01-01 00:00:00,1972-12-01 00:00:00,Y,N,N
-116.55,51.4,1385,YOHO NAT PARK OTTERTAIL,BC,BRITISH COLUMBIA,COLOMBIE-BRITANNIQUE,CAN,512400000,-1163300000,MST,1158.20,1179009,,,N/A,G,1,9,,,,,1965-01-01 00:00:00,1971-12-01 00:00:00,,,1965-06-01 00:00:00,1971-08-31 00:00:00,1965-01-01 00:00:00,1971-12-01 00:00:00,Y,N,N
-123.73333333333333,55.983333333333334,1386,FINLAY FORKS 2,BC,BRITISH COLUMBIA,COLOMBIE-BRITANNIQUE,CAN,555900000,-1234400000,PST,1128.00,118BHQ1,,,N/A,G,1,8,,,,,1989-01-01 00:00:00,1992-12-31 00:00:00,,,1989-08-01 00:00:00,1992-12-31 00:00:00,1989-01-01 00:00:00,1992-12-01 00:00:00,Y,N,N
-122.58333333333333,56.733333333333334,1387,HALFWAY RIVER,BC,BRITISH COLUMBIA,COLOMBIE-BRITANNIQUE,CAN,564400000,-1223500000,MST,670.60,118CCB1,,,N/A,,1,9,,,,,1965-01-01 00:00:00,1965-12-31 00:00:00,,,1965-01-01 00:00:00,1965-12-31 00:00:00,1965-01-01 00:00:00,1965-12-01 00:00:00,Y,N,N
-121.0338888888889,56.253055555555555,1388,FORT ST JOHN 8NW,BC,BRITISH COLUMBIA,COLOMBIE-BRITANNIQUE,CAN,561511000,-1210202000,PST,808.00,118L0LK,,,Climate-Staffed,F,1,7,,,,,1988-01-01 00:00:00,2007-11-30 00:00:00,,,1988-07-01 00:00:00,2007-11-30 00:00:00,1988-01-01 00:00:00,2007-02-01 00:00:00,Y,N,N
-121.97194444444445,56.08,1389,HUDSON HOPE BRENOT CREEK,BC,BRITISH COLUMBIA,COLOMBIE-BRITANNIQUE,CAN,560448000,-1215819000,MST,690.00,118L6C0,,,Climate-Staffed,F,1,7,,,,,1987-01-01 00:00:00,1998-07-31 00:00:00,,,1987-07-01 00:00:00,1998-07-31 00:00:00,1987-01-01 00:00:00,1998-07-01 00:00:00,Y,N,N
-120.1,56.333333333333336,1390,BOUNDARY LAKE,BC,BRITISH COLUMBIA,COLOMBIE-BRITANNIQUE,CAN,562000000,-1200600000,MST,711.10,1180R07,,,N/A,G,1,8,,,,,1982-01-01 00:00:00,1987-12-01 00:00:00,,,1982-10-01 00:00:00,1987-05-31 00:00:00,1982-01-01 00:00:00,1987-12-01 00:00:00,Y,N,N
-120.53333333333333,55.733333333333334,1391,ARRAS,BC,BRITISH COLUMBIA,COLOMBIE-BRITANNIQUE,CAN,554400000,-1203200000,MST,676.70,1180490,,,N/A,D,1,5,,,,,1970-01-01 00:00:00,1988-12-01 00:00:00,,,1970-04-01 00:00:00,1988-09-30 00:00:00,1970-01-01 00:00:00,1988-12-01 00:00:00,Y,N,N
-126.95,57.2,1392,BAKER MINE,BC,BRITISH COLUMBIA,COLOMBIE-BRITANNIQUE,CAN,571200000,-1265700000,MST,1645.90,1180580,,,N/A,G,1,8,,,,,1980-01-01 00:00:00,1983-12-01 00:00:00,,,1980-11-01 00:00:00,1983-11-30 00:00:00,1980-01-01 00:00:00,1983-12-01 00:00:00,Y,N,N
-120.68333333333334,56.233333333333334,1393,BALDONNEL,BC,BRITISH COLUMBIA,COLOMBIE-BRITANNIQUE,CAN,561400000,-1204100000,MST,685.80,1180585,,,N/A,C,1,4,,,,,1927-01-01 00:00:00,1993-12-01 00:00:00,,,1927-01-01 00:00:00,1993-10-31 00:00:00,1927-01-01 00:00:00,1993-12-01 00:00:00,Y,N,N
-121.46666666666667,57.21666666666667,1394,BEATTON RIVER,BC,BRITISH COLUMBIA,COLOMBIE-BRITANNIQUE,CAN,571300000,-1212800000,MST,807.70,1180749,,,N/A,G,1,9,,,,,1977-01-01 00:00:00,1979-12-01 00:00:00,,,1977-04-01 00:00:00,1979-08-31 00:00:00,1977-01-01 00:00:00,1979-12-01 00:00:00,Y,N,N
-121.38333333333334,57.38333333333333,1395,BEATTON RIVER A,BC,BRITISH COLUMBIA,COLOMBIE-BRITANNIQUE,CAN,572300000,-1212300000,MST,839.70,1180750,,,N/A,,1,9,,,,,1944-01-01 00:00:00,1967-12-01 00:00:00,1953-01-01 00:00:00,1967-07-11 10:00:00,1944-12-01 00:00:00,1967-07-31 00:00:00,1944-01-01 00:00:00,1967-12-01 00:00:00,Y,N,N
-123.65,55.53333333333333,1396,BLACKWATER CREEK,BC,BRITISH COLUMBIA,COLOMBIE-BRITANNIQUE,CAN,553200000,-1233900000,PST,732.00,1180881,,,Climate-Staffed,F,1,7,,,,,1989-01-01 00:00:00,1997-08-31 00:00:00,,,1989-10-01 00:00:00,1997-08-31 00:00:00,1989-01-01 00:00:00,1997-08-01 00:00:00,Y,N,N
-121.38333333333334,55.233333333333334,1397,BULLMOOSE,BC,BRITISH COLUMBIA,COLOMBIE-BRITANNIQUE,CAN,551400000,-1212300000,MST,1102.00,1181120,,,Climate-Staffed,D,1,5,,,,,1982-11-01 00:00:00,2003-03-31 00:00:00,,,1982-11-01 00:00:00,2003-03-31 00:00:00,1983-01-01 00:00:00,2003-03-01 00:00:00,Y,N,N
-121.0165,56.297666666666665,1398,CHARLIE LAKE,BC,BRITISH COLUMBIA,COLOMBIE-BRITANNIQUE,CAN,561751600,-1210059400,PST,753.00,11814FR,,,Climate-Staffed,F,1,7,CCN,RCSC,Co-operative Climate Network,Réseau coopératif de stations climatiques,1988-01-01 00:00:00,2017-12-31 00:00:00,,,1988-10-01 00:00:00,2017-12-31 00:00:00,1988-01-01 00:00:00,2007-02-01 00:00:00,Y,N,N
-120.28333333333333,56.333333333333336,1399,CECIL LAKE CDA,BC,BRITISH COLUMBIA,COLOMBIE-BRITANNIQUE,CAN,562000000,-1201700000,MST,772.70,1181465,,,N/A,F,1,7,,,,,1961-01-01 00:00:00,1980-12-01 00:00:00,,,1961-07-01 00:00:00,1980-11-30 00:00:00,1961-01-01 00:00:00,1980-12-01 00:00:00,Y,N,N
-121.62666666666667,55.687222222222225,1400,CHETWYND A,BC,BRITISH COLUMBIA,COLOMBIE-BRITANNIQUE,CAN,554114000,-1213736000,MST,609.60,1181508,YCQ,,Aviation-Staffed,D,1,5,CCN,RCSC,Co-operative Climate Network,Réseau coopératif de stations climatiques,1982-01-01 00:00:00,2024-11-18 00:00:00,1982-10-09 06:00:00,2014-03-20 11:00:00,1982-10-01 00:00:00,2024-11-18 00:00:00,1982-01-01 00:00:00,2007-02-01 00:00:00,Y,Y,N
-121.61666666666666,55.7,1401,CHETWYND BCFS,BC,BRITISH COLUMBIA,COLOMBIE-BRITANNIQUE,CAN,554200000,-1213700000,MST,659.90,1181509,,,N/A,F,1,7,,,,,1970-01-01 00:00:00,1982-12-01 00:00:00,,,1970-04-01 00:00:00,1982-11-30 00:00:00,1970-01-01 00:00:00,1982-12-01 00:00:00,Y,N,N
-121.65,55.233333333333334,1402,CHETWYND SUKUNKA,BC,BRITISH COLUMBIA,COLOMBIE-BRITANNIQUE,CAN,551400000,-1213900000,MST,749.80,1181510,,,N/A,G,1,8,,,,,1971-12-01 00:00:00,1976-12-01 00:00:00,,,1971-12-01 00:00:00,1976-06-30 00:00:00,1972-01-01 00:00:00,1976-12-01 00:00:00,Y,N,N
-120.21666666666667,55.75,1403,DAWSON CREEK,BC,BRITISH COLUMBIA,COLOMBIE-BRITANNIQUE,CAN,554500000,-1201300000,MST,670.60,1182280,,,N/A,,1,9,,,,,1950-01-01 00:00:00,1963-12-01 00:00:00,,,1950-01-01 00:00:00,1963-10-31 00:00:00,1950-01-01 00:00:00,1963-12-01 00:00:00,Y,N,N
-120.18194444444444,55.74166666666667,1404,DAWSON CREEK A,BC,BRITISH COLUMBIA,COLOMBIE-BRITANNIQUE,CAN,554430000,-1201055000,MST,654.70,1182285,YDQ,71471,N/A,A,1,1,,,,,1964-01-23 09:00:00,2009-09-11 00:00:00,1964-01-23 09:00:00,2009-07-02 11:00:00,1968-03-01 00:00:00,2009-09-11 00:00:00,1968-01-01 00:00:00,2006-06-01 00:00:00,Y,Y,Y
-120.2,55.78333333333333,1405,DAWSON CREEK RADIO BCN,BC,BRITISH COLUMBIA,COLOMBIE-BRITANNIQUE,CAN,554700000,-1201200000,MST,781.20,1182290,,,N/A,,1,9,,,,,1957-01-01 00:00:00,1964-01-31 00:00:00,,,1957-10-01 00:00:00,1964-01-31 00:00:00,1957-01-01 00:00:00,1963-12-01 00:00:00,Y,N,N
-121.03333333333333,55.0,1406,DENISON PLANT SITE,BC,BRITISH COLUMBIA,COLOMBIE-BRITANNIQUE,CAN,550000000,-1210200000,MST,854.00,1182427,,,Climate-Staffed,E,1,6,,,,,1982-01-01 00:00:00,1998-05-31 00:00:00,,,1982-07-01 00:00:00,1998-05-31 00:00:00,1982-01-01 00:00:00,1998-01-01 00:00:00,Y,N,N
-121.11666666666666,55.06666666666667,1407,DENISON SHERIFF,BC,BRITISH COLUMBIA,COLOMBIE-BRITANNIQUE,CAN,550400000,-1210700000,MST,1096.10,1182428,,,N/A,G,1,9,,,,,1981-01-01 00:00:00,1982-12-01 00:00:00,,,1981-07-01 00:00:00,1982-06-30 00:00:00,1981-01-01 00:00:00,1982-12-01 00:00:00,Y,N,N
-121.56666666666666,56.18333333333333,1408,FARRELL CREEK,BC,BRITISH COLUMBIA,COLOMBIE-BRITANNIQUE,CAN,561100000,-1213400000,MST,503.80,1182810,,,N/A,,1,9,,,,,1960-01-01 00:00:00,1963-12-01 00:00:00,,,1960-07-01 00:00:00,1963-06-30 00:00:00,1960-01-01 00:00:00,1963-12-01 00:00:00,Y,N,N
-123.9,56.0,1409,FINLAY FORKS,BC,BRITISH COLUMBIA,COLOMBIE-BRITANNIQUE,CAN,560000000,-1235400000,MST,579.10,1182880,,,N/A,,1,9,,,,,1945-01-01 00:00:00,1951-12-01 00:00:00,,,1945-05-01 00:00:00,1951-07-31 00:00:00,1945-01-01 00:00:00,1951-12-01 00:00:00,Y,N,N
-123.73333333333333,55.9,1410,FINLAY FORKS,BC,BRITISH COLUMBIA,COLOMBIE-BRITANNIQUE,CAN,555400000,-1234400000,MST,762.00,1182881,,,N/A,G,1,8,,,,,1981-01-01 00:00:00,1989-12-01 00:00:00,,,1981-07-01 00:00:00,1989-02-28 00:00:00,1981-01-01 00:00:00,1989-12-01 00:00:00,Y,N,N
-120.83333333333333,56.25,1411,FORT ST JOHN,BC,BRITISH COLUMBIA,COLOMBIE-BRITANNIQUE,CAN,561500000,-1205000000,MST,673.60,1182998,,,N/A,,1,9,,,,,1910-01-01 00:00:00,1945-12-01 00:00:00,,,1910-01-01 00:00:00,1945-02-28 00:00:00,1910-01-01 00:00:00,1945-12-01 00:00:00,Y,N,N
-122.2,56.016666666666666,1412,HUDSON HOPE BCHPA DAM,BC,BRITISH COLUMBIA,COLOMBIE-BRITANNIQUE,CAN,560100000,-1221200000,MST,678.20,1183FL0,,,N/A,F,1,7,,,,,1963-01-01 00:00:00,1989-12-31 00:00:00,,,1963-08-01 00:00:00,1989-12-31 00:00:00,1963-01-01 00:00:00,1989-12-01 00:00:00,Y,N,N
-120.74027777777778,56.238055555555555,1413,FORT ST JOHN A,BC,BRITISH COLUMBIA,COLOMBIE-BRITANNIQUE,CAN,561417000,-1204425000,PST,694.90,1183000,YXJ,71943,Aviation-Staffed,A,1,1,,,,,1942-01-01 00:00:00,2012-12-06 10:00:00,1953-01-01 00:00:00,2012-12-06 10:00:00,1942-03-01 00:00:00,2012-12-06 00:00:00,1942-01-01 00:00:00,2012-12-01 00:00:00,Y,Y,Y
-120.81666666666666,56.31666666666667,1414,FORT ST JOHN PINEVIEW,BC,BRITISH COLUMBIA,COLOMBIE-BRITANNIQUE,CAN,561900000,-1204900000,MST,731.50,1183032,,,N/A,,1,9,,,,,1960-01-01 00:00:00,1963-12-01 00:00:00,,,1960-08-01 00:00:00,1963-04-30 00:00:00,1960-01-01 00:00:00,1963-12-01 00:00:00,Y,N,N
-124.70144444444445,55.78552777777778,1415,GERMANSEN LANDING,BC,BRITISH COLUMBIA,COLOMBIE-BRITANNIQUE,CAN,554707900,-1244205200,PST,766.00,1183090,,,Climate-Staffed,A,1,1,,,,,1951-01-01 00:00:00,2013-11-01 00:00:00,1953-01-01 01:00:00,1979-05-31 16:00:00,1951-08-01 00:00:00,2013-11-01 00:00:00,1951-01-01 00:00:00,2007-02-01 00:00:00,Y,Y,N
-121.91666666666667,56.083333333333336,1416,HUDSON HOPE,BC,BRITISH COLUMBIA,COLOMBIE-BRITANNIQUE,CAN,560500000,-1215500000,MST,489.50,1183628,,,N/A,,1,9,,,,,1935-01-01 00:00:00,1944-12-01 00:00:00,,,1935-08-01 00:00:00,1944-09-30 00:00:00,1935-01-01 00:00:00,1944-12-01 00:00:00,Y,N,N
-121.9,56.03333333333333,1417,HUDSON HOPE,BC,BRITISH COLUMBIA,COLOMBIE-BRITANNIQUE,CAN,560200000,-1215400000,MST,480.00,1183629,,,N/A,F,1,7,,,,,1916-01-01 00:00:00,2003-01-31 00:00:00,,,1916-04-01 00:00:00,2003-01-31 00:00:00,1916-01-01 00:00:00,2003-01-01 00:00:00,Y,N,N
-121.91166694444445,56.02555638888889,1418,HUDSON HOPE,BC,BRITISH COLUMBIA,COLOMBIE-BRITANNIQUE,CAN,560132003,-1215442001,MST,491.00,1183630,,,Climate-Staffed,,1,9,,,,,1953-01-01 00:00:00,1955-12-01 00:00:00,,,1953-07-01 00:00:00,1955-10-31 00:00:00,1953-01-01 00:00:00,1955-12-01 00:00:00,Y,N,N
-121.86666666666666,56.11666666666667,1419,HUDSON HOPE LYNX CREEK,BC,BRITISH COLUMBIA,COLOMBIE-BRITANNIQUE,CAN,560700000,-1215200000,MST,615.70,1183631,,,N/A,,1,9,,,,,1966-01-01 00:00:00,1966-12-01 00:00:00,,,1966-07-01 00:00:00,1966-11-30 00:00:00,1966-01-01 00:00:00,1966-12-01 00:00:00,Y,N,N
-124.9,56.8,1420,INGENIKA POINT,BC,BRITISH COLUMBIA,COLOMBIE-BRITANNIQUE,CAN,564800000,-1245400000,MST,679.70,1183651,,,Aviation-Staffed,E,1,6,,,,,1972-01-01 00:00:00,1984-12-01 00:00:00,,,1972-10-01 00:00:00,1984-07-31 00:00:00,1972-01-01 00:00:00,1984-12-01 00:00:00,Y,N,N
-121.3,55.55,1421,LONE PRAIRIE SOUTH,BC,BRITISH COLUMBIA,COLOMBIE-BRITANNIQUE,CAN,553300000,-1211800000,MST,854.00,1184GJ6,,,N/A,G,1,9,,,,,1981-01-01 00:00:00,1981-12-31 00:00:00,,,1981-06-01 00:00:00,1981-12-31 00:00:00,1981-01-01 00:00:00,1981-12-01 00:00:00,Y,N,N
-121.23333333333333,55.56666666666667,1422,LONE PRAIRIE,BC,BRITISH COLUMBIA,COLOMBIE-BRITANNIQUE,CAN,553400000,-1211400000,MST,750.10,1184716,,,N/A,G,1,8,,,,,1980-01-01 00:00:00,1985-12-01 00:00:00,,,1980-10-01 00:00:00,1985-10-31 00:00:00,1980-01-01 00:00:00,1985-12-01 00:00:00,Y,N,N
-123.13805555555555,55.305277777777775,1423,MACKENZIE A,BC,BRITISH COLUMBIA,COLOMBIE-BRITANNIQUE,CAN,551819000,-1230817000,PST,690.10,1184790,VMK,,Aviation-Auto,C,1,4,,,,,1971-01-01 00:00:00,2015-06-18 09:00:00,1971-02-08 10:00:00,2015-06-18 09:00:00,1971-02-01 00:00:00,2013-05-14 00:00:00,1971-01-01 00:00:00,2007-02-01 00:00:00,Y,N,Y
-123.08333333333333,55.31666666666667,1424,MACKENZIE BCFS,BC,BRITISH COLUMBIA,COLOMBIE-BRITANNIQUE,CAN,551900000,-1230500000,MST,721.20,1184792,,,N/A,G,1,9,,,,,1969-01-01 00:00:00,1971-12-01 00:00:00,,,1969-07-01 00:00:00,1971-01-31 00:00:00,1969-01-01 00:00:00,1971-12-01 00:00:00,Y,N,N
-123.07861111111112,55.327222222222225,1425,MACKENZIE TOWNSITE,BC,BRITISH COLUMBIA,COLOMBIE-BRITANNIQUE,CAN,551938000,-1230443000,PST,762.00,1184795,,,Climate-Staffed,G,1,8,,,,,1966-12-01 00:00:00,2004-04-30 00:00:00,,,1966-12-01 00:00:00,2004-04-30 00:00:00,1967-01-01 00:00:00,2004-04-01 00:00:00,Y,N,N
-123.03333333333333,55.03333333333333,1426,MCLEOD LAKE,BC,BRITISH COLUMBIA,COLOMBIE-BRITANNIQUE,CAN,550200000,-1230200000,MST,704.10,1185020,,,N/A,G,1,9,,,,,1963-01-01 00:00:00,1971-12-01 00:00:00,,,1963-08-01 00:00:00,1971-03-31 00:00:00,1963-01-01 00:00:00,1971-12-01 00:00:00,Y,N,N
-123.16666666666667,55.3,1427,MORFEE LAKES MILL SITE,BC,BRITISH COLUMBIA,COLOMBIE-BRITANNIQUE,CAN,551800000,-1231000000,MST,694.90,11851RQ,,,N/A,,1,9,,,,,1965-01-01 00:00:00,1966-12-01 00:00:00,,,1965-11-01 00:00:00,1966-11-30 00:00:00,1965-01-01 00:00:00,1966-12-01 00:00:00,Y,N,N
-120.78333333333333,56.43333333333333,1428,NORTH PINE CDA EPF,BC,BRITISH COLUMBIA,COLOMBIE-BRITANNIQUE,CAN,562600000,-1204700000,MST,710.20,1185640,,,N/A,,1,9,,,,,1953-01-01 00:00:00,1963-12-01 00:00:00,,,1953-03-01 00:00:00,1963-08-31 00:00:00,1953-01-01 00:00:00,1963-12-01 00:00:00,Y,N,N
-122.48305555555555,55.53916666666667,1429,PINE PASS MT LEMORAY,BC,BRITISH COLUMBIA,COLOMBIE-BRITANNIQUE,CAN,553221000,-1222859000,MST,679.70,1186A71,,,Climate-Staffed,D,1,5,,,,,1974-01-01 00:00:00,2004-12-31 00:00:00,,,1974-11-01 00:00:00,2004-12-31 00:00:00,1974-01-01 00:00:00,2004-12-01 00:00:00,Y,N,N
-122.51666666666667,57.03333333333333,1430,PINK MOUNTAIN 2,BC,BRITISH COLUMBIA,COLOMBIE-BRITANNIQUE,CAN,570200000,-1223100000,MST,1144.00,1186J7K,,,Aviation-Staffed,F,1,7,,,,,1982-01-01 00:00:00,1990-12-01 00:00:00,,,1982-09-01 00:00:00,1990-08-31 00:00:00,1982-01-01 00:00:00,1990-12-01 00:00:00,Y,N,N
-122.6,55.35,1431,PINE PASS,BC,BRITISH COLUMBIA,COLOMBIE-BRITANNIQUE,CAN,552100000,-1223600000,MST,944.90,1186171,,,N/A,G,1,8,,,,,1962-01-01 00:00:00,1981-12-01 00:00:00,,,1962-10-01 00:00:00,1981-11-30 00:00:00,1962-01-01 00:00:00,1981-12-01 00:00:00,Y,N,N
-122.36666666666666,57.0,1432,PINK MOUNTAIN,BC,BRITISH COLUMBIA,COLOMBIE-BRITANNIQUE,CAN,570000000,-1222200000,MST,1204.00,1186172,,,N/A,F,1,7,,,,,1973-01-01 00:00:00,1982-12-01 00:00:00,,,1973-07-01 00:00:00,1982-08-31 00:00:00,1973-01-01 00:00:00,1982-12-01 00:00:00,Y,N,N
-120.13333333333334,55.71666666666667,1433,POUCE COUPE,BC,BRITISH COLUMBIA,COLOMBIE-BRITANNIQUE,CAN,554300000,-1200800000,MST,609.60,1186350,,,N/A,,1,9,,,,,1926-01-01 00:00:00,1939-12-31 00:00:00,,,1926-01-01 00:00:00,1939-12-31 00:00:00,1926-01-01 00:00:00,1939-12-01 00:00:00,Y,N,N
-120.1,55.766666666666666,1434,POUCE COUPE MTN VIEW,BC,BRITISH COLUMBIA,COLOMBIE-BRITANNIQUE,CAN,554600000,-1200600000,MST,640.10,1186352,,,N/A,,1,9,,,,,1960-01-01 00:00:00,1962-12-01 00:00:00,,,1960-09-01 00:00:00,1962-07-31 00:00:00,1960-01-01 00:00:00,1962-12-01 00:00:00,Y,N,N
-121.03333333333333,56.916666666666664,1435,PRESPATOU,BC,BRITISH COLUMBIA,COLOMBIE-BRITANNIQUE,CAN,565500000,-1210200000,MST,684.90,1186428,,,N/A,G,1,8,,,,,1982-01-01 00:00:00,1989-12-01 00:00:00,,,1982-09-01 00:00:00,1989-02-28 00:00:00,1982-01-01 00:00:00,1989-12-01 00:00:00,Y,N,N
-120.16666666666667,55.833333333333336,1436,PROGRESS,BC,BRITISH COLUMBIA,COLOMBIE-BRITANNIQUE,CAN,555000000,-1201000000,MST,701.00,1186540,,,N/A,,1,9,,,,,1942-01-01 00:00:00,1946-12-31 00:00:00,,,1942-05-01 00:00:00,1946-12-31 00:00:00,1942-01-01 00:00:00,1946-12-01 00:00:00,Y,N,N
-120.06666666666666,55.916666666666664,1437,ROLLA,BC,BRITISH COLUMBIA,COLOMBIE-BRITANNIQUE,CAN,555500000,-1200400000,MST,637.00,1186839,,,N/A,G,1,8,,,,,1971-01-01 00:00:00,1990-12-31 00:00:00,,,1971-06-01 00:00:00,1990-12-31 00:00:00,1971-01-01 00:00:00,1988-12-01 00:00:00,Y,N,N
-120.13333333333334,56.13333333333333,1438,ROLLA GOLATA CREEK,BC,BRITISH COLUMBIA,COLOMBIE-BRITANNIQUE,CAN,560800000,-1200800000,MST,609.60,1186842,,,N/A,,1,9,,,,,1960-01-01 00:00:00,1964-12-01 00:00:00,,,1960-07-01 00:00:00,1964-10-31 00:00:00,1960-01-01 00:00:00,1964-12-01 00:00:00,Y,N,N
-120.76666666666667,56.65,1439,ROSE PRAIRIE,BC,BRITISH COLUMBIA,COLOMBIE-BRITANNIQUE,CAN,563900000,-1204600000,MST,670.60,1186868,,,N/A,G,1,8,,,,,1973-01-01 00:00:00,1988-12-01 00:00:00,,,1973-08-01 00:00:00,1988-06-30 00:00:00,1973-01-01 00:00:00,1988-12-01 00:00:00,Y,N,N
-122.71805583333334,57.25028,1440,SIKANNI CHIEF,BC,BRITISH COLUMBIA,COLOMBIE-BRITANNIQUE,CAN,571501008,-1224305001,MST,937.00,1187335,WKS,,Aviation-Staffed,F,1,7,,,,,1990-01-01 00:00:00,2016-06-24 00:00:00,1994-02-01 08:00:00,2014-03-20 11:00:00,1990-09-01 00:00:00,2016-06-24 00:00:00,1990-01-01 00:00:00,2007-02-01 00:00:00,Y,N,N
-122.63333333333334,54.28333333333333,1441,SUMMIT LAKE BCFS,BC,BRITISH COLUMBIA,COLOMBIE-BRITANNIQUE,CAN,541700000,-1223800000,MST,716.30,1187861,,,N/A,G,1,8,,,,,1973-01-01 00:00:00,1980-12-01 00:00:00,,,1973-07-01 00:00:00,1980-05-31 00:00:00,1973-01-01 00:00:00,1980-12-01 00:00:00,Y,N,N
-120.5,55.86666666666667,1442,SWEETWATER,BC,BRITISH COLUMBIA,COLOMBIE-BRITANNIQUE,CAN,555200000,-1203000000,MST,792.50,1187885,,,N/A,,1,9,,,,,1932-01-01 00:00:00,1945-12-31 00:00:00,,,1932-11-01 00:00:00,1945-12-31 00:00:00,1932-01-01 00:00:00,1945-12-01 00:00:00,Y,N,N
-120.68777777777778,56.1666675,1443,TAYLOR FLATS,BC,BRITISH COLUMBIA,COLOMBIE-BRITANNIQUE,CAN,561000003,-1204116000,MST,517.00,1188020,,,Climate-Staffed,A,1,2,,,,,1960-01-01 00:00:00,2015-01-31 00:00:00,,,1960-07-01 00:00:00,2015-01-31 00:00:00,1960-01-01 00:00:00,2007-02-01 00:00:00,Y,Y,N
-120.63333333333334,56.11666666666667,1444,TAYLOR 3SE,BC,BRITISH COLUMBIA,COLOMBIE-BRITANNIQUE,CAN,560700000,-1203800000,PST,442.90,1188026,,,N/A,G,1,8,,,,,1983-01-01 00:00:00,1989-12-01 00:00:00,,,1983-09-01 00:00:00,1989-05-31 00:00:00,1983-01-01 00:00:00,1989-12-01 00:00:00,Y,N,N
-121.25,55.13305555555556,1445,TUMBLER RIDGE,BC,BRITISH COLUMBIA,COLOMBIE-BRITANNIQUE,CAN,550759000,-1211500000,PST,824.00,1188297,,,Climate-Staffed,E,1,6,,,,,1985-01-01 00:00:00,2003-03-31 00:00:00,,,1985-03-01 00:00:00,2003-03-31 00:00:00,1985-01-01 00:00:00,2003-03-01 00:00:00,Y,N,N
-125.63333333333334,57.43333333333333,1446,WARE,BC,BRITISH COLUMBIA,COLOMBIE-BRITANNIQUE,CAN,572600000,-1253800000,MST,777.20,1188696,,,N/A,F,1,7,,,,,1966-01-01 00:00:00,1987-12-01 00:00:00,,,1966-10-01 00:00:00,1987-09-30 00:00:00,1966-01-01 00:00:00,1987-12-01 00:00:00,Y,N,N
-121.26666666666667,55.06666666666667,1447,WOLVERINE RIVER,BC,BRITISH COLUMBIA,COLOMBIE-BRITANNIQUE,CAN,550400000,-1211600000,MST,854.00,1188971,,,N/A,G,1,8,,,,,1981-01-01 00:00:00,1984-12-01 00:00:00,,,1981-06-01 00:00:00,1984-07-31 00:00:00,1981-01-01 00:00:00,1984-12-01 00:00:00,Y,N,N
-121.8,56.733333333333334,1448,WONOWON,BC,BRITISH COLUMBIA,COLOMBIE-BRITANNIQUE,CAN,564400000,-1214800000,MST,914.40,1188973,,,N/A,D,1,5,,,,,1973-01-01 00:00:00,1991-11-01 00:00:00,,,1973-07-01 00:00:00,1991-09-30 00:00:00,1973-01-01 00:00:00,1991-11-01 00:00:00,Y,N,N
-126.1,59.416666666666664,1449,LOWER LIARD BRIDGE,BC,BRITISH COLUMBIA,COLOMBIE-BRITANNIQUE,CAN,592500000,-1260600000,PST,434.60,119M720,WBX,,N/A,G,1,8,,,,,1976-01-01 00:00:00,1998-03-31 00:00:00,,,1976-06-01 00:00:00,1998-03-31 00:00:00,1976-01-01 00:00:00,1998-03-01 00:00:00,Y,N,N
-122.86666666666666,57.38333333333333,1450,BUCKINGHORSE RIVER,BC,BRITISH COLUMBIA,COLOMBIE-BRITANNIQUE,CAN,572300000,-1225200000,PST,1097.30,1191101,,,N/A,G,1,8,,,,,1973-01-01 00:00:00,1977-10-31 00:00:00,,,1973-08-01 00:00:00,1977-10-31 00:00:00,1973-01-01 00:00:00,1975-12-01 00:00:00,Y,N,N
-129.83333333333334,59.28333333333333,1451,CASSIAR,BC,BRITISH COLUMBIA,COLOMBIE-BRITANNIQUE,CAN,591700000,-1295000000,PST,1077.50,1191440,,,N/A,D,1,5,,,,,1954-01-01 00:00:00,1996-08-31 00:00:00,,,1954-03-01 00:00:00,1996-08-31 00:00:00,1954-01-01 00:00:00,1996-08-01 00:00:00,Y,N,N
-129.81666666666666,59.333333333333336,1452,CASSIAR MINE,BC,BRITISH COLUMBIA,COLOMBIE-BRITANNIQUE,CAN,592000000,-1294900000,PST,1853.20,1191442,,,N/A,,1,9,,,,,1960-01-01 00:00:00,1963-12-01 00:00:00,,,1960-08-01 00:00:00,1963-08-31 00:00:00,1960-01-01 00:00:00,1963-12-01 00:00:00,Y,N,N
-125.4,58.45,1453,CHURCHILL COPPER ONE,BC,BRITISH COLUMBIA,COLOMBIE-BRITANNIQUE,CAN,582700000,-1252400000,PST,1592.60,1191618,,,N/A,G,1,9,,,,,1974-01-01 00:00:00,1974-12-01 00:00:00,,,1974-01-01 00:00:00,1974-09-30 00:00:00,1974-01-01 00:00:00,1974-12-01 00:00:00,Y,N,N
-130.01055666666667,58.428335,1454,DEASE LAKE,BC,BRITISH COLUMBIA,COLOMBIE-BRITANNIQUE,CAN,582542006,-1300038004,PST,806.60,1192340,WDL,71958,Aviation-Staffed,A,1,1,,,,,1944-01-01 00:00:00,2012-11-15 14:00:00,1953-01-01 01:00:00,2012-11-15 14:00:00,1944-09-01 00:00:00,2011-12-15 00:00:00,1944-01-01 00:00:00,2007-02-01 00:00:00,Y,Y,Y
-122.59722222222223,58.83638888888889,1455,FORT NELSON A,BC,BRITISH COLUMBIA,COLOMBIE-BRITANNIQUE,CAN,585011000,-1223550000,PST,381.90,1192940,YYE,71945,Aviation-Staffed,A,1,1,,,,,1937-01-01 00:00:00,2012-11-14 00:00:00,1953-01-01 00:00:00,2012-11-08 10:00:00,1937-09-01 00:00:00,2012-11-14 00:00:00,1937-01-01 00:00:00,2012-11-01 00:00:00,Y,Y,Y
-122.7,58.81666666666667,1456,FORT NELSON ALPINE RD,BC,BRITISH COLUMBIA,COLOMBIE-BRITANNIQUE,CAN,584900000,-1224200000,PST,419.10,1192942,,,N/A,G,1,8,,,,,1984-01-01 00:00:00,1986-12-01 00:00:00,,,1984-01-01 00:00:00,1986-01-31 00:00:00,1984-01-01 00:00:00,1986-12-01 00:00:00,Y,N,N
-125.4,58.483333333333334,1457,FT NELSON CHURCHILL MINE,BC,BRITISH COLUMBIA,COLOMBIE-BRITANNIQUE,CAN,582900000,-1252400000,PST,1528.60,1192943,,,N/A,G,1,9,,,,,1969-01-01 00:00:00,1971-12-01 00:00:00,,,1969-01-01 00:00:00,1971-09-30 00:00:00,1969-01-01 00:00:00,1971-12-01 00:00:00,Y,N,N
-122.7,58.81666666666667,1458,FORT NELSON GARDINER CR,BC,BRITISH COLUMBIA,COLOMBIE-BRITANNIQUE,CAN,584900000,-1224200000,PST,419.40,1192945,,,N/A,G,1,9,,,,,1984-01-01 00:00:00,1984-12-01 00:00:00,,,1984-01-01 00:00:00,1984-10-31 00:00:00,1984-01-01 00:00:00,1984-12-01 00:00:00,Y,N,N
-129.28333333333333,59.3,1459,GOOD HOPE LAKE,BC,BRITISH COLUMBIA,COLOMBIE-BRITANNIQUE,CAN,591800000,-1291700000,PST,769.60,1193245,,,N/A,F,1,7,,,,,1973-01-01 00:00:00,1986-12-01 00:00:00,,,1973-08-01 00:00:00,1986-06-30 00:00:00,1973-01-01 00:00:00,1986-12-01 00:00:00,Y,N,N
-126.15,59.45,1460,LIARD RIVER (AUT),BC,BRITISH COLUMBIA,COLOMBIE-BRITANNIQUE,CAN,592700000,-1260900000,PST,464.20,1194605,,,N/A,G,1,9,,,,,1972-01-01 00:00:00,1981-05-22 03:00:00,1977-01-01 00:00:00,1981-05-22 03:00:00,1973-01-01 00:00:00,1975-03-31 00:00:00,1972-01-01 00:00:00,1973-12-01 00:00:00,Y,N,N
-128.5,59.93333333333333,1461,LOWER POST,BC,BRITISH COLUMBIA,COLOMBIE-BRITANNIQUE,CAN,595600000,-1283000000,PST,583.10,1194722,,,N/A,G,1,8,,,,,1960-01-01 00:00:00,1976-12-01 00:00:00,,,1960-10-01 00:00:00,1976-07-31 00:00:00,1960-01-01 00:00:00,1976-12-01 00:00:00,Y,N,N
-124.13333333333334,58.65,1462,MILE 371 ALASKA HWY,BC,BRITISH COLUMBIA,COLOMBIE-BRITANNIQUE,CAN,583900000,-1240800000,PST,758.00,1195ABR,,,N/A,G,1,9,,,,,1983-12-01 00:00:00,1984-12-01 00:00:00,,,1983-12-01 00:00:00,1984-01-31 00:00:00,1984-01-01 00:00:00,1984-12-01 00:00:00,Y,N,N
-123.71666666666667,58.68333333333333,1463,MILE 351 ALASKA HWY,BC,BRITISH COLUMBIA,COLOMBIE-BRITANNIQUE,CAN,584100000,-1234300000,PST,846.10,1195A29,,,N/A,G,1,9,,,,,1984-01-01 00:00:00,1984-12-01 00:00:00,,,1984-01-01 00:00:00,1984-02-29 00:00:00,1984-01-01 00:00:00,1984-12-01 00:00:00,Y,N,N
-124.23584777777778,58.65307111111111,1464,TETSA RIVER,BC,BRITISH COLUMBIA,COLOMBIE-BRITANNIQUE,CAN,583911056,-1241409052,PST,810.00,1195J29,WTH,,Aviation-Staffed,E,1,6,,,,,1982-01-01 00:00:00,2017-09-27 00:00:00,1994-02-01 07:00:00,2014-03-19 06:00:00,1982-09-01 00:00:00,2017-09-27 00:00:00,1982-01-01 00:00:00,2007-02-01 00:00:00,Y,N,N
-122.86666666666666,58.85,1465,MILE 306 ALASKA HWY,BC,BRITISH COLUMBIA,COLOMBIE-BRITANNIQUE,CAN,585100000,-1225200000,PST,451.10,11951B9,,,N/A,G,1,8,,,,,1984-01-01 00:00:00,1992-12-01 00:00:00,,,1984-01-01 00:00:00,1992-03-31 00:00:00,1984-01-01 00:00:00,1992-12-01 00:00:00,Y,N,N
-123.11666666666666,58.9,1466,MILE 318 ALASKA HWY,BC,BRITISH COLUMBIA,COLOMBIE-BRITANNIQUE,CAN,585400000,-1230700000,PST,520.90,11951K9,,,N/A,G,1,9,,,,,1984-01-01 00:00:00,1984-12-01 00:00:00,,,1984-02-01 00:00:00,1984-06-30 00:00:00,1984-01-01 00:00:00,1984-12-01 00:00:00,Y,N,N
-122.66666666666667,58.78333333333333,1467,MILE 295 ALASKA HWY,BC,BRITISH COLUMBIA,COLOMBIE-BRITANNIQUE,CAN,584700000,-1224000000,PST,380.00,119512R,,,N/A,G,1,8,,,,,1984-01-01 00:00:00,1991-11-01 00:00:00,,,1984-02-01 00:00:00,1991-04-30 00:00:00,1984-01-01 00:00:00,1991-11-01 00:00:00,Y,N,N
-130.33333333333334,59.93333333333333,1468,MIDWAY PROJECT,BC,BRITISH COLUMBIA,COLOMBIE-BRITANNIQUE,CAN,595600000,-1302000000,PST,1150.00,1195127,,,N/A,G,1,9,,,,,1985-01-01 00:00:00,1986-12-01 00:00:00,,,1985-11-01 00:00:00,1986-08-31 00:00:00,1985-01-01 00:00:00,1986-12-01 00:00:00,Y,N,N
-123.03333333333333,57.85,1469,MINAKER RIVER,BC,BRITISH COLUMBIA,COLOMBIE-BRITANNIQUE,CAN,575100000,-1230200000,PST,625.30,1195165,,,Climate-Staffed,G,1,8,,,,,1984-01-01 00:00:00,1993-12-31 00:00:00,,,1984-09-01 00:00:00,1993-12-31 00:00:00,1984-01-01 00:00:00,1993-11-01 00:00:00,Y,N,N
-125.7666675,58.93000111111111,1470,MUNCHO LAKE,BC,BRITISH COLUMBIA,COLOMBIE-BRITANNIQUE,CAN,585548004,-1254600003,PST,836.50,1195250,WWQ,71280,Aviation-Staffed,A,1,1,,,,,1970-01-01 00:00:00,2014-03-31 00:00:00,1994-02-01 07:00:00,2014-03-20 07:00:00,1970-05-01 00:00:00,2014-03-31 00:00:00,1970-01-01 00:00:00,2007-02-01 00:00:00,Y,Y,N
-122.78333333333333,58.21666666666667,1471,PROPHET RIVER,BC,BRITISH COLUMBIA,COLOMBIE-BRITANNIQUE,CAN,581300000,-1224700000,PST,457.20,1196543,,,N/A,G,1,8,,,,,1974-01-01 00:00:00,1977-12-01 00:00:00,,,1974-11-01 00:00:00,1977-05-31 00:00:00,1974-01-01 00:00:00,1977-12-01 00:00:00,Y,N,N
-121.41666666666667,58.833333333333336,1472,SIERRA,BC,BRITISH COLUMBIA,COLOMBIE-BRITANNIQUE,CAN,585000000,-1212500000,PST,566.30,1197331,,,N/A,G,1,8,,,,,1974-01-01 00:00:00,1981-12-01 00:00:00,,,1974-01-01 00:00:00,1981-08-31 00:00:00,1974-01-01 00:00:00,1981-12-01 00:00:00,Y,N,N
-126.43333333333334,59.9,1473,SMITH RIVER A,BC,BRITISH COLUMBIA,COLOMBIE-BRITANNIQUE,CAN,595400000,-1262600000,PST,673.00,1197530,,,N/A,,1,9,,,,,1944-01-01 00:00:00,1969-12-01 00:00:00,1953-01-01 00:00:00,1969-09-30 23:00:00,1944-04-01 00:00:00,1969-09-30 00:00:00,1944-01-01 00:00:00,1969-12-01 00:00:00,Y,N,N
-124.65,58.65,1474,SUMMIT LAKE,BC,BRITISH COLUMBIA,COLOMBIE-BRITANNIQUE,CAN,583900000,-1243900000,PST,1280.50,1197860,,,Aviation-Staffed,G,1,8,,,,,1976-01-01 00:00:00,1991-11-01 00:00:00,,,1976-06-01 00:00:00,1991-02-28 00:00:00,1976-01-01 00:00:00,1991-11-01 00:00:00,Y,N,N
-125.23333333333333,58.85,1475,TOAD RIVER,BC,BRITISH COLUMBIA,COLOMBIE-BRITANNIQUE,CAN,585100000,-1251400000,PST,731.50,1198194,WBP,,N/A,E,1,6,,,,,1982-01-01 00:00:00,1995-05-31 00:00:00,,,1982-09-01 00:00:00,1995-05-31 00:00:00,1982-01-01 00:00:00,1995-05-01 00:00:00,Y,N,N
-125.48333333333333,58.55,1476,TOAD RIVER BONANZA CREEK,BC,BRITISH COLUMBIA,COLOMBIE-BRITANNIQUE,CAN,583300000,-1252900000,PST,1428.00,1198196,,,N/A,G,1,9,,,,,1970-01-01 00:00:00,1972-12-01 00:00:00,,,1970-08-01 00:00:00,1972-03-31 00:00:00,1970-01-01 00:00:00,1972-12-01 00:00:00,Y,N,N
-122.95,57.733333333333334,1477,TRUTCH MILE 200,BC,BRITISH COLUMBIA,COLOMBIE-BRITANNIQUE,CAN,574400000,-1225700000,PST,868.70,1198281,,,N/A,G,1,9,,,,,1976-01-01 00:00:00,1976-12-01 00:00:00,,,1976-05-01 00:00:00,1976-05-31 00:00:00,1976-01-01 00:00:00,1976-12-01 00:00:00,Y,N,N
-122.98333333333333,57.38333333333333,1478,TRUTCH MOUNTAIN,BC,BRITISH COLUMBIA,COLOMBIE-BRITANNIQUE,CAN,572300000,-1225900000,PST,1066.80,1198282,,,N/A,G,1,9,,,,,1973-01-01 00:00:00,1973-12-01 00:00:00,,,1973-09-01 00:00:00,1973-09-30 00:00:00,1973-01-01 00:00:00,1973-12-01 00:00:00,Y,N,N
-121.5,58.88333333333333,1479,YOYO,BC,BRITISH COLUMBIA,COLOMBIE-BRITANNIQUE,CAN,585300000,-1213000000,PST,579.10,1199020,,,N/A,G,1,9,,,,,1983-01-01 00:00:00,1985-12-01 00:00:00,,,1983-01-01 00:00:00,1985-11-30 00:00:00,1984-01-01 00:00:00,1985-12-01 00:00:00,Y,N,N
-131.08333333333334,56.63333333333333,1480,JOHNNY MOUNTAIN,BC,BRITISH COLUMBIA,COLOMBIE-BRITANNIQUE,CAN,563800000,-1310500000,PST,1075.00,120CPNA,,,N/A,G,1,8,,,,,1988-01-01 00:00:00,1992-12-01 00:00:00,,,1988-04-01 00:00:00,1992-09-30 00:00:00,1988-01-01 00:00:00,1992-12-01 00:00:00,Y,N,N
-135.045,59.716388888888886,1481,FRASER CAMP,BC,BRITISH COLUMBIA,COLOMBIE-BRITANNIQUE,CAN,594259000,-1350242000,PST,869.00,120C036,,,Climate-Staffed,E,1,6,,,,,1980-01-01 00:00:00,2008-08-25 00:00:00,,,1980-08-01 00:00:00,2008-08-25 00:00:00,1980-01-01 00:00:00,2007-02-01 00:00:00,Y,N,N
-137.71666666666667,59.61666666666667,1482,WINDY CRAGGY,BC,BRITISH COLUMBIA,COLOMBIE-BRITANNIQUE,CAN,593700000,-1374300000,PST,667.00,120HRNP,,,N/A,G,1,8,,,,,1987-01-01 00:00:00,1990-12-01 00:00:00,,,1987-07-01 00:00:00,1990-10-31 00:00:00,1987-01-01 00:00:00,1990-12-01 00:00:00,Y,N,N
-130.25,56.983333333333334,1483,BOB QUINN,BC,BRITISH COLUMBIA,COLOMBIE-BRITANNIQUE,CAN,565900000,-1301500000,PST,579.10,1200R0A,,,N/A,G,1,9,,,,,1974-01-01 00:00:00,1974-12-01 00:00:00,,,1974-09-01 00:00:00,1974-10-31 00:00:00,1974-01-01 00:00:00,1974-12-01 00:00:00,Y,N,N
-130.25,56.96677777777778,1484,BOB QUINN AGS,BC,BRITISH COLUMBIA,COLOMBIE-BRITANNIQUE,CAN,565800400,-1301500000,PST,610.00,1200R0J,BW4,,Aviation-Staffed,D,1,5,,,,,1977-01-01 00:00:00,1994-12-01 00:00:00,,,1977-12-01 00:00:00,1994-04-30 00:00:00,1977-01-01 00:00:00,1994-12-01 00:00:00,Y,N,N
-133.7,59.56666666666667,1485,ATLIN,BC,BRITISH COLUMBIA,COLOMBIE-BRITANNIQUE,CAN,593400000,-1334200000,PST,673.60,1200560,,,Climate-Staffed,A,1,1,CCN,RCSC,Co-operative Climate Network,Réseau coopératif de stations climatiques,1899-01-01 00:00:00,2021-06-29 00:00:00,,,1899-03-01 00:00:00,2021-06-29 00:00:00,1899-01-01 00:00:00,2007-02-01 00:00:00,Y,Y,N
-132.26666666666668,58.21666666666667,1486,BEARSKIN LAKE,BC,BRITISH COLUMBIA,COLOMBIE-BRITANNIQUE,CAN,581300000,-1321600000,PST,958.00,1200730,,,N/A,G,1,8,,,,,1983-01-01 00:00:00,1990-01-31 00:00:00,,,1983-11-01 00:00:00,1990-01-31 00:00:00,1983-01-01 00:00:00,1989-12-01 00:00:00,Y,N,N
-134.98333333333332,59.85,1487,BENNETT,BC,BRITISH COLUMBIA,COLOMBIE-BRITANNIQUE,CAN,595100000,-1345900000,PST,662.00,1200847,,,N/A,G,1,9,,,,,1972-09-01 00:00:00,1974-12-01 00:00:00,,,1972-09-01 00:00:00,1974-07-31 00:00:00,1974-01-01 00:00:00,1974-12-01 00:00:00,Y,N,N
-131.1,56.666666666666664,1488,BRONSON CREEK,BC,BRITISH COLUMBIA,COLOMBIE-BRITANNIQUE,CAN,564000000,-1310600000,PST,107.00,1201086,,,Climate-Staffed,F,1,7,,,,,1989-01-01 00:00:00,1999-09-30 00:00:00,,,1989-05-01 00:00:00,1999-09-30 00:00:00,1989-01-01 00:00:00,1999-09-01 00:00:00,Y,N,N
-128.83333333333334,57.666666666666664,1489,COLD FISH LAKE,BC,BRITISH COLUMBIA,COLOMBIE-BRITANNIQUE,CAN,574000000,-1285000000,PST,1202.70,1201770,,,N/A,,1,9,,,,,1955-01-01 00:00:00,1962-12-01 00:00:00,,,1955-07-01 00:00:00,1962-09-30 00:00:00,1955-01-01 00:00:00,1962-12-01 00:00:00,Y,N,N
-129.98333333333332,57.833333333333336,1490,EDDONTENAJON,BC,BRITISH COLUMBIA,COLOMBIE-BRITANNIQUE,CAN,575000000,-1295900000,PST,883.90,1202638,,,N/A,G,1,9,,,,,1972-01-01 00:00:00,1972-12-01 00:00:00,,,1972-09-01 00:00:00,1972-10-31 00:00:00,1972-01-01 00:00:00,1972-12-01 00:00:00,Y,N,N
-131.45,57.11666666666667,1491,GALORE CREEK,BC,BRITISH COLUMBIA,COLOMBIE-BRITANNIQUE,CAN,570700000,-1312700000,PST,789.40,1203046,,,N/A,G,1,9,,,,,1966-01-01 00:00:00,1973-12-01 00:00:00,,,1966-01-01 00:00:00,1973-10-31 00:00:00,1966-01-01 00:00:00,1973-12-01 00:00:00,Y,N,N
-134.18333333333334,59.6,1492,GRAHAM INLET,BC,BRITISH COLUMBIA,COLOMBIE-BRITANNIQUE,CAN,593600000,-1341100000,PST,659.90,1203255,,,Climate-Staffed,E,1,6,,,,,1973-01-01 00:00:00,2011-09-30 00:00:00,,,1973-07-01 00:00:00,2011-09-30 00:00:00,1973-01-01 00:00:00,2007-02-01 00:00:00,Y,N,N
-131.71666666666667,58.65,1493,HATIN LAKE,BC,BRITISH COLUMBIA,COLOMBIE-BRITANNIQUE,CAN,583900000,-1314300000,PST,944.90,12033M0,,,N/A,G,1,9,,,,,1976-01-01 00:00:00,1977-12-01 00:00:00,,,1976-09-01 00:00:00,1977-07-31 00:00:00,1976-01-01 00:00:00,1977-12-01 00:00:00,Y,N,N
-136.46666666666667,59.516666666666666,1494,HAINES APPS NO 2,BC,BRITISH COLUMBIA,COLOMBIE-BRITANNIQUE,CAN,593100000,-1362800000,PST,399.30,1203315,,,N/A,G,1,8,,,,,1956-01-01 00:00:00,1974-12-01 00:00:00,,,1956-01-01 00:00:00,1974-06-30 00:00:00,1956-01-01 00:00:00,1974-12-01 00:00:00,Y,N,N
-128.16666666666666,57.65,1495,HYLAND POST,BC,BRITISH COLUMBIA,COLOMBIE-BRITANNIQUE,CAN,573900000,-1281000000,PST,1066.80,1203640,,,N/A,G,1,9,,,,,1964-01-01 00:00:00,1972-12-01 00:00:00,,,1964-01-01 00:00:00,1972-03-31 00:00:00,1964-01-01 00:00:00,1972-12-01 00:00:00,Y,N,N
-129.96666666666667,57.81666666666667,1496,ISKUT,BC,BRITISH COLUMBIA,COLOMBIE-BRITANNIQUE,CAN,574900000,-1295800000,PST,883.90,1203670,,,N/A,G,1,9,,,,,1973-01-01 00:00:00,1973-12-31 00:00:00,,,1973-08-01 00:00:00,1973-12-31 00:00:00,1973-01-01 00:00:00,1973-12-01 00:00:00,Y,N,N
-130.01666666666668,57.86666666666667,1497,ISKUT RANCH,BC,BRITISH COLUMBIA,COLOMBIE-BRITANNIQUE,CAN,575200000,-1300100000,PST,854.00,1203672,,,N/A,E,1,6,,,,,1976-01-01 00:00:00,1994-12-01 00:00:00,,,1976-06-01 00:00:00,1994-05-31 00:00:00,1976-01-01 00:00:00,1994-12-01 00:00:00,Y,N,N
-130.2,57.53333333333333,1498,KINASKAN LAKE,BC,BRITISH COLUMBIA,COLOMBIE-BRITANNIQUE,CAN,573200000,-1301200000,PST,815.30,1204215,,,N/A,G,1,9,,,,,1966-01-01 00:00:00,1977-12-01 00:00:00,,,1966-10-01 00:00:00,1977-10-31 00:00:00,1966-01-01 00:00:00,1977-12-01 00:00:00,Y,N,N
-128.5,58.28333333333333,1499,KUTCHO CREEK,BC,BRITISH COLUMBIA,COLOMBIE-BRITANNIQUE,CAN,581700000,-1283000000,PST,1240.00,1204432,,,N/A,G,1,9,,,,,1984-01-01 00:00:00,1986-12-31 00:00:00,,,1984-06-01 00:00:00,1986-12-31 00:00:00,1984-01-01 00:00:00,1986-12-01 00:00:00,Y,N,N
-135.08333333333334,59.78333333333333,1500,LINDEMAN CITY,BC,BRITISH COLUMBIA,COLOMBIE-BRITANNIQUE,CAN,594700000,-1350500000,PST,667.50,1204632,,,N/A,G,1,9,,,,,1968-07-01 00:00:00,1981-12-01 00:00:00,,,1968-07-01 00:00:00,1981-09-30 00:00:00,1969-01-01 00:00:00,1981-12-01 00:00:00,Y,N,N
-129.26666666666668,57.96666666666667,1501,MCBRIDE RIVER,BC,BRITISH COLUMBIA,COLOMBIE-BRITANNIQUE,CAN,575800000,-1291600000,PST,914.40,1204958,,,N/A,G,1,8,,,,,1975-01-01 00:00:00,1978-12-01 00:00:00,,,1975-04-01 00:00:00,1978-04-30 00:00:00,1975-01-01 00:00:00,1978-12-01 00:00:00,Y,N,N
-136.6,59.78333333333333,1502,MULE CREEK,BC,BRITISH COLUMBIA,COLOMBIE-BRITANNIQUE,CAN,594700000,-1363600000,PST,883.90,1205248,,,N/A,G,1,8,,,,,1970-01-01 00:00:00,1986-12-01 00:00:00,,,1970-09-01 00:00:00,1986-10-31 00:00:00,1970-01-01 00:00:00,1986-12-01 00:00:00,Y,N,N
-133.48333333333332,59.0,1503,NAKONAKE RIVER,BC,BRITISH COLUMBIA,COLOMBIE-BRITANNIQUE,CAN,590000000,-1332900000,PST,365.80,1205295,,,N/A,,1,9,,,,,1956-01-01 00:00:00,1956-12-01 00:00:00,,,1956-06-01 00:00:00,1956-08-31 00:00:00,1956-01-01 00:00:00,1956-12-01 00:00:00,Y,N,N
-136.36666666666667,59.45,1504,PLEASANT CAMP,BC,BRITISH COLUMBIA,COLOMBIE-BRITANNIQUE,CAN,592700000,-1362200000,PST,274.30,1206197,,,Climate-Staffed,C,1,4,CCN,RCSC,Co-operative Climate Network,Réseau coopératif de stations climatiques,1974-01-01 00:00:00,2022-04-27 00:00:00,,,1974-05-01 00:00:00,2022-04-27 00:00:00,1974-01-01 00:00:00,2007-02-01 00:00:00,Y,Y,N
-133.1,58.8,1505,PORTERS LANDING,BC,BRITISH COLUMBIA,COLOMBIE-BRITANNIQUE,CAN,584800000,-1330600000,PST,731.50,1206258,,,N/A,G,1,9,,,,,1972-01-01 00:00:00,1972-12-01 00:00:00,,,1972-02-01 00:00:00,1972-06-30 00:00:00,1972-01-01 00:00:00,1972-12-01 00:00:00,Y,N,N
-131.0,57.35,1506,SCHAFT CREEK,BC,BRITISH COLUMBIA,COLOMBIE-BRITANNIQUE,CAN,572100000,-1310000000,PST,914.40,1207126,,,N/A,G,1,8,,,,,1969-01-01 00:00:00,1974-12-01 00:00:00,,,1969-06-01 00:00:00,1974-10-31 00:00:00,1969-01-01 00:00:00,1974-12-01 00:00:00,Y,N,N
-131.16666666666666,57.9,1507,TELEGRAPH CREEK,BC,BRITISH COLUMBIA,COLOMBIE-BRITANNIQUE,CAN,575400000,-1311000000,PST,182.90,1208040,,,N/A,F,1,7,,,,,1942-01-01 00:00:00,1979-12-01 00:00:00,,,1942-07-01 00:00:00,1979-04-30 00:00:00,1942-01-01 00:00:00,1979-12-01 00:00:00,Y,N,N
-131.33333333333334,57.9,1508,TELEGRAPH CREEK,BC,BRITISH COLUMBIA,COLOMBIE-BRITANNIQUE,CAN,575400000,-1312000000,PST,249.90,1208041,,,Climate-Staffed,E,1,6,,,,,1979-01-01 00:00:00,2000-06-30 00:00:00,,,1979-05-01 00:00:00,2000-06-30 00:00:00,1979-01-01 00:00:00,2000-06-01 00:00:00,Y,N,N
-130.06666666666666,57.6,1509,TODAGIN RANCH,BC,BRITISH COLUMBIA,COLOMBIE-BRITANNIQUE,CAN,573600000,-1300400000,PST,899.00,1208202,,,N/A,D,1,5,,,,,1973-01-01 00:00:00,1992-12-01 00:00:00,,,1973-08-01 00:00:00,1992-04-30 00:00:00,1973-01-01 00:00:00,1992-12-01 00:00:00,Y,N,N
-133.63333333333333,58.7,1510,TULSEQUAH,BC,BRITISH COLUMBIA,COLOMBIE-BRITANNIQUE,CAN,584200000,-1333800000,PST,,1208295,,,N/A,,1,9,,,,,1964-01-01 00:00:00,1966-12-01 00:00:00,,,1964-08-01 00:00:00,1966-09-30 00:00:00,1964-01-01 00:00:00,1966-12-01 00:00:00,Y,N,N
-122.48861111111111,52.54138888888889,5017,CASTLE ROCK 6 NORTH,BC,BRITISH COLUMBIA,COLOMBIE-BRITANNIQUE,CAN,523229000,-1222919000,PST,541.00,109A4NG,,,Climate-Staffed,F,1,7,,,,,1991-01-01 00:00:00,2014-05-31 00:00:00,,,1991-04-01 00:00:00,2014-05-31 00:00:00,1991-01-01 00:00:00,2007-02-01 00:00:00,Y,N,N
-123.45,48.6,6807,SAANICHTON MT NEWTON 2,BC,BRITISH COLUMBIA,COLOMBIE-BRITANNIQUE,CAN,483600000,-1232700000,PST,68.00,101F940,,,N/A,G,1,8,,,,,1993-01-01 00:00:00,1995-04-30 00:00:00,,,1993-05-01 00:00:00,1995-04-30 00:00:00,1993-01-01 00:00:00,1995-04-01 00:00:00,Y,N,N
-123.36666666666666,48.516666666666666,6808,CORDOVA BAY CLAREMOUNT,BC,BRITISH COLUMBIA,COLOMBIE-BRITANNIQUE,CAN,483100000,-1232200000,PST,80.00,101J9K0,,,Climate-Staffed,G,1,8,,,,,1993-01-01 00:00:00,1995-05-31 00:00:00,,,1993-05-01 00:00:00,1995-05-31 00:00:00,1993-01-01 00:00:00,1995-05-01 00:00:00,Y,N,N
-123.5,48.38333333333333,6809,METCHOSIN PARRY BAY,BC,BRITISH COLUMBIA,COLOMBIE-BRITANNIQUE,CAN,482300000,-1233000000,PST,3.00,1015111,,,N/A,G,1,8,,,,,1991-01-01 00:00:00,1995-09-30 00:00:00,,,1991-12-01 00:00:00,1995-09-30 00:00:00,1991-01-01 00:00:00,1995-09-01 00:00:00,Y,N,N
-123.12807777777778,48.77502222222222,6810,SATURNA CAPMON CS,BC,BRITISH COLUMBIA,COLOMBIE-BRITANNIQUE,CAN,484630080,-1230741080,PST,178.00,1017099,VTS,71914,Climate-Auto,G,1,8,ECCC - MSC,ECCC - SMC,Environment and Climate Change Canada - Meteorological Service of Canada,Environnement et Changement climatique Canada - Service météorologique du Canada,1991-01-01 00:00:00,2024-11-19 12:30:02,2006-06-09 11:00:00,2024-11-19 12:30:02,1991-06-01 00:00:00,2024-11-19 00:00:00,1991-01-01 00:00:00,2007-02-01 00:00:00,Y,N,N
-123.92102777777778,48.376694444444446,6811,SHERINGHAM POINT,BC,BRITISH COLUMBIA,COLOMBIE-BRITANNIQUE,CAN,482236100,-1235515700,PST,6.90,1017254,WSP,71780,Climate-Auto,F,1,7,ECCC - MSC,ECCC - SMC,Environment and Climate Change Canada - Meteorological Service of Canada,Environnement et Changement climatique Canada - Service météorologique du Canada,1992-01-01 00:00:00,2024-11-19 12:30:02,1994-02-01 00:00:00,2024-11-19 12:30:02,1992-05-01 00:00:00,2024-11-19 00:00:00,1992-01-01 00:00:00,2007-02-01 00:00:00,Y,N,N
-123.30461111111111,48.457,6812,VICTORIA UNIVERSITY CS,BC,BRITISH COLUMBIA,COLOMBIE-BRITANNIQUE,CAN,482725200,-1231816600,PST,60.10,1018598,WYJ,71783,Climate-Auto,F,1,7,ECCC - MSC,ECCC - SMC,Environment and Climate Change Canada - Meteorological Service of Canada,Environnement et Changement climatique Canada - Service météorologique du Canada,1992-01-01 00:00:00,2024-11-19 12:30:02,1994-02-01 00:00:00,2024-11-19 12:30:02,1992-12-01 00:00:00,2024-11-19 00:00:00,1992-01-01 00:00:00,2007-02-01 00:00:00,Y,N,Y
-124.43494444444444,49.48661111111111,6813,SISTERS ISLAND,BC,BRITISH COLUMBIA,COLOMBIE-BRITANNIQUE,CAN,492911800,-1242605800,PST,20.00,1027403,WGT,71781,Climate-Auto,G,1,8,ECCC - MSC,ECCC - SMC,Environment and Climate Change Canada - Meteorological Service of Canada,Environnement et Changement climatique Canada - Service météorologique du Canada,1992-01-01 00:00:00,2024-11-19 12:30:02,1995-02-16 13:00:00,2024-11-19 12:30:02,1992-05-01 00:00:00,2024-11-19 00:00:00,1992-01-01 00:00:00,2004-07-01 00:00:00,Y,N,N
-123.36666666666666,49.4,6814,BOWEN ISLAND KILLARNEY LAKE,BC,BRITISH COLUMBIA,COLOMBIE-BRITANNIQUE,CAN,492400000,-1232200000,PST,50.00,1040R1J,,,Climate-Staffed,G,1,8,,,,,1992-01-01 00:00:00,1996-06-30 00:00:00,,,1992-05-01 00:00:00,1996-06-30 00:00:00,1992-01-01 00:00:00,1996-06-01 00:00:00,Y,N,N
-123.38333333333334,49.36666666666667,6815,BOWEN ISLAND JOSEPHINE RIDGE,BC,BRITISH COLUMBIA,COLOMBIE-BRITANNIQUE,CAN,492200000,-1232300000,PST,160.00,104091A,,,Climate-Staffed,G,1,8,,,,,1992-01-01 00:00:00,1996-02-29 00:00:00,,,1992-05-01 00:00:00,1996-02-29 00:00:00,1992-01-01 00:00:00,1996-02-01 00:00:00,Y,N,N
-123.40166888888889,49.35990777777778,6816,BOWEN ISLAND SUNSET PARK,BC,BRITISH COLUMBIA,COLOMBIE-BRITANNIQUE,CAN,492135668,-1232406008,PST,185.00,104091B,,,Climate-Staffed,F,1,7,CCN,RCSC,Co-operative Climate Network,Réseau coopératif de stations climatiques,1992-01-01 00:00:00,2024-11-18 00:00:00,,,1992-05-01 00:00:00,2024-11-18 00:00:00,1992-01-01 00:00:00,2007-02-01 00:00:00,Y,N,N
-123.29945277777777,49.48778027777778,6817,HOWE SOUND - PAM ROCKS,BC,BRITISH COLUMBIA,COLOMBIE-BRITANNIQUE,CAN,492916009,-1231758030,PST,7.10,10459NN,WAS,71211,Climate-Auto,F,1,7,ECCC - MSC,ECCC - SMC,Environment and Climate Change Canada - Meteorological Service of Canada,Environnement et Changement climatique Canada - Service météorologique du Canada,1991-01-01 00:00:00,2024-11-19 12:30:02,1994-02-01 00:00:00,2024-11-19 12:30:02,1991-07-01 00:00:00,2024-11-19 00:00:00,1991-01-01 00:00:00,2007-02-01 00:00:00,Y,N,Y
-131.55,52.53333333333333,6818,HOSKINS ISLET,BC,BRITISH COLUMBIA,COLOMBIE-BRITANNIQUE,CAN,523200000,-1313300000,PST,8.00,1053608,WZK,,Climate-Auto,G,1,9,,,,,1992-01-01 00:00:00,1995-06-15 19:55:00,1994-02-01 00:55:00,1995-06-15 19:55:00,1992-11-01 00:00:00,1995-06-15 00:00:00,1992-01-01 00:00:00,1994-12-01 00:00:00,Y,N,N
-133.05848805555556,54.25538805555556,6819,LANGARA ISLAND RCS,BC,BRITISH COLUMBIA,COLOMBIE-BRITANNIQUE,CAN,541519397,-1330330557,PST,46.90,1054503,WJU,71903,Climate-Auto,F,1,7,ECCC - MSC,ECCC - SMC,Environment and Climate Change Canada - Meteorological Service of Canada,Environnement et Changement climatique Canada - Service météorologique du Canada,1992-01-01 00:00:00,2024-11-19 12:30:02,1994-02-01 00:58:00,2024-11-19 12:30:02,1992-11-01 00:00:00,2024-11-19 00:00:00,1992-01-01 00:00:00,2007-02-01 00:00:00,Y,N,Y
-132.1288888888889,52.93472222222222,6820,MORESBY ISLAND MITCHELL INLET,BC,BRITISH COLUMBIA,COLOMBIE-BRITANNIQUE,CAN,525605000,-1320744000,PST,3.00,10551R8,,,Climate-Staffed,F,1,7,,,,,1991-01-01 00:00:00,2007-12-31 00:00:00,,,1991-04-01 00:00:00,2007-12-31 00:00:00,1991-01-01 00:00:00,2007-02-01 00:00:00,Y,N,N
-131.23333333333332,52.45,6821,SCUDDER POINT,BC,BRITISH COLUMBIA,COLOMBIE-BRITANNIQUE,CAN,522700000,-1311400000,PST,5.00,1057133,WZD,,Climate-Auto,G,1,8,,,,,1992-01-01 00:00:00,2009-09-03 00:00:00,1994-02-01 00:56:00,1997-09-24 13:56:00,1992-11-01 00:00:00,2009-09-03 00:00:00,1992-01-01 00:00:00,1996-12-01 00:00:00,Y,N,N
-131.60155527777778,53.03041,6822,CUMSHEWA ISLAND,BC,BRITISH COLUMBIA,COLOMBIE-BRITANNIQUE,CAN,530149476,-1313605599,PST,12.60,1062251,WZL,71771,Climate-Auto,F,1,7,ECCC - MSC,ECCC - SMC,Environment and Climate Change Canada - Meteorological Service of Canada,Environnement et Changement climatique Canada - Service météorologique du Canada,1992-11-01 00:00:00,2024-11-19 12:30:02,1994-02-01 00:54:00,2024-11-19 12:30:02,1992-11-01 00:00:00,2024-11-19 00:00:00,1993-06-01 00:00:00,2007-02-01 00:00:00,Y,N,N
-130.36085,54.17223388888889,6823,HOLLAND ROCK,BC,BRITISH COLUMBIA,COLOMBIE-BRITANNIQUE,CAN,541020042,-1302139060,PST,5.50,1063496,WHL,71219,Climate-Auto,G,1,8,ECCC - MSC,ECCC - SMC,Environment and Climate Change Canada - Meteorological Service of Canada,Environnement et Changement climatique Canada - Service météorologique du Canada,1991-01-01 00:00:00,2024-11-19 12:30:02,1994-02-01 00:00:00,2024-11-19 12:30:02,1991-01-01 00:00:00,2024-11-19 00:00:00,1991-01-01 00:00:00,1997-03-01 00:00:00,Y,N,Y
-130.609,54.29592,6824,LUCY ISLAND LIGHTSTATION,BC,BRITISH COLUMBIA,COLOMBIE-BRITANNIQUE,CAN,541745312,-1303632400,PST,2.00,1064728,WLC,71220,Climate-Auto,F,1,7,ECCC - MSC,ECCC - SMC,Environment and Climate Change Canada - Meteorological Service of Canada,Environnement et Changement climatique Canada - Service météorologique du Canada,1991-01-01 00:00:00,2024-11-19 12:30:02,1994-02-04 08:00:00,2024-11-19 12:30:02,1991-01-01 00:00:00,2024-11-19 00:00:00,1991-02-01 00:00:00,2000-09-01 00:00:00,Y,N,N
-125.73333333333333,54.15,6825,BURNS LAKE 10 SOUTH,BC,BRITISH COLUMBIA,COLOMBIE-BRITANNIQUE,CAN,540900000,-1254400000,PST,783.00,1091175,,,N/A,G,1,8,,,,,1992-01-01 00:00:00,1994-12-01 00:00:00,,,1992-07-01 00:00:00,1994-09-30 00:00:00,1992-01-01 00:00:00,1994-12-01 00:00:00,Y,N,N
-122.85,49.266666666666666,6826,COQUITLAM NORTH,BC,BRITISH COLUMBIA,COLOMBIE-BRITANNIQUE,CAN,491600000,-1225100000,PST,51.00,110A8R1,,,N/A,F,1,7,,,,,1991-01-01 00:00:00,1996-07-31 00:00:00,,,1991-03-01 00:00:00,1996-07-31 00:00:00,1991-01-01 00:00:00,1996-07-01 00:00:00,Y,N,N
-122.75,49.28333333333333,6827,PORT COQUITLAM BURKE MOUNTAIN,BC,BRITISH COLUMBIA,COLOMBIE-BRITANNIQUE,CAN,491700000,-1224500000,PST,60.00,110FBEE,,,Climate-Staffed,G,1,8,,,,,1991-01-01 00:00:00,1995-07-31 00:00:00,,,1991-03-01 00:00:00,1995-07-31 00:00:00,1991-01-01 00:00:00,1995-07-01 00:00:00,Y,N,N
-122.88333333333334,49.333333333333336,6828,INDIAN ARM FARRER COVE,BC,BRITISH COLUMBIA,COLOMBIE-BRITANNIQUE,CAN,492000000,-1225300000,PST,20.00,110L6M7,,,N/A,G,1,9,,,,,1993-01-01 00:00:00,1993-12-01 00:00:00,,,1993-05-01 00:00:00,1993-05-31 00:00:00,1993-01-01 00:00:00,1993-12-01 00:00:00,Y,N,N
-122.83972222222222,49.25361111111111,6829,COQUITLAM MUNDY PARK 3,BC,BRITISH COLUMBIA,COLOMBIE-BRITANNIQUE,CAN,491513000,-1225023000,PST,144.40,1101QRJ,,,Climate-Staffed,F,1,7,,,,,1992-01-01 00:00:00,2003-06-30 00:00:00,,,1992-02-01 00:00:00,2003-06-30 00:00:00,1992-01-01 00:00:00,2003-06-01 00:00:00,Y,N,N
-122.69002111111111,49.20832333333333,6830,PITT MEADOWS CS,BC,BRITISH COLUMBIA,COLOMBIE-BRITANNIQUE,CAN,491229964,-1224124076,PST,5.00,1106178,WMM,71775,Climate-Auto,F,1,7,ECCC - MSC,ECCC - SMC,Environment and Climate Change Canada - Meteorological Service of Canada,Environnement et Changement climatique Canada - Service météorologique du Canada,1993-01-01 00:00:00,2024-11-19 12:30:02,1994-02-01 01:00:00,2024-11-19 12:30:02,1993-10-01 00:00:00,2024-11-19 00:00:00,1993-01-01 00:00:00,2007-02-01 00:00:00,Y,N,Y
-123.3033675,49.105895833333335,6831,SANDHEADS CS,BC,BRITISH COLUMBIA,COLOMBIE-BRITANNIQUE,CAN,490621225,-1231812123,PST,11.00,1107010,WVF,71209,Climate-Auto,F,1,7,ECCC - MSC,ECCC - SMC,Environment and Climate Change Canada - Meteorological Service of Canada,Environnement et Changement climatique Canada - Service météorologique du Canada,1991-01-01 00:00:00,2024-11-19 12:30:02,1994-02-01 00:00:00,2024-11-19 12:30:02,1991-07-01 00:00:00,2024-11-19 00:00:00,1991-01-01 00:00:00,1999-07-01 00:00:00,Y,N,N
-121.95,49.11666666666667,6832,SARDIS 2,BC,BRITISH COLUMBIA,COLOMBIE-BRITANNIQUE,CAN,490700000,-1215700000,PST,24.00,1107083,,,N/A,G,1,8,,,,,1991-01-01 00:00:00,1994-12-01 00:00:00,,,1991-06-01 00:00:00,1994-05-31 00:00:00,1991-01-01 00:00:00,1994-12-01 00:00:00,Y,N,N
-123.19330833333333,49.34704166666667,6833,WEST VANCOUVER AUT,BC,BRITISH COLUMBIA,COLOMBIE-BRITANNIQUE,CAN,492049350,-1231135910,PST,170.20,1108824,WWA,71784,Climate-Auto,F,1,7,ECCC - MSC,ECCC - SMC,Environment and Climate Change Canada - Meteorological Service of Canada,Environnement et Changement climatique Canada - Service météorologique du Canada,1992-01-01 00:00:00,2024-11-19 12:30:02,1994-02-01 00:00:00,2024-11-19 12:30:02,1992-12-01 00:00:00,2024-11-19 00:00:00,1992-01-01 00:00:00,2007-02-01 00:00:00,Y,N,Y
-120.51,49.465,6834,PRINCETON CS,BC,BRITISH COLUMBIA,COLOMBIE-BRITANNIQUE,CAN,492754000,-1203036000,PST,696.50,112FN0M,WPR,71032,Climate-Auto,F,1,7,ECCC - MSC,ECCC - SMC,Environment and Climate Change Canada - Meteorological Service of Canada,Environnement et Changement climatique Canada - Service météorologique du Canada,1992-11-01 00:00:00,2024-11-19 12:30:02,1994-02-01 00:00:00,2024-11-19 12:30:02,1992-11-01 00:00:00,2024-11-19 00:00:00,1993-04-01 00:00:00,2006-10-01 00:00:00,Y,N,Y
-120.35,49.93333333333333,6835,ELKHART LODGE HIGHWAY 97C,BC,BRITISH COLUMBIA,COLOMBIE-BRITANNIQUE,CAN,495600000,-1202100000,PST,1615.00,112K653,,,Climate-Staffed,G,1,8,,,,,1992-01-01 00:00:00,1995-04-30 00:00:00,,,1992-09-01 00:00:00,1995-04-30 00:00:00,1992-01-01 00:00:00,1995-02-01 00:00:00,Y,N,N
-119.55,49.18333333333333,6836,OLIVER 3,BC,BRITISH COLUMBIA,COLOMBIE-BRITANNIQUE,CAN,491100000,-1193300000,PST,280.00,1125779,,,N/A,G,1,8,,,,,1991-01-01 00:00:00,1995-08-31 00:00:00,,,1991-12-01 00:00:00,1995-08-31 00:00:00,1991-01-01 00:00:00,1995-08-01 00:00:00,Y,N,N
-119.19355555555556,50.223305555555555,6837,VERNON CS,BC,BRITISH COLUMBIA,COLOMBIE-BRITANNIQUE,CAN,501323900,-1191136800,PST,482.00,1128581,,,Climate-Auto,F,1,7,,,,,1991-01-01 00:00:00,2008-03-17 22:00:00,1994-02-01 00:00:00,2008-03-17 22:00:00,1991-06-01 00:00:00,2008-03-17 00:00:00,1991-01-01 00:00:00,2006-11-01 00:00:00,Y,N,Y
-116.50068027777778,49.08168944444444,6838,CRESTON CAMPBELL SCIENTIFIC,BC,BRITISH COLUMBIA,COLOMBIE-BRITANNIQUE,CAN,490454082,-1163002449,PST,640.70,114B1F0,WJR,71770,Climate-Auto,F,1,7,ECCC - MSC,ECCC - SMC,Environment and Climate Change Canada - Meteorological Service of Canada,Environnement et Changement climatique Canada - Service météorologique du Canada,1993-01-01 00:00:00,2024-11-19 12:30:02,1994-02-01 00:00:00,2024-11-19 12:30:02,1993-05-01 00:00:00,2024-11-19 00:00:00,1993-01-01 00:00:00,2006-10-01 00:00:00,Y,N,N
-117.30527777777777,49.49138888888889,6839,NELSON CS,BC,BRITISH COLUMBIA,COLOMBIE-BRITANNIQUE,CAN,492929000,-1171819000,PST,534.90,1145M29,WNM,71776,Climate-Auto,F,1,7,ECCC - MSC,ECCC - SMC,Environment and Climate Change Canada - Meteorological Service of Canada,Environnement et Changement climatique Canada - Service météorologique du Canada,1992-01-01 00:00:00,2024-11-19 12:30:02,1994-02-01 00:00:00,2024-11-19 12:30:02,1992-11-01 00:00:00,2024-11-19 00:00:00,1992-01-01 00:00:00,2006-10-01 00:00:00,Y,N,N
-117.81709444444445,50.269425,6840,NAKUSP CS,BC,BRITISH COLUMBIA,COLOMBIE-BRITANNIQUE,CAN,501609930,-1174901540,PST,512.10,1145297,WNP,71216,Climate-Auto,F,1,7,ECCC - MSC,ECCC - SMC,Environment and Climate Change Canada - Meteorological Service of Canada,Environnement et Changement climatique Canada - Service météorologique du Canada,1991-01-01 00:00:00,2024-11-19 12:30:02,1994-02-01 00:00:00,2024-11-19 12:30:02,1991-01-01 00:00:00,2024-11-19 00:00:00,1991-02-01 00:00:00,2006-11-01 00:00:00,Y,N,Y
-115.95883333333333,49.66566666666667,6841,KIMBERLEY COMINCO,BC,BRITISH COLUMBIA,COLOMBIE-BRITANNIQUE,CAN,493956400,-1155731800,MST,1100.00,1154202,,,Climate-Staffed,F,1,7,,,,,1992-01-01 00:00:00,2002-04-30 00:00:00,,,1992-09-01 00:00:00,2002-04-30 00:00:00,1992-01-01 00:00:00,2002-04-01 00:00:00,Y,N,N
-114.8839,49.745,6842,SPARWOOD CS,BC,BRITISH COLUMBIA,COLOMBIE-BRITANNIQUE,CAN,494442000,-1145302040,PST,1136.70,1157631,WGW,71782,Climate-Auto,F,1,7,ECCC - MSC,ECCC - SMC,Environment and Climate Change Canada - Meteorological Service of Canada,Environnement et Changement climatique Canada - Service météorologique du Canada,1992-11-01 00:00:00,2024-11-19 12:30:02,1994-02-01 00:00:00,2024-11-19 12:30:02,1992-11-01 00:00:00,2024-11-19 00:00:00,1993-04-01 00:00:00,2006-10-01 00:00:00,Y,N,Y
-119.29067777777777,50.703,6843,SALMON ARM CS,BC,BRITISH COLUMBIA,COLOMBIE-BRITANNIQUE,CAN,504210800,-1191726440,PST,350.50,116FRMN,WSL,71218,Climate-Auto,F,1,7,ECCC - MSC,ECCC - SMC,Environment and Climate Change Canada - Meteorological Service of Canada,Environnement et Changement climatique Canada - Service météorologique du Canada,1991-01-01 00:00:00,2024-11-19 12:30:02,1994-02-01 00:00:00,2024-11-19 12:30:02,1991-01-01 00:00:00,2024-11-19 00:00:00,1991-02-01 00:00:00,2006-10-01 00:00:00,Y,N,Y
-116.34455555555556,51.44288888888889,6844,YOHO PARK,BC,BRITISH COLUMBIA,COLOMBIE-BRITANNIQUE,CAN,512634400,-1162040400,MST,1602.00,11790J1,WYL,71786,Climate-Auto,G,1,8,ECCC - MSC,ECCC - SMC,Environment and Climate Change Canada - Meteorological Service of Canada,Environnement et Changement climatique Canada - Service météorologique du Canada,1992-11-01 00:00:00,2024-11-19 12:30:02,1994-02-01 00:00:00,2024-11-19 12:30:02,1992-11-01 00:00:00,2024-11-19 00:00:00,1993-06-01 00:00:00,2006-09-01 00:00:00,Y,N,N
-130.025,58.42609972222222,6845,DEASE LAKE (AUT),BC,BRITISH COLUMBIA,COLOMBIE-BRITANNIQUE,CAN,582533959,-1300130000,PST,800.70,119BLM0,WKX,71222,Climate-Auto,F,1,7,ECCC - MSC,ECCC - SMC,Environment and Climate Change Canada - Meteorological Service of Canada,Environnement et Changement climatique Canada - Service météorologique du Canada,1993-01-01 00:00:00,2024-11-19 12:30:02,1994-02-01 00:00:00,2024-11-19 12:30:02,1993-08-01 00:00:00,2024-11-19 00:00:00,1993-01-01 00:00:00,2007-02-01 00:00:00,Y,N,Y
-127.15,59.666666666666664,6846,COAL RIVER,BC,BRITISH COLUMBIA,COLOMBIE-BRITANNIQUE,CAN,594000000,-1270900000,PST,517.00,1191740,,,Climate-Staffed,G,1,8,,,,,1992-01-01 00:00:00,1997-05-31 00:00:00,,,1992-04-01 00:00:00,1997-05-31 00:00:00,1992-01-01 00:00:00,1997-05-01 00:00:00,Y,N,N
-123.76666666666667,58.68333333333333,6847,STEAMBOAT,BC,BRITISH COLUMBIA,COLOMBIE-BRITANNIQUE,CAN,584100000,-1234600000,PST,1063.80,1197704,,,N/A,G,1,9,,,,,1993-01-01 00:00:00,1995-07-31 00:00:00,1994-04-14 06:00:00,1995-03-05 08:00:00,1993-07-01 00:00:00,1995-07-31 00:00:00,1993-01-01 00:00:00,1995-07-01 00:00:00,Y,N,N
-126.3,52.45,6941,FIRVALE,BC,BRITISH COLUMBIA,COLOMBIE-BRITANNIQUE,CAN,522700000,-1261800000,PST,121.90,1062884,,,N/A,G,1,9,,,,,1991-01-01 00:00:00,1991-11-01 00:00:00,,,1991-09-01 00:00:00,1991-10-31 00:00:00,1991-01-01 00:00:00,1991-11-01 00:00:00,Y,N,N
-122.13333333333334,52.03333333333333,6942,WILLIAMS LAKE FROST CREEK,BC,BRITISH COLUMBIA,COLOMBIE-BRITANNIQUE,CAN,520200000,-1220800000,PST,822.90,109Q9MK,,,N/A,G,1,9,,,,,1991-01-01 00:00:00,1991-12-31 00:00:00,,,1991-07-01 00:00:00,1991-12-31 00:00:00,1991-01-01 00:00:00,1991-12-01 00:00:00,Y,N,N
-119.25,50.4,6943,ARMSTRONG OTTER LAKE,BC,BRITISH COLUMBIA,COLOMBIE-BRITANNIQUE,CAN,502400000,-1191500000,PST,342.40,1120486,,,N/A,G,1,8,,,,,1991-01-01 00:00:00,1992-12-01 00:00:00,,,1991-04-01 00:00:00,1992-09-30 00:00:00,1991-01-01 00:00:00,1992-12-01 00:00:00,Y,N,N
-115.95,50.46666666666667,6944,WINDERMERE 2,BC,BRITISH COLUMBIA,COLOMBIE-BRITANNIQUE,CAN,502800000,-1155700000,PST,884.00,115HR57,,,N/A,G,1,9,,,,,1991-01-01 00:00:00,1992-12-01 00:00:00,,,1991-10-01 00:00:00,1992-10-31 00:00:00,1991-01-01 00:00:00,1992-12-01 00:00:00,Y,N,N
-121.23333333333333,51.416666666666664,6945,GREEN LAKE,BC,BRITISH COLUMBIA,COLOMBIE-BRITANNIQUE,CAN,512500000,-1211400000,PST,1070.00,116CK98,,,N/A,G,1,9,,,,,1991-01-01 00:00:00,1991-12-01 00:00:00,,,1991-06-01 00:00:00,1991-11-30 00:00:00,1991-01-01 00:00:00,1991-12-01 00:00:00,Y,N,N
-131.21666666666667,56.71666666666667,6946,LOST LAKE,BC,BRITISH COLUMBIA,COLOMBIE-BRITANNIQUE,CAN,564300000,-1311300000,PST,90.00,120DP19,,,N/A,G,1,9,,,,,1991-01-01 00:00:00,1991-12-01 00:00:00,,,1991-06-01 00:00:00,1991-09-30 00:00:00,1991-01-01 00:00:00,1991-12-01 00:00:00,Y,N,N
-130.25,56.96666666666667,6947,BOB QUINN LAKE 2,BC,BRITISH COLUMBIA,COLOMBIE-BRITANNIQUE,CAN,565800000,-1301500000,PST,609.60,120090J,,,Climate-Staffed,G,1,9,,,,,1991-01-01 00:00:00,1991-12-01 00:00:00,,,1991-09-01 00:00:00,1991-09-30 00:00:00,1991-01-01 00:00:00,1991-12-01 00:00:00,Y,N,N
-126.54310916666667,49.38330944444444,8040,ESTEVAN POINT CS,BC,BRITISH COLUMBIA,COLOMBIE-BRITANNIQUE,CAN,492259914,-1263235193,PST,5.80,1032731,WEB,71894,Climate-Auto,G,1,8,ECCC - MSC,ECCC - SMC,Environment and Climate Change Canada - Meteorological Service of Canada,Environnement et Changement climatique Canada - Service météorologique du Canada,1993-01-18 00:00:00,2024-11-19 12:30:02,1994-02-01 00:00:00,2024-11-19 12:30:02,1993-01-18 00:00:00,2024-11-19 00:00:00,1997-04-01 00:00:00,2007-02-01 00:00:00,Y,N,Y
-125.15,49.35,8041,GREAT CENTRAL LAKE,BC,BRITISH COLUMBIA,COLOMBIE-BRITANNIQUE,CAN,492100000,-1250900000,PST,502.90,1033292,,,N/A,,1,9,,,,,1957-08-01 00:00:00,1957-09-30 00:00:00,,,1957-08-01 00:00:00,1957-09-30 00:00:00,,,Y,N,N
-124.92683333333333,49.316583333333334,8045,PORT ALBERNI (AUT),BC,BRITISH COLUMBIA,COLOMBIE-BRITANNIQUE,CAN,491859700,-1245536600,PST,76.20,1036B06,WQC,71475,Climate-Auto,,,,ECCC - MSC,ECCC - SMC,Environment and Climate Change Canada - Meteorological Service of Canada,Environnement et Changement climatique Canada - Service météorologique du Canada,1992-12-11 00:00:00,2024-11-19 12:30:02,1994-02-01 00:00:00,2024-11-19 12:30:02,1992-12-11 00:00:00,2024-11-19 00:00:00,2002-03-01 00:00:00,2007-02-01 00:00:00,Y,N,Y
-132.77199972222223,53.31558,8062,KINDAKUN ROCKS (AUT),BC,BRITISH COLUMBIA,COLOMBIE-BRITANNIQUE,CAN,531856088,-1324619199,PST,14.70,1054222,WQS,71472,Climate-Auto,,,,ECCC - MSC,ECCC - SMC,Environment and Climate Change Canada - Meteorological Service of Canada,Environnement et Changement climatique Canada - Service météorologique du Canada,1994-02-01 00:28:00,2024-11-19 12:30:02,1994-02-01 00:28:00,2024-11-19 12:30:02,1994-12-30 00:00:00,2024-11-19 00:00:00,2005-08-01 00:00:00,2005-10-01 00:00:00,Y,N,Y
-131.66132583333334,54.15914,8064,ROSE SPIT (AUT),BC,BRITISH COLUMBIA,COLOMBIE-BRITANNIQUE,CAN,540932904,-1313940773,PST,6.60,1056869,WRO,71477,Climate-Auto,,,,ECCC - MSC,ECCC - SMC,Environment and Climate Change Canada - Meteorological Service of Canada,Environnement et Changement climatique Canada - Service météorologique du Canada,1994-05-11 10:16:00,2024-11-19 12:30:02,1994-05-11 10:16:00,2024-11-19 12:30:02,1994-12-30 00:00:00,2024-11-19 00:00:00,2004-03-01 00:00:00,2005-12-01 00:00:00,Y,N,Y
-124.13555555555556,52.114444444444445,8092,PUNTZI MOUNTAIN (AUT),BC,BRITISH COLUMBIA,COLOMBIE-BRITANNIQUE,CAN,520652000,-1240808000,PST,909.80,1086558,WPU,71050,Climate-Auto,,,,ECCC - MSC,ECCC - SMC,Environment and Climate Change Canada - Meteorological Service of Canada,Environnement et Changement climatique Canada - Service météorologique du Canada,1993-03-25 00:00:00,2024-11-19 12:30:02,1994-02-01 00:00:00,2024-11-19 12:30:02,1993-03-25 00:00:00,2024-11-19 00:00:00,2005-06-01 00:00:00,2006-09-01 00:00:00,Y,N,Y
-121.49805555555555,49.36833333333333,8152,HOPE (AUT),BC,BRITISH COLUMBIA,COLOMBIE-BRITANNIQUE,CAN,492206000,-1212953000,PST,39.00,1113541,ZHE,71114,Aviation-Auto,,,,,,,,2004-01-01 00:00:00,2012-08-23 00:00:00,2004-04-07 01:00:00,2012-08-01 10:00:00,2004-01-01 00:00:00,2012-08-23 00:00:00,2005-02-01 00:00:00,2007-02-01 00:00:00,Y,N,Y
-119.28991666666667,52.129,8214,BLUE RIVER CS,BC,BRITISH COLUMBIA,COLOMBIE-BRITANNIQUE,CAN,520744400,-1191723700,PST,682.80,1160H99,WSV,71883,Climate-Auto,G,1,8,ECCC - MSC,ECCC - SMC,Environment and Climate Change Canada - Meteorological Service of Canada,Environnement et Changement climatique Canada - Service météorologique du Canada,1992-12-02 00:00:00,2024-11-19 12:30:02,1993-10-31 16:00:00,2024-11-19 12:30:02,1992-12-02 00:00:00,2024-11-19 00:00:00,1997-05-01 00:00:00,2006-10-01 00:00:00,Y,N,Y
-117.83333333333333,51.15,8227,DOWNIE CREEK,BC,BRITISH COLUMBIA,COLOMBIE-BRITANNIQUE,CAN,510900000,-1175000000,MST,754.40,1172542,,,N/A,,1,9,,,,,1953-07-01 00:00:00,1955-10-31 00:00:00,,,1953-07-01 00:00:00,1955-10-31 00:00:00,,,Y,N,N
-122.57279722222222,58.841388888888886,8248,FORT NELSON UA,BC,BRITISH COLUMBIA,COLOMBIE-BRITANNIQUE,CAN,585029000,-1223422070,PST,378.30,1192950,,71945,Aviation-Staffed,G,1,8,,,,,1999-04-01 00:00:00,2017-09-18 00:00:00,,,1999-04-01 00:00:00,2017-09-18 00:00:00,1999-04-01 00:00:00,2007-02-01 00:00:00,Y,N,N
-130.6978,54.58032,8258,GREY ISLET (AUT),BC,BRITISH COLUMBIA,COLOMBIE-BRITANNIQUE,CAN,543449152,-1304152080,PST,9.50,1063303,WEK,71476,Climate-Auto,,,,ECCC - MSC,ECCC - SMC,Environment and Climate Change Canada - Meteorological Service of Canada,Environnement et Changement climatique Canada - Service météorologique du Canada,1994-02-01 00:18:00,2024-11-19 12:30:02,1994-02-01 00:18:00,2024-11-19 12:30:02,1994-12-30 00:00:00,2024-11-19 00:00:00,2005-06-01 00:00:00,2007-02-01 00:00:00,Y,N,Y
-127.63205,50.93976111111111,8259,HERBERT ISLAND (AUT),BC,BRITISH COLUMBIA,COLOMBIE-BRITANNIQUE,CAN,505623140,-1273755380,PST,13.50,1063461,WLP,71485,Climate-Auto,,,,ECCC - MSC,ECCC - SMC,Environment and Climate Change Canada - Meteorological Service of Canada,Environnement et Changement climatique Canada - Service météorologique du Canada,1994-02-01 00:25:00,2024-11-19 12:30:02,1994-02-01 00:25:00,2024-11-19 12:30:02,1994-12-30 00:00:00,2024-11-19 00:00:00,2005-06-01 00:00:00,2007-02-01 00:00:00,Y,N,Y
-127.93999972222223,50.11151,8260,SOLANDER ISLAND (AUT),BC,BRITISH COLUMBIA,COLOMBIE-BRITANNIQUE,CAN,500641436,-1275623999,PST,94.20,1037553,WRU,71479,Climate-Auto,,,,ECCC - MSC,ECCC - SMC,Environment and Climate Change Canada - Meteorological Service of Canada,Environnement et Changement climatique Canada - Service météorologique du Canada,1994-02-01 00:17:00,2024-11-19 12:30:02,1994-02-01 00:17:00,2024-11-19 12:30:02,1994-12-30 00:00:00,2024-11-19 00:00:00,2007-02-01 00:00:00,2007-02-01 00:00:00,Y,N,Y
-128.90805555555556,50.82111111111111,8261,SARTINE ISLAND (AUT),BC,BRITISH COLUMBIA,COLOMBIE-BRITANNIQUE,CAN,504916000,-1285429000,PST,103.50,1037090,WFG,71478,Climate-Auto,,,,ECCC - MSC,ECCC - SMC,Environment and Climate Change Canada - Meteorological Service of Canada,Environnement et Changement climatique Canada - Service météorologique du Canada,1994-02-01 00:21:00,2024-11-19 12:30:02,1994-02-01 00:21:00,2024-11-19 12:30:02,1994-12-30 00:00:00,2024-11-19 00:00:00,2005-02-01 00:00:00,2007-02-01 00:00:00,Y,N,Y
-127.47116111111112,52.18745277777778,8264,CATHEDRAL POINT (AUT),BC,BRITISH COLUMBIA,COLOMBIE-BRITANNIQUE,CAN,521114830,-1272816180,PST,26.40,1061458,WME,71482,Climate-Auto,,,,ECCC - MSC,ECCC - SMC,Environment and Climate Change Canada - Meteorological Service of Canada,Environnement et Changement climatique Canada - Service météorologique du Canada,1994-02-01 00:20:00,2024-11-19 12:30:02,1994-02-01 00:20:00,2024-11-19 12:30:02,1994-12-30 00:00:00,2024-11-19 00:00:00,2002-05-01 00:00:00,2007-02-01 00:00:00,Y,N,Y
-130.639,53.492849722222225,8265,BONILLA ISLAND (AUT),BC,BRITISH COLUMBIA,COLOMBIE-BRITANNIQUE,CAN,532934259,-1303820400,PST,12.50,1060R0K,WWL,71484,Climate-Auto,,,,ECCC - MSC,ECCC - SMC,Environment and Climate Change Canada - Meteorological Service of Canada,Environnement et Changement climatique Canada - Service météorologique du Canada,1994-02-01 00:24:00,2024-11-19 12:30:02,1994-02-01 00:24:00,2024-11-19 12:30:02,1994-12-30 00:00:00,2024-11-19 00:00:00,2002-10-01 00:00:00,2007-02-01 00:00:00,Y,N,Y
-125.86666666666666,50.4,9818,HELMCKEN ISLAND,BC,BRITISH COLUMBIA,COLOMBIE-BRITANNIQUE,CAN,502400000,-1255200000,PST,18.90,106CDL0,WXM,,Climate-Auto,,,,,,,,1994-02-01 00:19:00,2000-09-24 15:19:00,1994-02-01 00:19:00,2000-09-24 15:19:00,1994-12-30 00:00:00,2000-09-24 00:00:00,,,Y,N,N
-124.83333333333333,48.666666666666664,10184,NITINAT LAKE (AUT),BC,BRITISH COLUMBIA,COLOMBIE-BRITANNIQUE,CAN,484000000,-1245000000,PST,36.40,103EFJ0,WAC,,N/A,,,,,,,,1992-12-01 00:00:00,2001-12-15 03:24:00,1994-02-01 00:24:00,2001-12-15 03:24:00,1992-12-01 00:00:00,2001-12-14 00:00:00,,,Y,N,N
-124.83333333333333,53.68333333333333,10709,NECHAKO RIVER (AUT),BC,BRITISH COLUMBIA,COLOMBIE-BRITANNIQUE,CAN,534100000,-1245000000,PST,715.00,1085415,WNX,71763,Climate-Auto,,,,,,,,1994-02-01 00:12:00,2002-01-15 04:11:00,1994-02-01 00:12:00,2002-01-15 04:11:00,1995-05-24 00:00:00,2002-01-15 00:00:00,,,Y,N,N
-131.66666666666666,56.733333333333334,10806,ISKUT RIVER (AUT),BC,BRITISH COLUMBIA,COLOMBIE-BRITANNIQUE,CAN,564400000,-1314000000,PST,15.00,120C6PK,WIO,71762,Climate-Auto,,,,,,,,1994-02-01 00:14:00,2002-08-29 07:02:00,1994-02-01 00:14:00,2002-08-29 07:02:00,1995-05-24 00:00:00,2002-08-29 00:00:00,,,Y,N,N
-123.0925,51.26027777777778,10811,BIG CREEK (AUT),BC,BRITISH COLUMBIA,COLOMBIE-BRITANNIQUE,CAN,511537000,-1230533000,PST,1670.00,10808G0,WBG,71760,Climate-Auto,,,,,,,,1994-10-03 08:07:00,2011-09-28 00:00:00,1994-10-03 08:07:00,2003-03-25 22:02:00,1995-05-24 00:00:00,2011-09-28 00:00:00,,,Y,N,N
-123.16194444444444,49.781666666666666,10816,SQUAMISH AIRPORT,BC,BRITISH COLUMBIA,COLOMBIE-BRITANNIQUE,CAN,494654000,-1230943000,PST,52.10,1047FF0,YSE,,Aviation-Staffed,,,,,,,,2010-01-06 00:00:00,2010-04-02 22:00:00,2010-01-26 13:00:00,2010-04-02 22:00:00,2010-01-06 00:00:00,2010-04-01 00:00:00,,,Y,N,N
-123.23703333333333,48.547694444444446,10853,KELP REEFS,BC,BRITISH COLUMBIA,COLOMBIE-BRITANNIQUE,CAN,483251700,-1231413320,PST,0.00,1013998,WZO,,Climate-Auto,,,,ECCC - MSC,ECCC - SMC,Environment and Climate Change Canada - Meteorological Service of Canada,Environnement et Changement climatique Canada - Service météorologique du Canada,1997-03-14 12:00:00,2024-11-19 12:30:02,1997-03-14 12:00:00,2024-11-19 12:30:02,2018-05-14 00:00:00,2024-11-18 00:00:00,,,,,
-121.00083333333333,52.00472222222222,10891,HORSEFLY RIVER (AUT),BC,BRITISH COLUMBIA,COLOMBIE-BRITANNIQUE,CAN,520017000,-1210003000,PST,846.00,109CN9G,WFR,,Climate-Auto,,,,,,,,1994-02-01 00:24:00,2001-10-02 11:23:00,1994-02-01 00:24:00,2001-10-02 11:23:00,1995-05-24 00:00:00,2001-10-02 00:00:00,,,Y,N,N
-131.01583333333335,51.935833333333335,10901,CAPE ST JAMES,BC,BRITISH COLUMBIA,COLOMBIE-BRITANNIQUE,CAN,515609000,-1310057000,PST,87.80,1051351,WZV,71107,Climate-Auto,G,1,8,ECCC - MSC,ECCC - SMC,Environment and Climate Change Canada - Meteorological Service of Canada,Environnement et Changement climatique Canada - Service météorologique du Canada,1992-11-01 00:00:00,2024-11-19 12:30:02,1993-09-30 16:00:00,2024-11-19 12:30:02,1992-11-01 00:00:00,2024-11-19 00:00:00,1994-01-01 00:00:00,2007-01-01 00:00:00,Y,N,Y
-123.53144055555556,48.297984166666666,10943,RACE ROCKS,BC,BRITISH COLUMBIA,COLOMBIE-BRITANNIQUE,CAN,481752743,-1233153186,PST,7.40,1016640,WQK,71778,Climate-Auto,,,,ECCC - MSC,ECCC - SMC,Environment and Climate Change Canada - Meteorological Service of Canada,Environnement et Changement climatique Canada - Service météorologique du Canada,1994-02-01 00:00:00,2024-11-19 12:30:02,1994-02-01 00:00:00,2024-11-19 12:30:02,1995-02-08 00:00:00,2024-11-19 00:00:00,,,Y,N,N
-123.3875,48.422777777777775,10944,VICTORIA HARBOUR A,BC,BRITISH COLUMBIA,COLOMBIE-BRITANNIQUE,CAN,482522000,-1232315000,PST,0.00,1018615,YWH,,Aviation-Staffed,,,,,,,,1994-07-01 05:00:00,2015-02-12 10:00:00,1994-07-01 05:00:00,2015-02-12 10:00:00,,,,,N,N,Y
-119.4,49.95,10976,KELOWNA MWS0,BC,BRITISH COLUMBIA,COLOMBIE-BRITANNIQUE,CAN,495700000,-1192400000,PST,456.00,11239R0,,,N/A,F,1,7,CCN,RCSC,Co-operative Climate Network,Réseau coopératif de stations climatiques,1994-01-01 00:00:00,2017-06-29 00:00:00,,,1994-01-01 00:00:00,2017-06-29 00:00:00,1994-01-01 00:00:00,2007-02-01 00:00:00,Y,N,N
-128.11666666666667,50.63333333333333,10998,HOLBERG CCR,BC,BRITISH COLUMBIA,COLOMBIE-BRITANNIQUE,CAN,503800000,-1280700000,PST,568.00,1033481,WXH,71562,Aviation-Auto,,,,,,,,1994-01-31 23:00:00,2010-04-07 00:00:00,1994-01-31 23:00:00,2001-11-20 10:00:00,2010-01-28 00:00:00,2010-04-07 00:00:00,,,Y,N,N
-122.77638888888889,49.20527777777778,11002,SURREY TYNEHEAD B,BC,BRITISH COLUMBIA,COLOMBIE-BRITANNIQUE,CAN,491219000,-1224635000,PST,77.10,1107H79,,,Climate-Staffed,G,1,8,,,,,1994-01-01 00:00:00,2005-12-31 00:00:00,,,1994-01-01 00:00:00,2005-12-31 00:00:00,1994-01-01 00:00:00,2005-12-01 00:00:00,Y,N,N
-119.91833333333334,50.90208333333333,11005,SUN PEAKS UPPER,BC,BRITISH COLUMBIA,COLOMBIE-BRITANNIQUE,CAN,505407500,-1195506000,PST,2055.00,116QK0M,,,Climate-Staffed,G,1,9,CCN,RCSC,Co-operative Climate Network,Réseau coopératif de stations climatiques,1994-01-01 00:00:00,2024-11-17 00:00:00,,,1994-03-01 00:00:00,2024-11-17 00:00:00,1994-01-01 00:00:00,2007-02-01 00:00:00,Y,N,N
-119.88309361111111,50.88706972222222,11006,SUN PEAKS LOWER,BC,BRITISH COLUMBIA,COLOMBIE-BRITANNIQUE,CAN,505313451,-1195259137,PST,1310.60,116Q20D,,,Climate-Staffed,G,1,8,CCN,RCSC,Co-operative Climate Network,Réseau coopératif de stations climatiques,1994-01-01 00:00:00,2024-11-16 00:00:00,,,1994-03-01 00:00:00,2024-11-16 00:00:00,1994-01-01 00:00:00,2007-02-01 00:00:00,Y,N,N
-123.45913888888889,48.533833333333334,11007,VICTORIA HARTLAND CS,BC,BRITISH COLUMBIA,COLOMBIE-BRITANNIQUE,CAN,483201800,-1232732900,PST,154.10,1018FJ5,,,Climate-Auto,G,1,8,,,,,1994-01-01 00:00:00,2012-06-11 11:00:00,1994-06-06 16:00:00,2012-06-11 11:00:00,1994-06-01 00:00:00,2012-06-11 00:00:00,1994-01-01 00:00:00,2005-09-01 00:00:00,Y,N,N
-122.55,49.03333333333333,26820,LANGLEY SOUTH,BC,BRITISH COLUMBIA,COLOMBIE-BRITANNIQUE,CAN,490200000,-1223300000,PST,61.00,110456B,,,N/A,G,1,8,,,,,1995-02-01 00:00:00,1996-04-30 00:00:00,,,1995-02-01 00:00:00,1996-04-30 00:00:00,1995-02-01 00:00:00,1996-04-01 00:00:00,Y,N,N
-121.98333333333333,57.43333333333333,26821,LAPRISE,BC,BRITISH COLUMBIA,COLOMBIE-BRITANNIQUE,CAN,572600000,-1215900000,PST,781.00,1184575,,,N/A,G,1,8,,,,,1995-01-01 00:00:00,1997-02-28 00:00:00,,,1995-01-01 00:00:00,1997-02-28 00:00:00,1995-01-01 00:00:00,1997-02-01 00:00:00,Y,N,N
-124.5,56.11666666666667,26917,MESILINKA CAMP,BC,BRITISH COLUMBIA,COLOMBIE-BRITANNIQUE,CAN,560700000,-1243000000,PST,803.00,1185103,,,N/A,G,1,9,,,,,1995-06-01 00:00:00,1996-03-31 00:00:00,,,1995-06-01 00:00:00,1996-03-31 00:00:00,1995-06-01 00:00:00,1995-11-01 00:00:00,Y,N,N
-119.57277777777777,49.84222222222222,26932,KELOWNA QUAILS GATE,BC,BRITISH COLUMBIA,COLOMBIE-BRITANNIQUE,CAN,495032000,-1193422000,PST,417.00,1123993,,,Climate-Staffed,G,1,8,,,,,1995-06-01 00:00:00,2014-04-06 00:00:00,,,1995-06-01 00:00:00,2014-04-06 00:00:00,1995-06-01 00:00:00,2007-02-01 00:00:00,Y,N,N
-120.7,53.6,26989,CRESCENT SPUR,BC,BRITISH COLUMBIA,COLOMBIE-BRITANNIQUE,CAN,533600000,-1204200000,PST,686.00,1092120,,,Climate-Staffed,F,1,7,CCN,RCSC,Co-operative Climate Network,Réseau coopératif de stations climatiques,1994-01-01 00:00:00,2016-02-28 00:00:00,,,1994-08-01 00:00:00,2016-02-28 00:00:00,1994-01-01 00:00:00,2007-02-01 00:00:00,Y,N,N
-123.76528888888889,48.755852777777775,26990,DUNCAN GLENORA,BC,BRITISH COLUMBIA,COLOMBIE-BRITANNIQUE,CAN,484521070,-1234555040,PST,84.00,1022571,,,Climate-Staffed,F,1,7,,,,,1994-01-01 00:00:00,2010-07-30 00:00:00,,,1994-05-01 00:00:00,2010-07-30 00:00:00,1994-01-01 00:00:00,2007-02-01 00:00:00,Y,N,N
-119.58333333333333,49.86666666666667,26991,KELOWNA BYLANDS,BC,BRITISH COLUMBIA,COLOMBIE-BRITANNIQUE,CAN,495200000,-1193500000,,480.00,1123977,,,Climate-Staffed,G,1,9,,,,,1994-01-01 00:00:00,1995-10-31 00:00:00,,,1994-05-01 00:00:00,1995-10-31 00:00:00,1994-01-01 00:00:00,1995-10-01 00:00:00,Y,N,N
-119.5415,49.78933333333333,26993,KELOWNA CEDARCREEK,BC,BRITISH COLUMBIA,COLOMBIE-BRITANNIQUE,CAN,494721600,-1193229400,PST,375.00,1123981,,,Climate-Staffed,G,1,8,,,,,1994-01-01 00:00:00,2008-11-30 00:00:00,,,1994-05-01 00:00:00,2008-11-30 00:00:00,1994-01-01 00:00:00,2007-02-01 00:00:00,Y,N,N
-119.74116666666667,49.70033333333333,26994,PEACHLAND GREATA RANCH,BC,BRITISH COLUMBIA,COLOMBIE-BRITANNIQUE,CAN,494201200,-1194428200,PST,398.00,1126078,,,Climate-Staffed,G,1,8,,,,,1994-01-01 00:00:00,2008-06-30 00:00:00,,,1994-06-01 00:00:00,2008-06-30 00:00:00,1994-01-01 00:00:00,2007-02-01 00:00:00,Y,N,N
-119.3,52.75,26995,VALEMOUNT SOUTH,BC,BRITISH COLUMBIA,COLOMBIE-BRITANNIQUE,CAN,524500000,-1191800000,PST,930.00,117HCL9,,,N/A,G,1,8,,,,,1994-01-01 00:00:00,1996-11-30 00:00:00,,,1994-08-01 00:00:00,1996-11-30 00:00:00,1994-01-01 00:00:00,1996-11-01 00:00:00,Y,N,N
-119.26666666666667,50.3,26996,VERNON SWAN LAKE,BC,BRITISH COLUMBIA,COLOMBIE-BRITANNIQUE,CAN,501800000,-1191600000,PST,490.00,1128586,,,Climate-Staffed,G,1,8,,,,,1994-01-01 00:00:00,2007-03-17 00:00:00,,,1994-05-01 00:00:00,2007-03-17 00:00:00,1994-01-01 00:00:00,2007-02-01 00:00:00,Y,N,N
-120.96666666666667,50.766666666666666,26997,WALHACHIN,BC,BRITISH COLUMBIA,COLOMBIE-BRITANNIQUE,CAN,504600000,-1205800000,PST,450.00,116QF69,,,Climate-Staffed,G,1,8,,,,,1994-01-01 00:00:00,1997-01-31 00:00:00,,,1994-07-01 00:00:00,1997-01-31 00:00:00,1994-01-01 00:00:00,1997-01-01 00:00:00,Y,N,N
-123.23444444444445,49.42055555555555,27006,HOWE SOUND STRACHAN CRK,BC,BRITISH COLUMBIA,COLOMBIE-BRITANNIQUE,CAN,492514000,-1231404000,PST,20.00,110361F,,,Climate-Staffed,G,1,8,,,,,1994-05-01 00:00:00,2006-07-31 00:00:00,,,1994-05-01 00:00:00,2006-07-31 00:00:00,1994-05-01 00:00:00,2006-07-01 00:00:00,Y,N,N
-122.76666666666667,49.28333333333333,27007,COQUITLAM LAFARGE,BC,BRITISH COLUMBIA,COLOMBIE-BRITANNIQUE,CAN,491700000,-1224600000,PST,34.00,110188H,,,N/A,G,1,8,,,,,1994-07-01 00:00:00,1996-07-31 00:00:00,,,1994-07-01 00:00:00,1996-07-31 00:00:00,1994-07-01 00:00:00,1996-07-01 00:00:00,Y,N,N
-119.83333333333333,53.166666666666664,27008,DUNSTER 2,BC,BRITISH COLUMBIA,COLOMBIE-BRITANNIQUE,CAN,531000000,-1195000000,PST,833.00,1092579,,,Climate-Staffed,G,1,8,,,,,1994-08-01 00:00:00,1997-08-31 00:00:00,,,1994-08-01 00:00:00,1997-08-31 00:00:00,1994-08-01 00:00:00,1997-08-01 00:00:00,Y,N,N
-123.15,49.266666666666666,27093,VANCOUVER TRAFALGAR PK,BC,BRITISH COLUMBIA,COLOMBIE-BRITANNIQUE,CAN,491600000,-1230900000,PST,42.00,1108482,,,N/A,G,1,8,,,,,1995-09-01 00:00:00,1999-05-31 00:00:00,,,1995-09-01 00:00:00,1999-05-31 00:00:00,1995-09-01 00:00:00,1999-05-01 00:00:00,Y,N,N
-116.54108333333333,51.43333333333333,27094,YOHO NP EMERALD LAKE,BC,BRITISH COLUMBIA,COLOMBIE-BRITANNIQUE,CAN,512600000,-1163227900,MST,1280.00,117R00G,,,Climate-Staffed,G,1,8,CCN,RCSC,Co-operative Climate Network,Réseau coopératif de stations climatiques,1995-07-01 00:00:00,2017-04-09 00:00:00,,,1995-07-01 00:00:00,2017-04-09 00:00:00,1995-07-01 00:00:00,2007-01-01 00:00:00,Y,N,N
-128.6822222222222,54.04361111111111,27121,KITIMAT HATCHERY,BC,BRITISH COLUMBIA,COLOMBIE-BRITANNIQUE,CAN,540237000,-1284056000,PST,11.00,106D289,,,Climate-Staffed,F,1,7,CCN,RCSC,Co-operative Climate Network,Réseau coopératif de stations climatiques,1995-05-01 00:00:00,2024-07-17 00:00:00,,,1995-05-01 00:00:00,2024-07-17 00:00:00,1995-05-01 00:00:00,2007-02-01 00:00:00,Y,N,N
-120.33277777777778,49.672777777777775,27122,JELLICOE,BC,BRITISH COLUMBIA,COLOMBIE-BRITANNIQUE,CAN,494022000,-1201958000,PST,929.00,1123721,,,Climate-Staffed,G,1,8,CCN,RCSC,Co-operative Climate Network,Réseau coopératif de stations climatiques,1995-08-01 00:00:00,2024-11-18 00:00:00,,,1995-08-01 00:00:00,2024-11-18 00:00:00,1995-08-01 00:00:00,2007-02-01 00:00:00,Y,N,N
-122.79,49.150555555555556,27198,SURREY FLEETWOOD,BC,BRITISH COLUMBIA,COLOMBIE-BRITANNIQUE,CAN,490902000,-1224724000,PST,67.00,110S001,,,Climate-Staffed,G,1,8,,,,,1996-09-01 00:00:00,2001-10-31 00:00:00,,,1996-09-01 00:00:00,2001-10-31 00:00:00,1996-09-01 00:00:00,2001-10-01 00:00:00,Y,N,N
-123.22569972222222,48.42460833333333,27226,DISCOVERY ISLAND,BC,BRITISH COLUMBIA,COLOMBIE-BRITANNIQUE,CAN,482528590,-1231332519,PST,18.90,1012475,WDR,71031,Climate-Auto,G,1,8,ECCC - MSC,ECCC - SMC,Environment and Climate Change Canada - Meteorological Service of Canada,Environnement et Changement climatique Canada - Service météorologique du Canada,1997-01-02 09:00:00,2024-11-19 12:30:02,1997-01-02 09:00:00,2024-11-19 12:30:02,1997-04-01 00:00:00,2024-11-19 00:00:00,1998-05-01 00:00:00,2005-08-01 00:00:00,Y,N,N
-123.91666666666667,49.46666666666667,27288,MERRY ISLAND,BC,BRITISH COLUMBIA,COLOMBIE-BRITANNIQUE,CAN,492800000,-1235500000,PST,20.00,1045101,WMY,71210,Climate-Auto,,,,,,,,1997-06-18 10:00:00,1998-06-05 12:00:00,1997-06-18 10:00:00,1998-06-05 12:00:00,1998-05-02 00:00:00,1998-05-02 00:00:00,,,Y,N,N
-124.68333333333334,49.46666666666667,27289,CHROME ISLAND,BC,BRITISH COLUMBIA,COLOMBIE-BRITANNIQUE,CAN,492800000,-1244100000,PST,11.30,1021616,WOG,,Climate-Auto,,,,,,,,1997-06-18 10:00:00,1998-06-05 10:00:00,1997-06-18 10:00:00,1998-06-05 10:00:00,1998-05-02 00:00:00,1998-05-02 00:00:00,,,Y,N,N
-123.30490833333333,48.39505555555556,27290,TRIAL ISLAND,BC,BRITISH COLUMBIA,COLOMBIE-BRITANNIQUE,CAN,482342200,-1231817670,PST,23.00,1018238,WIN,71034,Climate-Auto,,,,CCG,GCC,Canadian Coast Guard,Garde côtière canadienne,1997-06-18 10:00:00,1998-06-05 10:00:00,1997-06-18 10:00:00,1998-06-05 10:00:00,1998-05-02 00:00:00,1998-05-02 00:00:00,,,Y,N,N
-125.14194444444445,49.13333333333333,27330,HENDERSON LAKE HATCHERY,BC,BRITISH COLUMBIA,COLOMBIE-BRITANNIQUE,CAN,490800000,-1250831000,PST,2.00,1033456,,,Climate-Staffed,G,1,8,,,,,1996-03-01 00:00:00,2007-10-28 00:00:00,,,1996-03-01 00:00:00,2007-10-28 00:00:00,1996-03-01 00:00:00,2003-03-01 00:00:00,Y,N,N
-123.07888888888888,49.318888888888885,27356,N VANCOUVER W KEITH RD,BC,BRITISH COLUMBIA,COLOMBIE-BRITANNIQUE,CAN,491908000,-1230444000,,64.00,110B001,,,Climate-Staffed,G,1,8,,,,,1997-08-01 00:00:00,2002-01-31 00:00:00,,,1997-08-01 00:00:00,2002-01-31 00:00:00,1997-08-01 00:00:00,2002-01-01 00:00:00,Y,N,N
-121.93415138888889,50.683727777777776,27388,LILLOOET,BC,BRITISH COLUMBIA,COLOMBIE-BRITANNIQUE,CAN,504101420,-1215602945,PST,239.50,1114619,WKF,71999,Climate-Auto,G,1,8,ECCC - MSC,ECCC - SMC,Environment and Climate Change Canada - Meteorological Service of Canada,Environnement et Changement climatique Canada - Service météorologique du Canada,1997-11-20 15:00:00,2024-11-19 12:30:02,1997-11-20 15:00:00,2024-11-19 12:30:02,1997-11-24 00:00:00,2024-11-19 00:00:00,1997-12-01 00:00:00,2005-09-01 00:00:00,Y,N,N
-124.52522222222223,49.804611111111114,27449,GRIEF POINT,BC,BRITISH COLUMBIA,COLOMBIE-BRITANNIQUE,CAN,494816600,-1243130800,PST,10.00,1043304,WKA,,Climate-Auto,,,,ECCC - MSC,ECCC - SMC,Environment and Climate Change Canada - Meteorological Service of Canada,Environnement et Changement climatique Canada - Service météorologique du Canada,1997-11-28 04:00:00,2024-11-19 12:30:02,1997-11-28 04:00:00,2024-11-19 12:30:02,2018-05-14 00:00:00,2024-11-18 00:00:00,,,,,
-127.8338888888889,55.49138888888889,27648,MURDER CREEK 2,BC,BRITISH COLUMBIA,COLOMBIE-BRITANNIQUE,CAN,552929000,-1275002000,PST,368.00,1075252,,,Climate-Staffed,G,1,8,,,,,1998-07-01 00:00:00,2004-07-31 00:00:00,,,1998-07-01 00:00:00,2004-07-31 00:00:00,1998-07-01 00:00:00,2004-07-01 00:00:00,Y,N,N
-130.44472222222223,54.28611111111111,27991,PRINCE RUPERT AWOS,BC,BRITISH COLUMBIA,COLOMBIE-BRITANNIQUE,CAN,541710000,-1302641000,PST,35.40,1066483,VPT,71898,Aviation-Auto,,,,,,,,2004-04-07 01:00:00,2012-05-08 11:00:00,2004-04-07 01:00:00,2012-05-08 11:00:00,2005-01-21 00:00:00,2012-05-08 00:00:00,2005-02-01 00:00:00,2007-02-01 00:00:00,Y,N,Y
-123.19527777777778,49.41,28013,CYPRESS BOWL 1425,BC,BRITISH COLUMBIA,COLOMBIE-BRITANNIQUE,CAN,492436000,-1231143000,PST,1425.00,1102252,,,Climate-Staffed,G,1,9,,,,,1999-12-01 00:00:00,2004-04-30 00:00:00,,,1999-12-01 00:00:00,2004-04-30 00:00:00,1999-12-01 00:00:00,2004-04-01 00:00:00,Y,N,N
-123.81055583333334,49.208665277777776,29411,ENTRANCE ISLAND,BC,BRITISH COLUMBIA,COLOMBIE-BRITANNIQUE,CAN,491231195,-1234838001,PST,7.60,1022689,WEL,71772,Climate-Auto,G,1,8,ECCC - MSC,ECCC - SMC,Environment and Climate Change Canada - Meteorological Service of Canada,Environnement et Changement climatique Canada - Service météorologique du Canada,1992-05-01 00:00:00,2024-11-19 12:30:02,1994-02-01 00:00:00,2024-11-19 12:30:02,1992-05-01 00:00:00,2024-11-19 00:00:00,1992-05-01 00:00:00,2006-07-01 00:00:00,Y,N,N
-125.99289583333334,50.4535175,29733,FANNY ISLAND,BC,BRITISH COLUMBIA,COLOMBIE-BRITANNIQUE,CAN,502712663,-1255934425,PST,5.20,1022795,XFA,71568,Climate-Auto,,,,ECCC - MSC,ECCC - SMC,Environment and Climate Change Canada - Meteorological Service of Canada,Environnement et Changement climatique Canada - Service météorologique du Canada,2000-04-01 00:00:00,2024-11-19 12:30:02,2000-04-04 10:00:00,2024-11-19 12:30:02,2000-04-01 00:00:00,2024-11-19 00:00:00,2000-04-01 00:00:00,2007-02-01 00:00:00,Y,N,N
-117.73472222222222,49.34111111111111,30434,CASTLEGAR ROBSON PUMPHOUSE,BC,BRITISH COLUMBIA,COLOMBIE-BRITANNIQUE,CAN,492028000,-1174405000,PST,435.00,1141463,,,Climate-Staffed,G,1,8,,,,,1998-10-01 00:00:00,2003-12-31 00:00:00,,,1998-10-01 00:00:00,2003-12-31 00:00:00,1998-10-01 00:00:00,2003-12-01 00:00:00,Y,N,N
-124.40313888888889,51.67455555555556,30494,TATLAYOKO LAKE RCS,BC,BRITISH COLUMBIA,COLOMBIE-BRITANNIQUE,CAN,514028400,-1242411300,PST,875.00,1088015,XTL,71028,Climate-Auto,,,,ECCC - MSC,ECCC - SMC,Environment and Climate Change Canada - Meteorological Service of Canada,Environnement et Changement climatique Canada - Service météorologique du Canada,2000-08-10 00:00:00,2024-11-19 12:30:02,2000-08-10 06:00:00,2024-11-19 12:30:02,2000-08-10 00:00:00,2024-11-19 00:00:00,2004-04-01 00:00:00,2007-02-01 00:00:00,Y,N,Y
-130.03222222222223,58.422222222222224,30909,DEASE LAKE LWIS,BC,BRITISH COLUMBIA,COLOMBIE-BRITANNIQUE,CAN,582520000,-1300156000,PST,792.50,1192345,,,Aviation-Auto,,,,,,,,2000-11-28 12:00:00,2011-12-15 10:00:00,2000-11-28 12:00:00,2011-12-15 10:00:00,2002-03-01 00:00:00,2004-10-31 00:00:00,2002-03-01 00:00:00,2004-10-01 00:00:00,Y,N,Y
-119.37777777777778,49.95611111111111,30954,KELOWNA AWOS,BC,BRITISH COLUMBIA,COLOMBIE-BRITANNIQUE,CAN,495722000,-1192240000,PST,429.50,1123965,VLW,,Aviation-Auto,,,,ECCC - MSC,ECCC - SMC,Environment and Climate Change Canada - Meteorological Service of Canada,Environnement et Changement climatique Canada - Service météorologique du Canada,2004-04-07 01:00:00,2010-02-22 00:00:00,2004-04-07 01:00:00,2009-08-27 10:00:00,2005-01-21 00:00:00,2010-02-22 00:00:00,2005-02-01 00:00:00,2007-02-01 00:00:00,Y,N,Y
-131.8138888888889,53.25416666666667,30955,SANDSPIT AWOS,BC,BRITISH COLUMBIA,COLOMBIE-BRITANNIQUE,CAN,531515000,-1314850000,PST,6.40,1057055,CZP,,Aviation-Auto,,,,,,,,1999-01-08 04:00:00,2013-04-09 10:00:00,1999-01-08 04:00:00,2013-04-09 10:00:00,2002-01-01 00:00:00,2013-04-09 00:00:00,2005-02-01 00:00:00,2006-12-01 00:00:00,Y,N,Y
-122.51,53.02611111111111,30967,QUESNEL AWOS,BC,BRITISH COLUMBIA,COLOMBIE-BRITANNIQUE,CAN,530134000,-1223036000,PST,545.00,1096625,CQZ,71103,Aviation-Auto,,,,,,,,2005-09-01 00:00:00,2011-09-21 08:00:00,2005-10-31 23:00:00,2011-09-21 08:00:00,2005-09-01 00:00:00,2010-06-03 00:00:00,2005-09-01 00:00:00,2007-02-01 00:00:00,Y,N,Y
-117.7388888888889,49.11194444444445,31067,WARFIELD RCS,BC,BRITISH COLUMBIA,COLOMBIE-BRITANNIQUE,CAN,490643000,-1174420000,PST,566.90,1148705,XWF,71401,Climate-Auto,,,,ECCC - MSC,ECCC - SMC,Environment and Climate Change Canada - Meteorological Service of Canada,Environnement et Changement climatique Canada - Service météorologique du Canada,2001-06-26 10:00:00,2024-11-19 12:30:02,2001-06-26 10:00:00,2024-11-19 12:30:02,2001-11-26 00:00:00,2024-11-19 00:00:00,2002-07-01 00:00:00,2007-02-01 00:00:00,Y,N,Y
-120.44194444444445,50.702222222222225,42203,KAMLOOPS AUT,BC,BRITISH COLUMBIA,COLOMBIE-BRITANNIQUE,CAN,504208000,-1202631000,PST,345.00,1163842,ZKA,71741,Climate-Auto,,,,ECCC - MSC,ECCC - SMC,Environment and Climate Change Canada - Meteorological Service of Canada,Environnement et Changement climatique Canada - Service météorologique du Canada,2006-04-01 00:00:00,2024-11-19 12:30:02,2006-04-18 11:00:00,2024-11-19 12:30:02,2006-04-01 00:00:00,2024-11-19 00:00:00,2006-04-01 00:00:00,2006-10-01 00:00:00,Y,N,Y
-119.45916805555555,50.91639,43063,SCOTCH CREEK,BC,BRITISH COLUMBIA,COLOMBIE-BRITANNIQUE,CAN,505459004,-1192733005,PST,354.00,1167150,,,Climate-Staffed,,,,,,,,2004-08-01 00:00:00,2008-01-17 00:00:00,,,2004-08-01 00:00:00,2008-01-17 00:00:00,2004-08-01 00:00:00,2007-02-01 00:00:00,Y,N,N
-122.9546111111111,50.12894444444444,43443,WHISTLER - NESTERS,BC,BRITISH COLUMBIA,COLOMBIE-BRITANNIQUE,CAN,500744200,-1225716600,PST,659.00,1100875,VOC,71687,Climate-Auto,,,,ECCC - MSC,ECCC - SMC,Environment and Climate Change Canada - Meteorological Service of Canada,Environnement et Changement climatique Canada - Service météorologique du Canada,2005-01-17 12:00:00,2024-11-19 12:30:02,2005-01-17 12:00:00,2024-11-19 12:30:02,2005-06-13 00:00:00,2024-11-19 00:00:00,2005-11-01 00:00:00,2007-02-01 00:00:00,Y,N,Y
-123.11055833333333,50.143905277777776,43500,CALLAGHAN VALLEY,BC,BRITISH COLUMBIA,COLOMBIE-BRITANNIQUE,CAN,500838059,-1230638010,PST,884.00,1101300,VOD,71688,Climate-Auto,,,,ECCC - MSC,ECCC - SMC,Environment and Climate Change Canada - Meteorological Service of Canada,Environnement et Changement climatique Canada - Service météorologique du Canada,2005-01-18 10:00:00,2024-11-19 12:30:02,2005-01-18 10:00:00,2024-11-19 12:30:02,2005-06-13 00:00:00,2024-11-19 00:00:00,2005-11-01 00:00:00,2007-02-01 00:00:00,Y,N,N
-122.946125,50.07695388888889,43660,WHISTLER MOUNTAIN HIGH LEVEL,BC,BRITISH COLUMBIA,COLOMBIE-BRITANNIQUE,CAN,500437034,-1225646050,PST,1640.00,1108987,VOA,,Climate-Auto,,,,,,,,2005-04-14 12:00:00,2010-06-23 10:00:00,2005-04-14 12:00:00,2010-06-23 10:00:00,2005-06-13 00:00:00,2010-06-23 00:00:00,2005-11-01 00:00:00,2007-02-01 00:00:00,Y,N,N
-122.97556416666667,50.0877925,43680,WHISTLER MOUNTAIN LOW LEVEL,BC,BRITISH COLUMBIA,COLOMBIE-BRITANNIQUE,CAN,500516053,-1225832031,PST,933.10,1108988,VOB,,Climate-Auto,,,,,,,,2005-04-28 11:00:00,2010-08-11 10:30:00,2005-04-28 11:00:00,2010-08-11 10:30:00,2005-06-13 00:00:00,2010-08-11 00:00:00,2005-11-01 00:00:00,2007-02-01 00:00:00,Y,N,N
-122.551,49.144666666666666,43723,FORT LANGLEY TELEGRAPH TRAIL,BC,BRITISH COLUMBIA,COLOMBIE-BRITANNIQUE,CAN,490840800,-1223303600,PST,76.00,1102912,,,Climate-Staffed,,,,CCN,RCSC,Co-operative Climate Network,Réseau coopératif de stations climatiques,2005-04-01 00:00:00,2024-11-18 00:00:00,,,2005-04-01 00:00:00,2024-11-18 00:00:00,2005-04-01 00:00:00,2007-02-01 00:00:00,Y,N,N
-125.99671944444444,53.77188888888889,43963,OOTSA LAKESKINS LAKE CLIMATE,BC,BRITISH COLUMBIA,COLOMBIE-BRITANNIQUE,CAN,534618800,-1255948190,PST,861.00,1085836,VSL,71679,Climate-Auto,,,,ECCC - MSC,ECCC - SMC,Environment and Climate Change Canada - Meteorological Service of Canada,Environnement et Changement climatique Canada - Service météorologique du Canada,2005-08-22 00:00:00,2024-11-19 12:30:02,2005-08-22 13:00:00,2024-11-19 12:30:02,2005-08-22 00:00:00,2024-11-19 00:00:00,2006-01-01 00:00:00,2007-01-01 00:00:00,Y,N,N
-123.2075075,49.40194861111111,44023,CYPRESS BOWL NORTH,BC,BRITISH COLUMBIA,COLOMBIE-BRITANNIQUE,CAN,492407015,-1231227027,PST,953.00,1102255,VOE,,Climate-Auto,,,,,,,,2005-06-14 00:00:00,2010-06-17 11:00:00,2005-06-16 04:00:00,2010-06-17 11:00:00,2005-06-14 00:00:00,2010-06-17 00:00:00,2005-11-01 00:00:00,2007-02-01 00:00:00,Y,N,N
-123.19397222222223,49.37872222222222,44024,CYPRESS BOWL SOUTH,BC,BRITISH COLUMBIA,COLOMBIE-BRITANNIQUE,CAN,492243400,-1231138300,PST,885.50,1102256,VOG,,Climate-Auto,,,,,,,,2005-07-25 00:00:00,2010-03-31 15:30:00,2005-08-03 06:00:00,2010-03-31 15:30:00,2005-07-25 00:00:00,2010-03-31 00:00:00,2005-11-01 00:00:00,2005-11-01 00:00:00,Y,N,N
-122.94694444444444,50.074175,44463,WHISTLER MOUNTAIN HIGH LEVEL REMOTE WIND,BC,BRITISH COLUMBIA,COLOMBIE-BRITANNIQUE,CAN,500427030,-1225649000,PST,1690.00,1108989,VOH,,Climate-Auto,,,,,,,,2005-06-13 00:00:00,2010-08-09 16:00:00,2005-07-31 23:00:00,2010-08-09 16:00:00,2005-06-13 00:00:00,2010-08-09 00:00:00,,,Y,N,N
-128.15666666666667,52.185,44766,BELLA BELLA A,BC,BRITISH COLUMBIA,COLOMBIE-BRITANNIQUE,CAN,521106000,-1280924000,PST,43.00,1060811,,,Aviation-Auto,,,,,,,,2006-04-01 00:00:00,2011-08-25 10:00:00,2007-01-31 10:00:00,2011-08-25 10:00:00,2006-04-01 00:00:00,2011-08-25 00:00:00,2006-04-01 00:00:00,2007-02-01 00:00:00,Y,N,N
-120.18194444444444,55.74166666666667,44789,DAWSON CREEK LWIS,BC,BRITISH COLUMBIA,COLOMBIE-BRITANNIQUE,CAN,554430000,-1201055000,MST,654.70,1182287,VDQ,,Aviation-Auto,,,,,,,,2006-06-01 00:00:00,2010-08-27 02:00:00,2006-06-08 00:00:00,2010-08-27 02:00:00,2006-06-01 00:00:00,2009-09-02 00:00:00,,,Y,N,Y
-121.58194444444445,50.224444444444444,44927,LYTTON RCS,BC,BRITISH COLUMBIA,COLOMBIE-BRITANNIQUE,CAN,501328000,-1213455000,PST,225.00,1114746,VLY,71765,Climate-Auto,,,,ECCC - MSC,ECCC - SMC,Environment and Climate Change Canada - Meteorological Service of Canada,Environnement et Changement climatique Canada - Service météorologique du Canada,2006-05-01 00:00:00,2024-11-19 12:30:02,2006-05-23 08:00:00,2024-11-19 12:30:02,2006-05-01 00:00:00,2024-11-19 00:00:00,2006-05-01 00:00:00,2006-12-01 00:00:00,Y,N,Y
-123.49625,49.52630555555555,45267,PORT MELLON,BC,BRITISH COLUMBIA,COLOMBIE-BRITANNIQUE,CAN,493134700,-1232946500,PST,125.10,1046332,VOM,71605,Climate-Auto,,,,ECCC - MSC,ECCC - SMC,Environment and Climate Change Canada - Meteorological Service of Canada,Environnement et Changement climatique Canada - Service météorologique du Canada,2006-07-28 00:00:00,2024-11-19 12:30:02,2006-07-28 11:00:00,2024-11-19 12:30:02,2006-07-28 00:00:00,2024-11-19 00:00:00,2006-08-01 00:00:00,2007-02-01 00:00:00,Y,N,N
-123.11001666666667,50.1375,45487,CALLAGHAN VALLEY (SKI JUMP TOP),BC,BRITISH COLUMBIA,COLOMBIE-BRITANNIQUE,CAN,500815000,-1230636060,PST,936.00,1100001,VOW,,Climate-Auto,,,,ECCC - MSC,ECCC - SMC,Environment and Climate Change Canada - Meteorological Service of Canada,Environnement et Changement climatique Canada - Service météorologique du Canada,2006-12-18 00:00:00,2010-04-13 09:00:00,2006-12-18 09:00:00,2010-04-13 09:00:00,2006-12-18 00:00:00,2010-04-13 00:00:00,,,Y,N,N
-123.207575,49.39233333333333,45490,CYPRESS BOWL FREESTYLE,BC,BRITISH COLUMBIA,COLOMBIE-BRITANNIQUE,CAN,492332400,-1231227270,PST,969.10,1100004,VOZ,71004,Climate-Auto,,,,ECCC - MSC,ECCC - SMC,Environment and Climate Change Canada - Meteorological Service of Canada,Environnement et Changement climatique Canada - Service météorologique du Canada,2007-03-05 23:00:00,2010-02-21 22:00:00,2007-03-05 23:00:00,2010-02-21 22:00:00,2007-03-06 00:00:00,2010-02-21 00:00:00,,,Y,N,N
-125.09474444444444,49.803333333333335,45507,BLACK CREEK SE,BC,BRITISH COLUMBIA,COLOMBIE-BRITANNIQUE,CAN,494812000,-1250541080,PST,87.80,1020881,,,Climate-Staffed,,,,,,,,2006-08-01 00:00:00,2016-02-17 00:00:00,,,2006-08-01 00:00:00,2016-02-17 00:00:00,2006-08-01 00:00:00,2007-02-01 00:00:00,Y,N,N
-124.3938888888889,49.33722222222222,45627,QUALICUM BEACH AIRPORT,BC,BRITISH COLUMBIA,COLOMBIE-BRITANNIQUE,CAN,492014000,-1242338000,PST,58.20,1026562,VOQ,71766,Climate-Auto,,,,ECCC - MSC,ECCC - SMC,Environment and Climate Change Canada - Meteorological Service of Canada,Environnement et Changement climatique Canada - Service météorologique du Canada,2006-11-01 00:00:00,2024-11-19 12:30:02,2006-12-11 13:00:00,2024-11-19 12:30:02,2006-11-01 00:00:00,2024-11-19 00:00:00,2006-11-01 00:00:00,2006-11-01 00:00:00,Y,N,N
-123.1155561111111,50.14722277777778,45707,CALLAGHAN VALLEY(BIATHALON),BC,BRITISH COLUMBIA,COLOMBIE-BRITANNIQUE,CAN,500850002,-1230656002,PST,870.00,1101310,VOY,,Climate-Auto,,,,ECCC - MSC,ECCC - SMC,Environment and Climate Change Canada - Meteorological Service of Canada,Environnement et Changement climatique Canada - Service météorologique du Canada,2007-03-06 00:00:00,2010-07-08 12:45:00,2007-03-06 08:00:00,2010-07-08 12:45:00,2007-03-06 00:00:00,2010-07-08 00:00:00,,,Y,N,N
-122.93636111111111,50.102472222222225,45787,BLACKCOMB BASE SLIDING CENTER,BC,BRITISH COLUMBIA,COLOMBIE-BRITANNIQUE,CAN,500608900,-1225610900,PST,937.00,1100881,VOI,71756,Climate-Auto,,,,ECCC - MSC,ECCC - SMC,Environment and Climate Change Canada - Meteorological Service of Canada,Environnement et Changement climatique Canada - Service météorologique du Canada,2007-04-30 00:00:00,2018-05-14 14:00:00,2007-04-30 03:00:00,2018-05-14 14:00:00,2007-04-30 00:00:00,2018-05-14 00:00:00,,,Y,N,N
-123.7152625,49.457996666666666,45788,SECHELT AUT,BC,BRITISH COLUMBIA,COLOMBIE-BRITANNIQUE,CAN,492728788,-1234254945,PST,86.20,1047172,VOU,71638,Climate-Auto,,,,ECCC - MSC,ECCC - SMC,Environment and Climate Change Canada - Meteorological Service of Canada,Environnement et Changement climatique Canada - Service météorologique du Canada,2007-07-10 00:00:00,2024-11-19 12:30:02,2007-07-11 14:00:00,2024-11-19 12:30:02,2007-07-10 00:00:00,2024-11-19 00:00:00,,,Y,N,N
-124.49680555555555,49.83455555555555,45807,POWELL RIVER,BC,BRITISH COLUMBIA,COLOMBIE-BRITANNIQUE,CAN,495004400,-1242948500,PST,125.00,1046392,VOP,71720,Climate-Auto,,,,ECCC - MSC,ECCC - SMC,Environment and Climate Change Canada - Meteorological Service of Canada,Environnement et Changement climatique Canada - Service météorologique du Canada,2007-07-10 00:00:00,2024-11-19 12:30:02,2007-07-10 14:00:00,2024-11-19 12:30:02,2007-07-10 00:00:00,2024-11-19 00:00:00,,,Y,N,Y
-120.06894444444444,49.36372222222222,46027,HEDLEY N,BC,BRITISH COLUMBIA,COLOMBIE-BRITANNIQUE,CAN,492149400,-1200408200,PST,542.00,1123370,,,Climate-Staffed,,,,CCN,RCSC,Co-operative Climate Network,Réseau coopératif de stations climatiques,2007-05-26 00:00:00,2017-08-19 00:00:00,,,2007-05-26 00:00:00,2017-08-19 00:00:00,,,Y,N,N
-118.22444444444444,51.01166666666666,46147,REVELSTOKE COLUMBIA PARK,BC,BRITISH COLUMBIA,COLOMBIE-BRITANNIQUE,CAN,510042000,-1181328000,PST,446.00,1176754,,,Climate-Staffed,,,,,,,,2007-07-06 00:00:00,2015-01-23 00:00:00,,,2007-07-06 00:00:00,2015-01-23 00:00:00,,,Y,N,N
-122.96416666666667,50.085,46307,WHISTLER MOUNTAIN MID-STATION,BC,BRITISH COLUMBIA,COLOMBIE-BRITANNIQUE,CAN,500506000,-1225751000,PST,1320.00,1108990,VOL,,Climate-Auto,,,,,,,,2007-07-23 00:00:00,2010-06-24 08:30:00,2007-07-23 12:00:00,2010-06-24 08:30:00,2007-07-23 00:00:00,2010-06-24 00:00:00,,,Y,N,N
-121.37611111111111,50.596666666666664,46547,VENABLES VLY BHUMI FARM,BC,BRITISH COLUMBIA,COLOMBIE-BRITANNIQUE,CAN,503548000,-1212234000,PST,756.00,1168532,,,Climate-Staffed,,,,,,,,2007-10-22 00:00:00,2008-05-31 00:00:00,,,2007-10-22 00:00:00,2008-05-31 00:00:00,,,Y,N,N
-125.28719444444444,49.746694444444444,46567,MT WASHINGTON,BC,BRITISH COLUMBIA,COLOMBIE-BRITANNIQUE,CAN,494448100,-1251713900,PST,1473.50,1025230,VOJ,,Climate-Auto,,,,,,,,2007-10-31 11:00:00,2010-09-29 09:00:00,2007-10-31 11:00:00,2010-09-29 09:00:00,2007-11-01 00:00:00,2010-09-29 00:00:00,,,Y,N,N
-123.71889138888889,48.82416944444444,46728,NORTH COWICHAN,BC,BRITISH COLUMBIA,COLOMBIE-BRITANNIQUE,CAN,484927010,-1234308009,PST,44.80,1015630,VOO,71927,Climate-Auto,,,,ECCC - MSC,ECCC - SMC,Environment and Climate Change Canada - Meteorological Service of Canada,Environnement et Changement climatique Canada - Service météorologique du Canada,2007-11-27 00:00:00,2024-11-19 12:30:02,2007-11-27 08:00:00,2024-11-19 12:30:02,2007-11-27 00:00:00,2024-11-19 00:00:00,,,Y,N,Y
-122.73805555555556,50.30222222222222,46747,PEMBERTON AIRPORT (WIND),BC,BRITISH COLUMBIA,COLOMBIE-BRITANNIQUE,CAN,501808000,-1224417000,PST,203.00,1086081,WPN,,Climate-Auto,,,,ECCC - MSC,ECCC - SMC,Environment and Climate Change Canada - Meteorological Service of Canada,Environnement et Changement climatique Canada - Service météorologique du Canada,2007-11-27 23:00:00,2024-11-19 12:30:02,2007-11-27 23:00:00,2024-11-19 12:30:02,2018-05-14 00:00:00,2024-11-19 00:00:00,,,Y,N,Y
-123.11313888888888,50.136833333333335,46967,CALLAGHAN VALLEY(SKI JUMP BOTTOM),BC,BRITISH COLUMBIA,COLOMBIE-BRITANNIQUE,CAN,500812600,-1230647300,PST,860.00,1101320,VOX,,Climate-Auto,,,,ECCC - MSC,ECCC - SMC,Environment and Climate Change Canada - Meteorological Service of Canada,Environnement et Changement climatique Canada - Service météorologique du Canada,2008-01-21 00:00:00,2010-06-23 16:15:00,2008-01-21 07:00:00,2010-06-23 16:15:00,2008-01-21 00:00:00,2010-06-23 00:00:00,,,Y,N,N
-119.19352777777777,50.223305555555555,46987,VERNON AUTO,BC,BRITISH COLUMBIA,COLOMBIE-BRITANNIQUE,CAN,501323900,-1191136700,PST,482.00,1128582,WJV,71115,Climate-Auto,,,,ECCC - MSC,ECCC - SMC,Environment and Climate Change Canada - Meteorological Service of Canada,Environnement et Changement climatique Canada - Service météorologique du Canada,2005-01-01 00:00:00,2024-11-19 12:30:02,2007-11-30 23:00:00,2024-11-19 12:30:02,2005-01-01 00:00:00,2024-11-19 00:00:00,,,Y,N,Y
-122.9422225,50.10583527777778,47807,BLACKCOMB BASE SLIDING CENTRE BOTTOM,BC,BRITISH COLUMBIA,COLOMBIE-BRITANNIQUE,CAN,500621007,-1225632001,PST,816.60,1100882,VON,,Climate-Auto,,,,ECCC - MSC,ECCC - SMC,Environment and Climate Change Canada - Meteorological Service of Canada,Environnement et Changement climatique Canada - Service météorologique du Canada,2008-12-16 00:00:00,2010-03-10 12:30:00,2008-12-16 08:00:00,2010-03-10 12:30:00,2008-12-16 00:00:00,2010-03-10 00:00:00,,,Y,N,N
-123.11694527777777,50.13972277777778,47833,CALLAGHAN VALLEY LOW LEVEL,BC,BRITISH COLUMBIA,COLOMBIE-BRITANNIQUE,CAN,500823002,-1230701003,PST,838.00,1101318,,,Climate-Auto,,,,,,,,2009-01-20 00:00:00,2010-07-08 13:15:00,2009-01-20 08:00:00,2010-07-08 13:15:00,2009-01-20 00:00:00,2010-07-08 00:00:00,,,Y,N,N
-123.11861361111112,50.00888888888889,47835,CALLAGHAN VALLEY BIATHLON HIGH LEVEL,BC,BRITISH COLUMBIA,COLOMBIE-BRITANNIQUE,CAN,500032000,-1230707009,PST,882.70,1101313,,,Climate-Auto,,,,,,,,2009-01-20 00:00:00,2010-07-08 13:00:00,2009-01-20 08:00:00,2010-07-08 13:00:00,2009-01-20 00:00:00,2010-07-08 00:00:00,,,Y,N,N
-122.98036111111111,50.09166666666667,47867,WHISTLER MOUNTAIN TIMING FLATS,BC,BRITISH COLUMBIA,COLOMBIE-BRITANNIQUE,CAN,500530000,-1225849300,PST,804.90,1100883,VOT,,Climate-Auto,,,,ECCC - MSC,ECCC - SMC,Environment and Climate Change Canada - Meteorological Service of Canada,Environnement et Changement climatique Canada - Service météorologique du Canada,2009-04-17 00:00:00,2010-03-22 09:15:00,2009-04-17 07:00:00,2010-03-22 09:15:00,2009-04-17 00:00:00,2010-03-22 00:00:00,,,Y,N,N
-122.50639083333333,53.02666888888889,48108,QUESNEL AIRPORT AUTO,BC,BRITISH COLUMBIA,COLOMBIE-BRITANNIQUE,CAN,530136008,-1223023007,PST,545.30,1096631,VQZ,71779,Climate-Auto,,,,ECCC - MSC,ECCC - SMC,Environment and Climate Change Canada - Meteorological Service of Canada,Environnement et Changement climatique Canada - Service météorologique du Canada,2009-08-19 00:00:00,2024-11-19 12:30:02,2009-08-19 17:00:00,2024-11-19 12:30:02,2009-08-19 00:00:00,2024-11-19 00:00:00,,,Y,N,Y
-120.18305555555555,55.742222222222225,48208,DAWSON CREEK A,BC,BRITISH COLUMBIA,COLOMBIE-BRITANNIQUE,CAN,554432000,-1201059000,MST,654.70,1182289,YDQ,71471,Aviation-Auto,,,,NAVCAN,NAVCAN,NAV Canada,NAV Canada,2009-08-27 07:00:00,2024-11-19 12:30:02,2009-08-27 07:00:00,2024-11-19 12:30:02,2009-09-03 00:00:00,2024-11-19 00:00:00,,,Y,N,Y
-122.671945,53.888888888888886,48248,PRINCE GEORGE AIRPORT AUTO,BC,BRITISH COLUMBIA,COLOMBIE-BRITANNIQUE,CAN,535320000,-1224019002,PST,680.00,1096453,VXS,71302,Climate-Auto,,,,ECCC - MSC,ECCC - SMC,Environment and Climate Change Canada - Meteorological Service of Canada,Environnement et Changement climatique Canada - Service météorologique du Canada,2009-11-27 00:00:00,2024-11-19 12:30:02,2009-11-27 08:00:00,2024-11-19 12:30:02,2009-11-27 00:00:00,2024-11-19 00:00:00,,,Y,N,Y
-122.73777777777778,50.3025,48308,PEMBERTON AIRPORT CWS,BC,BRITISH COLUMBIA,COLOMBIE-BRITANNIQUE,CAN,501809000,-1224416000,PST,204.30,1086085,YPS,,Aviation-Staffed,,,,,,,,2010-01-04 00:00:00,2010-04-02 22:00:00,2010-01-26 13:00:00,2010-04-02 22:00:00,2010-01-04 00:00:00,2010-04-01 00:00:00,,,Y,N,N
-123.10010444444444,49.233513333333335,48328,VANCOUVER HILLCREST,BC,BRITISH COLUMBIA,COLOMBIE-BRITANNIQUE,CAN,491400648,-1230600376,PST,83.90,1108433,VWC,,Climate-Auto,,,,,,,,2009-12-22 00:00:00,2010-03-23 08:45:00,2009-12-22 11:45:00,2010-03-23 08:45:00,2009-12-22 00:00:00,2010-03-23 00:00:00,,,Y,N,N
-119.37777777777778,49.95722222222222,48369,KELOWNA,BC,BRITISH COLUMBIA,COLOMBIE-BRITANNIQUE,CAN,495726000,-1192240000,PST,433.10,1123939,YLW,71203,Aviation-Auto,,,,NAVCAN,NAVCAN,NAV Canada,NAV Canada,2009-08-27 11:00:00,2024-11-19 12:30:02,2009-08-27 11:00:00,2024-11-19 12:30:02,2009-09-03 00:00:00,2024-11-19 00:00:00,,,Y,N,Y
-122.6775,53.884166666666665,48370,PRINCE GEORGE,BC,BRITISH COLUMBIA,COLOMBIE-BRITANNIQUE,CAN,535303000,-1224039000,PST,691.00,1096439,YXS,71896,Aviation-Auto,,,,NAVCAN,NAVCAN,NAV Canada,NAV Canada,2009-10-08 13:00:00,2024-11-19 12:30:02,2009-10-08 13:00:00,2024-11-19 12:30:02,2009-10-22 00:00:00,2024-11-19 00:00:00,,,Y,N,Y
-123.0781,49.1819,48448,RICHMOND OPERATIONS CENTRE,BC,BRITISH COLUMBIA,COLOMBIE-BRITANNIQUE,CAN,491054840,-1230441160,PST,16.00,1105210,VMO,71112,Climate-Auto,,,,ECCC - MSC,ECCC - SMC,Environment and Climate Change Canada - Meteorological Service of Canada,Environnement et Changement climatique Canada - Service météorologique du Canada,2010-02-18 00:00:00,2018-07-05 09:00:00,2010-02-18 06:00:00,2018-07-05 09:00:00,2010-02-18 00:00:00,2018-07-05 00:00:00,,,Y,N,N
-123.20611333333333,49.39555722222222,48488,CYPRESS BOWL GRANDSTAND,BC,BRITISH COLUMBIA,COLOMBIE-BRITANNIQUE,CAN,492344006,-1231222008,PST,968.00,1102257,VWG,,Climate-Auto,,,,ECCC - MSC,ECCC - SMC,Environment and Climate Change Canada - Meteorological Service of Canada,Environnement et Changement climatique Canada - Service météorologique du Canada,2010-02-12 00:00:00,2010-03-03 21:45:00,2010-02-12 21:16:00,2010-03-03 21:45:00,2010-02-12 00:00:00,2010-03-03 00:00:00,,,Y,N,N
-127.18277777777777,54.82527777777778,48628,SMITHERS,BC,BRITISH COLUMBIA,COLOMBIE-BRITANNIQUE,CAN,544931000,-1271058000,PST,523.00,1077499,YYD,71950,Aviation-Auto,,,,NAVCAN,NAVCAN,NAV Canada,NAV Canada,2010-02-02 12:00:00,2024-11-19 12:30:02,2010-02-02 12:00:00,2024-11-19 12:30:02,2010-04-08 00:00:00,2024-11-19 00:00:00,,,Y,N,Y
-131.8138888888889,53.25416666666667,48648,SANDSPIT,BC,BRITISH COLUMBIA,COLOMBIE-BRITANNIQUE,CAN,531515000,-1314850000,PST,6.40,1057052,YZP,71111,Aviation-Auto,,,,NAVCAN,NAVCAN,NAV Canada,NAV Canada,2010-06-03 00:00:00,2024-11-19 12:30:02,2010-06-03 11:00:00,2024-11-19 12:30:02,2010-06-03 00:00:00,2024-11-19 00:00:00,,,Y,N,Y
-122.51027777777777,53.02611111111111,48688,QUESNEL,BC,BRITISH COLUMBIA,COLOMBIE-BRITANNIQUE,CAN,530134000,-1223037000,PST,545.00,1096629,YQZ,71192,Aviation-Auto,,,,NAVCAN,NAVCAN,NAV Canada,NAV Canada,2010-06-03 00:00:00,2024-11-19 12:30:02,2010-06-03 11:00:00,2024-11-19 12:30:02,2010-06-03 00:00:00,2024-11-19 00:00:00,,,Y,N,Y
-130.44472222222223,54.28611111111111,48693,PRINCE RUPERT,BC,BRITISH COLUMBIA,COLOMBIE-BRITANNIQUE,CAN,541710000,-1302641000,PST,35.40,1066482,YPR,71022,Aviation-Auto,,,,NAVCAN,NAVCAN,NAV Canada,NAV Canada,2010-06-03 00:00:00,2024-11-19 12:30:02,2010-06-03 11:00:00,2024-11-19 12:30:02,2010-06-03 00:00:00,2024-11-19 00:00:00,,,Y,N,Y
-121.28138916666667,50.70833472222222,48708,ASHCROFT,BC,BRITISH COLUMBIA,COLOMBIE-BRITANNIQUE,CAN,504230005,-1211653001,PST,327.00,1160515,VAS,71681,Climate-Auto,,,,ECCC - MSC,ECCC - SMC,Environment and Climate Change Canada - Meteorological Service of Canada,Environnement et Changement climatique Canada - Service météorologique du Canada,2010-06-16 00:00:00,2024-11-19 12:30:02,2010-06-16 12:00:00,2024-11-19 12:30:02,2010-06-16 00:00:00,2024-11-19 00:00:00,,,Y,N,N
-123.13333333333334,55.29944444444445,48870,MACKENZIE,BC,BRITISH COLUMBIA,COLOMBIE-BRITANNIQUE,CAN,551758000,-1230800000,PST,690.10,1184791,YZY,71290,Aviation-Auto,,,,NAVCAN,NAVCAN,NAV Canada,NAV Canada,2010-07-26 06:00:00,2024-11-19 12:30:02,2010-07-26 06:00:00,2024-11-19 12:30:02,2010-07-29 00:00:00,2024-11-19 00:00:00,,,Y,N,Y
-126.77869444444444,50.05294444444444,48888,ZEBALLOS MURAUDE CREEK,BC,BRITISH COLUMBIA,COLOMBIE-BRITANNIQUE,CAN,500310600,-1264643300,PST,103.00,1039035,,,Climate-Staffed,,,,CCN,RCSC,Co-operative Climate Network,Réseau coopératif de stations climatiques,2010-07-16 00:00:00,2024-11-18 00:00:00,,,2010-07-16 00:00:00,2024-11-18 00:00:00,,,Y,N,N
-119.55640833333334,50.835,48928,TURTLE VALLEY,BC,BRITISH COLUMBIA,COLOMBIE-BRITANNIQUE,CAN,505006000,-1193323070,PST,638.00,1168300,,,Climate-Staffed,,,,,,,,2010-06-24 00:00:00,2011-01-14 00:00:00,,,2010-06-24 00:00:00,2011-01-14 00:00:00,,,Y,N,N
-123.00224583333333,49.12584805555556,49088,DELTA BURNS BOG,BC,BRITISH COLUMBIA,COLOMBIE-BRITANNIQUE,CAN,490733053,-1230008085,PST,3.10,1102415,VBB,71042,Climate-Auto,,,,ECCC - MSC,ECCC - SMC,Environment and Climate Change Canada - Meteorological Service of Canada,Environnement et Changement climatique Canada - Service météorologique du Canada,2010-11-19 01:00:00,2024-11-19 12:30:02,2010-11-19 01:00:00,2024-11-19 12:30:02,2011-01-25 00:00:00,2024-11-19 00:00:00,,,Y,N,Y
-128.15666666666667,52.185,49388,BELLA BELLA,BC,BRITISH COLUMBIA,COLOMBIE-BRITANNIQUE,CAN,521106000,-1280924000,PST,43.00,1060815,BBC,71582,Aviation-Auto,,,,NAVCAN,NAVCAN,NAV Canada,NAV Canada,2011-08-22 09:00:00,2024-11-18 03:00:00,2011-08-22 09:00:00,2024-11-18 03:00:00,2011-08-25 00:00:00,2024-11-18 00:00:00,,,Y,N,N
-120.77805555555555,50.112501944444446,49408,MERRITT,BC,BRITISH COLUMBIA,COLOMBIE-BRITANNIQUE,CAN,500645007,-1204641000,PST,591.00,1125073,VME,71557,Climate-Auto,,,,ECCC - MSC,ECCC - SMC,Environment and Climate Change Canada - Meteorological Service of Canada,Environnement et Changement climatique Canada - Service météorologique du Canada,2011-05-03 00:00:00,2024-11-19 12:30:02,2011-05-15 23:00:00,2024-11-19 12:30:02,2011-05-03 00:00:00,2024-11-19 00:00:00,,,Y,N,N
-123.50111111111111,48.53750138888889,49468,VICTORIA HIGHLANDS NORTH,BC,BRITISH COLUMBIA,COLOMBIE-BRITANNIQUE,CAN,483215005,-1233004000,PST,230.00,1018618,,,Climate-Staffed,,,,CCN,RCSC,Co-operative Climate Network,Réseau coopératif de stations climatiques,2011-04-11 00:00:00,2017-02-17 00:00:00,,,2011-04-11 00:00:00,2017-02-17 00:00:00,,,Y,N,N
-118.18333333333334,50.96666666666667,49492,REVELSTOKE A,BC,BRITISH COLUMBIA,COLOMBIE-BRITANNIQUE,CAN,505800000,-1181100000,PST,444.70,1176745,YRV,71685,Aviation-Auto,,,,NAVCAN,NAVCAN,NAV Canada,NAV Canada,2011-10-17 07:00:00,2024-11-19 12:30:02,2011-10-17 07:00:00,2024-11-19 12:30:02,2011-10-20 00:00:00,2024-11-19 00:00:00,,,Y,N,Y
-118.17627777777778,50.958222222222226,49548,REVELSTOKE AIRPORT AUTO,BC,BRITISH COLUMBIA,COLOMBIE-BRITANNIQUE,CAN,505729600,-1181034600,PST,444.70,1176755,VRA,71882,Climate-Auto,,,,ECCC - MSC,ECCC - SMC,Environment and Climate Change Canada - Meteorological Service of Canada,Environnement et Changement climatique Canada - Service météorologique du Canada,2011-07-06 10:00:00,2024-11-19 12:30:02,2011-07-06 10:00:00,2024-11-19 12:30:02,2012-06-06 00:00:00,2024-11-19 00:00:00,,,Y,N,Y
-121.49805555555555,49.36833333333333,49588,HOPE A,BC,BRITISH COLUMBIA,COLOMBIE-BRITANNIQUE,CAN,492206000,-1212953000,PST,39.00,1113542,YHE,71187,Aviation-Auto,,,,NAVCAN,NAVCAN,NAV Canada,NAV Canada,2011-10-17 07:00:00,2024-11-19 12:30:02,2011-10-17 07:00:00,2024-11-19 12:30:02,2011-10-20 00:00:00,2024-11-19 00:00:00,,,Y,N,Y
-130.0313888888889,58.422222222222224,49628,DEASE LAKE A,BC,BRITISH COLUMBIA,COLOMBIE-BRITANNIQUE,CAN,582520000,-1300153000,PST,802.80,1192341,YDL,71686,Aviation-Auto,,,,NAVCAN,NAVCAN,NAV Canada,NAV Canada,2011-12-12 08:00:00,2024-11-19 12:30:02,2011-12-12 08:00:00,2024-11-19 12:30:02,2011-12-15 00:00:00,2024-11-19 00:00:00,,,Y,N,Y
-131.81312694444443,53.249445,50108,SANDSPIT AIRPORT AUTO,BC,BRITISH COLUMBIA,COLOMBIE-BRITANNIQUE,CAN,531458002,-1314847257,PST,6.50,1057051,VZP,71101,Climate-Auto,,,,ECCC - MSC,ECCC - SMC,Environment and Climate Change Canada - Meteorological Service of Canada,Environnement et Changement climatique Canada - Service météorologique du Canada,2012-02-21 07:00:00,2024-11-19 12:30:02,2012-02-21 07:00:00,2024-11-19 12:30:02,2013-04-12 00:00:00,2024-11-19 00:00:00,,,Y,N,Y
-127.18277777777777,54.82527777777778,50130,SMITHERS A,BC,BRITISH COLUMBIA,COLOMBIE-BRITANNIQUE,CAN,544931000,-1271058000,PST,523.00,1077498,YYD,,Aviation-Staffed,,,,NAVCAN,NAVCAN,NAV Canada,NAV Canada,2012-04-10 07:00:00,2024-11-19 12:30:02,2012-04-10 07:00:00,2024-11-19 12:30:02,,,,,N,N,Y
-122.79083361111111,53.899724722222224,50169,PRINCE GEORGE MASSEY AUTO,BC,BRITISH COLUMBIA,COLOMBIE-BRITANNIQUE,CAN,535359009,-1224727001,PST,601.00,1096454,VPX,,Climate-Auto,,,,ECCC - MSC,ECCC - SMC,Environment and Climate Change Canada - Meteorological Service of Canada,Environnement et Changement climatique Canada - Service météorologique du Canada,2012-04-16 14:00:00,2024-11-19 12:30:02,2012-04-16 14:00:00,2024-11-19 12:30:02,2018-05-14 00:00:00,2024-11-19 00:00:00,,,Y,N,Y
-123.13334444444445,49.00391111111111,50228,TSAWWASSEN FERRY AUTO,BC,BRITISH COLUMBIA,COLOMBIE-BRITANNIQUE,CAN,490014080,-1230800040,PST,7.30,1108291,VTF,,Climate-Auto,,,,ECCC - MSC,ECCC - SMC,Environment and Climate Change Canada - Meteorological Service of Canada,Environnement et Changement climatique Canada - Service météorologique du Canada,2012-04-30 11:00:00,2024-11-19 12:30:02,2012-04-30 11:00:00,2024-11-19 12:30:02,2018-05-14 00:00:00,2024-11-18 00:00:00,,,,,
-119.60222222222222,49.4625,50269,PENTICTON A,BC,BRITISH COLUMBIA,COLOMBIE-BRITANNIQUE,CAN,492745000,-1193608000,PST,344.40,1126146,YYF,71889,Aviation-Staffed,,,,NAVCAN,NAVCAN,NAV Canada,NAV Canada,2012-05-07 08:00:00,2024-11-19 12:30:02,2012-05-07 08:00:00,2024-11-19 12:30:02,2012-05-10 00:00:00,2024-11-19 00:00:00,,,Y,N,Y
-122.36,49.02527777777778,50308,ABBOTSFORD A,BC,BRITISH COLUMBIA,COLOMBIE-BRITANNIQUE,CAN,490131000,-1222136000,PST,59.10,1100031,YXX,71108,Aviation-Staffed,,,,NAVCAN,NAVCAN,NAV Canada,NAV Canada,2011-10-07 17:00:00,2024-11-19 12:30:02,2011-10-07 17:00:00,2024-11-19 12:30:02,2012-06-21 00:00:00,2024-11-19 00:00:00,,,Y,N,Y
-121.9786111111111,49.07888888888889,50368,CULTUS LAKE,BC,BRITISH COLUMBIA,COLOMBIE-BRITANNIQUE,CAN,490444000,-1215843000,PST,45.70,1102221,VCL,,Climate-Auto,,,,ECCC - MSC,ECCC - SMC,Environment and Climate Change Canada - Meteorological Service of Canada,Environnement et Changement climatique Canada - Service météorologique du Canada,2012-06-05 08:00:00,2024-11-19 12:30:02,2012-06-05 08:00:00,2024-11-19 12:30:02,2018-05-14 00:00:00,2024-11-19 00:00:00,,,Y,N,N
-121.49347222222222,49.36983333333333,50517,HOPE AIRPORT,BC,BRITISH COLUMBIA,COLOMBIE-BRITANNIQUE,CAN,492211400,-1212936500,PST,39.00,1113543,VPE,71114,Climate-Auto,,,,ECCC - MSC,ECCC - SMC,Environment and Climate Change Canada - Meteorological Service of Canada,Environnement et Changement climatique Canada - Service météorologique du Canada,2012-08-01 00:00:00,2024-11-19 12:30:02,2012-08-02 05:00:00,2024-11-19 12:30:02,2012-08-01 00:00:00,2024-11-19 00:00:00,,,Y,N,Y
-118.49141027777777,49.03723111111111,50579,GRAND FORKS HARDY MTN,BC,BRITISH COLUMBIA,COLOMBIE-BRITANNIQUE,CAN,490214032,-1182929077,PST,623.00,1133273,,,Climate-Staffed,,,,,,,,2012-07-20 00:00:00,2015-11-22 00:00:00,,,2012-07-20 00:00:00,2015-11-22 00:00:00,,,Y,N,N
-115.78194444444445,49.61222222222222,50818,CRANBROOK A,BC,BRITISH COLUMBIA,COLOMBIE-BRITANNIQUE,CAN,493644000,-1154655000,MST,940.00,1152105,YXC,71880,Aviation-Staffed,,,,NAVCAN,NAVCAN,NAV Canada,NAV Canada,2012-11-08 00:00:00,2024-11-19 12:30:02,2012-11-08 07:00:00,2024-11-19 12:30:02,2012-11-08 00:00:00,2024-11-19 00:00:00,,,Y,N,Y
-122.59694444444445,58.83638888888889,50819,FORT NELSON A,BC,BRITISH COLUMBIA,COLOMBIE-BRITANNIQUE,CAN,585011000,-1223549000,PST,381.90,1192946,YYE,71945,Aviation-Staffed,,,,NAVCAN,NAVCAN,NAV Canada,NAV Canada,2012-11-08 00:00:00,2024-11-19 12:30:02,2012-11-08 07:00:00,2024-11-19 12:30:02,2012-11-08 00:00:00,2024-11-19 00:00:00,,,Y,N,Y
-122.05444444444444,52.18333333333333,50820,WILLIAMS LAKE A,BC,BRITISH COLUMBIA,COLOMBIE-BRITANNIQUE,CAN,521100000,-1220316000,PST,939.70,1098941,YWL,71104,Aviation-Staffed,,,,NAVCAN,NAVCAN,NAV Canada,NAV Canada,2012-12-03 09:00:00,2024-11-19 12:30:02,2012-12-03 09:00:00,2024-11-19 12:30:02,2012-12-06 00:00:00,2024-11-19 00:00:00,,,Y,N,Y
-120.74027777777778,56.23833333333334,50837,FORT ST. JOHN A,BC,BRITISH COLUMBIA,COLOMBIE-BRITANNIQUE,CAN,561418000,-1204425000,PST,694.90,1183001,YXJ,71943,Aviation-Staffed,,,,NAVCAN,NAVCAN,NAV Canada,NAV Canada,2012-12-03 23:00:00,2024-11-19 12:30:02,2012-12-03 23:00:00,2024-11-19 12:30:02,2012-12-06 00:00:00,2024-11-19 00:00:00,,,Y,N,Y
-115.78194444444445,49.61222222222222,50957,CRANBROOK A - HWOS CLIMATE,BC,BRITISH COLUMBIA,COLOMBIE-BRITANNIQUE,CAN,493644000,-1154655000,MST,918.00,1152101,,,Climate-Staffed,,,,,,,,2012-11-13 00:00:00,2014-09-08 00:00:00,,,2012-11-13 00:00:00,2014-09-08 00:00:00,,,Y,N,N
-120.74027777777778,56.238055555555555,50997,FORT ST JOHN- HWOS CLIMATE,BC,BRITISH COLUMBIA,COLOMBIE-BRITANNIQUE,CAN,561417000,-1204425000,PST,694.90,1183007,,,Climate-Staffed,,,,,,,,2012-12-10 00:00:00,2014-10-31 00:00:00,,,2012-12-10 00:00:00,2014-10-31 00:00:00,,,Y,N,N
-128.57833333333335,54.46861111111111,51037,TERRACE A,BC,BRITISH COLUMBIA,COLOMBIE-BRITANNIQUE,CAN,542807000,-1283442000,PST,217.30,1068134,YXT,71951,Aviation-Staffed,,,,NAVCAN,NAVCAN,NAV Canada,NAV Canada,2013-01-15 09:00:00,2024-11-19 12:30:02,2013-01-15 09:00:00,2024-11-19 12:30:02,2013-01-17 00:00:00,2024-11-19 00:00:00,,,Y,N,Y
-119.4002111111111,49.94075,51117,KELOWNA UBCO,BC,BRITISH COLUMBIA,COLOMBIE-BRITANNIQUE,CAN,495626700,-1192400760,PST,456.00,1123996,VKU,71644,Climate-Auto,,,,ECCC - MSC,ECCC - SMC,Environment and Climate Change Canada - Meteorological Service of Canada,Environnement et Changement climatique Canada - Service météorologique du Canada,2012-12-13 11:00:00,2024-11-19 12:30:02,2012-12-13 11:00:00,2024-11-19 12:30:02,2013-12-16 00:00:00,2024-11-19 00:00:00,,,Y,N,Y
-125.27305555555556,49.95194444444444,51317,CAMPBELL RIVER A,BC,BRITISH COLUMBIA,COLOMBIE-BRITANNIQUE,CAN,495707000,-1251623000,PST,108.80,1021267,YBL,,Aviation-Staffed,,,,NAVCAN,NAVCAN,NAV Canada,NAV Canada,2013-06-11 06:00:00,2024-11-19 12:30:02,2013-06-11 06:00:00,2024-11-19 12:30:02,,,,,N,N,Y
-123.87,49.05444444444444,51318,NANAIMO A,BC,BRITISH COLUMBIA,COLOMBIE-BRITANNIQUE,CAN,490316000,-1235212000,PST,28.00,1025369,YCD,,Aviation-Staffed,,,,NAVCAN,NAVCAN,NAV Canada,NAV Canada,2013-05-16 11:00:00,2024-11-19 12:30:02,2013-05-16 11:00:00,2024-11-19 12:30:02,2016-06-02 00:00:00,2022-04-30 00:00:00,,,Y,N,Y
-127.36666666666666,50.68055555555556,51319,PORT HARDY A,BC,BRITISH COLUMBIA,COLOMBIE-BRITANNIQUE,CAN,504050000,-1272200000,PST,21.60,1026271,YZT,71109,Aviation-Staffed,,,,NAVCAN,NAVCAN,NAV Canada,NAV Canada,2013-04-13 00:00:00,2024-11-19 12:30:02,2013-06-11 06:00:00,2024-11-19 12:30:02,2013-04-13 00:00:00,2024-11-19 00:00:00,,,Y,N,Y
-123.42583333333333,48.647222222222226,51337,VICTORIA INTL A,BC,BRITISH COLUMBIA,COLOMBIE-BRITANNIQUE,CAN,483850000,-1232533000,PST,19.50,1018621,YYJ,71799,Aviation-Staffed,,,,NAVCAN,NAVCAN,NAV Canada,NAV Canada,2013-05-16 00:00:00,2024-11-19 12:30:02,2013-07-09 06:00:00,2024-11-19 12:30:02,2013-05-16 00:00:00,2024-11-19 00:00:00,,,Y,N,Y
-123.1872361111111,49.1825,51357,VANCOUVER SEA ISLAND CCG,BC,BRITISH COLUMBIA,COLOMBIE-BRITANNIQUE,CAN,491057000,-1231114050,PST,2.10,1108380,VVR,71608,Climate-Auto,,,,ECCC - MSC,ECCC - SMC,Environment and Climate Change Canada - Meteorological Service of Canada,Environnement et Changement climatique Canada - Service météorologique du Canada,2013-03-20 06:00:00,2024-11-19 12:30:02,2013-03-20 06:00:00,2024-11-19 12:30:02,2013-04-25 00:00:00,2024-11-19 00:00:00,,,Y,N,Y
-126.59583333333333,52.3875,51419,BELLA COOLA A,BC,BRITISH COLUMBIA,COLOMBIE-BRITANNIQUE,CAN,522315000,-1263545000,PST,35.70,1060845,YBD,,Aviation-Staffed,,,,NAVCAN,NAVCAN,NAV Canada,NAV Canada,2013-08-15 11:00:00,2024-11-19 12:30:02,2013-08-15 11:00:00,2024-11-19 12:30:02,,,,,N,N,Y
-120.4486111111111,50.7025,51423,KAMLOOPS A,BC,BRITISH COLUMBIA,COLOMBIE-BRITANNIQUE,CAN,504209000,-1202655000,PST,345.30,1163781,YKA,71887,Aviation-Staffed,,,,NAVCAN,NAVCAN,NAV Canada,NAV Canada,2013-06-11 06:00:00,2024-11-19 12:30:02,2013-06-11 06:00:00,2024-11-19 12:30:02,2013-06-13 00:00:00,2024-11-19 00:00:00,,,Y,N,Y
-124.50027777777778,49.83416666666667,51438,POWELL RIVER A,BC,BRITISH COLUMBIA,COLOMBIE-BRITANNIQUE,CAN,495003000,-1243001000,PST,129.50,1046395,YPW,,Aviation-Staffed,,,,NAVCAN,NAVCAN,NAV Canada,NAV Canada,2013-12-09 07:00:00,2024-11-19 12:30:02,2013-12-09 07:00:00,2024-11-19 12:30:02,,,,,N,N,Y
-120.5125,49.467777777777776,51439,PRINCETON A,BC,BRITISH COLUMBIA,COLOMBIE-BRITANNIQUE,CAN,492804000,-1203045000,PST,701.60,1126511,YDC,,Aviation-Staffed,,,,NAVCAN,NAVCAN,NAV Canada,NAV Canada,2013-08-15 11:00:00,2024-11-19 12:30:02,2013-08-15 11:00:00,2024-11-19 12:30:02,,,,,N,N,Y
-123.18388888888889,49.194722222222225,51442,VANCOUVER INTL A,BC,BRITISH COLUMBIA,COLOMBIE-BRITANNIQUE,CAN,491141000,-1231102000,PST,4.30,1108395,YVR,71892,Aviation-Staffed,,,,NAVCAN,NAVCAN,NAV Canada,NAV Canada,2013-06-11 06:00:00,2024-11-19 12:30:02,2013-06-11 06:00:00,2024-11-19 12:30:02,2013-06-13 00:00:00,2024-11-19 00:00:00,,,Y,N,Y
-117.6325,49.29611111111111,51458,CASTLEGAR A,BC,BRITISH COLUMBIA,COLOMBIE-BRITANNIQUE,CAN,491746000,-1173757000,PST,495.60,1141456,YCG,,Aviation-Staffed,,,,NAVCAN,NAVCAN,NAV Canada,NAV Canada,2013-05-16 11:00:00,2024-11-19 12:30:02,2013-05-16 11:00:00,2024-11-19 12:30:02,,,,,N,N,Y
-123.13780222222222,55.30528916666667,51517,MACKENZIE AIRPORT AUTO,BC,BRITISH COLUMBIA,COLOMBIE-BRITANNIQUE,CAN,551819041,-1230816088,PST,694.00,1184793,VZY,71944,Climate-Auto,,,,ECCC - MSC,ECCC - SMC,Environment and Climate Change Canada - Meteorological Service of Canada,Environnement et Changement climatique Canada - Service météorologique du Canada,2013-05-15 00:00:00,2024-11-19 12:30:02,2013-05-15 11:00:00,2024-11-19 12:30:02,2013-05-15 00:00:00,2024-11-19 00:00:00,,,Y,N,Y
-124.28555722222222,54.45529361111111,51538,FORT ST JAMES AUTO,BC,BRITISH COLUMBIA,COLOMBIE-BRITANNIQUE,CAN,542719057,-1241708006,PST,688.00,1092975,VFS,71933,Climate-Auto,,,,ECCC - MSC,ECCC - SMC,Environment and Climate Change Canada - Meteorological Service of Canada,Environnement et Changement climatique Canada - Service météorologique du Canada,2013-05-24 00:00:00,2024-11-19 12:30:02,2013-05-24 09:00:00,2024-11-19 12:30:02,2013-05-24 00:00:00,2024-11-19 00:00:00,,,Y,N,N
-121.68472222222222,51.26638888888889,51558,CLINTON A,BC,BRITISH COLUMBIA,COLOMBIE-BRITANNIQUE,CAN,511559000,-1214105000,PST,1126.20,1161662,YIN,71717,Aviation-Auto,,,,NAVCAN,NAVCAN,NAV Canada,NAV Canada,2013-08-20 09:00:00,2024-11-19 12:30:02,2013-08-20 09:00:00,2024-11-19 12:30:02,2013-08-22 00:00:00,2024-11-19 00:00:00,,,Y,N,Y
-121.58194444444445,50.224444444444444,51598,LYTTON A,BC,BRITISH COLUMBIA,COLOMBIE-BRITANNIQUE,CAN,501328000,-1213455000,PST,224.90,1114738,WLY,71812,Aviation-Auto,,,,NAVCAN,NAVCAN,NAV Canada,NAV Canada,2013-08-20 09:00:00,2024-11-19 12:30:02,2013-08-20 09:00:00,2024-11-19 12:30:02,2013-08-22 00:00:00,2024-11-19 00:00:00,,,Y,N,Y
-127.18944444444445,54.82416666666666,51658,SMITHERS AIRPORT AUTO,BC,BRITISH COLUMBIA,COLOMBIE-BRITANNIQUE,CAN,544927000,-1271122000,PST,517.60,1077501,VYD,71268,Climate-Auto,,,,ECCC - MSC,ECCC - SMC,Environment and Climate Change Canada - Meteorological Service of Canada,Environnement et Changement climatique Canada - Service météorologique du Canada,2013-08-19 00:00:00,2024-11-19 12:30:02,2013-08-19 08:00:00,2024-11-19 12:30:02,2013-08-19 00:00:00,2024-11-19 00:00:00,,,Y,N,Y
-124.68305805555555,49.47222416666666,51678,CHROME ISLAND,BC,BRITISH COLUMBIA,COLOMBIE-BRITANNIQUE,CAN,492820007,-1244059009,PST,10.00,1021500,,,Climate-Staffed,,,,CCG,GCC,Canadian Coast Guard,Garde côtière canadienne,2013-08-11 00:00:00,2020-03-29 00:00:00,,,2013-08-11 00:00:00,2020-03-29 00:00:00,,,Y,N,N
-115.78904888888889,49.61761888888889,51818,CRANBROOK AIRPORT AUTO,BC,BRITISH COLUMBIA,COLOMBIE-BRITANNIQUE,CAN,493703428,-1154720576,MST,926.70,1152106,VXC,71660,Climate-Auto,,,,ECCC - MSC,ECCC - SMC,Environment and Climate Change Canada - Meteorological Service of Canada,Environnement et Changement climatique Canada - Service météorologique du Canada,2013-11-13 00:00:00,2024-11-19 12:30:02,2013-11-13 16:00:00,2024-11-19 12:30:02,2013-11-13 00:00:00,2024-11-19 00:00:00,,,Y,N,Y
-121.97000083333333,49.10611361111111,51978,CHILLIWACK SOUTH,BC,BRITISH COLUMBIA,COLOMBIE-BRITANNIQUE,CAN,490622009,-1215812003,PST,31.00,1101571,,,Climate-Staffed,,,,CCN,RCSC,Co-operative Climate Network,Réseau coopératif de stations climatiques,2023-07-21 00:00:00,2024-11-18 00:00:00,,,2023-07-21 00:00:00,2024-11-18 00:00:00,,,Y,N,N
-124.50027777777778,49.83416666666667,52018,POWELL RIVER A,BC,BRITISH COLUMBIA,COLOMBIE-BRITANNIQUE,CAN,495003000,-1243001000,PST,129.50,1046396,YPW,,Aviation-Auto,,,,NAVCAN,NAVCAN,NAV Canada,NAV Canada,2013-12-09 07:00:00,2024-11-19 12:30:02,2013-12-09 07:00:00,2024-11-19 12:30:02,2018-10-29 00:00:00,2024-11-19 00:00:00,,,Y,N,Y
-122.95472222222222,50.12888888888889,52178,WHISTLER A,BC,BRITISH COLUMBIA,COLOMBIE-BRITANNIQUE,CAN,500744000,-1225717000,PST,657.80,1048899,WAE,,Aviation-Staffed,,,,NAVCAN,NAVCAN,NAV Canada,NAV Canada,2014-04-29 06:00:00,2024-11-17 17:00:00,2014-04-29 06:00:00,2024-11-17 17:00:00,,,,,N,N,Y
-125.7725,49.08222222222222,52198,TOFINO A,BC,BRITISH COLUMBIA,COLOMBIE-BRITANNIQUE,CAN,490456000,-1254621000,PST,24.40,1038204,YAZ,,Aviation-Staffed,,,,NAVCAN,NAVCAN,NAV Canada,NAV Canada,2014-04-29 06:00:00,2024-11-19 12:30:02,2014-04-29 06:00:00,2024-11-19 12:30:02,,,,,N,N,Y
-123.18388888888889,49.194722222222225,52218,VANCOUVER INT'L HWOS,BC,BRITISH COLUMBIA,COLOMBIE-BRITANNIQUE,CAN,491141000,-1231102000,PST,4.30,1108425,,,Climate-Staffed,,,,,,,,2014-02-21 00:00:00,2014-07-04 00:00:00,,,2014-02-21 00:00:00,2014-07-04 00:00:00,,,,,
-114.88277777777778,49.74527777777778,52278,SPARWOOD A,BC,BRITISH COLUMBIA,COLOMBIE-BRITANNIQUE,CAN,494443000,-1145258000,MST,1137.70,1157632,WSW,,Aviation-Staffed,,,,NAVCAN,NAVCAN,NAV Canada,NAV Canada,2014-09-30 07:00:00,2024-11-19 12:30:02,2014-09-30 07:00:00,2024-11-19 12:30:02,,,,,N,N,Y
-132.125,54.02722222222222,52339,MASSET A,BC,BRITISH COLUMBIA,COLOMBIE-BRITANNIQUE,CAN,540138000,-1320730000,PST,5.80,1054921,ZMT,,Aviation-Staffed,,,,NAVCAN,NAVCAN,NAV Canada,NAV Canada,2014-08-05 06:00:00,2024-11-19 12:30:02,2014-08-05 06:00:00,2024-11-19 12:30:02,,,,,N,N,Y
-120.08233333333334,51.65258333333333,52398,CLEARWATER AUTO,BC,BRITISH COLUMBIA,COLOMBIE-BRITANNIQUE,CAN,513909300,-1200456400,PST,438.00,1161650,VCW,71645,Climate-Auto,,,,ECCC - MSC,ECCC - SMC,Environment and Climate Change Canada - Meteorological Service of Canada,Environnement et Changement climatique Canada - Service météorologique du Canada,2014-07-17 00:00:00,2024-11-19 12:30:02,2014-07-17 11:00:00,2024-11-19 12:30:02,2014-07-17 00:00:00,2024-11-19 00:00:00,,,Y,N,N
-116.98222222222222,51.299166666666665,52439,GOLDEN A,BC,BRITISH COLUMBIA,COLOMBIE-BRITANNIQUE,CAN,511757000,-1165856000,MST,784.90,1173209,YGE,,Aviation-Staffed,,,,NAVCAN,NAVCAN,NAV Canada,NAV Canada,2014-08-05 07:00:00,2024-11-19 12:30:02,2014-08-05 07:00:00,2024-11-19 12:30:02,,,,,N,N,Y
-117.6325,49.29611111111111,52938,CASTLEGAR A,BC,BRITISH COLUMBIA,COLOMBIE-BRITANNIQUE,CAN,491746000,-1173757000,PST,495.60,1141460,YCG,,Aviation-Auto,,,,NAVCAN,NAVCAN,NAV Canada,NAV Canada,2014-10-23 11:00:00,2024-11-19 12:30:02,2014-10-23 11:00:00,2024-11-19 12:30:02,2018-10-29 00:00:00,2024-11-19 00:00:00,,,Y,N,Y
-121.62666666666667,55.687222222222225,52939,CHETWYND A,BC,BRITISH COLUMBIA,COLOMBIE-BRITANNIQUE,CAN,554114000,-1213736000,PST,609.30,1181513,YCQ,,Aviation-Auto,,,,NAVCAN,NAVCAN,NAV Canada,NAV Canada,2014-10-23 11:00:00,2024-11-19 12:30:02,2014-10-23 11:00:00,2024-11-19 12:30:02,2018-10-29 00:00:00,2024-11-19 00:00:00,,,Y,N,N
-132.125,54.02722222222222,52940,MASSET A,BC,BRITISH COLUMBIA,COLOMBIE-BRITANNIQUE,CAN,540138000,-1320730000,PST,5.80,1054929,ZMT,,Aviation-Auto,,,,NAVCAN,NAVCAN,NAV Canada,NAV Canada,2014-10-23 11:00:00,2024-11-19 12:30:02,2014-10-23 11:00:00,2024-11-19 12:30:02,2018-10-29 00:00:00,2024-11-19 00:00:00,,,Y,N,Y
-123.87,49.05444444444444,52941,NANAIMO A,BC,BRITISH COLUMBIA,COLOMBIE-BRITANNIQUE,CAN,490316000,-1235212000,PST,28.00,1025365,YCD,,Aviation-Auto,,,,NAVCAN,NAVCAN,NAV Canada,NAV Canada,2014-10-23 11:00:00,2024-11-19 12:30:02,2014-10-23 11:00:00,2024-11-19 12:30:02,2018-10-29 00:00:00,2024-11-19 00:00:00,,,Y,N,Y
-120.5125,49.467777777777776,52958,PRINCETON A,BC,BRITISH COLUMBIA,COLOMBIE-BRITANNIQUE,CAN,492804000,-1203045000,PST,701.60,1126518,YDC,,Aviation-Auto,,,,NAVCAN,NAVCAN,NAV Canada,NAV Canada,2014-10-23 11:00:00,2024-11-19 12:30:02,2014-10-23 11:00:00,2024-11-19 12:30:02,2018-10-29 00:00:00,2024-11-19 00:00:00,,,Y,N,Y
-114.88333333333334,49.833333333333336,52959,SPARWOOD A,BC,BRITISH COLUMBIA,COLOMBIE-BRITANNIQUE,CAN,495000000,-1145300000,PST,1158.20,1157635,WSW,,Aviation-Auto,,,,NAVCAN,NAVCAN,NAV Canada,NAV Canada,2014-10-23 11:00:00,2024-11-19 12:30:02,2014-10-23 11:00:00,2024-11-19 12:30:02,2018-10-29 00:00:00,2024-11-19 00:00:00,,,Y,N,Y
-125.7725,49.08222222222222,52960,TOFINO A,BC,BRITISH COLUMBIA,COLOMBIE-BRITANNIQUE,CAN,490456000,-1254621000,PST,24.40,1038210,YAZ,,Aviation-Auto,,,,NAVCAN,NAVCAN,NAV Canada,NAV Canada,2014-10-23 11:00:00,2024-11-19 12:30:02,2014-10-23 11:00:00,2024-11-19 12:30:02,2018-10-29 00:00:00,2024-11-19 00:00:00,,,Y,N,Y
-126.59583333333333,52.3875,52978,BELLA COOLA A,BC,BRITISH COLUMBIA,COLOMBIE-BRITANNIQUE,CAN,522315000,-1263545000,PST,35.70,1060848,YBD,,Aviation-Auto,,,,NAVCAN,NAVCAN,NAV Canada,NAV Canada,2014-10-23 11:00:00,2024-11-19 12:30:02,2014-10-23 11:00:00,2024-11-19 12:30:02,2018-10-29 00:00:00,2024-11-19 00:00:00,,,Y,N,Y
-125.27305555555556,49.95194444444444,52979,CAMPBELL RIVER A,BC,BRITISH COLUMBIA,COLOMBIE-BRITANNIQUE,CAN,495707000,-1251623000,PST,108.80,1021270,YBL,,Aviation-Auto,,,,NAVCAN,NAVCAN,NAV Canada,NAV Canada,2014-10-23 11:00:00,2024-11-19 12:30:02,2014-10-23 11:00:00,2024-11-19 12:30:02,2018-10-29 00:00:00,2024-11-19 00:00:00,,,Y,N,Y
-116.98222222222222,51.299166666666665,52980,GOLDEN A,BC,BRITISH COLUMBIA,COLOMBIE-BRITANNIQUE,CAN,511757000,-1165856000,MST,784.90,1173214,YGE,,Aviation-Auto,,,,NAVCAN,NAVCAN,NAV Canada,NAV Canada,2014-10-23 12:00:00,2024-11-19 12:30:02,2014-10-23 12:00:00,2024-11-19 12:30:02,2018-10-29 00:00:00,2024-11-19 00:00:00,,,Y,N,Y
-122.48083361111111,49.209445833333334,53278,MAPLE RIDGE FERGUSON AVENUE,BC,BRITISH COLUMBIA,COLOMBIE-BRITANNIQUE,CAN,491234005,-1222851001,PST,150.00,1104910,,,Climate-Staffed,,,,,,,,2015-01-04 00:00:00,2015-01-23 00:00:00,,,2015-01-04 00:00:00,2015-01-23 00:00:00,,,Y,N,N
-129.98333333333332,55.93333333333333,53422,STEWART A,BC,BRITISH COLUMBIA,COLOMBIE-BRITANNIQUE,CAN,555600000,-1295900000,PST,7.30,1067741,ZST,,Aviation-Staffed,,,,NAVCAN,NAVCAN,NAV Canada,NAV Canada,2015-01-15 11:00:00,2024-11-19 12:30:02,2015-01-15 11:00:00,2024-11-19 12:30:02,,,,,N,N,Y
-119.29277777777777,52.124722222222225,53423,BLUE RIVER A,BC,BRITISH COLUMBIA,COLOMBIE-BRITANNIQUE,CAN,520729000,-1191734000,PST,690.40,1160898,YCP,,Aviation-Staffed,,,,NAVCAN,NAVCAN,NAV Canada,NAV Canada,2015-01-15 11:00:00,2024-11-19 12:30:02,2015-01-15 11:00:00,2024-11-19 12:30:02,,,,,N,N,Y
-119.29277777777777,52.124722222222225,53424,BLUE RIVER A,BC,BRITISH COLUMBIA,COLOMBIE-BRITANNIQUE,CAN,520729000,-1191734000,PST,690.40,1160902,YCP,,Aviation-Auto,,,,NAVCAN,NAVCAN,NAV Canada,NAV Canada,2015-01-15 11:00:00,2024-11-19 12:30:02,2015-01-15 11:00:00,2024-11-19 12:30:02,2018-10-29 00:00:00,2024-11-19 00:00:00,,,Y,N,Y
-129.98333333333332,55.93333333333333,53438,STEWART A,BC,BRITISH COLUMBIA,COLOMBIE-BRITANNIQUE,CAN,555600000,-1295900000,PST,7.30,1067748,ZST,,Aviation-Auto,,,,NAVCAN,NAVCAN,NAV Canada,NAV Canada,2015-01-15 11:00:00,2024-11-19 12:30:02,2015-01-15 11:00:00,2024-11-19 12:30:02,2018-10-29 00:00:00,2024-11-19 00:00:00,,,Y,N,Y
-123.3875,48.422777777777775,53478,VICTORIA HARBOUR A,BC,BRITISH COLUMBIA,COLOMBIE-BRITANNIQUE,CAN,482522000,-1232315000,PST,0.00,1018619,YWH,,Aviation-Staffed,,,,NAVCAN,NAVCAN,NAV Canada,NAV Canada,2015-02-12 11:00:00,2024-11-19 12:30:02,2015-02-12 11:00:00,2024-11-19 12:30:02,,,,,N,N,Y
-123.3875,48.422777777777775,53479,VICTORIA HARBOUR A,BC,BRITISH COLUMBIA,COLOMBIE-BRITANNIQUE,CAN,482522000,-1232315000,PST,0.00,1018633,YWH,,Aviation-Auto,,,,NAVCAN,NAVCAN,NAV Canada,NAV Canada,2015-02-12 11:00:00,2024-11-19 12:30:02,2015-02-12 11:00:00,2024-11-19 12:30:02,2018-10-29 00:00:00,2024-11-19 00:00:00,,,Y,N,Y
-121.50478,51.144465,53638,CLINTON RCS,BC,BRITISH COLUMBIA,COLOMBIE-BRITANNIQUE,CAN,510840074,-1213017208,PST,1059.00,1161663,NCN,71474,Climate-Auto,,,,ECCC - MSC,ECCC - SMC,Environment and Climate Change Canada - Meteorological Service of Canada,Environnement et Changement climatique Canada - Service météorologique du Canada,2015-03-23 10:00:00,2024-11-19 12:30:02,2015-03-23 10:00:00,2024-11-19 12:30:02,2015-03-27 00:00:00,2024-11-19 00:00:00,,,Y,N,Y
-122.57416722222223,58.841390555555556,54098,FORT NELSON,BC,BRITISH COLUMBIA,COLOMBIE-BRITANNIQUE,CAN,585029006,-1223427002,PST,380.20,1192948,VFN,71594,Climate-Auto,,,,ECCC - MSC,ECCC - SMC,Environment and Climate Change Canada - Meteorological Service of Canada,Environnement et Changement climatique Canada - Service météorologique du Canada,2015-10-14 08:00:00,2024-11-19 12:30:02,2015-10-14 08:00:00,2024-11-19 12:30:02,2015-10-27 00:00:00,2024-11-19 00:00:00,,,Y,N,Y
-122.36,49.02527777777778,54238,ABBOTSFORD A,BC,BRITISH COLUMBIA,COLOMBIE-BRITANNIQUE,CAN,490131000,-1222136000,PST,59.10,1100032,YXX,,Aviation-Auto,,,,NAVCAN,NAVCAN,NAV Canada,NAV Canada,2016-01-13 06:00:00,2024-11-19 12:30:02,2016-01-13 06:00:00,2024-11-19 12:30:02,2018-10-29 00:00:00,2024-11-19 00:00:00,,,Y,N,Y
-116.98433333333334,51.300222222222224,54318,GOLDEN AIRPORT,BC,BRITISH COLUMBIA,COLOMBIE-BRITANNIQUE,CAN,511800800,-1165903600,PST,785.00,1173220,VGE,71905,Climate-Auto,,,,ECCC - MSC,ECCC - SMC,Environment and Climate Change Canada - Meteorological Service of Canada,Environnement et Changement climatique Canada - Service météorologique du Canada,2015-11-26 00:00:00,2024-11-19 12:30:02,2015-11-26 13:00:00,2024-11-19 12:30:02,2015-11-26 00:00:00,2024-11-19 00:00:00,,,Y,N,Y
-126.58694444444444,52.38861111111111,54338,BELLA COOLA AIRPORT,BC,BRITISH COLUMBIA,COLOMBIE-BRITANNIQUE,CAN,522319000,-1263513000,PST,36.90,1060844,VBD,71533,Climate-Auto,,,,ECCC - MSC,ECCC - SMC,Environment and Climate Change Canada - Meteorological Service of Canada,Environnement et Changement climatique Canada - Service météorologique du Canada,2015-11-26 12:00:00,2024-11-19 12:30:02,2015-11-26 12:00:00,2024-11-19 12:30:02,2015-12-09 00:00:00,2024-11-19 00:00:00,,,Y,N,Y
-127.37694472222222,50.68445777777778,54602,PORT HARDY AIRPORT,BC,BRITISH COLUMBIA,COLOMBIE-BRITANNIQUE,CAN,504104048,-1272237001,PST,21.60,1026273,VHD,73014,Climate-Auto,,,,ECCC - MSC,ECCC - SMC,Environment and Climate Change Canada - Meteorological Service of Canada,Environnement et Changement climatique Canada - Service météorologique du Canada,2023-03-24 00:00:00,2024-11-19 12:30:02,2023-03-24 07:00:00,2024-11-19 12:30:02,2023-03-24 00:00:00,2024-11-19 00:00:00,,,Y,N,N
-123.41888888888889,48.62166666666667,54641,SAANICHTON CFIA,BC,BRITISH COLUMBIA,COLOMBIE-BRITANNIQUE,CAN,483718000,-1232508000,PST,61.00,1016943,VSA,73028,Climate-Auto,,,,ECCC - MSC,ECCC - SMC,Environment and Climate Change Canada - Meteorological Service of Canada,Environnement et Changement climatique Canada - Service météorologique du Canada,2020-02-03 00:00:00,2024-11-19 12:30:02,2020-02-03 11:00:00,2024-11-19 12:30:02,2020-02-03 00:00:00,2024-11-19 00:00:00,,,Y,N,N
-122.71694444444445,56.93527777777778,54818,PINK MOUNTAIN 3,BC,BRITISH COLUMBIA,COLOMBIE-BRITANNIQUE,CAN,565607000,-1224301000,PST,960.10,1186173,WNO,,Aviation-Staffed,,,,NAVCAN,NAVCAN,NAV Canada,NAV Canada,2019-01-23 00:00:00,2024-11-19 12:30:02,2019-01-23 07:00:00,2024-11-19 12:30:02,2019-01-23 00:00:00,2024-11-19 00:00:00,,,,,
-128.63363527777778,54.05361805555555,54978,KITIMAT FOREST AVE,BC,BRITISH COLUMBIA,COLOMBIE-BRITANNIQUE,CAN,540313025,-1283801087,PST,98.00,1064324,VKC,73007,Climate-Auto,,,,ECCC - MSC,ECCC - SMC,Environment and Climate Change Canada - Meteorological Service of Canada,Environnement et Changement climatique Canada - Service météorologique du Canada,2020-03-14 00:00:00,2024-11-19 12:30:02,2020-03-14 00:00:00,2024-11-19 12:30:02,2020-03-14 00:00:00,2024-11-19 00:00:00,,,Y,N,N
-120.74972444444444,56.247501944444444,55198,FORT ST JOHN AIRPORT,BC,BRITISH COLUMBIA,COLOMBIE-BRITANNIQUE,CAN,561451007,-1204459008,MST,695.00,1183002,VSJ,73090,Climate-Auto,,,,,,,,2021-08-12 00:00:00,2024-11-19 12:30:02,2021-08-12 00:00:00,2024-11-19 12:30:02,2021-08-12 00:00:00,2024-11-19 00:00:00,,,Y,N,N
-124.29250194444444,54.459455,55363,FORT ST JAMES GOLF CLUB,BC,BRITISH COLUMBIA,COLOMBIE-BRITANNIQUE,CAN,542734038,-1241733007,PST,712.00,1092977,VFJ,73047,Climate-Auto,,,,,,,,2022-06-29 00:00:00,2024-11-19 12:30:02,2022-06-29 16:00:00,2024-11-19 12:30:02,2022-06-29 00:00:00,2024-11-19 00:00:00,,,Y,N,N
-123.11138888888888,49.294444444444444,55438,VANCOUVER HARBOUR,BC,BRITISH COLUMBIA,COLOMBIE-BRITANNIQUE,CAN,491740000,-1230641000,PST,0.00,110Q44V,YHC,,N/A,,,,,,,,2023-04-24 00:00:00,2024-11-19 12:30:02,2023-04-24 09:00:00,2024-11-19 12:30:02,2023-04-24 00:00:00,2024-11-19 00:00:00,,,Y,N,N
-123.00833333333334,49.07333333333333,55458,VANCOUVER BOUNDARY BAY,BC,BRITISH COLUMBIA,COLOMBIE-BRITANNIQUE,CAN,490424000,-1230030000,PST,1.80,1100909,ZBB,,Aviation-Auto,,,,,,,,2023-04-24 00:00:00,2024-11-19 12:30:02,2023-04-24 09:00:00,2024-11-19 12:30:02,2023-04-24 00:00:00,2024-11-19 00:00:00,,,Y,N,N
-122.63083333333333,49.100833333333334,55460,LANGLEY REGIONAL,BC,BRITISH COLUMBIA,COLOMBIE-BRITANNIQUE,CAN,490603000,-1223751000,PST,10.40,1104570,YNJ,,Aviation-Auto,,,,,,,,2023-04-24 00:00:00,2024-11-19 12:30:02,2023-04-24 10:00:00,2024-11-19 12:30:02,2023-04-24 00:00:00,2024-11-19 00:00:00,,,Y,N,N
-122.71333333333334,49.21611111111111,55462,PITT MEADOWS,BC,BRITISH COLUMBIA,COLOMBIE-BRITANNIQUE,CAN,491258000,-1224248000,PST,3.70,110617P,YPK,,Aviation-Auto,,,,,,,,2023-04-24 00:00:00,2024-11-19 12:30:02,2023-04-24 10:00:00,2024-11-19 12:30:02,2023-04-24 00:00:00,2024-11-19 00:00:00,,,Y,N,N
