STATION_NAME,Latitude,Longitude,LOCAL_DATE,MIN_REL_HUMIDITY,MAX_REL_HUMIDITY,MIN_TEMPERATURE,MAX_TEMPERATURE,MEAN_TEMPERATURE,TOTAL_PRECIPITATION,TOTAL_RAIN,TOTAL_SNOW,SNOW_ON_GROUND
ABBOTSFORD A,49.02527777777778,-122.36,2019-02-03,53.0,86.0,-8.8,3.4,-2.7,3.8,0.0,7.2,0.0
ABBOTSFORD A,49.02527777777778,-122.36,2019-02-04,38.0,64.0,-9.1,-3.6,-6.4,0.0,0.0,0.0,5.0
ABBOTSFORD A,49.02527777777778,-122.36,2019-02-05,33.0,57.0,-9.1,0.1,-4.5,0.0,0.0,0.0,1.0
ABBOTSFORD A,49.02527777777778,-122.36,2019-02-06,37.0,64.0,-7.1,1.1,-3.0,0.0,0.0,0.0,0.0
ABBOTSFORD A,49.02527777777778,-122.36,2019-02-07,49.0,81.0,-7.7,1.8,-3.0,0.0,0.0,0.0,0.0
ABBOTSFORD A,49.02527777777778,-122.36,2019-02-08,29.0,86.0,-6.2,2.1,-2.1,0.0,0.0,0.2,0.0
ABBOTSFORD A,49.02527777777778,-122.36,2019-02-09,27.0,34.0,-3.9,-1.6,-2.8,0.0,0.0,0.0,0.0
ABBOTSFORD A,49.02527777777778,-122.36,2019-02-10,28.0,88.0,-7.9,-2.7,-5.3,14.0,0.0,14.0,0.0
ABBOTSFORD A,49.02527777777778,-122.36,2019-02-11,46.0,92.0,-7.1,-2.3,-4.7,6.6,0.0,10.0,19.0
ABBOTSFORD A,49.02527777777778,-122.36,2019-02-12,70.0,91.0,-5.1,-3.1,-4.1,7.0,0.0,9.0,28.0
ABBOTSFORD A,49.02527777777778,-122.36,2019-02-13,50.0,95.0,-6.3,0.8,-2.8,3.8,0.0,6.0,21.0
ABBOTSFORD A,49.02527777777778,-122.36,2019-02-14,45.0,96.0,-5.1,3.1,-1.0,0.7,0.2,0.2,15.0
ABBOTSFORD A,49.02527777777778,-122.36,2019-02-15,89.0,98.0,0.3,2.5,1.4,5.2,4.6,0.4,15.0
ABBOTSFORD A,49.02527777777778,-122.36,2019-02-16,72.0,98.0,-0.4,5.9,2.8,0.0,0.0,0.0,13.0
ABBOTSFORD A,49.02527777777778,-122.36,2019-02-17,41.0,100.0,-3.0,7.3,2.2,0.0,0.0,0.0,9.0
ABBOTSFORD A,49.02527777777778,-122.36,2019-02-18,48.0,74.0,-1.4,2.6,0.6,0.0,0.0,0.0,4.0
ABBOTSFORD A,49.02527777777778,-122.36,2019-02-19,70.0,100.0,-1.7,2.3,0.3,11.3,6.9,3.5,4.0
ABBOTSFORD A,49.02527777777778,-122.36,2019-02-20,66.0,100.0,-1.2,5.2,2.0,0.0,0.0,0.0,4.0
ABBOTSFORD A,49.02527777777778,-122.36,2019-02-21,40.0,88.0,-1.9,5.6,1.9,0.0,0.0,0.0,0.0
ABBOTSFORD A,49.02527777777778,-122.36,2019-02-22,75.0,99.0,-0.7,4.0,1.7,4.6,0.4,3.0,3.0
ABBOTSFORD A,49.02527777777778,-122.36,2019-02-23,82.0,99.0,0.2,4.8,2.5,1.8,1.8,0.0,4.0
ABBOTSFORD A,49.02527777777778,-122.36,2019-02-24,39.0,96.0,-0.5,6.2,2.9,0.0,0.0,0.0,3.0
ABBOTSFORD A,49.02527777777778,-122.36,2019-02-25,31.0,41.0,-0.9,2.5,0.8,0.0,0.0,0.0,0.0
ABBOTSFORD A,49.02527777777778,-122.36,2019-02-26,27.0,39.0,-3.6,2.9,-0.4,0.0,0.0,0.0,0.0
ABBOTSFORD A,49.02527777777778,-122.36,2019-02-27,26.0,99.0,0.2,4.9,2.6,0.6,0.0,0.8,0.0
ABBOTSFORD A,49.02527777777778,-122.36,2019-02-28,46.0,99.0,-3.7,7.0,1.7,0.7,0.0,0.5,1.0
ABBOTSFORD A,49.02527777777778,-122.36,2019-03-01,41.0,92.0,-2.8,7.9,2.6,0.0,0.0,0.0,0.0
ABBOTSFORD A,49.02527777777778,-122.36,2019-03-02,22.0,79.0,-0.8,6.7,3.0,0.0,0.0,0.0,0.0
ABBOTSFORD A,49.02527777777778,-122.36,2019-03-04,19.0,35.0,-2.0,6.3,2.2,0.0,0.0,0.0,0.0
ABBOTSFORD A,49.02527777777778,-122.36,2019-03-05,28.0,60.0,-1.9,5.9,2.0,0.0,0.0,0.0,0.0
ABBOTSFORD A,49.02527777777778,-122.36,2019-03-06,48.0,100.0,-3.1,3.5,0.2,2.1,0.0,1.4,0.0
ABBOTSFORD A,49.02527777777778,-122.36,2019-03-07,66.0,100.0,-4.7,5.5,0.4,0.6,0.0,0.8,6.0
ABBOTSFORD A,49.02527777777778,-122.36,2019-03-08,52.0,97.0,-0.5,7.1,3.3,0.3,0.0,0.0,0.0
ABBOTSFORD A,49.02527777777778,-122.36,2019-03-09,49.0,94.0,-2.7,8.3,2.8,0.0,0.0,0.0,0.0
ABBOTSFORD A,49.02527777777778,-122.36,2019-03-10,44.0,93.0,-3.7,9.0,2.7,0.0,0.0,0.0,0.0
ABBOTSFORD A,49.02527777777778,-122.36,2019-03-12,88.0,100.0,0.2,5.9,3.1,9.5,7.7,2.2,2.0
ABBOTSFORD A,49.02527777777778,-122.36,2019-12-01,51.0,90.0,-4.5,3.4,-0.6,0.0,0.0,0.0,0.0
ABBOTSFORD A,49.02527777777778,-122.36,2020-01-10,87.0,97.0,-0.2,1.8,0.8,21.4,12.6,13.6,0.0
ABBOTSFORD A,49.02527777777778,-122.36,2020-01-11,57.0,98.0,0.0,5.2,2.6,19.2,16.7,2.5,3.0
ABBOTSFORD A,49.02527777777778,-122.36,2020-01-12,67.0,97.0,-6.5,4.6,-1.0,13.8,6.8,7.0,0.0
ABBOTSFORD A,49.02527777777778,-122.36,2020-01-13,52.0,65.0,-9.7,-6.3,-8.0,2.0,0.0,2.0,0.0
ABBOTSFORD A,49.02527777777778,-122.36,2020-01-14,49.0,82.0,-11.7,-9.5,-10.6,2.0,0.0,3.0,0.0
ABBOTSFORD A,49.02527777777778,-122.36,2020-01-15,58.0,84.0,-12.3,-5.3,-8.8,8.2,0.0,8.2,13.0
ABBOTSFORD A,49.02527777777778,-122.36,2020-01-16,64.0,93.0,-9.9,-3.6,-6.8,3.2,0.0,3.2,10.0
ABBOTSFORD A,49.02527777777778,-122.36,2020-01-17,77.0,91.0,-11.3,-3.3,-7.3,0.4,0.0,0.4,14.0
ABBOTSFORD A,49.02527777777778,-122.36,2020-01-18,80.0,93.0,-3.7,0.6,-1.6,4.8,0.6,4.4,15.0
ABBOTSFORD A,49.02527777777778,-122.36,2020-01-19,92.0,96.0,0.1,3.6,1.9,0.0,0.0,0.0,13.0
ABBOTSFORD A,49.02527777777778,-122.36,2020-01-20,93.0,97.0,2.0,5.1,3.6,3.8,3.8,0.0,1.0
ABBOTSFORD A,49.02527777777778,-122.36,2020-01-21,65.0,95.0,3.2,9.7,6.5,1.2,1.2,0.0,0.0
ABBOTSFORD A,49.02527777777778,-122.36,2020-02-03,42.0,97.0,-1.0,5.3,2.2,4.1,0.1,1.8,1.0
ABBOTSFORD A,49.02527777777778,-122.36,2020-02-04,87.0,97.0,-2.3,0.4,-1.0,8.9,0.0,4.2,0.0
ABBOTSFORD A,49.02527777777778,-122.36,2020-02-05,97.0,99.0,0.0,2.4,1.2,20.0,13.8,1.0,2.0
ABBOTSFORD A,49.02527777777778,-122.36,2020-02-06,97.0,99.0,1.3,4.5,2.9,8.6,8.6,0.0,1.0
ABBOTSFORD A,49.02527777777778,-122.36,2020-02-07,83.0,99.0,2.7,8.4,5.6,23.2,23.2,0.0,0.0
ABBOTSFORD A,49.02527777777778,-122.36,2020-04-03,42.0,92.0,1.2,8.2,4.7,5.5,2.2,3.3,0.0
ABBOTSFORD A,49.02527777777778,-122.36,2020-12-23,79.0,98.0,-4.8,1.8,-1.5,0.0,0.0,0.0,12.0
ABBOTSFORD A,49.02527777777778,-122.36,2020-12-24,80.0,96.0,-6.2,1.8,-2.2,0.0,0.0,0.0,10.0
ABBOTSFORD A,49.02527777777778,-122.36,2020-12-25,78.0,97.0,0.3,4.2,2.3,9.4,9.4,0.0,10.0
ABBOTSFORD A,49.02527777777778,-122.36,2020-12-26,86.0,97.0,1.5,7.1,4.3,17.2,17.2,0.0,2.0
ABBOTSFORD A,49.02527777777778,-122.36,2021-01-24,71.0,97.0,-0.1,1.7,0.8,5.8,5.6,0.2,0.0
ABBOTSFORD A,49.02527777777778,-122.36,2021-02-10,37.0,77.0,-5.4,-3.4,-4.4,0.0,0.0,0.0,0.0
ABBOTSFORD A,49.02527777777778,-122.36,2021-02-13,32.0,88.0,-4.3,-0.2,-2.3,5.2,0.0,7.0,0.0
ABBOTSFORD A,49.02527777777778,-122.36,2021-02-14,57.0,95.0,-2.1,1.0,-0.6,1.1,0.0,1.9,7.0
ABBOTSFORD A,49.02527777777778,-122.36,2021-02-15,77.0,98.0,-0.2,1.7,0.8,10.0,2.3,6.0,9.0
ABBOTSFORD A,49.02527777777778,-122.36,2021-02-16,76.0,99.0,0.2,6.2,3.2,0.8,0.8,0.0,5.0
ABBOTSFORD A,49.02527777777778,-122.36,2021-02-17,50.0,97.0,-3.6,8.1,2.3,0.0,0.0,0.0,0.0
ABBOTSFORD A,49.02527777777778,-122.36,2021-12-06,82.0,99.0,0.0,2.0,1.0,9.5,2.4,6.5,1.0
ABBOTSFORD A,49.02527777777778,-122.36,2021-12-07,96.0,100.0,1.1,5.2,3.2,5.5,5.5,0.0,0.0
ABBOTSFORD A,49.02527777777778,-122.36,2021-12-17,64.0,95.0,-2.8,0.4,-1.2,0.7,0.0,1.2,1.0
ABBOTSFORD A,49.02527777777778,-122.36,2021-12-18,72.0,99.0,-0.8,6.1,2.7,39.6,27.7,8.7,9.0
ABBOTSFORD A,49.02527777777778,-122.36,2021-12-19,46.0,98.0,-0.2,5.6,2.7,0.4,0.4,0.0,1.0
ABBOTSFORD A,49.02527777777778,-122.36,2021-12-20,47.0,66.0,-4.7,0.7,-2.0,0.0,0.0,0.0,0.0
ABBOTSFORD A,49.02527777777778,-122.36,2021-12-21,63.0,98.0,-5.5,-0.5,-3.0,8.1,8.1,0.0,0.0
ABBOTSFORD A,49.02527777777778,-122.36,2021-12-24,57.0,97.0,-1.8,2.3,0.3,5.8,3.7,1.6,1.0
ABBOTSFORD A,49.02527777777778,-122.36,2021-12-25,53.0,89.0,-9.8,-1.2,-5.5,12.4,0.0,19.0,2.0
ABBOTSFORD A,49.02527777777778,-122.36,2021-12-26,44.0,82.0,-12.4,-9.6,-11.0,3.8,2.0,3.8,20.0
ABBOTSFORD A,49.02527777777778,-122.36,2021-12-27,41.0,83.0,-15.6,-11.8,-13.7,0.2,0.0,0.2,15.0
ABBOTSFORD A,49.02527777777778,-122.36,2021-12-28,62.0,81.0,-16.9,-8.0,-12.5,0.0,0.0,0.0,12.0
ABBOTSFORD A,49.02527777777778,-122.36,2021-12-29,37.0,84.0,-12.9,-5.0,-9.0,0.2,0.0,0.2,10.0
ABBOTSFORD A,49.02527777777778,-122.36,2021-12-30,67.0,93.0,-13.0,-2.6,-7.8,8.4,0.0,15.0,13.0
ABBOTSFORD A,49.02527777777778,-122.36,2021-12-31,35.0,77.0,-12.4,-2.7,-7.6,0.0,0.0,0.0,24.0
ABBOTSFORD A,49.02527777777778,-122.36,2022-01-01,67.0,79.0,-12.4,-3.0,-7.7,0.0,0.0,0.0,22.0
ABBOTSFORD A,49.02527777777778,-122.36,2022-01-02,54.0,87.0,-4.7,6.5,0.9,0.2,0.2,0.0,15.0
ABBOTSFORD A,49.02527777777778,-122.36,2022-01-03,69.0,96.0,0.4,6.4,3.4,2.4,2.1,1.0,13.0
ABBOTSFORD A,49.02527777777778,-122.36,2022-01-04,71.0,97.0,-3.4,4.3,0.5,4.0,0.0,7.0,10.0
ABBOTSFORD A,49.02527777777778,-122.36,2022-01-05,59.0,93.0,-7.0,-3.0,-5.0,0.7,0.0,1.2,15.0
ABBOTSFORD A,49.02527777777778,-122.36,2022-01-06,85.0,98.0,-7.2,-0.1,-3.7,33.0,17.6,15.0,20.0
ABBOTSFORD A,49.02527777777778,-122.36,2022-01-07,68.0,99.0,-0.1,2.8,1.4,20.9,20.3,0.6,14.0
ABBOTSFORD A,49.02527777777778,-122.36,2022-01-08,80.0,97.0,-2.1,1.2,-0.5,1.7,0.9,0.8,11.0
ABBOTSFORD A,49.02527777777778,-122.36,2022-01-09,72.0,97.0,-1.5,6.2,2.4,0.0,0.0,0.0,9.0
ABBOTSFORD A,49.02527777777778,-122.36,2022-01-10,90.0,98.0,-2.1,4.0,1.0,2.9,2.9,0.0,8.0
ABBOTSFORD A,49.02527777777778,-122.36,2022-01-11,88.0,100.0,2.1,9.2,5.7,33.8,33.8,0.0,4.0
ABBOTSFORD A,49.02527777777778,-122.36,2022-01-12,99.0,100.0,3.2,5.8,4.5,37.7,37.7,0.0,1.0
ABBOTSFORD A,49.02527777777778,-122.36,2022-01-13,82.0,100.0,3.0,9.8,6.4,1.1,1.1,0.0,0.0
ABBOTSFORD A,49.02527777777778,-122.36,2022-01-14,78.0,99.0,2.7,9.9,6.3,0.0,0.0,0.0,0.0
ABBOTSFORD A,49.02527777777778,-122.36,2022-01-15,99.0,100.0,1.5,5.9,3.7,2.2,2.2,0.0,0.0
ABBOTSFORD A,49.02527777777778,-122.36,2022-01-16,86.0,100.0,2.5,7.0,4.8,0.0,0.0,0.0,0.0
ABBOTSFORD A,49.02527777777778,-122.36,2022-02-02,50.0,99.0,-0.9,1.5,0.3,3.9,2.6,1.3,0.0
ABBOTSFORD A,49.02527777777778,-122.36,2022-02-03,98.0,99.0,0.0,3.9,2.0,8.1,8.1,0.0,0.0
ABBOTSFORD A,49.02527777777778,-122.36,2022-02-24,41.0,97.0,-8.1,5.3,-1.4,1.0,0.0,2.0,2.0
ABBOTSFORD A,49.02527777777778,-122.36,2022-02-25,41.0,88.0,-5.0,7.2,1.1,0.0,0.0,0.0,0.0
ABBOTSFORD A,49.02527777777778,-122.36,2022-11-27,53.0,97.0,0.6,7.5,4.1,8.8,8.8,0.0,1.0
ABBOTSFORD A,49.02527777777778,-122.36,2022-11-28,36.0,98.0,-2.7,1.2,-0.8,1.2,1.2,0.0,0.0
ABBOTSFORD A,49.02527777777778,-122.36,2022-11-29,43.0,94.0,-4.1,-1.0,-2.6,6.0,0.0,6.0,0.0
ABBOTSFORD A,49.02527777777778,-122.36,2022-11-30,65.0,98.0,-4.6,4.1,-0.3,6.5,1.5,5.0,5.0
ABBOTSFORD A,49.02527777777778,-122.36,2022-12-02,58.0,78.0,-9.8,-2.5,-6.2,0.0,0.0,0.0,7.0
ABBOTSFORD A,49.02527777777778,-122.36,2022-12-04,46.0,81.0,-6.6,2.4,-2.1,0.0,0.0,0.0,7.0
ABBOTSFORD A,49.02527777777778,-122.36,2022-12-05,57.0,84.0,-9.4,0.8,-4.3,0.0,0.0,0.0,6.0
ABBOTSFORD A,49.02527777777778,-122.36,2022-12-06,72.0,99.0,-1.6,2.0,0.2,2.2,1.0,1.2,6.0
ABBOTSFORD A,49.02527777777778,-122.36,2022-12-07,89.0,99.0,0.8,2.7,1.8,0.5,0.5,0.0,5.0
ABBOTSFORD A,49.02527777777778,-122.36,2022-12-08,85.0,97.0,0.2,5.5,2.9,1.0,1.0,0.0,1.0
ABBOTSFORD A,49.02527777777778,-122.36,2022-12-09,77.0,98.0,0.1,4.0,2.1,2.2,2.2,0.0,0.0
ABBOTSFORD A,49.02527777777778,-122.36,2022-12-18,48.0,99.0,-9.4,0.6,-4.4,1.0,0.0,1.0,0.0
ABBOTSFORD A,49.02527777777778,-122.36,2022-12-19,45.0,79.0,-11.7,-9.2,-10.5,1.9,0.0,2.4,0.0
ABBOTSFORD A,49.02527777777778,-122.36,2022-12-20,55.0,87.0,-12.1,-9.4,-10.8,21.2,0.0,26.0,16.0
ABBOTSFORD A,49.02527777777778,-122.36,2022-12-21,36.0,54.0,-12.6,-9.6,-11.1,0.0,0.0,0.0,25.0
ABBOTSFORD A,49.02527777777778,-122.36,2022-12-22,38.0,44.0,-13.4,-8.1,-10.8,0.0,0.0,0.0,11.0
ABBOTSFORD A,49.02527777777778,-122.36,2022-12-23,62.0,96.0,-9.8,-2.1,-6.0,40.0,31.4,11.0,12.0
ABBOTSFORD A,49.02527777777778,-122.36,2022-12-24,96.0,100.0,-2.4,9.0,3.3,29.8,29.8,0.0,12.0
ABBOTSFORD A,49.02527777777778,-122.36,2022-12-25,97.0,100.0,2.2,6.8,4.5,5.1,5.1,0.0,10.0
ABBOTSFORD A,49.02527777777778,-122.36,2022-12-26,75.0,100.0,2.4,13.7,8.1,16.0,16.0,0.0,3.0
ABBOTSFORD A,49.02527777777778,-122.36,2022-12-27,89.0,99.0,4.5,7.5,6.0,37.9,37.9,0.0,0.0
ABBOTSFORD A,49.02527777777778,-122.36,2022-12-28,74.0,98.0,1.8,7.4,4.6,13.5,13.5,0.0,0.0
ABBOTSFORD A,49.02527777777778,-122.36,2022-12-29,69.0,97.0,1.1,5.6,3.4,2.2,2.2,0.0,0.0
ABBOTSFORD A,49.02527777777778,-122.36,2022-12-30,87.0,99.0,3.3,9.5,6.4,23.3,23.3,0.0,0.0
ABBOTSFORD A,49.02527777777778,-122.36,2023-01-31,63.0,97.0,-2.0,0.1,-1.0,2.5,2.2,0.0,1.0
ABBOTSFORD A,49.02527777777778,-122.36,2023-02-01,87.0,99.0,-0.5,3.0,1.3,1.0,0.0,1.0,2.0
ABBOTSFORD A,49.02527777777778,-122.36,2023-02-02,76.0,96.0,-0.2,4.8,2.3,0.0,0.0,0.0,0.0
ABBOTSFORD A,49.02527777777778,-122.36,2023-02-25,44.0,98.0,-4.8,2.1,-1.4,3.2,0.0,3.8,4.0
ABBOTSFORD A,49.02527777777778,-122.36,2023-02-26,56.0,99.0,-1.2,4.9,1.9,17.8,0.0,19.3,22.0
ABBOTSFORD A,49.02527777777778,-122.36,2023-02-27,60.0,96.0,-3.9,2.8,-0.6,0.2,0.2,0.0,9.0
ABBOTSFORD A,49.02527777777778,-122.36,2023-02-28,78.0,98.0,-4.2,2.4,-0.9,3.9,1.6,1.0,7.0
ABBOTSFORD A,49.02527777777778,-122.36,2023-03-01,72.0,99.0,-6.6,4.1,-1.3,0.0,0.0,0.0,11.0
ABBOTSFORD A,49.02527777777778,-122.36,2023-03-02,51.0,88.0,1.3,8.8,5.1,1.2,1.2,0.0,6.0
ABBOTSFORD A,49.02527777777778,-122.36,2023-03-03,65.0,93.0,1.4,5.8,3.6,0.0,0.0,0.0,0.0
ABBOTSFORD A,49.02527777777778,-122.36,2023-12-09,71.0,99.0,-0.6,5.7,2.6,27.2,25.2,2.0,1.0
ABBOTSFORD A,49.02527777777778,-122.36,2023-12-10,99.0,100.0,1.1,5.8,3.5,14.8,14.8,0.0,0.0
COMOX A,49.71666666666667,-124.9,2013-01-01,83.0,99.0,0.3,4.6,2.5,0.0,0.0,0.0,0.0
COMOX A,49.71666666666667,-124.9,2013-01-02,82.0,99.0,-0.5,4.7,2.1,0.0,0.0,0.0,0.0
COMOX A,49.71666666666667,-124.9,2013-01-03,87.0,98.0,-1.2,4.5,1.7,2.4,2.4,0.0,0.0
COMOX A,49.71666666666667,-124.9,2013-01-04,97.0,100.0,1.7,4.6,3.2,2.2,2.2,0.0,0.0
COMOX A,49.71666666666667,-124.9,2013-01-05,86.0,100.0,2.8,6.4,4.6,3.8,3.8,0.0,0.0
COMOX A,49.71666666666667,-124.9,2013-01-06,75.0,96.0,1.9,7.1,4.5,0.7,0.7,0.0,0.0
COMOX A,49.71666666666667,-124.9,2013-01-07,94.0,100.0,1.0,5.2,3.1,5.4,5.4,0.0,0.0
COMOX A,49.71666666666667,-124.9,2013-01-08,95.0,100.0,0.8,6.9,3.9,27.4,27.4,0.0,0.0
COMOX A,49.71666666666667,-124.9,2013-01-09,73.0,97.0,2.6,7.6,5.1,2.0,2.0,0.0,0.0
COMOX A,49.71666666666667,-124.9,2013-01-10,61.0,95.0,0.8,5.1,3.0,0.0,0.0,0.0,0.0
COMOX A,49.71666666666667,-124.9,2013-01-11,63.0,81.0,-2.1,2.2,0.1,0.0,0.0,0.0,0.0
COMOX A,49.71666666666667,-124.9,2013-01-12,70.0,88.0,-3.5,2.2,-0.7,0.0,0.0,0.0,0.0
COMOX A,49.71666666666667,-124.9,2013-01-13,73.0,99.0,-3.3,2.6,-0.4,0.4,0.4,0.0,0.0
COMOX A,49.71666666666667,-124.9,2013-01-14,98.0,100.0,0.6,2.9,1.8,0.6,0.6,0.0,0.0
COMOX A,49.71666666666667,-124.9,2013-01-15,90.0,100.0,2.0,5.3,3.7,0.6,0.6,0.0,0.0
COMOX A,49.71666666666667,-124.9,2013-01-16,81.0,91.0,2.3,4.3,3.3,0.0,0.0,0.0,0.0
COMOX A,49.71666666666667,-124.9,2013-01-17,86.0,96.0,2.4,3.9,3.2,0.0,0.0,0.0,0.0
COMOX A,49.71666666666667,-124.9,2013-01-18,80.0,91.0,2.4,4.5,3.5,0.0,0.0,0.0,0.0
COMOX A,49.71666666666667,-124.9,2013-01-19,86.0,96.0,2.0,4.2,3.1,0.0,0.0,0.0,0.0
COMOX A,49.71666666666667,-124.9,2013-01-20,97.0,100.0,-1.3,2.2,0.5,0.0,0.0,0.0,0.0
COMOX A,49.71666666666667,-124.9,2013-01-21,100.0,100.0,-1.6,1.2,-0.2,0.0,0.0,0.0,0.0
COMOX A,49.71666666666667,-124.9,2013-01-22,94.0,100.0,-0.8,2.8,1.0,0.0,0.0,0.0,0.0
COMOX A,49.71666666666667,-124.9,2013-01-23,99.0,100.0,1.8,4.4,3.1,12.4,12.4,0.0,0.0
COMOX A,49.71666666666667,-124.9,2013-01-24,96.0,100.0,0.9,5.1,3.0,9.6,9.6,0.0,0.0
COMOX A,49.71666666666667,-124.9,2013-01-25,90.0,100.0,4.3,7.5,5.9,1.2,1.2,0.0,0.0
COMOX A,49.71666666666667,-124.9,2013-01-26,93.0,100.0,2.7,7.1,4.9,11.8,11.8,0.0,0.0
COMOX A,49.71666666666667,-124.9,2013-01-27,84.0,99.0,0.8,6.5,3.7,0.0,0.0,0.0,0.0
COMOX A,49.71666666666667,-124.9,2013-01-28,84.0,99.0,1.8,4.9,3.4,0.4,0.4,0.0,0.0
COMOX A,49.71666666666667,-124.9,2013-01-29,85.0,100.0,1.1,7.0,4.1,2.4,2.4,0.0,0.0
COMOX A,49.71666666666667,-124.9,2013-01-30,97.0,100.0,4.5,5.9,5.2,0.6,0.6,0.0,0.0
COMOX A,49.71666666666667,-124.9,2013-01-31,98.0,100.0,5.2,7.5,6.4,0.4,0.4,0.0,0.0
COMOX A,49.71666666666667,-124.9,2013-02-01,90.0,100.0,4.1,6.8,5.5,0.0,0.0,0.0,0.0
COMOX A,49.71666666666667,-124.9,2013-02-02,91.0,100.0,4.3,5.5,4.9,0.0,0.0,0.0,0.0
COMOX A,49.71666666666667,-124.9,2013-02-03,91.0,100.0,4.2,6.2,5.2,0.8,0.8,0.0,0.0
COMOX A,49.71666666666667,-124.9,2013-02-04,91.0,100.0,4.0,7.8,5.9,0.0,0.0,0.0,0.0
COMOX A,49.71666666666667,-124.9,2013-02-05,86.0,97.0,5.7,7.8,6.8,8.4,8.4,0.0,0.0
COMOX A,49.71666666666667,-124.9,2013-02-06,75.0,99.0,4.7,7.5,6.1,6.8,6.8,0.0,0.0
COMOX A,49.71666666666667,-124.9,2013-02-07,59.0,94.0,3.7,9.5,6.6,1.8,1.8,0.0,0.0
COMOX A,49.71666666666667,-124.9,2013-02-08,76.0,97.0,-0.1,6.4,3.2,0.0,0.0,0.0,0.0
COMOX A,49.71666666666667,-124.9,2013-02-09,92.0,100.0,2.0,6.1,4.1,0.0,0.0,0.0,0.0
COMOX A,49.71666666666667,-124.9,2013-02-10,93.0,100.0,4.3,6.4,5.4,1.3,1.3,0.0,0.0
COMOX A,49.71666666666667,-124.9,2013-02-11,81.0,94.0,4.6,7.5,6.1,0.2,0.2,0.0,0.0
COMOX A,49.71666666666667,-124.9,2013-02-12,84.0,100.0,5.4,8.6,7.0,0.2,0.2,0.0,0.0
COMOX A,49.71666666666667,-124.9,2013-02-13,68.0,100.0,0.5,8.5,4.5,0.0,0.0,0.0,0.0
COMOX A,49.71666666666667,-124.9,2013-02-14,94.0,100.0,4.7,6.1,5.4,8.2,8.2,0.0,0.0
COMOX A,49.71666666666667,-124.9,2013-02-15,92.0,100.0,5.1,6.9,6.0,1.4,1.4,0.0,0.0
COMOX A,49.71666666666667,-124.9,2013-02-16,81.0,100.0,2.9,9.0,6.0,0.2,0.2,0.0,0.0
COMOX A,49.71666666666667,-124.9,2013-02-17,66.0,94.0,-0.9,7.0,3.1,0.0,0.0,0.0,0.0
COMOX A,49.71666666666667,-124.9,2013-02-18,87.0,96.0,1.5,6.1,3.8,8.2,8.2,0.0,0.0
COMOX A,49.71666666666667,-124.9,2013-02-19,68.0,100.0,1.1,7.9,4.5,10.8,10.8,0.0,0.0
COMOX A,49.71666666666667,-124.9,2013-02-20,91.0,98.0,-1.0,5.7,2.4,1.2,1.2,0.0,0.0
COMOX A,49.71666666666667,-124.9,2013-02-21,65.0,100.0,3.4,9.8,6.6,0.0,0.0,0.0,0.0
COMOX A,49.71666666666667,-124.9,2013-02-22,48.0,97.0,3.3,9.3,6.3,2.4,2.4,0.0,0.0
COMOX A,49.71666666666667,-124.9,2013-02-23,45.0,97.0,0.0,9.0,4.5,0.0,0.0,0.0,0.0
COMOX A,49.71666666666667,-124.9,2013-02-24,75.0,99.0,3.9,7.0,5.5,10.8,10.8,0.0,0.0
COMOX A,49.71666666666667,-124.9,2013-02-25,32.0,99.0,3.1,10.6,6.9,4.4,4.4,0.0,0.0
COMOX A,49.71666666666667,-124.9,2013-02-26,70.0,97.0,0.2,7.6,3.9,8.4,8.4,0.0,0.0
COMOX A,49.71666666666667,-124.9,2013-02-27,83.0,99.0,-0.8,6.3,2.8,0.4,0.4,0.0,0.0
COMOX A,49.71666666666667,-124.9,2013-02-28,88.0,100.0,3.8,7.0,5.4,11.2,11.2,0.0,0.0
COMOX A,49.71666666666667,-124.9,2013-03-01,74.0,100.0,6.9,12.2,9.6,2.4,2.4,0.0,0.0
COMOX A,49.71666666666667,-124.9,2013-03-02,86.0,100.0,1.9,9.0,5.5,14.4,14.4,0.0,0.0
COMOX A,49.71666666666667,-124.9,2013-03-03,63.0,94.0,0.5,9.0,4.8,0.0,0.0,0.0,0.0
COMOX A,49.71666666666667,-124.9,2013-03-04,71.0,93.0,-1.2,7.1,3.0,0.0,0.0,0.0,0.0
COMOX A,49.71666666666667,-124.9,2013-03-05,68.0,96.0,0.1,6.4,3.3,1.2,1.2,0.0,0.0
COMOX A,49.71666666666667,-124.9,2013-03-06,49.0,99.0,3.6,10.9,7.3,0.2,0.2,0.0,0.0
COMOX A,49.71666666666667,-124.9,2013-03-07,74.0,97.0,4.1,8.5,6.3,0.4,0.4,0.0,0.0
COMOX A,49.71666666666667,-124.9,2013-03-08,61.0,98.0,2.3,10.2,6.3,0.0,0.0,0.0,0.0
COMOX A,49.71666666666667,-124.9,2013-03-09,76.0,96.0,-0.6,9.4,4.4,0.0,0.0,0.0,0.0
COMOX A,49.71666666666667,-124.9,2013-03-10,71.0,98.0,5.5,9.5,7.5,0.0,0.0,0.0,0.0
COMOX A,49.71666666666667,-124.9,2013-03-11,68.0,95.0,3.1,7.5,5.3,4.4,4.4,0.0,0.0
COMOX A,49.71666666666667,-124.9,2013-03-12,78.0,99.0,5.0,10.9,8.0,11.4,11.4,0.0,0.0
COMOX A,49.71666666666667,-124.9,2013-03-13,84.0,100.0,8.5,11.2,9.9,2.4,2.4,0.0,0.0
COMOX A,49.71666666666667,-124.9,2013-03-14,90.0,100.0,7.8,10.8,9.3,1.4,1.4,0.0,0.0
COMOX A,49.71666666666667,-124.9,2013-03-15,84.0,98.0,6.1,11.8,9.0,0.0,0.0,0.0,0.0
COMOX A,49.71666666666667,-124.9,2013-03-16,84.0,100.0,2.6,8.7,5.7,2.0,2.0,0.0,0.0
COMOX A,49.71666666666667,-124.9,2013-03-17,61.0,84.0,1.4,7.8,4.6,0.4,0.4,0.0,0.0
COMOX A,49.71666666666667,-124.9,2013-03-18,51.0,94.0,-0.6,8.9,4.2,0.0,0.0,0.0,0.0
COMOX A,49.71666666666667,-124.9,2013-03-19,63.0,97.0,0.4,6.9,3.7,12.6,12.6,0.0,0.0
COMOX A,49.71666666666667,-124.9,2013-03-20,69.0,98.0,2.0,11.4,6.7,25.0,25.0,0.0,0.0
COMOX A,49.71666666666667,-124.9,2013-03-21,54.0,98.0,-1.4,7.5,3.1,2.4,2.4,0.0,0.0
COMOX A,49.71666666666667,-124.9,2013-03-22,50.0,92.0,-0.8,7.7,3.5,0.0,0.0,0.0,0.0
COMOX A,49.71666666666667,-124.9,2013-03-23,57.0,87.0,0.8,9.2,5.0,0.0,0.0,0.0,0.0
COMOX A,49.71666666666667,-124.9,2013-03-24,64.0,84.0,4.5,7.5,6.0,0.6,0.6,0.0,0.0
COMOX A,49.71666666666667,-124.9,2013-03-25,54.0,91.0,4.3,10.9,7.6,0.0,0.0,0.0,0.0
COMOX A,49.71666666666667,-124.9,2013-03-26,60.0,89.0,5.5,11.3,8.4,0.0,0.0,0.0,0.0
COMOX A,49.71666666666667,-124.9,2013-03-27,57.0,92.0,5.6,14.3,10.0,0.0,0.0,0.0,0.0
COMOX A,49.71666666666667,-124.9,2013-03-28,64.0,93.0,5.9,13.4,9.7,0.0,0.0,0.0,0.0
COMOX A,49.71666666666667,-124.9,2013-03-29,64.0,96.0,3.3,13.9,8.6,0.0,0.0,0.0,0.0
COMOX A,49.71666666666667,-124.9,2013-03-30,47.0,89.0,4.5,16.4,10.5,0.0,0.0,0.0,0.0
COMOX A,49.71666666666667,-124.9,2013-03-31,44.0,89.0,4.4,17.0,10.7,0.0,0.0,0.0,0.0
COMOX A,49.71666666666667,-124.9,2013-04-01,61.0,89.0,4.5,14.4,9.5,0.0,0.0,0.0,0.0
COMOX A,49.71666666666667,-124.9,2013-04-02,74.0,94.0,7.6,11.3,9.5,0.0,0.0,0.0,0.0
COMOX A,49.71666666666667,-124.9,2013-04-03,62.0,96.0,8.6,13.1,10.9,0.0,0.0,0.0,0.0
COMOX A,49.71666666666667,-124.9,2013-04-04,79.0,99.0,8.0,9.9,9.0,14.2,14.2,0.0,0.0
COMOX A,49.71666666666667,-124.9,2013-04-05,74.0,99.0,8.5,13.6,11.1,1.2,1.2,0.0,0.0
COMOX A,49.71666666666667,-124.9,2013-04-06,55.0,98.0,6.4,12.9,9.7,6.2,6.2,0.0,0.0
COMOX A,49.71666666666667,-124.9,2013-04-07,57.0,94.0,4.3,12.4,8.4,0.0,0.0,0.0,0.0
COMOX A,49.71666666666667,-124.9,2013-04-08,63.0,88.0,6.8,12.6,9.7,0.0,0.0,0.0,0.0
COMOX A,49.71666666666667,-124.9,2013-04-09,71.0,92.0,6.5,9.3,7.9,4.0,4.0,0.0,0.0
COMOX A,49.71666666666667,-124.9,2013-04-10,57.0,99.0,7.8,13.6,10.7,7.8,7.8,0.0,0.0
COMOX A,49.71666666666667,-124.9,2013-04-11,42.0,80.0,5.7,11.8,8.8,0.0,0.0,0.0,0.0
COMOX A,49.71666666666667,-124.9,2013-04-12,65.0,88.0,3.8,8.8,6.3,0.0,0.0,0.0,0.0
COMOX A,49.71666666666667,-124.9,2013-04-13,62.0,92.0,-0.2,9.5,4.7,0.0,0.0,0.0,0.0
COMOX A,49.71666666666667,-124.9,2013-04-14,53.0,84.0,1.3,11.4,6.4,0.0,0.0,0.0,0.0
COMOX A,49.71666666666667,-124.9,2013-04-15,33.0,75.0,4.3,15.8,10.1,0.0,0.0,0.0,0.0
COMOX A,49.71666666666667,-124.9,2013-04-16,25.0,63.0,3.4,14.7,9.1,0.0,0.0,0.0,0.0
COMOX A,49.71666666666667,-124.9,2013-04-17,54.0,92.0,7.8,12.7,10.3,0.6,0.6,0.0,0.0
COMOX A,49.71666666666667,-124.9,2013-04-18,80.0,97.0,6.5,8.9,7.7,4.6,4.6,0.0,0.0
COMOX A,49.71666666666667,-124.9,2013-04-19,70.0,100.0,7.6,14.2,10.9,3.6,3.6,0.0,0.0
COMOX A,49.71666666666667,-124.9,2013-04-20,61.0,93.0,7.3,11.4,9.4,1.7,1.7,0.0,0.0
COMOX A,49.71666666666667,-124.9,2013-04-21,32.0,86.0,5.3,15.2,10.3,0.0,0.0,0.0,0.0
COMOX A,49.71666666666667,-124.9,2013-04-22,27.0,86.0,0.9,15.9,8.4,0.0,0.0,0.0,0.0
COMOX A,49.71666666666667,-124.9,2013-04-23,41.0,64.0,6.3,16.9,11.6,0.0,0.0,0.0,0.0
COMOX A,49.71666666666667,-124.9,2013-04-24,35.0,67.0,6.5,17.6,12.1,0.0,0.0,0.0,0.0
COMOX A,49.71666666666667,-124.9,2013-04-25,56.0,82.0,8.3,17.4,12.9,0.0,0.0,0.0,0.0
COMOX A,49.71666666666667,-124.9,2013-04-26,44.0,95.0,7.5,15.3,11.4,0.0,0.0,0.0,0.0
COMOX A,49.71666666666667,-124.9,2013-04-27,42.0,86.0,9.3,17.4,13.4,0.0,0.0,0.0,0.0
COMOX A,49.71666666666667,-124.9,2013-04-28,51.0,83.0,4.5,12.4,8.5,0.0,0.0,0.0,0.0
COMOX A,49.71666666666667,-124.9,2013-04-29,52.0,87.0,3.0,11.1,7.1,0.0,0.0,0.0,0.0
COMOX A,49.71666666666667,-124.9,2013-04-30,30.0,64.0,2.9,12.2,7.6,0.0,0.0,0.0,0.0
COMOX A,49.71666666666667,-124.9,2013-05-01,48.0,83.0,2.5,13.4,8.0,0.0,0.0,0.0,0.0
COMOX A,49.71666666666667,-124.9,2013-05-02,51.0,88.0,6.2,15.2,10.7,0.0,0.0,0.0,0.0
COMOX A,49.71666666666667,-124.9,2013-05-03,42.0,87.0,7.6,20.2,13.9,0.0,0.0,0.0,0.0
COMOX A,49.71666666666667,-124.9,2013-05-04,29.0,81.0,8.1,23.5,15.8,0.0,0.0,0.0,0.0
COMOX A,49.71666666666667,-124.9,2013-05-05,36.0,69.0,10.0,26.5,18.3,0.0,0.0,0.0,0.0
COMOX A,49.71666666666667,-124.9,2013-05-06,30.0,76.0,10.9,27.3,19.1,0.0,0.0,0.0,0.0
COMOX A,49.71666666666667,-124.9,2013-05-07,52.0,84.0,10.2,21.2,15.7,0.0,0.0,0.0,0.0
COMOX A,49.71666666666667,-124.9,2013-05-08,69.0,92.0,9.9,18.6,14.3,0.0,0.0,0.0,0.0
COMOX A,49.71666666666667,-124.9,2013-05-09,62.0,97.0,9.3,20.4,14.9,0.0,0.0,0.0,0.0
COMOX A,49.71666666666667,-124.9,2013-05-10,64.0,91.0,10.3,19.2,14.8,0.0,0.0,0.0,0.0
COMOX A,49.71666666666667,-124.9,2013-05-11,77.0,97.0,12.8,15.9,14.4,8.8,8.8,0.0,0.0
COMOX A,49.71666666666667,-124.9,2013-05-12,62.0,97.0,12.7,17.5,15.1,1.0,1.0,0.0,0.0
COMOX A,49.71666666666667,-124.9,2013-05-13,63.0,96.0,7.9,14.4,11.2,7.0,7.0,0.0,0.0
COMOX A,49.71666666666667,-124.9,2013-05-14,58.0,93.0,6.1,15.3,10.7,0.0,0.0,0.0,0.0
COMOX A,49.71666666666667,-124.9,2013-05-15,69.0,90.0,9.6,14.0,11.8,0.4,0.4,0.0,0.0
COMOX A,49.71666666666667,-124.9,2013-05-16,63.0,95.0,8.9,16.5,12.7,0.8,0.8,0.0,0.0
COMOX A,49.71666666666667,-124.9,2013-05-17,78.0,97.0,9.8,15.9,12.9,8.2,8.2,0.0,0.0
COMOX A,49.71666666666667,-124.9,2013-05-18,70.0,93.0,10.2,15.7,13.0,0.4,0.4,0.0,0.0
COMOX A,49.71666666666667,-124.9,2013-05-19,51.0,84.0,8.9,17.5,13.2,0.0,0.0,0.0,0.0
COMOX A,49.71666666666667,-124.9,2013-05-20,61.0,93.0,8.6,13.5,11.1,0.4,0.4,0.0,0.0
COMOX A,49.71666666666667,-124.9,2013-05-21,72.0,95.0,6.4,12.2,9.3,5.8,5.8,0.0,0.0
COMOX A,49.71666666666667,-124.9,2013-05-22,58.0,97.0,9.3,14.6,12.0,3.6,3.6,0.0,0.0
COMOX A,49.71666666666667,-124.9,2013-05-23,57.0,95.0,8.9,16.0,12.5,11.0,11.0,0.0,0.0
COMOX A,49.71666666666667,-124.9,2013-05-24,56.0,92.0,6.7,16.9,11.8,0.0,0.0,0.0,0.0
COMOX A,49.71666666666667,-124.9,2013-05-25,67.0,90.0,8.7,16.2,12.5,1.0,1.0,0.0,0.0
COMOX A,49.71666666666667,-124.9,2013-05-26,63.0,90.0,8.2,17.2,12.7,0.0,0.0,0.0,0.0
COMOX A,49.71666666666667,-124.9,2013-05-27,86.0,97.0,11.5,13.1,12.3,6.2,6.2,0.0,0.0
COMOX A,49.71666666666667,-124.9,2013-05-28,85.0,97.0,10.5,14.2,12.4,2.6,2.6,0.0,0.0
COMOX A,49.71666666666667,-124.9,2013-05-29,86.0,97.0,8.5,12.3,10.4,4.8,4.8,0.0,0.0
COMOX A,49.71666666666667,-124.9,2013-05-30,75.0,97.0,8.0,13.9,11.0,2.0,2.0,0.0,0.0
COMOX A,49.71666666666667,-124.9,2013-05-31,59.0,97.0,8.7,16.5,12.6,0.0,0.0,0.0,0.0
COMOX A,49.71666666666667,-124.9,2013-06-01,71.0,94.0,11.1,15.2,13.2,0.8,0.8,0.0,0.0
COMOX A,49.71666666666667,-124.9,2013-06-02,60.0,82.0,10.3,18.8,14.6,0.0,0.0,0.0,0.0
COMOX A,49.71666666666667,-124.9,2013-06-03,51.0,77.0,9.9,20.0,15.0,0.0,0.0,0.0,0.0
COMOX A,49.71666666666667,-124.9,2013-06-04,54.0,96.0,10.0,21.8,15.9,0.0,0.0,0.0,0.0
COMOX A,49.71666666666667,-124.9,2013-06-05,50.0,94.0,11.7,21.0,16.4,1.0,1.0,0.0,0.0
COMOX A,49.71666666666667,-124.9,2013-06-06,55.0,76.0,10.5,19.7,15.1,0.0,0.0,0.0,0.0
COMOX A,49.71666666666667,-124.9,2013-06-07,68.0,89.0,13.0,19.8,16.4,0.0,0.0,0.0,0.0
COMOX A,49.71666666666667,-124.9,2013-06-08,58.0,81.0,12.4,16.7,14.6,0.0,0.0,0.0,0.0
COMOX A,49.71666666666667,-124.9,2013-06-09,52.0,88.0,10.7,18.4,14.6,0.0,0.0,0.0,0.0
COMOX A,49.71666666666667,-124.9,2013-06-10,39.0,86.0,8.3,19.4,13.9,0.0,0.0,0.0,0.0
COMOX A,49.71666666666667,-124.9,2013-06-11,62.0,94.0,11.4,17.5,14.5,4.6,4.6,0.0,0.0
COMOX A,49.71666666666667,-124.9,2013-06-12,63.0,89.0,10.5,16.5,13.5,0.0,0.0,0.0,0.0
COMOX A,49.71666666666667,-124.9,2013-06-13,52.0,91.0,8.3,18.3,13.3,0.0,0.0,0.0,0.0
COMOX A,49.71666666666667,-124.9,2013-06-14,66.0,80.0,12.5,18.5,15.5,0.0,0.0,0.0,0.0
COMOX A,49.71666666666667,-124.9,2013-06-15,45.0,94.0,9.6,21.3,15.5,0.0,0.0,0.0,0.0
COMOX A,49.71666666666667,-124.9,2013-06-16,57.0,82.0,12.4,22.6,17.5,0.0,0.0,0.0,0.0
COMOX A,49.71666666666667,-124.9,2013-06-17,60.0,90.0,14.3,20.7,17.5,0.0,0.0,0.0,0.0
COMOX A,49.71666666666667,-124.9,2013-06-18,52.0,94.0,11.6,20.2,15.9,7.2,7.2,0.0,0.0
COMOX A,49.71666666666667,-124.9,2013-06-19,62.0,93.0,12.0,19.4,15.7,1.2,1.2,0.0,0.0
COMOX A,49.71666666666667,-124.9,2013-06-20,77.0,94.0,12.9,15.4,14.2,2.6,2.6,0.0,0.0
COMOX A,49.71666666666667,-124.9,2013-06-21,73.0,97.0,12.7,18.8,15.8,1.2,1.2,0.0,0.0
COMOX A,49.71666666666667,-124.9,2013-06-22,68.0,93.0,14.2,18.5,16.4,0.0,0.0,0.0,0.0
COMOX A,49.71666666666667,-124.9,2013-06-23,78.0,98.0,11.2,19.5,15.4,2.2,2.2,0.0,0.0
COMOX A,49.71666666666667,-124.9,2013-06-24,64.0,98.0,14.6,18.9,16.8,6.0,6.0,0.0,0.0
COMOX A,49.71666666666667,-124.9,2013-06-25,77.0,96.0,13.8,18.8,16.3,7.0,7.0,0.0,0.0
COMOX A,49.71666666666667,-124.9,2013-06-26,76.0,96.0,13.2,18.2,15.7,3.0,3.0,0.0,0.0
COMOX A,49.71666666666667,-124.9,2013-06-27,82.0,98.0,13.2,17.1,15.2,11.8,11.8,0.0,0.0
COMOX A,49.71666666666667,-124.9,2013-06-28,90.0,99.0,14.2,17.9,16.1,0.6,0.6,0.0,0.0
COMOX A,49.71666666666667,-124.9,2013-06-29,61.0,98.0,14.8,25.4,20.1,0.0,0.0,0.0,0.0
COMOX A,49.71666666666667,-124.9,2013-06-30,53.0,96.0,15.5,27.1,21.3,0.0,0.0,0.0,0.0
COMOX A,49.71666666666667,-124.9,2013-07-01,54.0,88.0,17.1,27.3,22.2,0.0,0.0,0.0,0.0
COMOX A,49.71666666666667,-124.9,2013-07-02,41.0,83.0,16.8,25.8,21.3,0.0,0.0,0.0,0.0
COMOX A,49.71666666666667,-124.9,2013-07-03,37.0,72.0,13.8,24.0,18.9,0.0,0.0,0.0,0.0
COMOX A,49.71666666666667,-124.9,2013-07-04,50.0,69.0,14.2,22.4,18.3,0.0,0.0,0.0,0.0
COMOX A,49.71666666666667,-124.9,2013-07-05,56.0,76.0,12.1,21.4,16.8,0.0,0.0,0.0,0.0
COMOX A,49.71666666666667,-124.9,2013-07-06,47.0,81.0,12.0,24.6,18.3,0.0,0.0,0.0,0.0
COMOX A,49.71666666666667,-124.9,2013-07-07,53.0,79.0,13.8,23.4,18.6,0.0,0.0,0.0,0.0
COMOX A,49.71666666666667,-124.9,2013-07-08,43.0,81.0,13.4,25.4,19.4,0.0,0.0,0.0,0.0
COMOX A,49.71666666666667,-124.9,2013-07-09,51.0,86.0,13.0,24.4,18.7,0.0,0.0,0.0,0.0
COMOX A,49.71666666666667,-124.9,2013-07-10,55.0,85.0,12.7,20.9,16.8,0.0,0.0,0.0,0.0
COMOX A,49.71666666666667,-124.9,2013-07-11,46.0,78.0,11.7,20.1,15.9,0.4,0.4,0.0,0.0
COMOX A,49.71666666666667,-124.9,2013-07-12,38.0,76.0,12.6,22.3,17.5,0.0,0.0,0.0,0.0
COMOX A,49.71666666666667,-124.9,2013-07-13,30.0,75.0,11.0,23.4,17.2,0.0,0.0,0.0,0.0
COMOX A,49.71666666666667,-124.9,2013-07-14,45.0,77.0,12.1,22.0,17.1,0.0,0.0,0.0,0.0
COMOX A,49.71666666666667,-124.9,2013-07-15,25.0,78.0,13.5,26.4,20.0,0.0,0.0,0.0,0.0
COMOX A,49.71666666666667,-124.9,2013-07-16,21.0,74.0,11.8,29.3,20.6,0.0,0.0,0.0,0.0
COMOX A,49.71666666666667,-124.9,2013-07-17,52.0,88.0,17.5,24.4,21.0,1.8,1.8,0.0,0.0
COMOX A,49.71666666666667,-124.9,2013-07-18,54.0,95.0,15.0,24.1,19.6,0.0,0.0,0.0,0.0
COMOX A,49.71666666666667,-124.9,2013-07-19,51.0,84.0,14.3,26.5,20.4,0.0,0.0,0.0,0.0
COMOX A,49.71666666666667,-124.9,2013-07-20,46.0,82.0,14.1,25.0,19.6,0.0,0.0,0.0,0.0
COMOX A,49.71666666666667,-124.9,2013-07-21,54.0,84.0,13.4,23.8,18.6,0.0,0.0,0.0,0.0
COMOX A,49.71666666666667,-124.9,2013-07-22,33.0,79.0,14.8,25.9,20.4,0.0,0.0,0.0,0.0
COMOX A,49.71666666666667,-124.9,2013-07-23,28.0,65.0,14.2,28.9,21.6,0.0,0.0,0.0,0.0
COMOX A,49.71666666666667,-124.9,2013-07-24,38.0,77.0,14.9,27.7,21.3,0.0,0.0,0.0,0.0
COMOX A,49.71666666666667,-124.9,2013-07-25,45.0,81.0,14.3,25.5,19.9,0.0,0.0,0.0,0.0
COMOX A,49.71666666666667,-124.9,2013-07-26,47.0,70.0,14.7,23.0,18.9,0.0,0.0,0.0,0.0
COMOX A,49.71666666666667,-124.9,2013-07-27,45.0,84.0,14.2,23.1,18.7,0.0,0.0,0.0,0.0
COMOX A,49.71666666666667,-124.9,2013-07-28,39.0,80.0,12.7,24.8,18.8,0.0,0.0,0.0,0.0
COMOX A,49.71666666666667,-124.9,2013-07-29,40.0,81.0,13.9,27.0,20.5,0.0,0.0,0.0,0.0
COMOX A,49.71666666666667,-124.9,2013-07-30,44.0,83.0,12.2,25.4,18.8,0.0,0.0,0.0,0.0
COMOX A,49.71666666666667,-124.9,2013-07-31,49.0,95.0,14.2,25.8,20.0,0.0,0.0,0.0,0.0
COMOX A,49.71666666666667,-124.9,2013-08-01,63.0,93.0,16.7,24.3,20.5,0.6,0.6,0.0,0.0
COMOX A,49.71666666666667,-124.9,2013-08-02,72.0,87.0,15.7,20.1,17.9,0.0,0.0,0.0,0.0
COMOX A,49.71666666666667,-124.9,2013-08-03,62.0,91.0,15.7,22.1,18.9,0.0,0.0,0.0,0.0
COMOX A,49.71666666666667,-124.9,2013-08-04,50.0,87.0,13.4,25.7,19.6,0.0,0.0,0.0,0.0
COMOX A,49.71666666666667,-124.9,2013-08-05,42.0,76.0,13.6,26.1,19.9,0.0,0.0,0.0,0.0
COMOX A,49.71666666666667,-124.9,2013-08-06,37.0,75.0,14.6,27.0,20.8,0.0,0.0,0.0,0.0
COMOX A,49.71666666666667,-124.9,2013-08-07,32.0,67.0,17.1,30.0,23.6,0.0,0.0,0.0,0.0
COMOX A,49.71666666666667,-124.9,2013-08-08,37.0,80.0,16.9,28.7,22.8,0.0,0.0,0.0,0.0
COMOX A,49.71666666666667,-124.9,2013-08-09,41.0,79.0,14.7,28.3,21.5,0.0,0.0,0.0,0.0
COMOX A,49.71666666666667,-124.9,2013-08-10,53.0,88.0,14.7,25.2,20.0,0.0,0.0,0.0,0.0
COMOX A,49.71666666666667,-124.9,2013-08-11,74.0,96.0,16.3,21.4,18.9,1.2,1.2,0.0,0.0
COMOX A,49.71666666666667,-124.9,2013-08-12,73.0,97.0,14.8,20.5,17.7,6.4,6.4,0.0,0.0
COMOX A,49.71666666666667,-124.9,2013-08-13,58.0,94.0,15.0,23.1,19.1,0.0,0.0,0.0,0.0
COMOX A,49.71666666666667,-124.9,2013-08-14,75.0,96.0,14.9,20.5,17.7,3.6,3.6,0.0,0.0
COMOX A,49.71666666666667,-124.9,2013-08-15,72.0,93.0,16.2,21.5,18.9,0.0,0.0,0.0,0.0
COMOX A,49.71666666666667,-124.9,2013-08-16,73.0,97.0,15.8,21.6,18.7,4.8,4.8,0.0,0.0
COMOX A,49.71666666666667,-124.9,2013-08-17,59.0,98.0,16.2,22.9,19.6,0.4,0.4,0.0,0.0
COMOX A,49.71666666666667,-124.9,2013-08-18,65.0,91.0,14.7,21.2,18.0,0.0,0.0,0.0,0.0
COMOX A,49.71666666666667,-124.9,2013-08-19,45.0,93.0,14.7,22.5,18.6,0.0,0.0,0.0,0.0
COMOX A,49.71666666666667,-124.9,2013-08-20,35.0,81.0,13.1,23.8,18.5,0.0,0.0,0.0,0.0
COMOX A,49.71666666666667,-124.9,2013-08-21,31.0,78.0,11.9,25.4,18.7,0.0,0.0,0.0,0.0
COMOX A,49.71666666666667,-124.9,2013-08-22,37.0,79.0,13.1,26.6,19.9,0.0,0.0,0.0,0.0
COMOX A,49.71666666666667,-124.9,2013-08-23,66.0,85.0,13.9,21.8,17.9,0.4,0.4,0.0,0.0
COMOX A,49.71666666666667,-124.9,2013-08-24,57.0,89.0,14.6,21.4,18.0,0.0,0.0,0.0,0.0
COMOX A,49.71666666666667,-124.9,2013-08-25,45.0,91.0,11.0,22.4,16.7,0.0,0.0,0.0,0.0
COMOX A,49.71666666666667,-124.9,2013-08-26,57.0,93.0,10.2,21.6,15.9,2.7,2.7,0.0,0.0
COMOX A,49.71666666666667,-124.9,2013-08-27,80.0,97.0,14.3,17.8,16.1,10.4,10.4,0.0,0.0
COMOX A,49.71666666666667,-124.9,2013-08-28,90.0,97.0,13.9,18.1,16.0,4.7,4.7,0.0,0.0
COMOX A,49.71666666666667,-124.9,2013-08-29,93.0,99.0,15.4,18.8,17.1,17.0,17.0,0.0,0.0
COMOX A,49.71666666666667,-124.9,2013-08-30,78.0,96.0,14.4,19.8,17.1,1.6,1.6,0.0,0.0
COMOX A,49.71666666666667,-124.9,2013-08-31,54.0,98.0,12.4,21.7,17.1,0.0,0.0,0.0,0.0
COMOX A,49.71666666666667,-124.9,2013-09-01,65.0,91.0,12.0,21.7,16.9,0.0,0.0,0.0,0.0
COMOX A,49.71666666666667,-124.9,2013-09-02,62.0,93.0,13.8,23.0,18.4,1.2,1.2,0.0,0.0
COMOX A,49.71666666666667,-124.9,2013-09-03,73.0,97.0,15.4,20.3,17.9,0.3,0.3,0.0,0.0
COMOX A,49.71666666666667,-124.9,2013-09-04,65.0,99.0,12.7,22.1,17.4,0.0,0.0,0.0,0.0
COMOX A,49.71666666666667,-124.9,2013-09-05,67.0,88.0,13.5,21.6,17.6,0.0,0.0,0.0,0.0
COMOX A,49.71666666666667,-124.9,2013-09-06,68.0,93.0,12.7,21.4,17.1,0.0,0.0,0.0,0.0
COMOX A,49.71666666666667,-124.9,2013-09-07,68.0,99.0,13.4,21.8,17.6,0.0,0.0,0.0,0.0
COMOX A,49.71666666666667,-124.9,2013-09-08,61.0,94.0,13.4,22.9,18.2,0.0,0.0,0.0,0.0
COMOX A,49.71666666666667,-124.9,2013-09-09,57.0,92.0,13.6,22.3,18.0,0.0,0.0,0.0,0.0
COMOX A,49.71666666666667,-124.9,2013-09-10,50.0,85.0,12.0,24.8,18.4,0.0,0.0,0.0,0.0
COMOX A,49.71666666666667,-124.9,2013-09-11,41.0,89.0,12.5,26.7,19.6,0.0,0.0,0.0,0.0
COMOX A,49.71666666666667,-124.9,2013-09-12,44.0,87.0,13.7,25.8,19.8,0.0,0.0,0.0,0.0
COMOX A,49.71666666666667,-124.9,2013-09-13,67.0,98.0,13.6,22.6,18.1,0.0,0.0,0.0,0.0
COMOX A,49.71666666666667,-124.9,2013-09-14,89.0,99.0,14.0,17.6,15.8,0.0,0.0,0.0,0.0
COMOX A,49.71666666666667,-124.9,2013-09-15,97.0,100.0,12.5,17.2,14.9,13.2,13.2,0.0,0.0
COMOX A,49.71666666666667,-124.9,2013-09-16,77.0,99.0,13.9,16.3,15.1,12.4,12.4,0.0,0.0
COMOX A,49.71666666666667,-124.9,2013-09-17,61.0,89.0,11.3,18.8,15.1,0.0,0.0,0.0,0.0
COMOX A,49.71666666666667,-124.9,2013-09-18,65.0,91.0,8.9,18.1,13.5,0.0,0.0,0.0,0.0
COMOX A,49.71666666666667,-124.9,2013-09-19,51.0,87.0,13.8,19.4,16.6,0.0,0.0,0.0,0.0
COMOX A,49.71666666666667,-124.9,2013-09-20,44.0,98.0,13.3,19.4,16.4,22.2,22.2,0.0,0.0
COMOX A,49.71666666666667,-124.9,2013-09-21,76.0,99.0,11.2,17.4,14.3,1.2,1.2,0.0,0.0
COMOX A,49.71666666666667,-124.9,2013-09-22,73.0,95.0,12.3,15.3,13.8,11.9,11.9,0.0,0.0
COMOX A,49.71666666666667,-124.9,2013-09-23,55.0,87.0,9.0,16.6,12.8,0.0,0.0,0.0,0.0
COMOX A,49.71666666666667,-124.9,2013-09-24,67.0,93.0,7.8,14.2,11.0,3.2,3.2,0.0,0.0
COMOX A,49.71666666666667,-124.9,2013-09-25,54.0,81.0,8.5,16.8,12.7,0.0,0.0,0.0,0.0
COMOX A,49.71666666666667,-124.9,2013-09-26,57.0,84.0,5.7,16.3,11.0,0.0,0.0,0.0,0.0
COMOX A,49.71666666666667,-124.9,2013-09-27,80.0,97.0,9.9,13.4,11.7,11.4,11.4,0.0,0.0
COMOX A,49.71666666666667,-124.9,2013-09-28,67.0,95.0,11.1,14.9,13.0,10.2,10.2,0.0,0.0
COMOX A,49.71666666666667,-124.9,2013-09-29,82.0,96.0,9.3,13.7,11.5,26.6,26.6,0.0,0.0
COMOX A,49.71666666666667,-124.9,2013-09-30,64.0,90.0,8.3,14.5,11.4,2.2,2.2,0.0,0.0
COMOX A,49.71666666666667,-124.9,2013-10-01,75.0,97.0,6.8,11.8,9.3,5.2,5.2,0.0,0.0
COMOX A,49.71666666666667,-124.9,2013-10-02,81.0,96.0,8.0,12.7,10.4,0.4,0.4,0.0,0.0
COMOX A,49.71666666666667,-124.9,2013-10-03,82.0,99.0,4.3,11.1,7.7,0.0,0.0,0.0,0.0
COMOX A,49.71666666666667,-124.9,2013-10-04,81.0,96.0,6.8,11.7,9.3,0.6,0.6,0.0,0.0
COMOX A,49.71666666666667,-124.9,2013-10-05,80.0,96.0,10.3,13.6,12.0,0.0,0.0,0.0,0.0
COMOX A,49.71666666666667,-124.9,2013-10-06,54.0,99.0,7.3,17.2,12.3,0.6,0.6,0.0,0.0
COMOX A,49.71666666666667,-124.9,2013-10-07,62.0,95.0,9.1,16.5,12.8,4.0,4.0,0.0,0.0
COMOX A,49.71666666666667,-124.9,2013-10-08,58.0,89.0,6.1,14.4,10.3,0.0,0.0,0.0,0.0
COMOX A,49.71666666666667,-124.9,2013-10-09,70.0,92.0,6.4,12.1,9.3,0.0,0.0,0.0,0.0
COMOX A,49.71666666666667,-124.9,2013-10-10,65.0,97.0,7.7,13.4,10.6,2.4,2.4,0.0,0.0
COMOX A,49.71666666666667,-124.9,2013-10-11,70.0,90.0,5.2,10.7,8.0,0.2,0.2,0.0,0.0
COMOX A,49.71666666666667,-124.9,2013-10-12,70.0,95.0,6.4,12.9,9.7,1.0,1.0,0.0,0.0
COMOX A,49.71666666666667,-124.9,2013-10-13,66.0,93.0,5.5,13.0,9.3,0.0,0.0,0.0,0.0
COMOX A,49.71666666666667,-124.9,2013-10-14,69.0,94.0,4.9,13.0,9.0,0.0,0.0,0.0,0.0
COMOX A,49.71666666666667,-124.9,2013-10-15,78.0,95.0,5.7,13.2,9.5,0.0,0.0,0.0,0.0
COMOX A,49.71666666666667,-124.9,2013-10-16,81.0,97.0,5.5,12.4,9.0,0.0,0.0,0.0,0.0
COMOX A,49.71666666666667,-124.9,2013-10-17,95.0,100.0,5.0,10.3,7.7,0.0,0.0,0.0,0.0
COMOX A,49.71666666666667,-124.9,2013-10-18,97.0,100.0,3.6,9.1,6.4,0.0,0.0,0.0,0.0
COMOX A,49.71666666666667,-124.9,2013-10-19,90.0,100.0,4.4,9.6,7.0,0.0,0.0,0.0,0.0
COMOX A,49.71666666666667,-124.9,2013-10-20,95.0,100.0,4.5,8.3,6.4,0.0,0.0,0.0,0.0
COMOX A,49.71666666666667,-124.9,2013-10-21,100.0,100.0,4.8,8.5,6.7,0.0,0.0,0.0,0.0
COMOX A,49.71666666666667,-124.9,2013-10-22,99.0,100.0,3.3,9.6,6.5,0.0,0.0,0.0,0.0
COMOX A,49.71666666666667,-124.9,2013-10-23,95.0,100.0,3.3,10.5,6.9,0.0,0.0,0.0,0.0
COMOX A,49.71666666666667,-124.9,2013-10-24,86.0,100.0,4.4,11.8,8.1,0.0,0.0,0.0,0.0
COMOX A,49.71666666666667,-124.9,2013-10-25,93.0,100.0,4.5,9.7,7.1,0.4,0.4,0.0,0.0
COMOX A,49.71666666666667,-124.9,2013-10-26,82.0,98.0,6.4,9.9,8.2,0.2,0.2,0.0,0.0
COMOX A,49.71666666666667,-124.9,2013-10-27,32.0,96.0,5.5,18.6,12.1,0.0,0.0,0.0,0.0
COMOX A,49.71666666666667,-124.9,2013-10-28,26.0,66.0,3.7,15.5,9.6,0.0,0.0,0.0,0.0
COMOX A,49.71666666666667,-124.9,2013-10-29,64.0,90.0,-0.2,11.3,5.6,0.0,0.0,0.0,0.0
COMOX A,49.71666666666667,-124.9,2013-10-30,86.0,95.0,3.9,9.8,6.9,0.0,0.0,0.0,0.0
COMOX A,49.71666666666667,-124.9,2013-10-31,89.0,99.0,8.9,11.0,10.0,0.0,0.0,0.0,0.0
COMOX A,49.71666666666667,-124.9,2013-11-01,92.0,97.0,7.4,11.3,9.4,16.2,16.2,0.0,0.0
COMOX A,49.71666666666667,-124.9,2013-11-02,53.0,96.0,4.0,12.0,8.0,41.8,41.8,0.0,0.0
COMOX A,49.71666666666667,-124.9,2013-11-03,55.0,82.0,1.0,9.9,5.5,0.0,0.0,0.0,0.0
COMOX A,49.71666666666667,-124.9,2013-11-04,73.0,97.0,-1.4,7.4,3.0,2.4,2.4,0.0,0.0
COMOX A,49.71666666666667,-124.9,2013-11-05,86.0,98.0,3.4,6.7,5.1,4.6,4.6,0.0,0.0
COMOX A,49.71666666666667,-124.9,2013-11-06,81.0,96.0,5.0,8.5,6.8,8.8,8.8,0.0,0.0
COMOX A,49.71666666666667,-124.9,2013-11-07,90.0,99.0,6.4,10.4,8.4,23.0,23.0,0.0,0.0
COMOX A,49.71666666666667,-124.9,2013-11-08,78.0,100.0,3.7,10.3,7.0,0.0,0.0,0.0,0.0
COMOX A,49.71666666666667,-124.9,2013-11-09,83.0,99.0,6.2,9.0,7.6,11.4,11.4,0.0,0.0
COMOX A,49.71666666666667,-124.9,2013-11-10,81.0,99.0,2.9,8.6,5.8,0.4,0.4,0.0,0.0
COMOX A,49.71666666666667,-124.9,2013-11-11,92.0,97.0,3.0,7.7,5.4,0.4,0.4,0.0,0.0
COMOX A,49.71666666666667,-124.9,2013-11-12,89.0,97.0,6.4,10.8,8.6,16.6,16.6,0.0,0.0
COMOX A,49.71666666666667,-124.9,2013-11-13,86.0,100.0,3.8,11.8,7.8,0.0,0.0,0.0,0.0
COMOX A,49.71666666666667,-124.9,2013-11-14,68.0,98.0,4.8,10.1,7.5,0.0,0.0,0.0,0.0
COMOX A,49.71666666666667,-124.9,2013-11-15,75.0,95.0,3.6,8.6,6.1,0.8,0.8,0.0,0.0
COMOX A,49.71666666666667,-124.9,2013-11-16,58.0,85.0,0.8,8.9,4.9,0.0,0.0,0.0,0.0
COMOX A,49.71666666666667,-124.9,2013-11-17,69.0,92.0,0.2,10.4,5.3,0.0,0.0,0.0,0.0
COMOX A,49.71666666666667,-124.9,2013-11-18,89.0,97.0,3.2,5.9,4.6,3.4,3.4,0.0,0.0
COMOX A,49.71666666666667,-124.9,2013-11-19,20.0,98.0,1.5,5.3,3.4,0.0,0.0,0.0,0.0
COMOX A,49.71666666666667,-124.9,2013-11-20,40.0,76.0,-2.5,4.9,1.2,0.0,0.0,0.0,0.0
COMOX A,49.71666666666667,-124.9,2013-11-21,56.0,90.0,-4.0,5.3,0.7,0.0,0.0,0.0,0.0
COMOX A,49.71666666666667,-124.9,2013-11-22,76.0,92.0,-1.4,5.7,2.2,0.0,0.0,0.0,0.0
COMOX A,49.71666666666667,-124.9,2013-11-23,82.0,94.0,-0.3,6.2,3.0,0.0,0.0,0.0,0.0
COMOX A,49.71666666666667,-124.9,2013-11-24,73.0,97.0,-0.3,8.5,4.1,0.0,0.0,0.0,0.0
COMOX A,49.71666666666667,-124.9,2013-11-25,82.0,100.0,0.3,8.2,4.3,0.0,0.0,0.0,0.0
COMOX A,49.71666666666667,-124.9,2013-11-26,85.0,100.0,0.8,8.0,4.4,0.0,0.0,0.0,0.0
COMOX A,49.71666666666667,-124.9,2013-11-27,85.0,99.0,4.1,8.4,6.3,0.2,0.2,0.0,0.0
COMOX A,49.71666666666667,-124.9,2013-11-28,86.0,99.0,4.1,9.0,6.6,0.6,0.6,0.0,0.0
COMOX A,49.71666666666667,-124.9,2013-11-29,92.0,99.0,6.7,8.8,7.8,6.6,6.6,0.0,0.0
COMOX A,49.71666666666667,-124.9,2013-11-30,91.0,98.0,7.3,8.5,7.9,2.8,2.8,0.0,0.0
COMOX A,49.71666666666667,-124.9,2013-12-01,80.0,100.0,3.3,9.3,6.3,1.0,1.0,0.0,0.0
COMOX A,49.71666666666667,-124.9,2013-12-02,47.0,94.0,0.3,6.3,3.3,0.0,0.0,0.0,0.0
COMOX A,49.71666666666667,-124.9,2013-12-03,43.0,75.0,-1.1,5.3,2.1,0.0,0.0,0.0,0.0
COMOX A,49.71666666666667,-124.9,2013-12-04,54.0,82.0,-3.1,4.9,0.9,0.0,0.0,0.0,0.0
COMOX A,49.71666666666667,-124.9,2013-12-05,77.0,95.0,-2.5,0.5,-1.0,2.3,0.0,1.7,0.0
COMOX A,49.71666666666667,-124.9,2013-12-06,46.0,93.0,-4.8,-0.9,-2.9,6.6,0.0,7.0,0.0
COMOX A,49.71666666666667,-124.9,2013-12-07,40.0,76.0,-9.7,0.1,-4.8,0.0,0.0,0.0,4.0
COMOX A,49.71666666666667,-124.9,2013-12-08,53.0,83.0,-9.2,0.7,-4.3,0.0,0.0,0.0,4.0
COMOX A,49.71666666666667,-124.9,2013-12-09,70.0,95.0,-5.4,0.6,-2.4,0.2,0.0,0.2,4.0
COMOX A,49.71666666666667,-124.9,2013-12-10,89.0,96.0,-1.7,2.3,0.3,1.0,1.0,0.0,4.0
COMOX A,49.71666666666667,-124.9,2013-12-11,76.0,98.0,1.1,4.4,2.8,2.8,2.8,0.0,2.0
COMOX A,49.71666666666667,-124.9,2013-12-12,75.0,97.0,2.8,5.7,4.3,3.4,3.4,0.0,0.0
COMOX A,49.71666666666667,-124.9,2013-12-13,97.0,100.0,3.8,6.3,5.1,3.7,3.7,0.0,0.0
COMOX A,49.71666666666667,-124.9,2013-12-14,94.0,99.0,5.9,8.1,7.0,0.6,0.6,0.0,0.0
COMOX A,49.71666666666667,-124.9,2013-12-15,91.0,99.0,3.0,9.3,6.2,0.0,0.0,0.0,0.0
COMOX A,49.71666666666667,-124.9,2013-12-16,91.0,100.0,2.0,6.4,4.2,0.0,0.0,0.0,0.0
COMOX A,49.71666666666667,-124.9,2013-12-17,89.0,95.0,5.4,8.9,7.2,0.0,0.0,0.0,0.0
COMOX A,49.71666666666667,-124.9,2013-12-18,50.0,90.0,1.8,6.8,4.3,0.0,0.0,0.0,0.0
COMOX A,49.71666666666667,-124.9,2013-12-19,52.0,96.0,-0.9,3.1,1.1,1.0,0.0,1.0,0.0
COMOX A,49.71666666666667,-124.9,2013-12-20,92.0,98.0,0.4,2.4,1.4,9.2,6.8,2.0,2.0
COMOX A,49.71666666666667,-124.9,2013-12-21,92.0,99.0,1.3,4.9,3.1,4.4,4.4,0.0,0.0
COMOX A,49.71666666666667,-124.9,2013-12-22,97.0,99.0,3.0,6.0,4.5,11.4,11.4,0.0,0.0
COMOX A,49.71666666666667,-124.9,2013-12-23,85.0,100.0,0.9,8.1,4.5,1.0,1.0,0.0,0.0
COMOX A,49.71666666666667,-124.9,2013-12-24,86.0,97.0,-0.1,5.9,2.9,0.4,0.4,0.0,0.0
COMOX A,49.71666666666667,-124.9,2013-12-25,84.0,95.0,2.0,5.4,3.7,0.0,0.0,0.0,0.0
COMOX A,49.71666666666667,-124.9,2013-12-26,86.0,93.0,4.8,6.6,5.7,0.0,0.0,0.0,0.0
COMOX A,49.71666666666667,-124.9,2013-12-27,83.0,95.0,2.1,9.6,5.9,1.0,1.0,0.0,0.0
COMOX A,49.71666666666667,-124.9,2013-12-28,79.0,97.0,1.2,6.4,3.8,0.0,0.0,0.0,0.0
COMOX A,49.71666666666667,-124.9,2013-12-29,95.0,99.0,2.0,5.8,3.9,9.2,9.2,0.0,0.0
COMOX A,49.71666666666667,-124.9,2013-12-30,88.0,100.0,3.5,7.4,5.5,2.4,2.4,0.0,0.0
COMOX A,49.71666666666667,-124.9,2013-12-31,96.0,100.0,4.6,8.3,6.5,0.2,0.2,0.0,0.0
COMOX A,49.71666666666667,-124.9,2014-01-01,91.0,100.0,4.1,7.0,5.6,1.0,1.0,0.0,0.0
COMOX A,49.71666666666667,-124.9,2014-01-02,78.0,97.0,3.6,7.5,5.6,5.4,5.4,0.0,0.0
COMOX A,49.71666666666667,-124.9,2014-01-03,62.0,81.0,0.7,7.6,4.2,0.0,0.0,0.0,0.0
COMOX A,49.71666666666667,-124.9,2014-01-04,73.0,93.0,-2.7,4.4,0.9,0.0,0.0,0.0,0.0
COMOX A,49.71666666666667,-124.9,2014-01-05,73.0,93.0,-1.9,4.6,1.4,0.0,0.0,0.0,0.0
COMOX A,49.71666666666667,-124.9,2014-01-06,89.0,95.0,-3.3,2.5,-0.4,0.0,0.0,0.0,0.0
COMOX A,49.71666666666667,-124.9,2014-01-07,94.0,98.0,1.0,6.7,3.9,4.6,4.6,0.0,0.0
COMOX A,49.71666666666667,-124.9,2014-01-08,90.0,99.0,5.3,8.2,6.8,4.4,4.4,0.0,0.0
COMOX A,49.71666666666667,-124.9,2014-01-09,81.0,99.0,0.1,6.6,3.4,2.6,2.6,0.0,0.0
COMOX A,49.71666666666667,-124.9,2014-01-10,88.0,99.0,2.3,7.3,4.8,20.4,20.4,0.0,0.0
COMOX A,49.71666666666667,-124.9,2014-01-11,81.0,100.0,2.7,7.9,5.3,29.0,29.0,0.0,0.0
COMOX A,49.71666666666667,-124.9,2014-01-12,86.0,97.0,0.9,6.6,3.8,0.2,0.2,0.0,0.0
COMOX A,49.71666666666667,-124.9,2014-01-13,90.0,99.0,3.3,8.9,6.1,0.0,0.0,0.0,0.0
COMOX A,49.71666666666667,-124.9,2014-01-14,95.0,100.0,3.5,7.1,5.3,0.0,0.0,0.0,0.0
COMOX A,49.71666666666667,-124.9,2014-01-15,95.0,100.0,5.0,7.3,6.2,0.0,0.0,0.0,0.0
COMOX A,49.71666666666667,-124.9,2014-01-16,91.0,97.0,5.2,7.0,6.1,0.0,0.0,0.0,0.0
COMOX A,49.71666666666667,-124.9,2014-01-17,95.0,100.0,2.8,5.3,4.1,0.0,0.0,0.0,0.0
COMOX A,49.71666666666667,-124.9,2014-01-18,93.0,100.0,1.8,5.4,3.6,0.0,0.0,0.0,0.0
COMOX A,49.71666666666667,-124.9,2014-01-19,90.0,99.0,4.5,5.5,5.0,0.0,0.0,0.0,0.0
COMOX A,49.71666666666667,-124.9,2014-01-20,90.0,99.0,2.8,4.8,3.8,0.0,0.0,0.0,0.0
COMOX A,49.71666666666667,-124.9,2014-01-21,90.0,99.0,2.4,5.2,3.8,0.0,0.0,0.0,0.0
COMOX A,49.71666666666667,-124.9,2014-01-22,89.0,95.0,3.5,5.3,4.4,0.0,0.0,0.0,0.0
COMOX A,49.71666666666667,-124.9,2014-01-23,96.0,100.0,0.7,4.5,2.6,0.0,0.0,0.0,0.0
COMOX A,49.71666666666667,-124.9,2014-01-24,95.0,100.0,-1.1,5.0,2.0,0.0,0.0,0.0,0.0
COMOX A,49.71666666666667,-124.9,2014-01-25,96.0,100.0,-0.8,4.4,1.8,0.0,0.0,0.0,0.0
COMOX A,49.71666666666667,-124.9,2014-01-26,99.0,100.0,-0.4,3.5,1.6,0.0,0.0,0.0,0.0
COMOX A,49.71666666666667,-124.9,2014-01-27,100.0,100.0,-0.2,3.5,1.7,0.2,0.2,0.0,0.0
COMOX A,49.71666666666667,-124.9,2014-01-28,100.0,100.0,3.2,6.4,4.8,5.6,5.6,0.0,0.0
COMOX A,49.71666666666667,-124.9,2014-01-29,73.0,100.0,4.4,8.6,6.5,0.0,0.0,0.0,0.0
COMOX A,49.71666666666667,-124.9,2014-01-30,81.0,97.0,2.0,5.5,3.8,6.2,6.2,0.0,0.0
COMOX A,49.71666666666667,-124.9,2014-01-31,44.0,97.0,-1.3,5.5,2.1,0.0,0.0,0.0,0.0
COMOX A,49.71666666666667,-124.9,2014-02-01,76.0,90.0,-1.4,4.8,1.7,0.0,0.0,0.0,0.0
COMOX A,49.71666666666667,-124.9,2014-02-02,55.0,93.0,-0.2,5.7,2.8,0.0,0.0,0.0,0.0
COMOX A,49.71666666666667,-124.9,2014-02-03,35.0,61.0,-0.7,4.9,2.1,0.0,0.0,0.0,0.0
COMOX A,49.71666666666667,-124.9,2014-02-04,37.0,60.0,-3.7,1.1,-1.3,0.0,0.0,0.0,0.0
COMOX A,49.71666666666667,-124.9,2014-02-05,35.0,55.0,-4.4,0.8,-1.8,0.0,0.0,0.0,0.0
COMOX A,49.71666666666667,-124.9,2014-02-06,27.0,54.0,-5.6,0.0,-2.8,0.0,0.0,0.0,0.0
COMOX A,49.71666666666667,-124.9,2014-02-07,46.0,82.0,-8.3,0.4,-4.0,0.0,0.0,0.0,0.0
COMOX A,49.71666666666667,-124.9,2014-02-08,44.0,78.0,-8.8,2.9,-3.0,0.0,0.0,0.0,0.0
COMOX A,49.71666666666667,-124.9,2014-02-09,52.0,76.0,-7.9,4.2,-1.9,0.0,0.0,0.0,0.0
COMOX A,49.71666666666667,-124.9,2014-02-10,77.0,97.0,0.1,6.7,3.4,8.6,4.0,2.8,1.0
COMOX A,49.71666666666667,-124.9,2014-02-11,84.0,98.0,-2.3,6.6,2.2,16.8,16.8,0.0,0.0
COMOX A,49.71666666666667,-124.9,2014-02-12,68.0,100.0,3.9,10.6,7.3,17.0,17.0,0.0,0.0
COMOX A,49.71666666666667,-124.9,2014-02-13,47.0,97.0,4.7,12.1,8.4,7.0,7.0,0.0,0.0
COMOX A,49.71666666666667,-124.9,2014-02-14,60.0,97.0,2.5,12.1,7.3,11.6,11.6,0.0,0.0
COMOX A,49.71666666666667,-124.9,2014-02-15,82.0,97.0,1.7,6.8,4.3,29.8,29.8,0.0,0.0
COMOX A,49.71666666666667,-124.9,2014-02-16,72.0,99.0,-1.4,5.9,2.3,23.2,23.2,0.0,0.0
COMOX A,49.71666666666667,-124.9,2014-02-17,75.0,97.0,0.0,7.4,3.7,0.0,0.0,0.0,0.0
COMOX A,49.71666666666667,-124.9,2014-02-18,79.0,97.0,-0.9,5.7,2.4,11.8,11.8,0.0,0.0
COMOX A,49.71666666666667,-124.9,2014-02-19,50.0,92.0,-1.7,8.4,3.4,0.0,0.0,0.0,0.0
COMOX A,49.71666666666667,-124.9,2014-02-20,63.0,93.0,-0.1,7.9,3.9,0.0,0.0,0.0,0.0
COMOX A,49.71666666666667,-124.9,2014-02-21,53.0,85.0,-2.5,5.8,1.7,0.0,0.0,0.0,0.0
COMOX A,49.71666666666667,-124.9,2014-02-22,64.0,99.0,0.2,2.3,1.3,9.8,3.0,7.8,0.0
COMOX A,49.71666666666667,-124.9,2014-02-23,95.0,99.0,-0.1,0.9,0.4,12.8,0.0,11.2,10.0
COMOX A,49.71666666666667,-124.9,2014-02-24,96.0,99.0,-0.2,0.5,0.2,18.2,0.0,13.6,11.0
COMOX A,49.71666666666667,-124.9,2014-02-25,84.0,99.0,-0.5,4.5,2.0,0.8,0.2,0.2,20.0
COMOX A,49.71666666666667,-124.9,2014-02-26,88.0,100.0,-0.5,4.4,2.0,0.0,0.0,0.0,12.0
COMOX A,49.71666666666667,-124.9,2014-02-27,75.0,99.0,0.0,8.3,4.2,0.0,0.0,0.0,8.0
COMOX A,49.71666666666667,-124.9,2014-02-28,56.0,99.0,2.0,9.7,5.9,0.0,0.0,0.0,5.0
COMOX A,49.71666666666667,-124.9,2014-03-01,27.0,78.0,1.4,5.8,3.6,0.0,0.0,0.0,0.0
COMOX A,49.71666666666667,-124.9,2014-03-02,78.0,96.0,1.1,3.4,2.3,3.6,3.6,0.0,0.0
COMOX A,49.71666666666667,-124.9,2014-03-03,69.0,99.0,1.4,4.8,3.1,5.2,5.2,0.0,0.0
COMOX A,49.71666666666667,-124.9,2014-03-04,64.0,97.0,0.6,4.4,2.5,0.0,0.0,0.0,0.0
COMOX A,49.71666666666667,-124.9,2014-03-05,96.0,100.0,1.1,4.9,3.0,10.6,10.6,0.0,0.0
COMOX A,49.71666666666667,-124.9,2014-03-06,98.0,100.0,3.9,7.0,5.5,26.6,26.6,0.0,0.0
COMOX A,49.71666666666667,-124.9,2014-03-07,86.0,100.0,2.3,9.6,6.0,0.0,0.0,0.0,0.0
COMOX A,49.71666666666667,-124.9,2014-03-08,88.0,100.0,7.0,9.1,8.1,21.6,21.6,0.0,0.0
COMOX A,49.71666666666667,-124.9,2014-03-09,59.0,100.0,3.8,13.9,8.9,0.2,0.2,0.0,0.0
COMOX A,49.71666666666667,-124.9,2014-03-10,62.0,93.0,2.7,11.0,6.9,0.0,0.0,0.0,0.0
COMOX A,49.71666666666667,-124.9,2014-03-11,79.0,100.0,-0.6,8.8,4.1,0.0,0.0,0.0,0.0
COMOX A,49.71666666666667,-124.9,2014-03-12,83.0,98.0,1.2,8.1,4.7,0.0,0.0,0.0,0.0
COMOX A,49.71666666666667,-124.9,2014-03-13,82.0,94.0,-0.2,7.7,3.8,0.8,0.8,0.0,0.0
COMOX A,49.71666666666667,-124.9,2014-03-14,63.0,96.0,4.8,11.6,8.2,4.4,4.4,0.0,0.0
COMOX A,49.71666666666667,-124.9,2014-03-15,85.0,98.0,5.0,8.5,6.8,22.4,22.4,0.0,0.0
COMOX A,49.71666666666667,-124.9,2014-03-16,61.0,89.0,4.2,11.1,7.7,2.2,2.2,0.0,0.0
COMOX A,49.71666666666667,-124.9,2014-03-17,39.0,72.0,3.0,9.7,6.4,0.0,0.0,0.0,0.0
COMOX A,49.71666666666667,-124.9,2014-03-18,66.0,93.0,3.4,7.5,5.5,0.0,0.0,0.0,0.0
COMOX A,49.71666666666667,-124.9,2014-03-19,60.0,94.0,2.2,9.5,5.9,4.0,4.0,0.0,0.0
COMOX A,49.71666666666667,-124.9,2014-03-20,47.0,92.0,-1.4,9.4,4.0,0.0,0.0,0.0,0.0
COMOX A,49.71666666666667,-124.9,2014-03-21,49.0,89.0,-1.1,8.2,3.6,0.0,0.0,0.0,0.0
COMOX A,49.71666666666667,-124.9,2014-03-22,76.0,91.0,2.5,7.5,5.0,1.2,1.2,0.0,0.0
COMOX A,49.71666666666667,-124.9,2014-03-23,65.0,95.0,2.9,7.8,5.4,0.0,0.0,0.0,0.0
COMOX A,49.71666666666667,-124.9,2014-03-24,56.0,92.0,4.2,11.0,7.6,0.0,0.0,0.0,0.0
COMOX A,49.71666666666667,-124.9,2014-03-25,87.0,99.0,6.0,9.2,7.6,15.2,15.2,0.0,0.0
COMOX A,49.71666666666667,-124.9,2014-03-26,72.0,95.0,3.2,11.5,7.4,0.0,0.0,0.0,0.0
COMOX A,49.71666666666667,-124.9,2014-03-27,65.0,93.0,3.6,10.5,7.1,0.0,0.0,0.0,0.0
COMOX A,49.71666666666667,-124.9,2014-03-28,87.0,97.0,7.1,8.7,7.9,14.4,14.4,0.0,0.0
COMOX A,49.71666666666667,-124.9,2014-03-29,76.0,97.0,5.4,10.9,8.2,16.8,16.8,0.0,0.0
COMOX A,49.71666666666667,-124.9,2014-03-30,49.0,98.0,2.9,12.0,7.5,0.0,0.0,0.0,0.0
COMOX A,49.71666666666667,-124.9,2014-03-31,50.0,99.0,4.1,11.7,7.9,0.0,0.0,0.0,0.0
COMOX A,49.71666666666667,-124.9,2014-04-01,31.0,89.0,1.6,14.6,8.1,0.0,0.0,0.0,0.0
COMOX A,49.71666666666667,-124.9,2014-04-02,50.0,80.0,2.4,11.0,6.7,0.0,0.0,0.0,0.0
COMOX A,49.71666666666667,-124.9,2014-04-03,70.0,95.0,6.1,8.5,7.3,5.8,5.8,0.0,0.0
COMOX A,49.71666666666667,-124.9,2014-04-04,57.0,98.0,3.8,13.1,8.5,0.0,0.0,0.0,0.0
COMOX A,49.71666666666667,-124.9,2014-04-05,78.0,96.0,3.3,9.7,6.5,1.8,1.8,0.0,0.0
COMOX A,49.71666666666667,-124.9,2014-04-06,74.0,97.0,4.4,9.9,7.2,0.0,0.0,0.0,0.0
COMOX A,49.71666666666667,-124.9,2014-04-07,83.0,93.0,8.2,12.1,10.2,0.0,0.0,0.0,0.0
COMOX A,49.71666666666667,-124.9,2014-04-08,36.0,83.0,7.8,15.1,11.5,0.0,0.0,0.0,0.0
COMOX A,49.71666666666667,-124.9,2014-04-09,44.0,84.0,2.3,13.7,8.0,0.0,0.0,0.0,0.0
COMOX A,49.71666666666667,-124.9,2014-04-10,67.0,97.0,6.2,10.3,8.3,1.0,1.0,0.0,0.0
COMOX A,49.71666666666667,-124.9,2014-04-11,61.0,97.0,5.8,13.9,9.9,0.0,0.0,0.0,0.0
COMOX A,49.71666666666667,-124.9,2014-04-12,32.0,71.0,6.5,17.5,12.0,0.0,0.0,0.0,0.0
COMOX A,49.71666666666667,-124.9,2014-04-13,52.0,83.0,2.3,14.4,8.4,0.0,0.0,0.0,0.0
COMOX A,49.71666666666667,-124.9,2014-04-14,41.0,89.0,2.6,14.4,8.5,0.0,0.0,0.0,0.0
COMOX A,49.71666666666667,-124.9,2014-04-15,59.0,88.0,4.3,14.7,9.5,0.0,0.0,0.0,0.0
COMOX A,49.71666666666667,-124.9,2014-04-16,90.0,97.0,7.8,10.8,9.3,8.4,8.4,0.0,0.0
COMOX A,49.71666666666667,-124.9,2014-04-17,87.0,99.0,5.2,12.2,8.7,12.8,12.8,0.0,0.0
COMOX A,49.71666666666667,-124.9,2014-04-18,63.0,97.0,0.9,11.9,6.4,0.0,0.0,0.0,0.0
COMOX A,49.71666666666667,-124.9,2014-04-19,60.0,84.0,7.8,10.9,9.4,0.0,0.0,0.0,0.0
COMOX A,49.71666666666667,-124.9,2014-04-20,59.0,87.0,3.3,11.3,7.3,1.0,1.0,0.0,0.0
COMOX A,49.71666666666667,-124.9,2014-04-21,77.0,95.0,7.0,10.1,8.6,0.6,0.6,0.0,0.0
COMOX A,49.71666666666667,-124.9,2014-04-22,55.0,89.0,3.6,13.5,8.6,0.2,0.2,0.0,0.0
COMOX A,49.71666666666667,-124.9,2014-04-23,71.0,95.0,2.9,11.9,7.4,2.2,2.2,0.0,0.0
COMOX A,49.71666666666667,-124.9,2014-04-24,65.0,97.0,7.6,12.6,10.1,17.0,17.0,0.0,0.0
COMOX A,49.71666666666667,-124.9,2014-04-25,51.0,91.0,2.2,13.1,7.7,0.0,0.0,0.0,0.0
COMOX A,49.71666666666667,-124.9,2014-04-26,68.0,92.0,3.8,12.2,8.0,2.8,2.8,0.0,0.0
COMOX A,49.71666666666667,-124.9,2014-04-27,51.0,87.0,5.4,13.4,9.4,1.2,1.2,0.0,0.0
COMOX A,49.71666666666667,-124.9,2014-04-28,55.0,93.0,2.4,13.2,7.8,0.0,0.0,0.0,0.0
COMOX A,49.71666666666667,-124.9,2014-04-29,55.0,80.0,9.2,14.6,11.9,0.0,0.0,0.0,0.0
COMOX A,49.71666666666667,-124.9,2014-04-30,43.0,84.0,9.0,20.4,14.7,0.0,0.0,0.0,0.0
COMOX A,49.71666666666667,-124.9,2014-05-01,47.0,82.0,9.7,21.5,15.6,0.0,0.0,0.0,0.0
COMOX A,49.71666666666667,-124.9,2014-05-02,51.0,90.0,9.6,20.7,15.2,0.0,0.0,0.0,0.0
COMOX A,49.71666666666667,-124.9,2014-05-03,52.0,98.0,9.6,14.3,12.0,1.2,1.2,0.0,0.0
COMOX A,49.71666666666667,-124.9,2014-05-04,80.0,100.0,8.9,13.3,11.1,29.0,29.0,0.0,0.0
COMOX A,49.71666666666667,-124.9,2014-05-05,70.0,100.0,8.9,16.0,12.5,0.0,0.0,0.0,0.0
COMOX A,49.71666666666667,-124.9,2014-05-06,35.0,86.0,7.1,17.2,12.2,0.0,0.0,0.0,0.0
COMOX A,49.71666666666667,-124.9,2014-05-07,66.0,88.0,5.7,15.6,10.7,0.0,0.0,0.0,0.0
COMOX A,49.71666666666667,-124.9,2014-05-08,78.0,99.0,10.1,12.4,11.3,10.2,10.2,0.0,0.0
COMOX A,49.71666666666667,-124.9,2014-05-09,60.0,99.0,9.2,14.8,12.0,1.6,1.6,0.0,0.0
COMOX A,49.71666666666667,-124.9,2014-05-10,57.0,93.0,9.2,16.8,13.0,0.0,0.0,0.0,0.0
COMOX A,49.71666666666667,-124.9,2014-05-11,55.0,98.0,8.4,17.8,13.1,0.0,0.0,0.0,0.0
COMOX A,49.71666666666667,-124.9,2014-05-12,64.0,92.0,10.2,16.9,13.6,0.0,0.0,0.0,0.0
COMOX A,49.71666666666667,-124.9,2014-05-13,45.0,92.0,11.8,21.2,16.5,0.0,0.0,0.0,0.0
COMOX A,49.71666666666667,-124.9,2014-05-14,42.0,85.0,11.4,23.3,17.4,0.0,0.0,0.0,0.0
COMOX A,49.71666666666667,-124.9,2014-05-15,49.0,83.0,12.9,23.0,18.0,0.0,0.0,0.0,0.0
COMOX A,49.71666666666667,-124.9,2014-05-16,58.0,89.0,12.7,19.0,15.9,0.0,0.0,0.0,0.0
COMOX A,49.71666666666667,-124.9,2014-05-17,68.0,87.0,12.5,17.3,14.9,0.4,0.4,0.0,0.0
COMOX A,49.71666666666667,-124.9,2014-05-18,59.0,92.0,10.9,18.8,14.9,0.0,0.0,0.0,0.0
COMOX A,49.71666666666667,-124.9,2014-05-19,65.0,89.0,12.3,17.1,14.7,0.0,0.0,0.0,0.0
COMOX A,49.71666666666667,-124.9,2014-05-20,55.0,88.0,10.3,19.5,14.9,0.0,0.0,0.0,0.0
COMOX A,49.71666666666667,-124.9,2014-05-21,69.0,84.0,12.3,16.7,14.5,0.0,0.0,0.0,0.0
COMOX A,49.71666666666667,-124.9,2014-05-22,80.0,91.0,13.2,16.0,14.6,0.0,0.0,0.0,0.0
COMOX A,49.71666666666667,-124.9,2014-05-23,69.0,97.0,13.4,18.7,16.1,0.4,0.4,0.0,0.0
COMOX A,49.71666666666667,-124.9,2014-05-24,63.0,84.0,12.0,17.8,14.9,0.0,0.0,0.0,0.0
COMOX A,49.71666666666667,-124.9,2014-05-25,82.0,97.0,11.7,14.6,13.2,3.2,3.2,0.0,0.0
COMOX A,49.71666666666667,-124.9,2014-05-26,63.0,98.0,10.9,16.1,13.5,1.6,1.6,0.0,0.0
COMOX A,49.71666666666667,-124.9,2014-05-27,39.0,95.0,8.9,18.2,13.6,0.0,0.0,0.0,0.0
COMOX A,49.71666666666667,-124.9,2014-05-28,61.0,79.0,8.9,18.2,13.6,0.0,0.0,0.0,0.0
COMOX A,49.71666666666667,-124.9,2014-05-29,67.0,92.0,10.5,15.0,12.8,0.0,0.0,0.0,0.0
COMOX A,49.71666666666667,-124.9,2014-05-30,41.0,95.0,11.1,20.4,15.8,0.0,0.0,0.0,0.0
COMOX A,49.71666666666667,-124.9,2014-05-31,50.0,73.0,10.9,21.6,16.3,0.0,0.0,0.0,0.0
COMOX A,49.71666666666667,-124.9,2014-06-01,53.0,82.0,10.9,21.1,16.0,0.0,0.0,0.0,0.0
COMOX A,49.71666666666667,-124.9,2014-06-02,55.0,82.0,10.4,21.3,15.9,0.0,0.0,0.0,0.0
COMOX A,49.71666666666667,-124.9,2014-06-03,47.0,82.0,9.8,19.9,14.9,0.0,0.0,0.0,0.0
COMOX A,49.71666666666667,-124.9,2014-06-04,41.0,71.0,8.4,19.1,13.8,0.0,0.0,0.0,0.0
COMOX A,49.71666666666667,-124.9,2014-06-05,29.0,69.0,9.6,21.2,15.4,0.0,0.0,0.0,0.0
COMOX A,49.71666666666667,-124.9,2014-06-06,34.0,65.0,9.0,21.9,15.5,0.0,0.0,0.0,0.0
COMOX A,49.71666666666667,-124.9,2014-06-07,43.0,80.0,12.1,24.2,18.2,0.0,0.0,0.0,0.0
COMOX A,49.71666666666667,-124.9,2014-06-08,57.0,83.0,13.8,20.0,16.9,0.0,0.0,0.0,0.0
COMOX A,49.71666666666667,-124.9,2014-06-09,41.0,81.0,10.5,20.2,15.4,0.0,0.0,0.0,0.0
COMOX A,49.71666666666667,-124.9,2014-06-10,49.0,83.0,12.0,16.5,14.3,0.0,0.0,0.0,0.0
COMOX A,49.71666666666667,-124.9,2014-06-11,57.0,95.0,11.1,20.1,15.6,0.0,0.0,0.0,0.0
COMOX A,49.71666666666667,-124.9,2014-06-12,50.0,88.0,10.9,21.6,16.3,0.0,0.0,0.0,0.0
COMOX A,49.71666666666667,-124.9,2014-06-13,50.0,77.0,11.7,20.9,16.3,0.0,0.0,0.0,0.0
COMOX A,49.71666666666667,-124.9,2014-06-14,50.0,85.0,12.7,17.5,15.1,0.6,0.6,0.0,0.0
COMOX A,49.71666666666667,-124.9,2014-06-15,54.0,94.0,10.0,16.9,13.5,6.8,6.8,0.0,0.0
COMOX A,49.71666666666667,-124.9,2014-06-16,49.0,73.0,9.3,19.8,14.6,0.0,0.0,0.0,0.0
COMOX A,49.71666666666667,-124.9,2014-06-17,54.0,81.0,9.9,20.5,15.2,0.0,0.0,0.0,0.0
COMOX A,49.71666666666667,-124.9,2014-06-18,65.0,84.0,14.5,18.8,16.7,0.0,0.0,0.0,0.0
COMOX A,49.71666666666667,-124.9,2014-06-19,51.0,87.0,13.7,17.2,15.5,0.6,0.6,0.0,0.0
COMOX A,49.71666666666667,-124.9,2014-06-20,48.0,75.0,10.6,19.1,14.9,0.0,0.0,0.0,0.0
COMOX A,49.71666666666667,-124.9,2014-06-21,44.0,81.0,10.2,19.5,14.9,0.0,0.0,0.0,0.0
COMOX A,49.71666666666667,-124.9,2014-06-22,43.0,86.0,10.2,22.4,16.3,0.0,0.0,0.0,0.0
COMOX A,49.71666666666667,-124.9,2014-06-24,73.0,97.0,12.9,20.4,16.7,0.4,0.4,0.0,0.0
COMOX A,49.71666666666667,-124.9,2014-06-25,32.0,90.0,13.1,24.4,18.8,0.0,0.0,0.0,0.0
COMOX A,49.71666666666667,-124.9,2014-06-26,45.0,74.0,12.5,23.8,18.2,0.0,0.0,0.0,0.0
COMOX A,49.71666666666667,-124.9,2014-06-27,60.0,97.0,12.6,17.9,15.3,5.2,5.2,0.0,0.0
COMOX A,49.71666666666667,-124.9,2014-06-28,45.0,91.0,14.1,21.2,17.7,0.0,0.0,0.0,0.0
COMOX A,49.71666666666667,-124.9,2014-06-29,57.0,85.0,13.3,21.5,17.4,0.0,0.0,0.0,0.0
COMOX A,49.71666666666667,-124.9,2014-06-30,34.0,91.0,13.1,24.7,18.9,0.0,0.0,0.0,0.0
COMOX A,49.71666666666667,-124.9,2014-07-01,38.0,79.0,12.4,27.8,20.1,0.0,0.0,0.0,0.0
COMOX A,49.71666666666667,-124.9,2014-07-02,34.0,79.0,17.1,28.7,22.9,0.0,0.0,0.0,0.0
COMOX A,49.71666666666667,-124.9,2014-07-03,48.0,75.0,13.1,22.1,17.6,0.0,0.0,0.0,0.0
COMOX A,49.71666666666667,-124.9,2014-07-04,57.0,87.0,13.7,18.4,16.1,0.8,0.8,0.0,0.0
COMOX A,49.71666666666667,-124.9,2014-07-05,81.0,94.0,13.1,17.0,15.1,4.4,4.4,0.0,0.0
COMOX A,49.71666666666667,-124.9,2014-07-06,83.0,97.0,15.0,19.4,17.2,6.6,6.6,0.0,0.0
COMOX A,49.71666666666667,-124.9,2014-07-07,47.0,97.0,14.3,26.1,20.2,0.0,0.0,0.0,0.0
COMOX A,49.71666666666667,-124.9,2014-07-08,49.0,78.0,15.2,26.6,20.9,0.0,0.0,0.0,0.0
COMOX A,49.71666666666667,-124.9,2014-07-09,56.0,75.0,15.2,22.8,19.0,0.0,0.0,0.0,0.0
COMOX A,49.71666666666667,-124.9,2014-07-10,42.0,81.0,12.2,25.6,18.9,0.0,0.0,0.0,0.0
COMOX A,49.71666666666667,-124.9,2014-07-11,34.0,74.0,14.3,29.1,21.7,0.0,0.0,0.0,0.0
COMOX A,49.71666666666667,-124.9,2014-07-12,45.0,82.0,14.3,27.5,20.9,0.0,0.0,0.0,0.0
COMOX A,49.71666666666667,-124.9,2014-07-13,27.0,82.0,15.1,32.5,23.8,0.0,0.0,0.0,0.0
COMOX A,49.71666666666667,-124.9,2014-07-14,31.0,66.0,17.4,31.6,24.5,0.0,0.0,0.0,0.0
COMOX A,49.71666666666667,-124.9,2014-07-15,36.0,70.0,14.2,29.6,21.9,0.0,0.0,0.0,0.0
COMOX A,49.71666666666667,-124.9,2014-07-16,37.0,75.0,14.8,26.4,20.6,0.0,0.0,0.0,0.0
COMOX A,49.71666666666667,-124.9,2014-07-17,30.0,78.0,13.2,24.7,19.0,0.0,0.0,0.0,0.0
COMOX A,49.71666666666667,-124.9,2014-07-18,48.0,77.0,11.5,21.6,16.6,0.0,0.0,0.0,0.0
COMOX A,49.71666666666667,-124.9,2014-07-19,43.0,94.0,15.1,26.1,20.6,0.6,0.6,0.0,0.0
COMOX A,49.71666666666667,-124.9,2014-07-20,56.0,79.0,14.8,20.5,17.7,0.0,0.0,0.0,0.0
COMOX A,49.71666666666667,-124.9,2014-07-21,58.0,84.0,12.7,22.3,17.5,0.0,0.0,0.0,0.0
COMOX A,49.71666666666667,-124.9,2014-07-22,47.0,79.0,15.6,22.2,18.9,0.0,0.0,0.0,0.0
COMOX A,49.71666666666667,-124.9,2014-07-23,74.0,96.0,13.8,17.9,15.9,12.4,12.4,0.0,0.0
COMOX A,49.71666666666667,-124.9,2014-07-24,69.0,98.0,13.1,19.5,16.3,11.6,11.6,0.0,0.0
COMOX A,49.71666666666667,-124.9,2014-07-25,63.0,91.0,13.3,21.0,17.2,0.0,0.0,0.0,0.0
COMOX A,49.71666666666667,-124.9,2014-07-26,47.0,92.0,12.9,23.7,18.3,0.0,0.0,0.0,0.0
COMOX A,49.71666666666667,-124.9,2014-07-27,44.0,90.0,13.5,25.7,19.6,0.0,0.0,0.0,0.0
COMOX A,49.71666666666667,-124.9,2014-07-28,36.0,82.0,15.0,27.9,21.5,0.0,0.0,0.0,0.0
COMOX A,49.71666666666667,-124.9,2014-07-29,45.0,79.0,15.5,27.6,21.6,0.0,0.0,0.0,0.0
COMOX A,49.71666666666667,-124.9,2014-07-30,45.0,77.0,15.5,26.2,20.9,0.0,0.0,0.0,0.0
COMOX A,49.71666666666667,-124.9,2014-07-31,34.0,68.0,14.9,28.4,21.7,0.0,0.0,0.0,0.0
COMOX A,49.71666666666667,-124.9,2014-08-01,41.0,68.0,14.7,27.7,21.2,0.0,0.0,0.0,0.0
COMOX A,49.71666666666667,-124.9,2014-08-02,42.0,82.0,14.6,29.2,21.9,0.0,0.0,0.0,0.0
COMOX A,49.71666666666667,-124.9,2014-08-03,34.0,68.0,14.9,29.0,22.0,0.0,0.0,0.0,0.0
COMOX A,49.71666666666667,-124.9,2014-08-04,42.0,65.0,15.1,28.2,21.7,0.0,0.0,0.0,0.0
COMOX A,49.71666666666667,-124.9,2014-08-05,55.0,94.0,15.2,24.8,20.0,0.0,0.0,0.0,0.0
COMOX A,49.71666666666667,-124.9,2014-08-06,35.0,91.0,15.3,25.0,20.2,0.0,0.0,0.0,0.0
COMOX A,49.71666666666667,-124.9,2014-08-07,44.0,73.0,13.3,23.5,18.4,0.0,0.0,0.0,0.0
COMOX A,49.71666666666667,-124.9,2014-08-08,45.0,72.0,15.5,24.3,19.9,0.0,0.0,0.0,0.0
COMOX A,49.71666666666667,-124.9,2014-08-09,35.0,76.0,13.8,26.8,20.3,0.0,0.0,0.0,0.0
COMOX A,49.71666666666667,-124.9,2014-08-10,29.0,69.0,15.6,30.7,23.2,0.0,0.0,0.0,0.0
COMOX A,49.71666666666667,-124.9,2014-08-11,32.0,79.0,15.6,29.4,22.5,0.0,0.0,0.0,0.0
COMOX A,49.71666666666667,-124.9,2014-08-12,61.0,87.0,17.9,23.9,20.9,0.0,0.0,0.0,0.0
COMOX A,49.71666666666667,-124.9,2014-08-13,73.0,94.0,16.3,22.5,19.4,1.4,1.4,0.0,0.0
COMOX A,49.71666666666667,-124.9,2014-08-14,52.0,98.0,16.2,25.7,21.0,0.0,0.0,0.0,0.0
COMOX A,49.71666666666667,-124.9,2014-08-15,82.0,100.0,16.1,19.6,17.9,17.8,17.8,0.0,0.0
COMOX A,49.71666666666667,-124.9,2014-08-16,57.0,96.0,16.2,24.8,20.5,0.0,0.0,0.0,0.0
COMOX A,49.71666666666667,-124.9,2014-08-17,50.0,87.0,17.0,25.9,21.5,0.0,0.0,0.0,0.0
COMOX A,49.71666666666667,-124.9,2014-08-18,48.0,80.0,15.2,25.2,20.2,0.0,0.0,0.0,0.0
COMOX A,49.71666666666667,-124.9,2014-08-19,52.0,86.0,17.2,24.4,20.8,0.0,0.0,0.0,0.0
COMOX A,49.71666666666667,-124.9,2014-08-20,56.0,83.0,12.8,21.7,17.3,0.0,0.0,0.0,0.0
COMOX A,49.71666666666667,-124.9,2014-08-21,68.0,94.0,14.5,21.7,18.1,0.0,0.0,0.0,0.0
COMOX A,49.71666666666667,-124.9,2014-08-22,39.0,94.0,12.8,26.5,19.7,0.0,0.0,0.0,0.0
COMOX A,49.71666666666667,-124.9,2014-08-23,46.0,73.0,13.4,25.0,19.2,0.0,0.0,0.0,0.0
COMOX A,49.71666666666667,-124.9,2014-08-24,39.0,82.0,14.2,26.4,20.3,0.0,0.0,0.0,0.0
COMOX A,49.71666666666667,-124.9,2014-08-25,45.0,80.0,14.5,25.0,19.8,0.0,0.0,0.0,0.0
COMOX A,49.71666666666667,-124.9,2014-08-26,57.0,91.0,15.1,26.0,20.6,0.0,0.0,0.0,0.0
COMOX A,49.71666666666667,-124.9,2014-08-27,47.0,90.0,15.9,27.0,21.5,0.0,0.0,0.0,0.0
COMOX A,49.71666666666667,-124.9,2014-08-28,56.0,88.0,15.4,23.1,19.3,0.0,0.0,0.0,0.0
COMOX A,49.71666666666667,-124.9,2014-08-29,65.0,82.0,14.5,19.5,17.0,0.2,0.2,0.0,0.0
COMOX A,49.71666666666667,-124.9,2014-08-30,62.0,93.0,13.6,20.5,17.1,0.6,0.6,0.0,0.0
COMOX A,49.71666666666667,-124.9,2014-08-31,67.0,98.0,13.8,18.7,16.3,0.4,0.4,0.0,0.0
COMOX A,49.71666666666667,-124.9,2014-09-01,65.0,93.0,13.5,20.7,17.1,0.0,0.0,0.0,0.0
COMOX A,49.71666666666667,-124.9,2014-09-02,66.0,99.0,13.5,16.6,15.1,5.4,5.4,0.0,0.0
COMOX A,49.71666666666667,-124.9,2014-09-03,49.0,79.0,12.5,21.1,16.8,0.0,0.0,0.0,0.0
COMOX A,49.71666666666667,-124.9,2014-09-04,44.0,87.0,10.0,21.7,15.9,0.0,0.0,0.0,0.0
COMOX A,49.71666666666667,-124.9,2014-09-05,43.0,88.0,11.4,24.3,17.9,0.0,0.0,0.0,0.0
COMOX A,49.71666666666667,-124.9,2014-09-06,38.0,84.0,11.9,27.2,19.6,0.0,0.0,0.0,0.0
COMOX A,49.71666666666667,-124.9,2014-09-07,38.0,79.0,13.2,26.0,19.6,0.0,0.0,0.0,0.0
COMOX A,49.71666666666667,-124.9,2014-09-08,52.0,92.0,12.7,22.4,17.6,0.0,0.0,0.0,0.0
COMOX A,49.71666666666667,-124.9,2014-09-09,44.0,93.0,10.0,22.6,16.3,0.0,0.0,0.0,0.0
COMOX A,49.71666666666667,-124.9,2014-09-10,42.0,84.0,8.9,21.3,15.1,0.0,0.0,0.0,0.0
COMOX A,49.71666666666667,-124.9,2014-09-11,42.0,91.0,6.7,20.3,13.5,0.0,0.0,0.0,0.0
COMOX A,49.71666666666667,-124.9,2014-09-12,30.0,73.0,7.3,24.0,15.7,0.0,0.0,0.0,0.0
COMOX A,49.71666666666667,-124.9,2014-09-13,41.0,77.0,8.6,22.5,15.6,0.0,0.0,0.0,0.0
COMOX A,49.71666666666667,-124.9,2014-09-14,37.0,76.0,8.9,23.7,16.3,0.0,0.0,0.0,0.0
COMOX A,49.71666666666667,-124.9,2014-09-15,41.0,80.0,9.0,23.6,16.3,0.0,0.0,0.0,0.0
COMOX A,49.71666666666667,-124.9,2014-09-16,49.0,86.0,9.9,23.1,16.5,0.0,0.0,0.0,0.0
COMOX A,49.71666666666667,-124.9,2014-09-17,79.0,99.0,14.2,18.6,16.4,1.6,1.6,0.0,0.0
COMOX A,49.71666666666667,-124.9,2014-09-18,91.0,100.0,14.5,18.1,16.3,3.4,3.4,0.0,0.0
COMOX A,49.71666666666667,-124.9,2014-09-19,81.0,100.0,12.7,19.2,16.0,1.0,1.0,0.0,0.0
COMOX A,49.71666666666667,-124.9,2014-09-20,65.0,100.0,11.6,20.1,15.9,0.0,0.0,0.0,0.0
COMOX A,49.71666666666667,-124.9,2014-09-21,52.0,100.0,10.5,23.1,16.8,0.0,0.0,0.0,0.0
COMOX A,49.71666666666667,-124.9,2014-09-22,73.0,95.0,14.7,19.5,17.1,0.0,0.0,0.0,0.0
COMOX A,49.71666666666667,-124.9,2014-09-23,92.0,100.0,13.6,15.7,14.7,11.0,11.0,0.0,0.0
COMOX A,49.71666666666667,-124.9,2014-09-24,79.0,100.0,13.4,18.0,15.7,12.4,12.4,0.0,0.0
COMOX A,49.71666666666667,-124.9,2014-09-25,81.0,99.0,13.1,17.6,15.4,1.6,1.6,0.0,0.0
COMOX A,49.71666666666667,-124.9,2014-09-26,97.0,100.0,10.6,14.5,12.6,4.8,4.8,0.0,0.0
COMOX A,49.71666666666667,-124.9,2014-09-27,79.0,100.0,8.7,16.8,12.8,0.0,0.0,0.0,0.0
COMOX A,49.71666666666667,-124.9,2014-09-28,65.0,100.0,8.3,18.9,13.6,0.0,0.0,0.0,0.0
COMOX A,49.71666666666667,-124.9,2014-09-29,83.0,100.0,11.6,15.6,13.6,6.4,6.4,0.0,0.0
COMOX A,49.71666666666667,-124.9,2014-09-30,60.0,99.0,9.9,18.2,14.1,0.0,0.0,0.0,0.0
COMOX A,49.71666666666667,-124.9,2014-10-01,57.0,98.0,6.7,16.2,11.5,0.0,0.0,0.0,0.0
COMOX A,49.71666666666667,-124.9,2014-10-02,75.0,93.0,7.1,15.1,11.1,0.0,0.0,0.0,0.0
COMOX A,49.71666666666667,-124.9,2014-10-03,73.0,99.0,11.4,15.1,13.3,0.8,0.8,0.0,0.0
COMOX A,49.71666666666667,-124.9,2014-10-04,82.0,100.0,11.8,16.9,14.4,3.2,3.2,0.0,0.0
COMOX A,49.71666666666667,-124.9,2014-10-05,82.0,99.0,13.4,18.6,16.0,0.0,0.0,0.0,0.0
COMOX A,49.71666666666667,-124.9,2014-10-06,80.0,100.0,12.8,19.2,16.0,0.0,0.0,0.0,0.0
COMOX A,49.71666666666667,-124.9,2014-10-07,74.0,99.0,13.5,18.5,16.0,0.0,0.0,0.0,0.0
COMOX A,49.71666666666667,-124.9,2014-10-08,85.0,100.0,11.3,16.2,13.8,0.0,0.0,0.0,0.0
COMOX A,49.71666666666667,-124.9,2014-10-09,86.0,100.0,9.9,16.5,13.2,0.0,0.0,0.0,0.0
COMOX A,49.71666666666667,-124.9,2014-10-10,81.0,100.0,10.0,16.7,13.4,0.0,0.0,0.0,0.0
COMOX A,49.71666666666667,-124.9,2014-10-11,72.0,100.0,7.1,15.2,11.2,4.4,4.4,0.0,0.0
COMOX A,49.71666666666667,-124.9,2014-10-12,92.0,99.0,8.7,12.8,10.8,1.6,1.6,0.0,0.0
COMOX A,49.71666666666667,-124.9,2014-10-13,92.0,100.0,10.7,12.9,11.8,25.4,25.4,0.0,0.0
COMOX A,49.71666666666667,-124.9,2014-10-14,76.0,99.0,9.7,12.8,11.3,2.2,2.2,0.0,0.0
COMOX A,49.71666666666667,-124.9,2014-10-15,89.0,100.0,8.4,12.1,10.3,9.2,9.2,0.0,0.0
COMOX A,49.71666666666667,-124.9,2014-10-16,84.0,100.0,8.6,13.0,10.8,1.2,1.2,0.0,0.0
COMOX A,49.71666666666667,-124.9,2014-10-17,85.0,97.0,10.9,13.2,12.1,17.4,17.4,0.0,0.0
COMOX A,49.71666666666667,-124.9,2014-10-18,81.0,100.0,9.7,15.5,12.6,0.8,0.8,0.0,0.0
COMOX A,49.71666666666667,-124.9,2014-10-19,74.0,99.0,12.3,16.5,14.4,8.8,8.8,0.0,0.0
COMOX A,49.71666666666667,-124.9,2014-10-20,84.0,100.0,11.3,15.1,13.2,11.0,11.0,0.0,0.0
COMOX A,49.71666666666667,-124.9,2014-10-21,91.0,100.0,10.6,13.1,11.9,40.6,40.6,0.0,0.0
COMOX A,49.71666666666667,-124.9,2014-10-22,87.0,100.0,8.6,14.1,11.4,35.6,35.6,0.0,0.0
COMOX A,49.71666666666667,-124.9,2014-10-23,89.0,100.0,4.8,10.3,7.6,4.8,4.8,0.0,0.0
COMOX A,49.71666666666667,-124.9,2014-10-24,85.0,100.0,4.4,12.2,8.3,0.0,0.0,0.0,0.0
COMOX A,49.71666666666667,-124.9,2014-10-25,93.0,100.0,6.3,9.1,7.7,26.4,26.4,0.0,0.0
COMOX A,49.71666666666667,-124.9,2014-10-26,72.0,100.0,2.9,11.5,7.2,0.0,0.0,0.0,0.0
COMOX A,49.71666666666667,-124.9,2014-10-27,86.0,100.0,4.3,10.4,7.4,4.2,4.2,0.0,0.0
COMOX A,49.71666666666667,-124.9,2014-10-28,89.0,98.0,9.3,12.0,10.7,20.4,20.4,0.0,0.0
COMOX A,49.71666666666667,-124.9,2014-10-29,57.0,99.0,10.1,16.5,13.3,0.2,0.2,0.0,0.0
COMOX A,49.71666666666667,-124.9,2014-10-30,90.0,100.0,9.8,11.9,10.9,19.8,19.8,0.0,0.0
COMOX A,49.71666666666667,-124.9,2014-10-31,82.0,100.0,6.7,11.5,9.1,0.0,0.0,0.0,0.0
COMOX A,49.71666666666667,-124.9,2014-11-01,74.0,99.0,5.0,11.7,8.4,0.0,0.0,0.0,0.0
COMOX A,49.71666666666667,-124.9,2014-11-02,89.0,99.0,5.4,10.7,8.1,0.0,0.0,0.0,0.0
COMOX A,49.71666666666667,-124.9,2014-11-03,94.0,98.0,10.1,11.8,11.0,10.2,10.2,0.0,0.0
COMOX A,49.71666666666667,-124.9,2014-11-04,66.0,99.0,8.3,13.4,10.9,0.0,0.0,0.0,0.0
COMOX A,49.71666666666667,-124.9,2014-11-05,91.0,97.0,8.2,11.5,9.9,5.6,5.6,0.0,0.0
COMOX A,49.71666666666667,-124.9,2014-11-06,75.0,99.0,9.2,15.7,12.5,12.4,12.4,0.0,0.0
COMOX A,49.71666666666667,-124.9,2014-11-07,69.0,99.0,6.5,11.8,9.2,0.4,0.4,0.0,0.0
COMOX A,49.71666666666667,-124.9,2014-11-08,90.0,100.0,5.4,9.5,7.5,0.0,0.0,0.0,0.0
COMOX A,49.71666666666667,-124.9,2014-11-09,65.0,98.0,8.5,12.1,10.3,2.2,2.2,0.0,0.0
COMOX A,49.71666666666667,-124.9,2014-11-10,67.0,95.0,1.8,9.6,5.7,0.0,0.0,0.0,0.0
COMOX A,49.71666666666667,-124.9,2014-11-11,36.0,96.0,-0.5,9.2,4.4,0.0,0.0,0.0,0.0
COMOX A,49.71666666666667,-124.9,2014-11-12,37.0,78.0,-2.1,6.8,2.4,0.0,0.0,0.0,0.0
COMOX A,49.71666666666667,-124.9,2014-11-13,66.0,92.0,-3.6,5.6,1.0,0.0,0.0,0.0,0.0
COMOX A,49.71666666666667,-124.9,2014-11-14,58.0,89.0,-4.2,5.9,0.9,0.0,0.0,0.0,0.0
COMOX A,49.71666666666667,-124.9,2014-11-15,70.0,93.0,-3.9,5.8,1.0,0.0,0.0,0.0,0.0
COMOX A,49.71666666666667,-124.9,2014-11-16,67.0,96.0,-3.7,5.5,0.9,0.0,0.0,0.0,0.0
COMOX A,49.71666666666667,-124.9,2014-11-17,78.0,98.0,-3.6,5.5,1.0,0.0,0.0,0.0,0.0
COMOX A,49.71666666666667,-124.9,2014-11-18,63.0,99.0,-1.1,6.9,2.9,0.0,0.0,0.0,0.0
COMOX A,49.71666666666667,-124.9,2014-11-19,86.0,96.0,0.9,7.0,4.0,0.0,0.0,0.0,0.0
COMOX A,49.71666666666667,-124.9,2014-11-20,87.0,97.0,4.2,9.9,7.1,1.4,1.4,0.0,0.0
COMOX A,49.71666666666667,-124.9,2014-11-21,85.0,99.0,7.3,9.7,8.5,14.8,14.8,0.0,0.0
COMOX A,49.71666666666667,-124.9,2014-11-22,78.0,99.0,2.1,9.2,5.7,0.0,0.0,0.0,0.0
COMOX A,49.71666666666667,-124.9,2014-11-23,82.0,99.0,3.1,9.6,6.4,5.2,5.2,0.0,0.0
COMOX A,49.71666666666667,-124.9,2014-11-24,88.0,99.0,1.5,8.4,5.0,8.0,8.0,0.0,0.0
COMOX A,49.71666666666667,-124.9,2014-11-25,95.0,99.0,5.1,6.9,6.0,12.6,12.6,0.0,0.0
COMOX A,49.71666666666667,-124.9,2014-11-26,96.0,100.0,5.1,10.9,8.0,13.4,13.4,0.0,0.0
COMOX A,49.71666666666667,-124.9,2014-11-27,66.0,99.0,6.8,14.6,10.7,8.4,8.4,0.0,0.0
COMOX A,49.71666666666667,-124.9,2014-11-28,56.0,96.0,-1.0,6.8,2.9,8.2,8.2,0.0,0.0
COMOX A,49.71666666666667,-124.9,2014-11-29,33.0,67.0,-3.1,1.8,-0.7,0.0,0.0,0.0,0.0
COMOX A,49.71666666666667,-124.9,2014-11-30,56.0,74.0,-2.5,1.8,-0.4,0.0,0.0,0.0,0.0
COMOX A,49.71666666666667,-124.9,2014-12-01,63.0,90.0,-3.3,3.5,0.1,0.0,0.0,0.0,0.0
COMOX A,49.71666666666667,-124.9,2014-12-02,74.0,88.0,-2.0,3.3,0.7,0.0,0.0,0.0,0.0
COMOX A,49.71666666666667,-124.9,2014-12-03,72.0,94.0,-4.2,4.5,0.2,0.0,0.0,0.0,0.0
COMOX A,49.71666666666667,-124.9,2014-12-04,79.0,98.0,-3.5,4.0,0.3,2.6,2.6,0.0,0.0
COMOX A,49.71666666666667,-124.9,2014-12-05,98.0,100.0,2.2,6.6,4.4,17.6,17.6,0.0,0.0
COMOX A,49.71666666666667,-124.9,2014-12-06,95.0,99.0,5.5,8.8,7.2,5.0,5.0,0.0,0.0
COMOX A,49.71666666666667,-124.9,2014-12-07,86.0,99.0,7.7,10.4,9.1,0.4,0.4,0.0,0.0
COMOX A,49.71666666666667,-124.9,2014-12-08,78.0,97.0,8.5,10.7,9.6,28.8,28.8,0.0,0.0
COMOX A,49.71666666666667,-124.9,2014-12-09,68.0,100.0,9.6,14.2,11.9,41.4,41.4,0.0,0.0
COMOX A,49.71666666666667,-124.9,2014-12-10,87.0,100.0,7.8,11.7,9.8,45.8,45.8,0.0,0.0
COMOX A,49.71666666666667,-124.9,2014-12-11,90.0,99.0,6.2,9.5,7.9,24.0,24.0,0.0,0.0
COMOX A,49.71666666666667,-124.9,2014-12-12,87.0,100.0,2.6,9.4,6.0,10.8,10.8,0.0,0.0
COMOX A,49.71666666666667,-124.9,2014-12-13,89.0,100.0,3.8,7.0,5.4,0.0,0.0,0.0,0.0
COMOX A,49.71666666666667,-124.9,2014-12-14,78.0,98.0,0.2,6.9,3.6,0.0,0.0,0.0,0.0
COMOX A,49.71666666666667,-124.9,2014-12-15,84.0,100.0,-0.7,5.3,2.3,0.6,0.6,0.0,0.0
COMOX A,49.71666666666667,-124.9,2014-12-16,90.0,100.0,3.9,7.1,5.5,7.4,7.4,0.0,0.0
COMOX A,49.71666666666667,-124.9,2014-12-17,89.0,100.0,4.4,6.9,5.7,5.0,5.0,0.0,0.0
COMOX A,49.71666666666667,-124.9,2014-12-18,91.0,99.0,4.7,8.5,6.6,15.3,15.3,0.0,0.0
COMOX A,49.71666666666667,-124.9,2014-12-19,85.0,97.0,5.2,10.1,7.7,6.2,6.2,0.0,0.0
COMOX A,49.71666666666667,-124.9,2014-12-20,87.0,100.0,6.5,8.5,7.5,24.4,24.4,0.0,0.0
COMOX A,49.71666666666667,-124.9,2014-12-21,95.0,100.0,2.3,8.3,5.3,0.4,0.4,0.0,0.0
COMOX A,49.71666666666667,-124.9,2014-12-22,79.0,100.0,0.5,6.8,3.7,0.8,0.8,0.0,0.0
COMOX A,49.71666666666667,-124.9,2014-12-23,87.0,99.0,3.9,7.5,5.7,2.6,2.6,0.0,0.0
COMOX A,49.71666666666667,-124.9,2014-12-24,82.0,99.0,1.5,6.8,4.2,0.8,0.8,0.0,0.0
COMOX A,49.71666666666667,-124.9,2014-12-25,76.0,96.0,-0.1,7.1,3.5,0.0,0.0,0.0,0.0
COMOX A,49.71666666666667,-124.9,2014-12-26,81.0,97.0,2.1,6.7,4.4,0.0,0.0,0.0,0.0
COMOX A,49.71666666666667,-124.9,2014-12-27,83.0,96.0,3.7,6.6,5.2,1.8,1.8,0.0,0.0
COMOX A,49.71666666666667,-124.9,2014-12-28,52.0,91.0,2.4,7.1,4.8,0.0,0.0,0.0,0.0
COMOX A,49.71666666666667,-124.9,2014-12-29,34.0,54.0,0.2,4.7,2.5,0.0,0.0,0.0,0.0
COMOX A,49.71666666666667,-124.9,2014-12-30,54.0,89.0,-3.6,2.9,-0.4,0.0,0.0,0.0,0.0
COMOX A,49.71666666666667,-124.9,2014-12-31,70.0,92.0,-3.0,3.4,0.2,0.0,0.0,0.0,0.0
COMOX A,49.71666666666667,-124.9,2015-01-01,81.0,95.0,-3.4,3.3,-0.1,0.0,0.0,0.0,0.0
COMOX A,49.71666666666667,-124.9,2015-01-02,90.0,99.0,-0.1,3.9,1.9,3.0,3.0,0.0,0.0
COMOX A,49.71666666666667,-124.9,2015-01-03,90.0,99.0,0.3,3.9,2.1,8.6,8.6,0.0,0.0
COMOX A,49.71666666666667,-124.9,2015-01-04,94.0,99.0,3.1,5.4,4.3,24.2,24.2,0.0,0.0
COMOX A,49.71666666666667,-124.9,2015-01-05,99.0,100.0,2.6,6.5,4.6,11.4,11.4,0.0,0.0
COMOX A,49.71666666666667,-124.9,2015-01-06,100.0,100.0,4.3,6.8,5.6,0.6,0.6,0.0,0.0
COMOX A,49.71666666666667,-124.9,2015-01-07,98.0,100.0,5.7,7.1,6.4,0.2,0.2,0.0,0.0
COMOX A,49.71666666666667,-124.9,2015-01-08,100.0,100.0,1.7,5.7,3.7,0.0,0.0,0.0,0.0
COMOX A,49.71666666666667,-124.9,2015-01-09,99.0,100.0,1.9,4.7,3.3,1.2,1.2,0.0,0.0
COMOX A,49.71666666666667,-124.9,2015-01-10,94.0,100.0,3.5,6.5,5.0,0.0,0.0,0.0,0.0
COMOX A,49.71666666666667,-124.9,2015-01-11,91.0,100.0,3.3,6.8,5.1,0.0,0.0,0.0,0.0
COMOX A,49.71666666666667,-124.9,2015-01-12,83.0,100.0,3.2,7.4,5.3,0.0,0.0,0.0,0.0
COMOX A,49.71666666666667,-124.9,2015-01-13,90.0,100.0,3.8,6.1,5.0,0.6,0.6,0.0,0.0
COMOX A,49.71666666666667,-124.9,2015-01-14,88.0,96.0,3.3,5.4,4.4,0.0,0.0,0.0,0.0
COMOX A,49.71666666666667,-124.9,2015-01-15,73.0,97.0,3.5,7.8,5.7,14.2,14.2,0.0,0.0
COMOX A,49.71666666666667,-124.9,2015-01-16,71.0,97.0,2.3,10.2,6.3,0.8,0.8,0.0,0.0
COMOX A,49.71666666666667,-124.9,2015-01-17,90.0,100.0,5.4,7.7,6.6,17.4,17.4,0.0,0.0
COMOX A,49.71666666666667,-124.9,2015-01-18,62.0,100.0,5.7,12.0,8.9,23.4,23.4,0.0,0.0
COMOX A,49.71666666666667,-124.9,2015-01-19,70.0,98.0,0.5,8.9,4.7,0.0,0.0,0.0,0.0
COMOX A,49.71666666666667,-124.9,2015-01-20,80.0,99.0,1.8,7.2,4.5,0.0,0.0,0.0,0.0
COMOX A,49.71666666666667,-124.9,2015-01-21,86.0,99.0,0.7,6.3,3.5,0.8,0.8,0.0,0.0
COMOX A,49.71666666666667,-124.9,2015-01-22,85.0,98.0,5.6,8.0,6.8,2.2,2.2,0.0,0.0
COMOX A,49.71666666666667,-124.9,2015-01-23,94.0,100.0,7.8,9.9,8.9,3.8,3.8,0.0,0.0
COMOX A,49.71666666666667,-124.9,2015-01-24,97.0,100.0,8.2,11.0,9.6,2.8,2.8,0.0,0.0
COMOX A,49.71666666666667,-124.9,2015-01-25,82.0,100.0,6.7,12.4,9.6,0.0,0.0,0.0,0.0
COMOX A,49.71666666666667,-124.9,2015-01-26,75.0,100.0,7.2,12.5,9.9,0.0,0.0,0.0,0.0
COMOX A,49.71666666666667,-124.9,2015-01-27,74.0,99.0,6.2,12.0,9.1,0.0,0.0,0.0,0.0
COMOX A,49.71666666666667,-124.9,2015-01-28,77.0,97.0,2.9,8.4,5.7,0.0,0.0,0.0,0.0
COMOX A,49.71666666666667,-124.9,2015-01-29,71.0,99.0,3.3,8.9,6.1,0.0,0.0,0.0,0.0
COMOX A,49.71666666666667,-124.9,2015-01-30,96.0,100.0,0.0,5.8,2.9,0.0,0.0,0.0,0.0
COMOX A,49.71666666666667,-124.9,2015-01-31,97.0,100.0,1.5,5.9,3.7,1.6,1.6,0.0,0.0
COMOX A,49.71666666666667,-124.9,2015-02-01,85.0,100.0,5.3,9.1,7.2,0.6,0.6,0.0,0.0
COMOX A,49.71666666666667,-124.9,2015-02-02,92.0,98.0,6.8,7.9,7.4,3.6,3.6,0.0,0.0
COMOX A,49.71666666666667,-124.9,2015-02-03,94.0,100.0,7.0,8.4,7.7,0.4,0.4,0.0,0.0
COMOX A,49.71666666666667,-124.9,2015-02-04,92.0,100.0,6.4,8.4,7.4,5.8,5.8,0.0,0.0
COMOX A,49.71666666666667,-124.9,2015-02-05,89.0,99.0,7.0,11.6,9.3,45.9,45.9,0.0,0.0
COMOX A,49.71666666666667,-124.9,2015-02-06,81.0,99.0,9.3,13.2,11.3,33.0,33.0,0.0,0.0
COMOX A,49.71666666666667,-124.9,2015-02-07,81.0,99.0,9.2,12.4,10.8,2.8,2.8,0.0,0.0
COMOX A,49.71666666666667,-124.9,2015-02-08,88.0,98.0,8.7,11.0,9.9,8.6,8.6,0.0,0.0
COMOX A,49.71666666666667,-124.9,2015-02-09,96.0,100.0,8.2,10.0,9.1,26.4,26.4,0.0,0.0
COMOX A,49.71666666666667,-124.9,2015-02-10,73.0,100.0,7.3,12.6,10.0,0.6,0.6,0.0,0.0
COMOX A,49.71666666666667,-124.9,2015-02-11,82.0,100.0,5.5,10.2,7.9,0.0,0.0,0.0,0.0
COMOX A,49.71666666666667,-124.9,2015-02-12,86.0,99.0,7.4,10.1,8.8,10.8,10.8,0.0,0.0
COMOX A,49.71666666666667,-124.9,2015-02-13,92.0,100.0,8.6,10.9,9.8,13.8,13.8,0.0,0.0
COMOX A,49.71666666666667,-124.9,2015-02-14,68.0,99.0,4.8,11.5,8.2,0.0,0.0,0.0,0.0
COMOX A,49.71666666666667,-124.9,2015-02-15,84.0,97.0,1.5,8.8,5.2,0.0,0.0,0.0,0.0
COMOX A,49.71666666666667,-124.9,2015-02-16,67.0,100.0,0.4,9.5,5.0,0.0,0.0,0.0,0.0
COMOX A,49.71666666666667,-124.9,2015-02-17,79.0,100.0,0.5,8.6,4.6,0.0,0.0,0.0,0.0
COMOX A,49.71666666666667,-124.9,2015-02-18,78.0,97.0,2.7,11.2,7.0,0.0,0.0,0.0,0.0
COMOX A,49.71666666666667,-124.9,2015-02-19,88.0,99.0,2.1,9.4,5.8,0.2,0.2,0.0,0.0
COMOX A,49.71666666666667,-124.9,2015-02-20,63.0,99.0,3.4,10.1,6.8,0.0,0.0,0.0,0.0
COMOX A,49.71666666666667,-124.9,2015-02-21,39.0,93.0,0.4,13.5,7.0,0.0,0.0,0.0,0.0
COMOX A,49.71666666666667,-124.9,2015-02-22,51.0,94.0,-1.1,9.6,4.3,0.0,0.0,0.0,0.0
COMOX A,49.71666666666667,-124.9,2015-02-23,64.0,96.0,-0.6,9.9,4.7,0.0,0.0,0.0,0.0
COMOX A,49.71666666666667,-124.9,2015-02-24,63.0,100.0,0.3,10.6,5.5,0.0,0.0,0.0,0.0
COMOX A,49.71666666666667,-124.9,2015-02-25,88.0,100.0,2.2,8.2,5.2,0.4,0.4,0.0,0.0
COMOX A,49.71666666666667,-124.9,2015-02-26,93.0,100.0,6.5,7.6,7.1,16.0,16.0,0.0,0.0
COMOX A,49.71666666666667,-124.9,2015-02-27,32.0,99.0,5.1,13.3,9.2,4.4,4.4,0.0,0.0
COMOX A,49.71666666666667,-124.9,2015-02-28,30.0,82.0,0.7,9.1,4.9,0.0,0.0,0.0,0.0
COMOX A,49.71666666666667,-124.9,2015-03-01,70.0,97.0,-0.7,6.8,3.1,1.4,1.4,0.0,0.0
COMOX A,49.71666666666667,-124.9,2015-03-02,32.0,98.0,0.8,12.2,6.5,0.0,0.0,0.0,0.0
COMOX A,49.71666666666667,-124.9,2015-03-03,36.0,80.0,-0.7,8.9,4.1,0.0,0.0,0.0,0.0
COMOX A,49.71666666666667,-124.9,2015-03-04,63.0,95.0,-1.5,8.8,3.7,0.0,0.0,0.0,0.0
COMOX A,49.71666666666667,-124.9,2015-03-05,74.0,97.0,0.8,8.2,4.5,0.0,0.0,0.0,0.0
COMOX A,49.71666666666667,-124.9,2015-03-06,56.0,96.0,1.7,11.4,6.6,0.0,0.0,0.0,0.0
COMOX A,49.71666666666667,-124.9,2015-03-07,67.0,97.0,1.7,13.5,7.6,0.0,0.0,0.0,0.0
COMOX A,49.71666666666667,-124.9,2015-03-08,81.0,99.0,3.3,10.9,7.1,0.0,0.0,0.0,0.0
COMOX A,49.71666666666667,-124.9,2015-03-09,97.0,100.0,3.0,8.1,5.6,0.2,0.2,0.0,0.0
COMOX A,49.71666666666667,-124.9,2015-03-10,99.0,100.0,2.8,6.7,4.8,0.0,0.0,0.0,0.0
COMOX A,49.71666666666667,-124.9,2015-03-11,86.0,100.0,6.2,11.3,8.8,4.0,4.0,0.0,0.0
COMOX A,49.71666666666667,-124.9,2015-03-12,77.0,93.0,8.9,13.8,11.4,0.6,0.6,0.0,0.0
COMOX A,49.71666666666667,-124.9,2015-03-13,81.0,100.0,6.0,12.6,9.3,0.0,0.0,0.0,0.0
COMOX A,49.71666666666667,-124.9,2015-03-14,67.0,97.0,7.6,12.1,9.9,4.6,4.6,0.0,0.0
COMOX A,49.71666666666667,-124.9,2015-03-15,39.0,74.0,5.9,11.2,8.6,0.0,0.0,0.0,0.0
COMOX A,49.71666666666667,-124.9,2015-03-16,66.0,93.0,-0.1,10.3,5.1,0.0,0.0,0.0,0.0
COMOX A,49.71666666666667,-124.9,2015-03-17,61.0,97.0,1.3,11.0,6.2,0.0,0.0,0.0,0.0
COMOX A,49.71666666666667,-124.9,2015-03-18,76.0,99.0,2.2,10.9,6.6,0.0,0.0,0.0,0.0
COMOX A,49.71666666666667,-124.9,2015-03-19,66.0,98.0,7.1,10.4,8.8,7.4,7.4,0.0,0.0
COMOX A,49.71666666666667,-124.9,2015-03-20,90.0,98.0,8.7,10.7,9.7,16.6,16.6,0.0,0.0
COMOX A,49.71666666666667,-124.9,2015-03-21,73.0,95.0,5.6,11.9,8.8,0.0,0.0,0.0,0.0
COMOX A,49.71666666666667,-124.9,2015-03-22,77.0,96.0,4.4,10.5,7.5,3.1,3.1,0.0,0.0
COMOX A,49.71666666666667,-124.9,2015-03-23,83.0,98.0,2.6,9.5,6.1,6.4,6.4,0.0,0.0
COMOX A,49.71666666666667,-124.9,2015-03-24,69.0,98.0,5.7,11.5,8.6,2.2,2.2,0.0,0.0
COMOX A,49.71666666666667,-124.9,2015-03-25,76.0,98.0,7.5,10.1,8.8,19.8,19.8,0.0,0.0
COMOX A,49.71666666666667,-124.9,2015-03-26,77.0,97.0,9.9,14.9,12.4,0.0,0.0,0.0,0.0
COMOX A,49.71666666666667,-124.9,2015-03-27,70.0,95.0,10.0,13.4,11.7,0.6,0.6,0.0,0.0
COMOX A,49.71666666666667,-124.9,2015-03-28,65.0,96.0,6.3,13.1,9.7,2.2,2.2,0.0,0.0
COMOX A,49.71666666666667,-124.9,2015-03-29,85.0,98.0,8.8,11.8,10.3,15.6,15.6,0.0,0.0
COMOX A,49.71666666666667,-124.9,2015-03-30,73.0,99.0,7.4,13.3,10.4,10.8,10.8,0.0,0.0
COMOX A,49.71666666666667,-124.9,2015-03-31,57.0,99.0,3.6,11.3,7.5,6.4,6.4,0.0,0.0
COMOX A,49.71666666666667,-124.9,2015-04-01,58.0,96.0,2.2,11.7,7.0,0.0,0.0,0.0,0.0
COMOX A,49.71666666666667,-124.9,2015-04-02,65.0,94.0,2.1,11.2,6.7,0.0,0.0,0.0,0.0
COMOX A,49.71666666666667,-124.9,2015-04-03,66.0,95.0,6.0,9.2,7.6,14.2,14.2,0.0,0.0
COMOX A,49.71666666666667,-124.9,2015-04-04,73.0,97.0,2.6,9.9,6.3,1.8,1.8,0.0,0.0
COMOX A,49.71666666666667,-124.9,2015-04-05,41.0,100.0,2.3,12.2,7.3,0.0,0.0,0.0,0.0
COMOX A,49.71666666666667,-124.9,2015-04-06,46.0,93.0,0.8,13.2,7.0,0.0,0.0,0.0,0.0
COMOX A,49.71666666666667,-124.9,2015-04-07,37.0,91.0,1.6,14.7,8.2,0.0,0.0,0.0,0.0
COMOX A,49.71666666666667,-124.9,2015-04-08,39.0,79.0,1.7,15.3,8.5,0.0,0.0,0.0,0.0
COMOX A,49.71666666666667,-124.9,2015-04-09,56.0,87.0,3.1,14.1,8.6,0.0,0.0,0.0,0.0
COMOX A,49.71666666666667,-124.9,2015-04-10,48.0,87.0,6.3,11.3,8.8,0.7,0.7,0.0,0.0
COMOX A,49.71666666666667,-124.9,2015-04-11,33.0,81.0,2.6,13.1,7.9,0.0,0.0,0.0,0.0
COMOX A,49.71666666666667,-124.9,2015-04-12,59.0,91.0,1.5,12.2,6.9,0.2,0.2,0.0,0.0
COMOX A,49.71666666666667,-124.9,2015-04-13,53.0,93.0,5.8,10.5,8.2,2.2,2.2,0.0,0.0
COMOX A,49.71666666666667,-124.9,2015-04-14,49.0,90.0,0.7,11.2,6.0,0.0,0.0,0.0,0.0
COMOX A,49.71666666666667,-124.9,2015-04-15,55.0,86.0,3.1,11.7,7.4,0.0,0.0,0.0,0.0
COMOX A,49.71666666666667,-124.9,2015-04-16,58.0,85.0,7.8,13.8,10.8,0.0,0.0,0.0,0.0
COMOX A,49.71666666666667,-124.9,2015-04-17,42.0,93.0,6.4,15.2,10.8,0.0,0.0,0.0,0.0
COMOX A,49.71666666666667,-124.9,2015-04-18,44.0,77.0,4.6,16.2,10.4,0.0,0.0,0.0,0.0
COMOX A,49.71666666666667,-124.9,2015-04-19,46.0,75.0,5.3,18.9,12.1,0.0,0.0,0.0,0.0
COMOX A,49.71666666666667,-124.9,2015-04-20,44.0,71.0,7.8,19.0,13.4,0.0,0.0,0.0,0.0
COMOX A,49.71666666666667,-124.9,2015-04-21,70.0,92.0,7.3,14.3,10.8,4.4,4.4,0.0,0.0
COMOX A,49.71666666666667,-124.9,2015-04-22,41.0,80.0,3.0,12.4,7.7,0.0,0.0,0.0,0.0
COMOX A,49.71666666666667,-124.9,2015-04-23,49.0,90.0,5.5,11.6,8.6,2.6,2.6,0.0,0.0
COMOX A,49.71666666666667,-124.9,2015-04-24,69.0,96.0,4.6,9.9,7.3,4.6,4.6,0.0,0.0
COMOX A,49.71666666666667,-124.9,2015-04-25,53.0,91.0,4.4,12.9,8.7,0.0,0.0,0.0,0.0
COMOX A,49.71666666666667,-124.9,2015-04-26,65.0,87.0,7.0,12.0,9.5,0.0,0.0,0.0,0.0
COMOX A,49.71666666666667,-124.9,2015-04-27,78.0,97.0,9.9,13.8,11.9,1.0,1.0,0.0,0.0
COMOX A,49.71666666666667,-124.9,2015-04-28,54.0,97.0,8.9,16.3,12.6,1.4,1.4,0.0,0.0
COMOX A,49.71666666666667,-124.9,2015-04-29,55.0,85.0,5.8,15.4,10.6,0.0,0.0,0.0,0.0
COMOX A,49.71666666666667,-124.9,2015-04-30,54.0,89.0,8.0,13.6,10.8,0.0,0.0,0.0,0.0
COMOX A,49.71666666666667,-124.9,2015-05-01,53.0,96.0,8.6,14.6,11.6,0.0,0.0,0.0,0.0
COMOX A,49.71666666666667,-124.9,2015-05-02,30.0,63.0,7.1,15.6,11.4,0.0,0.0,0.0,0.0
COMOX A,49.71666666666667,-124.9,2015-05-03,50.0,80.0,5.8,16.1,11.0,0.0,0.0,0.0,0.0
COMOX A,49.71666666666667,-124.9,2015-05-04,48.0,85.0,9.0,15.6,12.3,0.0,0.0,0.0,0.0
COMOX A,49.71666666666667,-124.9,2015-05-05,52.0,89.0,5.1,13.5,9.3,1.2,1.2,0.0,0.0
COMOX A,49.71666666666667,-124.9,2015-05-06,42.0,84.0,5.4,16.4,10.9,0.0,0.0,0.0,0.0
COMOX A,49.71666666666667,-124.9,2015-05-07,29.0,73.0,7.5,19.9,13.7,0.0,0.0,0.0,0.0
COMOX A,49.71666666666667,-124.9,2015-05-08,31.0,73.0,7.8,21.7,14.8,0.0,0.0,0.0,0.0
COMOX A,49.71666666666667,-124.9,2015-05-09,56.0,76.0,8.7,19.2,14.0,0.0,0.0,0.0,0.0
COMOX A,49.71666666666667,-124.9,2015-05-10,44.0,82.0,11.1,20.7,15.9,0.0,0.0,0.0,0.0
COMOX A,49.71666666666667,-124.9,2015-05-11,59.0,77.0,12.0,19.2,15.6,0.0,0.0,0.0,0.0
COMOX A,49.71666666666667,-124.9,2015-05-12,54.0,87.0,11.7,18.5,15.1,0.0,0.0,0.0,0.0
COMOX A,49.71666666666667,-124.9,2015-05-13,77.0,96.0,11.5,17.5,14.5,11.0,11.0,0.0,0.0
COMOX A,49.71666666666667,-124.9,2015-05-14,65.0,97.0,11.2,16.9,14.1,1.0,1.0,0.0,0.0
COMOX A,49.71666666666667,-124.9,2015-05-15,58.0,85.0,11.2,18.6,14.9,0.0,0.0,0.0,0.0
COMOX A,49.71666666666667,-124.9,2015-05-16,64.0,88.0,10.8,18.5,14.7,0.0,0.0,0.0,0.0
COMOX A,49.71666666666667,-124.9,2015-05-17,56.0,89.0,13.3,19.8,16.6,0.0,0.0,0.0,0.0
COMOX A,49.71666666666667,-124.9,2015-05-18,53.0,89.0,11.6,21.7,16.7,0.0,0.0,0.0,0.0
COMOX A,49.71666666666667,-124.9,2015-05-19,32.0,81.0,12.8,25.7,19.3,0.0,0.0,0.0,0.0
COMOX A,49.71666666666667,-124.9,2015-05-20,41.0,85.0,11.8,24.6,18.2,0.0,0.0,0.0,0.0
COMOX A,49.71666666666667,-124.9,2015-05-21,38.0,85.0,12.0,26.4,19.2,0.0,0.0,0.0,0.0
COMOX A,49.71666666666667,-124.9,2015-05-22,55.0,87.0,11.7,22.1,16.9,0.0,0.0,0.0,0.0
COMOX A,49.71666666666667,-124.9,2015-05-23,70.0,89.0,12.7,19.3,16.0,0.0,0.0,0.0,0.0
COMOX A,49.71666666666667,-124.9,2015-05-24,63.0,93.0,12.6,20.0,16.3,0.0,0.0,0.0,0.0
COMOX A,49.71666666666667,-124.9,2015-05-25,58.0,88.0,10.9,19.7,15.3,0.0,0.0,0.0,0.0
COMOX A,49.71666666666667,-124.9,2015-05-26,52.0,85.0,12.3,22.2,17.3,0.0,0.0,0.0,0.0
COMOX A,49.71666666666667,-124.9,2015-05-27,56.0,90.0,12.1,22.1,17.1,0.0,0.0,0.0,0.0
COMOX A,49.71666666666667,-124.9,2015-05-28,52.0,77.0,12.2,22.6,17.4,0.0,0.0,0.0,0.0
COMOX A,49.71666666666667,-124.9,2015-05-29,40.0,64.0,11.7,22.9,17.3,0.0,0.0,0.0,0.0
COMOX A,49.71666666666667,-124.9,2015-05-30,37.0,75.0,11.6,21.1,16.4,0.0,0.0,0.0,0.0
COMOX A,49.71666666666667,-124.9,2015-05-31,39.0,79.0,9.6,22.5,16.1,0.0,0.0,0.0,0.0
COMOX A,49.71666666666667,-124.9,2015-06-01,53.0,86.0,14.2,22.2,18.2,0.0,0.0,0.0,0.0
COMOX A,49.71666666666667,-124.9,2015-06-02,76.0,96.0,12.8,15.6,14.2,14.4,14.4,0.0,0.0
COMOX A,49.71666666666667,-124.9,2015-06-03,62.0,92.0,12.2,17.9,15.1,0.0,0.0,0.0,0.0
COMOX A,49.71666666666667,-124.9,2015-06-04,49.0,82.0,11.5,22.0,16.8,0.0,0.0,0.0,0.0
COMOX A,49.71666666666667,-124.9,2015-06-05,31.0,86.0,12.9,26.5,19.7,0.0,0.0,0.0,0.0
COMOX A,49.71666666666667,-124.9,2015-06-06,39.0,88.0,15.8,26.3,21.1,0.0,0.0,0.0,0.0
COMOX A,49.71666666666667,-124.9,2015-06-07,32.0,68.0,13.2,29.3,21.3,0.0,0.0,0.0,0.0
COMOX A,49.71666666666667,-124.9,2015-06-08,42.0,81.0,15.9,25.0,20.5,0.0,0.0,0.0,0.0
COMOX A,49.71666666666667,-124.9,2015-06-09,46.0,71.0,12.7,21.8,17.3,0.0,0.0,0.0,0.0
COMOX A,49.71666666666667,-124.9,2015-06-10,26.0,73.0,11.0,23.0,17.0,0.0,0.0,0.0,0.0
COMOX A,49.71666666666667,-124.9,2015-06-11,39.0,76.0,12.8,21.9,17.4,0.0,0.0,0.0,0.0
COMOX A,49.71666666666667,-124.9,2015-06-12,42.0,66.0,11.8,19.9,15.9,0.0,0.0,0.0,0.0
COMOX A,49.71666666666667,-124.9,2015-06-13,33.0,65.0,10.7,21.5,16.1,0.0,0.0,0.0,0.0
COMOX A,49.71666666666667,-124.9,2015-06-14,33.0,72.0,10.7,24.0,17.4,0.0,0.0,0.0,0.0
COMOX A,49.71666666666667,-124.9,2015-06-15,32.0,73.0,11.7,24.9,18.3,0.0,0.0,0.0,0.0
COMOX A,49.71666666666667,-124.9,2015-06-16,53.0,75.0,12.9,20.1,16.5,0.0,0.0,0.0,0.0
COMOX A,49.71666666666667,-124.9,2015-06-17,45.0,81.0,13.2,21.3,17.3,0.0,0.0,0.0,0.0
COMOX A,49.71666666666667,-124.9,2015-06-18,51.0,93.0,12.7,19.8,16.3,1.9,1.9,0.0,0.0
COMOX A,49.71666666666667,-124.9,2015-06-19,46.0,87.0,11.9,19.6,15.8,0.8,0.8,0.0,0.0
COMOX A,49.71666666666667,-124.9,2015-06-20,44.0,79.0,12.0,20.9,16.5,0.2,0.2,0.0,0.0
COMOX A,49.71666666666667,-124.9,2015-06-21,25.0,75.0,11.8,24.6,18.2,0.0,0.0,0.0,0.0
COMOX A,49.71666666666667,-124.9,2015-06-22,45.0,77.0,12.8,23.3,18.1,0.0,0.0,0.0,0.0
COMOX A,49.71666666666667,-124.9,2015-06-23,38.0,80.0,13.5,23.4,18.5,0.0,0.0,0.0,0.0
COMOX A,49.71666666666667,-124.9,2015-06-24,60.0,85.0,16.5,20.1,18.3,0.0,0.0,0.0,0.0
COMOX A,49.71666666666667,-124.9,2015-06-25,59.0,87.0,16.4,24.4,20.4,0.0,0.0,0.0,0.0
COMOX A,49.71666666666667,-124.9,2015-06-26,30.0,91.0,16.4,28.6,22.5,0.0,0.0,0.0,0.0
COMOX A,49.71666666666667,-124.9,2015-06-27,27.0,81.0,16.5,31.1,23.8,0.0,0.0,0.0,0.0
COMOX A,49.71666666666667,-124.9,2015-06-28,31.0,67.0,16.6,31.2,23.9,0.0,0.0,0.0,0.0
COMOX A,49.71666666666667,-124.9,2015-06-29,35.0,77.0,17.9,29.6,23.8,0.0,0.0,0.0,0.0
COMOX A,49.71666666666667,-124.9,2015-06-30,44.0,72.0,16.8,26.3,21.6,0.0,0.0,0.0,0.0
COMOX A,49.71666666666667,-124.9,2015-07-01,31.0,77.0,15.2,30.6,22.9,0.0,0.0,0.0,0.0
COMOX A,49.71666666666667,-124.9,2015-07-02,31.0,70.0,16.0,28.4,22.2,0.0,0.0,0.0,0.0
COMOX A,49.71666666666667,-124.9,2015-07-03,35.0,79.0,15.8,26.7,21.3,0.0,0.0,0.0,0.0
COMOX A,49.71666666666667,-124.9,2015-07-04,33.0,65.0,14.6,27.4,21.0,0.0,0.0,0.0,0.0
COMOX A,49.71666666666667,-124.9,2015-07-05,33.0,80.0,15.6,27.0,21.3,0.0,0.0,0.0,0.0
COMOX A,49.71666666666667,-124.9,2015-07-06,46.0,80.0,14.0,25.0,19.5,0.0,0.0,0.0,0.0
COMOX A,49.71666666666667,-124.9,2015-07-07,50.0,84.0,14.2,25.7,20.0,0.0,0.0,0.0,0.0
COMOX A,49.71666666666667,-124.9,2015-07-08,43.0,91.0,14.7,28.0,21.4,0.0,0.0,0.0,0.0
COMOX A,49.71666666666667,-124.9,2015-07-09,43.0,78.0,16.2,28.2,22.2,0.0,0.0,0.0,0.0
COMOX A,49.71666666666667,-124.9,2015-07-10,60.0,87.0,16.6,22.3,19.5,0.0,0.0,0.0,0.0
COMOX A,49.71666666666667,-124.9,2015-07-11,77.0,97.0,15.1,17.4,16.3,11.2,11.2,0.0,0.0
COMOX A,49.71666666666667,-124.9,2015-07-12,84.0,97.0,14.5,18.3,16.4,1.6,1.6,0.0,0.0
COMOX A,49.71666666666667,-124.9,2015-07-13,41.0,94.0,14.1,23.4,18.8,0.0,0.0,0.0,0.0
COMOX A,49.71666666666667,-124.9,2015-07-14,42.0,76.0,14.4,24.4,19.4,0.0,0.0,0.0,0.0
COMOX A,49.71666666666667,-124.9,2015-07-15,56.0,81.0,15.0,21.9,18.5,1.2,1.2,0.0,0.0
COMOX A,49.71666666666667,-124.9,2015-07-16,46.0,73.0,13.7,23.5,18.6,0.0,0.0,0.0,0.0
COMOX A,49.71666666666667,-124.9,2015-07-17,47.0,75.0,15.7,25.3,20.5,0.0,0.0,0.0,0.0
COMOX A,49.71666666666667,-124.9,2015-07-18,39.0,90.0,16.2,30.6,23.4,0.0,0.0,0.0,0.0
COMOX A,49.71666666666667,-124.9,2015-07-19,41.0,84.0,16.5,28.6,22.6,0.0,0.0,0.0,0.0
COMOX A,49.71666666666667,-124.9,2015-07-20,48.0,70.0,14.8,23.3,19.1,0.0,0.0,0.0,0.0
COMOX A,49.71666666666667,-124.9,2015-07-21,42.0,71.0,15.7,23.5,19.6,0.0,0.0,0.0,0.0
COMOX A,49.71666666666667,-124.9,2015-07-22,57.0,79.0,13.4,21.1,17.3,0.0,0.0,0.0,0.0
COMOX A,49.71666666666667,-124.9,2015-07-23,48.0,84.0,12.8,21.8,17.3,0.0,0.0,0.0,0.0
COMOX A,49.71666666666667,-124.9,2015-07-24,69.0,84.0,15.8,19.6,17.7,0.4,0.4,0.0,0.0
COMOX A,49.71666666666667,-124.9,2015-07-25,51.0,90.0,13.8,20.3,17.1,0.0,0.0,0.0,0.0
COMOX A,49.71666666666667,-124.9,2015-07-26,53.0,96.0,12.7,21.2,17.0,6.8,6.8,0.0,0.0
COMOX A,49.71666666666667,-124.9,2015-07-27,47.0,79.0,12.3,22.5,17.4,0.0,0.0,0.0,0.0
COMOX A,49.71666666666667,-124.9,2015-07-28,46.0,77.0,13.6,25.9,19.8,0.0,0.0,0.0,0.0
COMOX A,49.71666666666667,-124.9,2015-07-29,35.0,81.0,15.7,27.3,21.5,0.0,0.0,0.0,0.0
COMOX A,49.71666666666667,-124.9,2015-07-30,33.0,67.0,16.1,28.1,22.1,0.0,0.0,0.0,0.0
COMOX A,49.71666666666667,-124.9,2015-07-31,32.0,69.0,15.3,29.6,22.5,0.0,0.0,0.0,0.0
COMOX A,49.71666666666667,-124.9,2015-08-01,43.0,76.0,15.0,27.7,21.4,0.0,0.0,0.0,0.0
COMOX A,49.71666666666667,-124.9,2015-08-02,43.0,81.0,15.9,27.4,21.7,0.0,0.0,0.0,0.0
COMOX A,49.71666666666667,-124.9,2015-08-03,48.0,70.0,13.8,23.8,18.8,0.0,0.0,0.0,0.0
COMOX A,49.71666666666667,-124.9,2015-08-04,36.0,71.0,13.6,25.0,19.3,0.0,0.0,0.0,0.0
COMOX A,49.71666666666667,-124.9,2015-08-05,61.0,91.0,13.9,18.8,16.4,5.4,5.4,0.0,0.0
COMOX A,49.71666666666667,-124.9,2015-08-06,63.0,92.0,12.0,21.7,16.9,0.0,0.0,0.0,0.0
COMOX A,49.71666666666667,-124.9,2015-08-07,68.0,93.0,15.5,21.1,18.3,0.0,0.0,0.0,0.0
COMOX A,49.71666666666667,-124.9,2015-08-08,85.0,97.0,15.5,18.4,17.0,11.6,11.6,0.0,0.0
COMOX A,49.71666666666667,-124.9,2015-08-09,58.0,91.0,14.2,22.7,18.5,0.0,0.0,0.0,0.0
COMOX A,49.71666666666667,-124.9,2015-08-10,52.0,88.0,15.4,23.4,19.4,0.0,0.0,0.0,0.0
COMOX A,49.71666666666667,-124.9,2015-08-11,34.0,87.0,14.7,27.9,21.3,0.0,0.0,0.0,0.0
COMOX A,49.71666666666667,-124.9,2015-08-12,38.0,74.0,15.9,29.3,22.6,0.0,0.0,0.0,0.0
COMOX A,49.71666666666667,-124.9,2015-08-13,40.0,79.0,16.3,26.3,21.3,0.0,0.0,0.0,0.0
COMOX A,49.71666666666667,-124.9,2015-08-14,62.0,86.0,15.5,23.5,19.5,0.6,0.6,0.0,0.0
COMOX A,49.71666666666667,-124.9,2015-08-15,78.0,97.0,14.1,19.2,16.7,9.0,9.0,0.0,0.0
COMOX A,49.71666666666667,-124.9,2015-08-16,40.0,99.0,12.5,22.9,17.7,0.0,0.0,0.0,0.0
COMOX A,49.71666666666667,-124.9,2015-08-17,42.0,73.0,13.3,26.2,19.8,0.0,0.0,0.0,0.0
COMOX A,49.71666666666667,-124.9,2015-08-18,43.0,81.0,15.3,27.7,21.5,0.0,0.0,0.0,0.0
COMOX A,49.71666666666667,-124.9,2015-08-19,55.0,82.0,14.4,25.2,19.8,0.0,0.0,0.0,0.0
COMOX A,49.71666666666667,-124.9,2015-08-20,48.0,77.0,13.0,21.6,17.3,0.0,0.0,0.0,0.0
COMOX A,49.71666666666667,-124.9,2015-08-21,40.0,83.0,12.4,23.3,17.9,0.0,0.0,0.0,0.0
COMOX A,49.71666666666667,-124.9,2015-08-22,50.0,90.0,11.6,22.3,17.0,0.0,0.0,0.0,0.0
COMOX A,49.71666666666667,-124.9,2015-08-23,45.0,78.0,14.7,24.4,19.6,0.0,0.0,0.0,0.0
COMOX A,49.71666666666667,-124.9,2015-08-24,48.0,72.0,12.4,20.6,16.5,0.0,0.0,0.0,0.0
COMOX A,49.71666666666667,-124.9,2015-08-25,41.0,82.0,11.2,22.6,16.9,0.0,0.0,0.0,0.0
COMOX A,49.71666666666667,-124.9,2015-08-26,44.0,82.0,11.6,24.2,17.9,0.0,0.0,0.0,0.0
COMOX A,49.71666666666667,-124.9,2015-08-27,51.0,82.0,13.4,24.4,18.9,0.0,0.0,0.0,0.0
COMOX A,49.71666666666667,-124.9,2015-08-28,43.0,90.0,15.1,22.4,18.8,2.6,2.6,0.0,0.0
COMOX A,49.71666666666667,-124.9,2015-08-29,56.0,97.0,14.4,20.2,17.3,21.8,21.8,0.0,0.0
COMOX A,49.71666666666667,-124.9,2015-08-30,66.0,90.0,12.6,18.2,15.4,0.0,0.0,0.0,0.0
COMOX A,49.71666666666667,-124.9,2015-08-31,81.0,99.0,13.1,17.3,15.2,2.0,2.0,0.0,0.0
COMOX A,49.71666666666667,-124.9,2015-09-01,67.0,100.0,10.1,16.3,13.2,0.2,0.2,0.0,0.0
COMOX A,49.71666666666667,-124.9,2015-09-02,70.0,95.0,8.2,15.5,11.9,1.8,1.8,0.0,0.0
COMOX A,49.71666666666667,-124.9,2015-09-03,61.0,94.0,8.9,15.2,12.1,0.0,0.0,0.0,0.0
COMOX A,49.71666666666667,-124.9,2015-09-04,45.0,94.0,6.6,19.6,13.1,0.0,0.0,0.0,0.0
COMOX A,49.71666666666667,-124.9,2015-09-05,49.0,84.0,8.3,17.2,12.8,0.6,0.6,0.0,0.0
COMOX A,49.71666666666667,-124.9,2015-09-06,67.0,95.0,10.9,16.6,13.8,1.2,1.2,0.0,0.0
COMOX A,49.71666666666667,-124.9,2015-09-07,68.0,90.0,12.4,17.4,14.9,0.0,0.0,0.0,0.0
COMOX A,49.71666666666667,-124.9,2015-09-08,76.0,93.0,14.4,19.2,16.8,0.0,0.0,0.0,0.0
COMOX A,49.71666666666667,-124.9,2015-09-09,66.0,97.0,13.2,21.2,17.2,0.0,0.0,0.0,0.0
COMOX A,49.71666666666667,-124.9,2015-09-10,56.0,96.0,12.8,23.1,18.0,0.0,0.0,0.0,0.0
COMOX A,49.71666666666667,-124.9,2015-09-11,58.0,91.0,13.4,23.3,18.4,0.0,0.0,0.0,0.0
COMOX A,49.71666666666667,-124.9,2015-09-12,60.0,89.0,12.6,24.5,18.6,0.0,0.0,0.0,0.0
COMOX A,49.71666666666667,-124.9,2015-09-13,38.0,74.0,12.4,19.1,15.8,0.0,0.0,0.0,0.0
COMOX A,49.71666666666667,-124.9,2015-09-14,55.0,70.0,8.4,16.1,12.3,0.0,0.0,0.0,0.0
COMOX A,49.71666666666667,-124.9,2015-09-15,67.0,95.0,6.5,16.2,11.4,1.4,1.4,0.0,0.0
COMOX A,49.71666666666667,-124.9,2015-09-16,72.0,97.0,10.6,15.3,13.0,2.2,2.2,0.0,0.0
COMOX A,49.71666666666667,-124.9,2015-09-17,89.0,98.0,11.6,14.0,12.8,4.8,4.8,0.0,0.0
COMOX A,49.71666666666667,-124.9,2015-09-18,83.0,96.0,11.7,15.6,13.7,0.4,0.4,0.0,0.0
COMOX A,49.71666666666667,-124.9,2015-09-19,88.0,97.0,13.4,16.5,15.0,1.2,1.2,0.0,0.0
COMOX A,49.71666666666667,-124.9,2015-09-20,67.0,99.0,10.3,16.7,13.5,9.0,9.0,0.0,0.0
COMOX A,49.71666666666667,-124.9,2015-09-21,51.0,92.0,4.2,16.5,10.4,0.0,0.0,0.0,0.0
COMOX A,49.71666666666667,-124.9,2015-09-22,72.0,93.0,5.0,15.0,10.0,0.0,0.0,0.0,0.0
COMOX A,49.71666666666667,-124.9,2015-09-23,78.0,97.0,11.0,13.4,12.2,9.6,9.6,0.0,0.0
COMOX A,49.71666666666667,-124.9,2015-09-24,86.0,98.0,11.0,13.8,12.4,6.0,6.0,0.0,0.0
COMOX A,49.71666666666667,-124.9,2015-09-25,73.0,97.0,10.6,15.9,13.3,0.0,0.0,0.0,0.0
COMOX A,49.71666666666667,-124.9,2015-09-26,55.0,86.0,10.0,16.0,13.0,0.0,0.0,0.0,0.0
COMOX A,49.71666666666667,-124.9,2015-09-27,62.0,85.0,6.0,16.2,11.1,0.0,0.0,0.0,0.0
COMOX A,49.71666666666667,-124.9,2015-09-28,58.0,93.0,7.3,18.1,12.7,0.0,0.0,0.0,0.0
COMOX A,49.71666666666667,-124.9,2015-09-29,65.0,93.0,8.2,17.5,12.9,0.0,0.0,0.0,0.0
COMOX A,49.71666666666667,-124.9,2015-09-30,73.0,97.0,7.7,17.0,12.4,0.0,0.0,0.0,0.0
COMOX A,49.71666666666667,-124.9,2015-10-01,65.0,99.0,8.1,18.9,13.5,0.0,0.0,0.0,0.0
COMOX A,49.71666666666667,-124.9,2015-10-02,50.0,91.0,10.9,17.2,14.1,0.0,0.0,0.0,0.0
COMOX A,49.71666666666667,-124.9,2015-10-03,35.0,83.0,6.8,19.5,13.2,0.0,0.0,0.0,0.0
COMOX A,49.71666666666667,-124.9,2015-10-04,49.0,85.0,6.0,16.9,11.5,0.0,0.0,0.0,0.0
COMOX A,49.71666666666667,-124.9,2015-10-05,58.0,91.0,5.5,16.5,11.0,0.0,0.0,0.0,0.0
COMOX A,49.71666666666667,-124.9,2015-10-06,84.0,95.0,8.2,14.1,11.2,0.4,0.4,0.0,0.0
COMOX A,49.71666666666667,-124.9,2015-10-07,95.0,99.0,11.6,13.8,12.7,12.0,12.0,0.0,0.0
COMOX A,49.71666666666667,-124.9,2015-10-08,91.0,98.0,13.3,15.2,14.3,0.6,0.6,0.0,0.0
COMOX A,49.71666666666667,-124.9,2015-10-09,81.0,97.0,13.6,16.3,15.0,0.2,0.2,0.0,0.0
COMOX A,49.71666666666667,-124.9,2015-10-10,71.0,98.0,11.3,19.6,15.5,18.8,18.8,0.0,0.0
COMOX A,49.71666666666667,-124.9,2015-10-11,74.0,99.0,6.3,13.4,9.9,2.2,2.2,0.0,0.0
COMOX A,49.71666666666667,-124.9,2015-10-12,69.0,99.0,7.3,13.7,10.5,11.6,11.6,0.0,0.0
COMOX A,49.71666666666667,-124.9,2015-10-13,77.0,100.0,6.9,13.0,10.0,0.0,0.0,0.0,0.0
COMOX A,49.71666666666667,-124.9,2015-10-14,78.0,98.0,5.9,12.6,9.3,0.0,0.0,0.0,0.0
COMOX A,49.71666666666667,-124.9,2015-10-15,62.0,95.0,4.5,14.3,9.4,0.0,0.0,0.0,0.0
COMOX A,49.71666666666667,-124.9,2015-10-16,65.0,97.0,4.4,15.4,9.9,0.0,0.0,0.0,0.0
COMOX A,49.71666666666667,-124.9,2015-10-17,85.0,99.0,11.2,14.1,12.7,2.0,2.0,0.0,0.0
COMOX A,49.71666666666667,-124.9,2015-10-18,94.0,100.0,12.0,13.9,13.0,0.0,0.0,0.0,0.0
COMOX A,49.71666666666667,-124.9,2015-10-19,78.0,98.0,9.6,14.9,12.3,5.8,5.8,0.0,0.0
COMOX A,49.71666666666667,-124.9,2015-10-20,78.0,97.0,5.9,13.2,9.6,0.0,0.0,0.0,0.0
COMOX A,49.71666666666667,-124.9,2015-10-21,89.0,97.0,8.9,13.3,11.1,0.6,0.6,0.0,0.0
COMOX A,49.71666666666667,-124.9,2015-10-22,83.0,100.0,6.5,11.7,9.1,0.0,0.0,0.0,0.0
COMOX A,49.71666666666667,-124.9,2015-10-23,78.0,95.0,6.9,12.5,9.7,0.0,0.0,0.0,0.0
COMOX A,49.71666666666667,-124.9,2015-10-24,89.0,97.0,3.3,9.8,6.6,0.0,0.0,0.0,0.0
COMOX A,49.71666666666667,-124.9,2015-10-25,66.0,98.0,6.6,14.2,10.4,1.6,1.6,0.0,0.0
COMOX A,49.71666666666667,-124.9,2015-10-26,83.0,99.0,6.3,13.7,10.0,0.0,0.0,0.0,0.0
COMOX A,49.71666666666667,-124.9,2015-10-27,76.0,100.0,9.7,14.1,11.9,0.0,0.0,0.0,0.0
COMOX A,49.71666666666667,-124.9,2015-10-28,88.0,97.0,9.6,12.4,11.0,6.2,6.2,0.0,0.0
COMOX A,49.71666666666667,-124.9,2015-10-29,86.0,100.0,8.4,12.3,10.4,2.1,2.1,0.0,0.0
COMOX A,49.71666666666667,-124.9,2015-10-30,74.0,97.0,10.2,13.3,11.8,2.8,2.8,0.0,0.0
COMOX A,49.71666666666667,-124.9,2015-10-31,53.0,97.0,9.9,16.1,13.0,11.2,11.2,0.0,0.0
COMOX A,49.71666666666667,-124.9,2015-11-01,75.0,97.0,4.8,9.9,7.4,9.0,9.0,0.0,0.0
COMOX A,49.71666666666667,-124.9,2015-11-02,77.0,99.0,2.5,10.0,6.3,0.0,0.0,0.0,0.0
COMOX A,49.71666666666667,-124.9,2015-11-03,74.0,95.0,2.3,10.3,6.3,0.0,0.0,0.0,0.0
COMOX A,49.71666666666667,-124.9,2015-11-04,85.0,99.0,3.0,9.8,6.4,0.4,0.4,0.0,0.0
COMOX A,49.71666666666667,-124.9,2015-11-05,75.0,99.0,4.7,9.6,7.2,2.2,2.2,0.0,0.0
COMOX A,49.71666666666667,-124.9,2015-11-06,93.0,100.0,5.0,10.4,7.7,15.4,15.4,0.0,0.0
COMOX A,49.71666666666667,-124.9,2015-11-07,89.0,100.0,7.1,11.0,9.1,20.0,20.0,0.0,0.0
COMOX A,49.71666666666667,-124.9,2015-11-08,88.0,100.0,5.5,8.8,7.2,0.0,0.0,0.0,0.0
COMOX A,49.71666666666667,-124.9,2015-11-09,71.0,100.0,2.1,10.2,6.2,0.0,0.0,0.0,0.0
COMOX A,49.71666666666667,-124.9,2015-11-10,85.0,99.0,-0.3,9.6,4.7,6.0,6.0,0.0,0.0
COMOX A,49.71666666666667,-124.9,2015-11-11,73.0,100.0,1.6,9.5,5.6,0.0,0.0,0.0,0.0
COMOX A,49.71666666666667,-124.9,2015-11-12,81.0,97.0,1.0,9.5,5.3,16.8,16.8,0.0,0.0
COMOX A,49.71666666666667,-124.9,2015-11-13,78.0,99.0,5.6,10.7,8.2,1.8,1.8,0.0,0.0
COMOX A,49.71666666666667,-124.9,2015-11-14,85.0,96.0,4.6,8.4,6.5,0.0,0.0,0.0,0.0
COMOX A,49.71666666666667,-124.9,2015-11-15,55.0,82.0,3.1,8.7,5.9,0.0,0.0,0.0,0.0
COMOX A,49.71666666666667,-124.9,2015-11-16,66.0,97.0,-1.1,8.1,3.5,12.2,12.2,0.0,0.0
COMOX A,49.71666666666667,-124.9,2015-11-17,85.0,99.0,1.0,9.7,5.4,10.2,10.2,0.0,0.0
COMOX A,49.71666666666667,-124.9,2015-11-18,79.0,97.0,-1.1,6.3,2.6,0.0,0.0,0.0,0.0
COMOX A,49.71666666666667,-124.9,2015-11-19,73.0,96.0,0.4,6.5,3.5,0.2,0.2,0.0,0.0
COMOX A,49.71666666666667,-124.9,2015-11-20,74.0,96.0,-2.2,5.7,1.8,0.0,0.0,0.0,0.0
COMOX A,49.71666666666667,-124.9,2015-11-21,64.0,94.0,-2.9,6.0,1.6,0.0,0.0,0.0,0.0
COMOX A,49.71666666666667,-124.9,2015-11-22,70.0,91.0,0.1,6.8,3.5,0.0,0.0,0.0,0.0
COMOX A,49.71666666666667,-124.9,2015-11-23,72.0,99.0,2.9,5.1,4.0,7.4,7.4,0.0,0.0
COMOX A,49.71666666666667,-124.9,2015-11-24,27.0,94.0,2.9,7.9,5.4,0.8,0.8,0.0,0.0
COMOX A,49.71666666666667,-124.9,2015-11-25,41.0,92.0,-2.4,5.9,1.8,0.0,0.0,0.0,0.0
COMOX A,49.71666666666667,-124.9,2015-11-26,77.0,99.0,-3.4,6.1,1.4,0.0,0.0,0.0,0.0
COMOX A,49.71666666666667,-124.9,2015-11-27,80.0,98.0,-3.6,5.4,0.9,0.0,0.0,0.0,0.0
COMOX A,49.71666666666667,-124.9,2015-11-28,89.0,100.0,-3.6,3.6,0.0,0.0,0.0,0.0,0.0
COMOX A,49.71666666666667,-124.9,2015-11-29,87.0,99.0,-0.4,2.6,1.1,0.0,0.0,0.0,0.0
COMOX A,49.71666666666667,-124.9,2015-11-30,82.0,94.0,0.8,4.6,2.7,0.8,0.8,0.0,0.0
COMOX A,49.71666666666667,-124.9,2015-12-01,86.0,97.0,3.2,8.4,5.8,18.0,18.0,0.0,0.0
COMOX A,49.71666666666667,-124.9,2015-12-02,91.0,99.0,7.5,8.8,8.2,15.8,15.8,0.0,0.0
COMOX A,49.71666666666667,-124.9,2015-12-03,91.0,100.0,4.0,10.5,7.3,49.6,49.6,0.0,0.0
COMOX A,49.71666666666667,-124.9,2015-12-04,75.0,100.0,3.4,10.1,6.8,1.8,1.8,0.0,0.0
COMOX A,49.71666666666667,-124.9,2015-12-05,93.0,100.0,6.7,8.4,7.6,63.0,63.0,0.0,0.0
COMOX A,49.71666666666667,-124.9,2015-12-06,85.0,100.0,8.1,10.2,9.2,25.2,25.2,0.0,0.0
COMOX A,49.71666666666667,-124.9,2015-12-07,77.0,100.0,7.1,11.3,9.2,0.4,0.4,0.0,0.0
COMOX A,49.71666666666667,-124.9,2015-12-08,69.0,100.0,6.8,14.3,10.6,15.6,15.6,0.0,0.0
COMOX A,49.71666666666667,-124.9,2015-12-09,58.0,99.0,6.0,12.7,9.4,7.0,7.0,0.0,0.0
COMOX A,49.71666666666667,-124.9,2015-12-10,73.0,96.0,7.1,10.2,8.7,7.8,7.8,0.0,0.0
COMOX A,49.71666666666667,-124.9,2015-12-11,78.0,99.0,3.0,9.7,6.4,3.0,3.0,0.0,0.0
COMOX A,49.71666666666667,-124.9,2015-12-12,92.0,100.0,3.0,7.3,5.2,29.0,29.0,0.0,0.0
COMOX A,49.71666666666667,-124.9,2015-12-13,54.0,100.0,4.2,8.7,6.5,3.2,3.2,0.0,0.0
COMOX A,49.71666666666667,-124.9,2015-12-14,50.0,78.0,-0.1,6.9,3.4,0.0,0.0,0.0,0.0
COMOX A,49.71666666666667,-124.9,2015-12-15,81.0,99.0,-0.7,5.4,2.4,0.0,0.0,0.0,0.0
COMOX A,49.71666666666667,-124.9,2015-12-16,78.0,96.0,-1.8,3.9,1.1,0.0,0.0,0.0,0.0
COMOX A,49.71666666666667,-124.9,2015-12-17,68.0,100.0,0.3,4.4,2.4,20.4,17.2,3.2,0.0
COMOX A,49.71666666666667,-124.9,2015-12-18,68.0,100.0,-0.1,8.2,4.1,11.4,11.2,0.2,0.0
COMOX A,49.71666666666667,-124.9,2015-12-19,88.0,99.0,1.0,6.8,3.9,9.4,9.4,0.0,0.0
COMOX A,49.71666666666667,-124.9,2015-12-20,72.0,99.0,-0.2,8.0,3.9,11.2,11.2,0.0,0.0
COMOX A,49.71666666666667,-124.9,2015-12-21,89.0,100.0,-0.4,5.6,2.6,4.6,4.6,0.0,0.0
COMOX A,49.71666666666667,-124.9,2015-12-22,90.0,100.0,-0.9,4.1,1.6,14.8,13.8,1.0,0.0
COMOX A,49.71666666666667,-124.9,2015-12-23,85.0,100.0,0.3,6.3,3.3,12.4,9.4,3.0,0.0
COMOX A,49.71666666666667,-124.9,2015-12-24,75.0,98.0,-0.5,4.3,1.9,1.2,1.2,0.0,0.0
COMOX A,49.71666666666667,-124.9,2015-12-25,67.0,94.0,-3.2,3.3,0.1,0.0,0.0,0.0,0.0
COMOX A,49.71666666666667,-124.9,2015-12-26,84.0,98.0,-1.4,3.6,1.1,4.6,4.6,0.0,0.0
COMOX A,49.71666666666667,-124.9,2015-12-27,91.0,100.0,1.1,3.9,2.5,26.0,26.0,0.0,0.0
COMOX A,49.71666666666667,-124.9,2015-12-28,82.0,100.0,-0.4,4.7,2.2,0.0,0.0,0.0,0.0
COMOX A,49.71666666666667,-124.9,2015-12-29,89.0,99.0,-0.9,3.6,1.4,0.8,0.8,0.0,0.0
COMOX A,49.71666666666667,-124.9,2015-12-30,76.0,93.0,-3.0,2.3,-0.4,0.0,0.0,0.0,0.0
COMOX A,49.71666666666667,-124.9,2015-12-31,70.0,94.0,-2.3,4.2,1.0,0.0,0.0,0.0,0.0
COMOX A,49.71666666666667,-124.9,2016-01-01,73.0,96.0,-3.3,4.2,0.5,0.0,0.0,0.0,0.0
COMOX A,49.71666666666667,-124.9,2016-01-02,79.0,95.0,-2.5,2.5,0.0,0.0,0.0,0.0,0.0
COMOX A,49.71666666666667,-124.9,2016-01-03,78.0,94.0,-1.6,2.1,0.3,0.0,0.0,0.0,0.0
COMOX A,49.71666666666667,-124.9,2016-01-04,63.0,96.0,-4.3,2.5,-0.9,0.0,0.0,0.0,0.0
COMOX A,49.71666666666667,-124.9,2016-01-05,84.0,100.0,-5.6,0.3,-2.7,3.8,0.0,4.0,0.0
COMOX A,49.71666666666667,-124.9,2016-01-06,99.0,100.0,-0.6,3.4,1.4,1.4,1.4,0.0,4.0
COMOX A,49.71666666666667,-124.9,2016-01-07,99.0,100.0,-1.6,2.2,0.3,0.0,0.0,0.0,0.0
COMOX A,49.71666666666667,-124.9,2016-01-08,100.0,100.0,-0.3,3.1,1.4,0.0,0.0,0.0,0.0
COMOX A,49.71666666666667,-124.9,2016-01-09,86.0,100.0,-0.7,5.1,2.2,0.0,0.0,0.0,0.0
COMOX A,49.71666666666667,-124.9,2016-01-10,85.0,100.0,-1.1,6.1,2.5,0.0,0.0,0.0,0.0
COMOX A,49.71666666666667,-124.9,2016-01-11,93.0,100.0,-1.9,4.0,1.1,7.0,7.0,0.0,0.0
COMOX A,49.71666666666667,-124.9,2016-01-12,99.0,100.0,2.8,7.8,5.3,17.8,17.8,0.0,0.0
COMOX A,49.71666666666667,-124.9,2016-01-13,93.0,100.0,1.7,9.4,5.6,8.8,8.8,0.0,0.0
COMOX A,49.71666666666667,-124.9,2016-01-14,85.0,100.0,1.0,7.9,4.5,0.0,0.0,0.0,0.0
COMOX A,49.71666666666667,-124.9,2016-01-15,85.0,100.0,0.1,6.0,3.1,4.6,4.6,0.0,0.0
COMOX A,49.71666666666667,-124.9,2016-01-16,92.0,99.0,5.7,9.0,7.4,23.6,23.6,0.0,0.0
COMOX A,49.71666666666667,-124.9,2016-01-17,87.0,99.0,6.8,10.0,8.4,13.0,13.0,0.0,0.0
COMOX A,49.71666666666667,-124.9,2016-01-18,84.0,100.0,5.0,9.0,7.0,5.4,5.4,0.0,0.0
COMOX A,49.71666666666667,-124.9,2016-01-19,86.0,100.0,1.9,7.5,4.7,0.6,0.6,0.0,0.0
COMOX A,49.71666666666667,-124.9,2016-01-20,82.0,100.0,0.3,8.5,4.4,2.4,2.4,0.0,0.0
COMOX A,49.71666666666667,-124.9,2016-01-21,91.0,100.0,5.6,7.4,6.5,30.9,30.9,0.0,0.0
COMOX A,49.71666666666667,-124.9,2016-01-22,93.0,100.0,4.9,8.9,6.9,15.2,15.2,0.0,0.0
COMOX A,49.71666666666667,-124.9,2016-01-23,84.0,100.0,4.7,9.1,6.9,0.0,0.0,0.0,0.0
COMOX A,49.71666666666667,-124.9,2016-01-24,85.0,99.0,1.2,7.7,4.5,0.0,0.0,0.0,0.0
COMOX A,49.71666666666667,-124.9,2016-01-25,70.0,98.0,4.9,8.4,6.7,0.0,0.0,0.0,0.0
COMOX A,49.71666666666667,-124.9,2016-01-26,80.0,100.0,7.1,8.5,7.8,17.4,17.4,0.0,0.0
COMOX A,49.71666666666667,-124.9,2016-01-27,94.0,100.0,7.9,10.4,9.2,30.8,30.8,0.0,0.0
COMOX A,49.71666666666667,-124.9,2016-01-28,58.0,100.0,4.7,11.5,8.1,12.2,12.2,0.0,0.0
COMOX A,49.71666666666667,-124.9,2016-01-29,70.0,97.0,3.6,9.0,6.3,10.6,10.6,0.0,0.0
COMOX A,49.71666666666667,-124.9,2016-01-30,67.0,97.0,3.1,7.7,5.4,0.0,0.0,0.0,0.0
COMOX A,49.71666666666667,-124.9,2016-01-31,83.0,99.0,2.8,6.5,4.7,0.6,0.6,0.0,0.0
COMOX A,49.71666666666667,-124.9,2016-02-01,74.0,93.0,-0.8,6.4,2.8,0.0,0.0,0.0,0.0
COMOX A,49.71666666666667,-124.9,2016-02-02,80.0,100.0,2.4,5.8,4.1,2.9,2.9,0.0,0.0
COMOX A,49.71666666666667,-124.9,2016-02-03,83.0,97.0,3.1,6.2,4.7,20.0,20.0,0.0,0.0
COMOX A,49.71666666666667,-124.9,2016-02-04,87.0,99.0,3.2,7.6,5.4,0.2,0.2,0.0,0.0
COMOX A,49.71666666666667,-124.9,2016-02-05,91.0,99.0,5.4,8.9,7.2,36.2,36.2,0.0,0.0
COMOX A,49.71666666666667,-124.9,2016-02-06,76.0,100.0,1.2,8.1,4.7,0.0,0.0,0.0,0.0
COMOX A,49.71666666666667,-124.9,2016-02-07,81.0,99.0,2.6,7.9,5.3,2.2,2.2,0.0,0.0
COMOX A,49.71666666666667,-124.9,2016-02-08,78.0,99.0,4.2,9.3,6.8,0.0,0.0,0.0,0.0
COMOX A,49.71666666666667,-124.9,2016-02-09,96.0,100.0,0.8,6.6,3.7,0.0,0.0,0.0,0.0
COMOX A,49.71666666666667,-124.9,2016-02-10,84.0,100.0,3.5,10.0,6.8,2.2,2.2,0.0,0.0
COMOX A,49.71666666666667,-124.9,2016-02-11,97.0,100.0,2.3,7.9,5.1,12.6,12.6,0.0,0.0
COMOX A,49.71666666666667,-124.9,2016-02-12,51.0,100.0,7.5,13.4,10.5,9.0,9.0,0.0,0.0
COMOX A,49.71666666666667,-124.9,2016-02-13,81.0,100.0,2.2,8.5,5.4,2.2,2.2,0.0,0.0
COMOX A,49.71666666666667,-124.9,2016-02-14,90.0,100.0,5.4,8.8,7.1,1.8,1.8,0.0,0.0
COMOX A,49.71666666666667,-124.9,2016-02-15,96.0,100.0,5.7,8.0,6.9,19.6,19.6,0.0,0.0
COMOX A,49.71666666666667,-124.9,2016-02-16,67.0,100.0,2.9,11.4,7.2,2.0,2.0,0.0,0.0
COMOX A,49.71666666666667,-124.9,2016-02-17,95.0,100.0,6.3,8.1,7.2,21.6,21.6,0.0,0.0
COMOX A,49.71666666666667,-124.9,2016-02-18,87.0,100.0,3.8,9.2,6.5,0.0,0.0,0.0,0.0
COMOX A,49.71666666666667,-124.9,2016-02-19,59.0,95.0,4.7,9.1,6.9,4.0,4.0,0.0,0.0
COMOX A,49.71666666666667,-124.9,2016-02-20,65.0,96.0,0.5,9.9,5.2,0.0,0.0,0.0,0.0
COMOX A,49.71666666666667,-124.9,2016-02-21,68.0,99.0,0.2,7.6,3.9,1.4,1.4,0.0,0.0
COMOX A,49.71666666666667,-124.9,2016-02-22,75.0,99.0,-0.2,8.8,4.3,0.0,0.0,0.0,0.0
COMOX A,49.71666666666667,-124.9,2016-02-23,80.0,100.0,0.0,7.5,3.8,0.0,0.0,0.0,0.0
COMOX A,49.71666666666667,-124.9,2016-02-24,74.0,97.0,1.8,9.2,5.5,0.0,0.0,0.0,0.0
COMOX A,49.71666666666667,-124.9,2016-02-25,78.0,100.0,0.7,9.7,5.2,0.0,0.0,0.0,0.0
COMOX A,49.71666666666667,-124.9,2016-02-26,91.0,100.0,2.9,7.9,5.4,2.2,2.2,0.0,0.0
COMOX A,49.71666666666667,-124.9,2016-02-27,83.0,100.0,6.1,10.4,8.3,0.0,0.0,0.0,0.0
COMOX A,49.71666666666667,-124.9,2016-02-28,88.0,100.0,3.4,8.9,6.2,24.4,24.4,0.0,0.0
COMOX A,49.71666666666667,-124.9,2016-02-29,80.0,100.0,3.0,8.7,5.9,4.2,4.2,0.0,0.0
COMOX A,49.71666666666667,-124.9,2016-03-01,75.0,100.0,4.0,9.2,6.6,50.2,50.2,0.0,0.0
COMOX A,49.71666666666667,-124.9,2016-03-02,86.0,96.0,7.4,9.6,8.5,8.8,8.8,0.0,0.0
COMOX A,49.71666666666667,-124.9,2016-03-03,83.0,98.0,5.0,10.1,7.6,10.6,10.6,0.0,0.0
COMOX A,49.71666666666667,-124.9,2016-03-04,83.0,97.0,8.0,10.2,9.1,22.4,22.4,0.0,0.0
COMOX A,49.71666666666667,-124.9,2016-03-05,67.0,99.0,8.0,12.7,10.4,19.6,19.6,0.0,0.0
COMOX A,49.71666666666667,-124.9,2016-03-06,72.0,95.0,7.1,10.2,8.7,13.6,13.6,0.0,0.0
COMOX A,49.71666666666667,-124.9,2016-03-07,67.0,95.0,4.7,10.5,7.6,0.4,0.4,0.0,0.0
COMOX A,49.71666666666667,-124.9,2016-03-08,77.0,98.0,2.3,8.8,5.6,0.2,0.2,0.0,0.0
COMOX A,49.71666666666667,-124.9,2016-03-09,78.0,100.0,2.8,8.1,5.5,44.2,44.2,0.0,0.0
COMOX A,49.71666666666667,-124.9,2016-03-10,59.0,99.0,5.7,11.2,8.5,15.8,15.8,0.0,0.0
COMOX A,49.71666666666667,-124.9,2016-03-11,74.0,95.0,5.5,9.5,7.5,0.4,0.4,0.0,0.0
COMOX A,49.71666666666667,-124.9,2016-03-12,66.0,97.0,4.8,9.9,7.4,5.6,5.6,0.0,0.0
COMOX A,49.71666666666667,-124.9,2016-03-13,78.0,100.0,3.2,7.1,5.2,30.0,30.0,0.0,0.0
COMOX A,49.71666666666667,-124.9,2016-03-14,68.0,100.0,1.5,8.9,5.2,0.4,0.4,0.0,0.0
COMOX A,49.71666666666667,-124.9,2016-03-15,66.0,96.0,2.4,10.6,6.5,1.4,1.4,0.0,0.0
COMOX A,49.71666666666667,-124.9,2016-03-16,55.0,97.0,0.7,10.2,5.5,0.0,0.0,0.0,0.0
COMOX A,49.71666666666667,-124.9,2016-03-17,37.0,90.0,0.3,10.2,5.3,0.0,0.0,0.0,0.0
COMOX A,49.71666666666667,-124.9,2016-03-18,48.0,88.0,-0.6,10.3,4.9,0.0,0.0,0.0,0.0
COMOX A,49.71666666666667,-124.9,2016-03-19,52.0,87.0,4.8,11.6,8.2,0.0,0.0,0.0,0.0
COMOX A,49.71666666666667,-124.9,2016-03-20,78.0,99.0,6.4,10.9,8.7,7.6,7.6,0.0,0.0
COMOX A,49.71666666666667,-124.9,2016-03-21,82.0,99.0,7.9,11.4,9.7,2.0,2.0,0.0,0.0
COMOX A,49.71666666666667,-124.9,2016-03-22,70.0,100.0,2.6,12.5,7.6,0.0,0.0,0.0,0.0
COMOX A,49.71666666666667,-124.9,2016-03-23,70.0,96.0,5.7,9.9,7.8,4.6,4.6,0.0,0.0
COMOX A,49.71666666666667,-124.9,2016-03-24,60.0,89.0,2.6,11.8,7.2,0.0,0.0,0.0,0.0
COMOX A,49.71666666666667,-124.9,2016-03-25,65.0,95.0,3.2,10.4,6.8,0.0,0.0,0.0,0.0
COMOX A,49.71666666666667,-124.9,2016-03-26,70.0,96.0,5.9,10.9,8.4,1.0,1.0,0.0,0.0
COMOX A,49.71666666666667,-124.9,2016-03-27,50.0,99.0,5.4,12.9,9.2,9.8,9.8,0.0,0.0
COMOX A,49.71666666666667,-124.9,2016-03-28,50.0,71.0,6.1,13.8,10.0,0.0,0.0,0.0,0.0
COMOX A,49.71666666666667,-124.9,2016-03-29,44.0,80.0,4.2,16.3,10.3,0.0,0.0,0.0,0.0
COMOX A,49.71666666666667,-124.9,2016-03-30,52.0,92.0,4.5,16.9,10.7,0.0,0.0,0.0,0.0
COMOX A,49.71666666666667,-124.9,2016-03-31,57.0,94.0,5.4,18.5,12.0,0.0,0.0,0.0,0.0
COMOX A,49.71666666666667,-124.9,2016-04-01,66.0,96.0,6.2,16.4,11.3,0.0,0.0,0.0,0.0
COMOX A,49.71666666666667,-124.9,2016-04-02,73.0,94.0,6.8,13.1,10.0,0.0,0.0,0.0,0.0
COMOX A,49.71666666666667,-124.9,2016-04-03,76.0,97.0,7.5,13.1,10.3,2.0,2.0,0.0,0.0
COMOX A,49.71666666666667,-124.9,2016-04-04,39.0,97.0,8.9,15.6,12.3,1.2,1.2,0.0,0.0
COMOX A,49.71666666666667,-124.9,2016-04-05,56.0,92.0,6.9,12.5,9.7,0.6,0.6,0.0,0.0
COMOX A,49.71666666666667,-124.9,2016-04-06,75.0,93.0,8.7,12.8,10.8,0.0,0.0,0.0,0.0
COMOX A,49.71666666666667,-124.9,2016-04-07,64.0,100.0,5.3,16.8,11.1,0.0,0.0,0.0,0.0
COMOX A,49.71666666666667,-124.9,2016-04-08,46.0,96.0,7.8,18.1,13.0,0.0,0.0,0.0,0.0
COMOX A,49.71666666666667,-124.9,2016-04-09,52.0,81.0,7.3,16.2,11.8,0.0,0.0,0.0,0.0
COMOX A,49.71666666666667,-124.9,2016-04-10,70.0,93.0,5.0,14.3,9.7,0.0,0.0,0.0,0.0
COMOX A,49.71666666666667,-124.9,2016-04-11,68.0,86.0,9.8,13.8,11.8,0.0,0.0,0.0,0.0
COMOX A,49.71666666666667,-124.9,2016-04-12,63.0,90.0,7.7,12.6,10.2,3.8,3.8,0.0,0.0
COMOX A,49.71666666666667,-124.9,2016-04-13,64.0,85.0,6.8,10.7,8.8,0.0,0.0,0.0,0.0
COMOX A,49.71666666666667,-124.9,2016-04-14,47.0,88.0,6.7,15.7,11.2,0.0,0.0,0.0,0.0
COMOX A,49.71666666666667,-124.9,2016-04-15,56.0,97.0,6.8,14.8,10.8,0.0,0.0,0.0,0.0
COMOX A,49.71666666666667,-124.9,2016-04-16,73.0,92.0,9.7,11.2,10.5,2.2,2.2,0.0,0.0
COMOX A,49.71666666666667,-124.9,2016-04-17,54.0,96.0,8.8,17.1,13.0,0.0,0.0,0.0,0.0
COMOX A,49.71666666666667,-124.9,2016-04-18,57.0,97.0,7.1,18.4,12.8,0.0,0.0,0.0,0.0
COMOX A,49.71666666666667,-124.9,2016-04-19,54.0,90.0,9.0,19.6,14.3,0.0,0.0,0.0,0.0
COMOX A,49.71666666666667,-124.9,2016-04-20,38.0,90.0,9.1,24.4,16.8,0.0,0.0,0.0,0.0
COMOX A,49.71666666666667,-124.9,2016-04-21,74.0,92.0,11.9,16.6,14.3,1.6,1.6,0.0,0.0
COMOX A,49.71666666666667,-124.9,2016-04-22,75.0,93.0,10.2,16.6,13.4,0.0,0.0,0.0,0.0
COMOX A,49.71666666666667,-124.9,2016-04-23,68.0,97.0,9.9,16.1,13.0,4.4,4.4,0.0,0.0
COMOX A,49.71666666666667,-124.9,2016-04-24,63.0,97.0,7.4,12.3,9.9,4.2,4.2,0.0,0.0
COMOX A,49.71666666666667,-124.9,2016-04-25,42.0,87.0,4.2,14.3,9.3,0.0,0.0,0.0,0.0
COMOX A,49.71666666666667,-124.9,2016-04-26,55.0,83.0,5.5,13.2,9.4,0.2,0.2,0.0,0.0
COMOX A,49.71666666666667,-124.9,2016-04-27,47.0,88.0,7.3,16.2,11.8,0.0,0.0,0.0,0.0
COMOX A,49.71666666666667,-124.9,2016-04-28,51.0,82.0,6.8,17.0,11.9,0.0,0.0,0.0,0.0
COMOX A,49.71666666666667,-124.9,2016-04-29,50.0,79.0,8.6,15.8,12.2,0.0,0.0,0.0,0.0
COMOX A,49.71666666666667,-124.9,2016-04-30,48.0,76.0,6.2,16.6,11.4,0.0,0.0,0.0,0.0
COMOX A,49.71666666666667,-124.9,2016-05-01,40.0,85.0,7.0,20.5,13.8,0.0,0.0,0.0,0.0
COMOX A,49.71666666666667,-124.9,2016-05-02,41.0,80.0,7.4,23.5,15.5,0.2,0.2,0.0,0.0
COMOX A,49.71666666666667,-124.9,2016-05-03,58.0,96.0,9.7,18.6,14.2,5.8,5.8,0.0,0.0
COMOX A,49.71666666666667,-124.9,2016-05-04,47.0,90.0,7.7,16.2,12.0,0.8,0.8,0.0,0.0
COMOX A,49.71666666666667,-124.9,2016-05-05,32.0,76.0,7.9,21.3,14.6,0.0,0.0,0.0,0.0
COMOX A,49.71666666666667,-124.9,2016-05-06,31.0,71.0,8.6,24.0,16.3,0.0,0.0,0.0,0.0
COMOX A,49.71666666666667,-124.9,2016-05-07,42.0,74.0,9.5,22.4,16.0,0.0,0.0,0.0,0.0
COMOX A,49.71666666666667,-124.9,2016-05-08,39.0,58.0,10.1,16.5,13.3,0.0,0.0,0.0,0.0
COMOX A,49.71666666666667,-124.9,2016-05-09,22.0,72.0,8.0,21.2,14.6,0.0,0.0,0.0,0.0
COMOX A,49.71666666666667,-124.9,2016-05-10,34.0,86.0,8.5,22.5,15.5,0.0,0.0,0.0,0.0
COMOX A,49.71666666666667,-124.9,2016-05-11,37.0,75.0,11.9,19.0,15.5,0.0,0.0,0.0,0.0
COMOX A,49.71666666666667,-124.9,2016-05-12,41.0,84.0,7.5,20.4,14.0,0.0,0.0,0.0,0.0
COMOX A,49.71666666666667,-124.9,2016-05-13,34.0,82.0,8.2,22.8,15.5,0.0,0.0,0.0,0.0
COMOX A,49.71666666666667,-124.9,2016-05-14,36.0,87.0,11.9,24.1,18.0,0.0,0.0,0.0,0.0
COMOX A,49.71666666666667,-124.9,2016-05-15,70.0,92.0,12.6,17.7,15.2,0.0,0.0,0.0,0.0
COMOX A,49.71666666666667,-124.9,2016-05-16,64.0,94.0,12.0,17.6,14.8,0.0,0.0,0.0,0.0
COMOX A,49.71666666666667,-124.9,2016-05-17,61.0,92.0,10.5,18.8,14.7,0.0,0.0,0.0,0.0
COMOX A,49.71666666666667,-124.9,2016-05-18,66.0,94.0,9.7,16.8,13.3,7.2,7.2,0.0,0.0
COMOX A,49.71666666666667,-124.9,2016-05-19,59.0,80.0,8.0,15.5,11.8,0.0,0.0,0.0,0.0
COMOX A,49.71666666666667,-124.9,2016-05-20,45.0,90.0,8.2,19.2,13.7,0.0,0.0,0.0,0.0
COMOX A,49.71666666666667,-124.9,2016-05-21,43.0,73.0,11.6,20.1,15.9,0.0,0.0,0.0,0.0
COMOX A,49.71666666666667,-124.9,2016-05-22,43.0,77.0,13.6,20.4,17.0,0.0,0.0,0.0,0.0
COMOX A,49.71666666666667,-124.9,2016-05-23,54.0,79.0,12.8,18.8,15.8,0.0,0.0,0.0,0.0
COMOX A,49.71666666666667,-124.9,2016-05-24,52.0,77.0,12.4,19.9,16.2,0.0,0.0,0.0,0.0
COMOX A,49.71666666666667,-124.9,2016-05-25,49.0,73.0,10.6,19.8,15.2,0.0,0.0,0.0,0.0
COMOX A,49.71666666666667,-124.9,2016-05-26,54.0,85.0,11.1,15.9,13.5,1.6,1.6,0.0,0.0
COMOX A,49.71666666666667,-124.9,2016-05-27,50.0,94.0,7.9,15.0,11.5,0.8,0.8,0.0,0.0
COMOX A,49.71666666666667,-124.9,2016-05-28,88.0,98.0,8.5,12.4,10.5,26.8,26.8,0.0,0.0
COMOX A,49.71666666666667,-124.9,2016-05-29,42.0,97.0,9.8,18.4,14.1,0.6,0.6,0.0,0.0
COMOX A,49.71666666666667,-124.9,2016-05-30,48.0,78.0,8.9,19.6,14.3,0.0,0.0,0.0,0.0
COMOX A,49.71666666666667,-124.9,2016-05-31,45.0,85.0,9.6,19.9,14.8,0.0,0.0,0.0,0.0
COMOX A,49.71666666666667,-124.9,2016-06-01,59.0,87.0,14.3,19.0,16.7,0.6,0.6,0.0,0.0
COMOX A,49.71666666666667,-124.9,2016-06-02,47.0,87.0,13.8,20.3,17.1,0.0,0.0,0.0,0.0
COMOX A,49.71666666666667,-124.9,2016-06-03,58.0,77.0,14.1,20.2,17.2,0.0,0.0,0.0,0.0
COMOX A,49.71666666666667,-124.9,2016-06-04,36.0,86.0,13.0,27.3,20.2,0.0,0.0,0.0,0.0
COMOX A,49.71666666666667,-124.9,2016-06-05,32.0,79.0,13.8,29.4,21.6,0.0,0.0,0.0,0.0
COMOX A,49.71666666666667,-124.9,2016-06-06,38.0,69.0,16.4,25.7,21.1,0.0,0.0,0.0,0.0
COMOX A,49.71666666666667,-124.9,2016-06-07,52.0,89.0,13.4,22.1,17.8,0.0,0.0,0.0,0.0
COMOX A,49.71666666666667,-124.9,2016-06-08,37.0,83.0,13.9,22.8,18.4,0.0,0.0,0.0,0.0
COMOX A,49.71666666666667,-124.9,2016-06-09,57.0,86.0,11.7,17.3,14.5,2.4,2.4,0.0,0.0
COMOX A,49.71666666666667,-124.9,2016-06-10,68.0,97.0,10.3,15.5,12.9,7.8,7.8,0.0,0.0
COMOX A,49.71666666666667,-124.9,2016-06-11,66.0,91.0,11.7,16.4,14.1,0.0,0.0,0.0,0.0
COMOX A,49.71666666666667,-124.9,2016-06-12,65.0,91.0,11.3,18.4,14.9,0.0,0.0,0.0,0.0
COMOX A,49.71666666666667,-124.9,2016-06-13,76.0,96.0,9.7,14.8,12.3,6.4,6.4,0.0,0.0
COMOX A,49.71666666666667,-124.9,2016-06-14,64.0,97.0,8.3,15.0,11.7,2.6,2.6,0.0,0.0
COMOX A,49.71666666666667,-124.9,2016-06-15,57.0,96.0,8.2,15.5,11.9,1.6,1.6,0.0,0.0
COMOX A,49.71666666666667,-124.9,2016-06-16,49.0,82.0,7.2,17.4,12.3,0.0,0.0,0.0,0.0
COMOX A,49.71666666666667,-124.9,2016-06-17,35.0,87.0,8.1,20.1,14.1,0.0,0.0,0.0,0.0
COMOX A,49.71666666666667,-124.9,2016-06-18,50.0,96.0,11.6,16.3,14.0,14.4,14.4,0.0,0.0
COMOX A,49.71666666666667,-124.9,2016-06-19,63.0,94.0,11.9,18.5,15.2,0.6,0.6,0.0,0.0
COMOX A,49.71666666666667,-124.9,2016-06-20,38.0,92.0,10.2,23.8,17.0,0.0,0.0,0.0,0.0
COMOX A,49.71666666666667,-124.9,2016-06-21,67.0,84.0,12.4,18.8,15.6,0.0,0.0,0.0,0.0
COMOX A,49.71666666666667,-124.9,2016-06-22,71.0,95.0,13.5,17.7,15.6,0.8,0.8,0.0,0.0
COMOX A,49.71666666666667,-124.9,2016-06-23,78.0,97.0,12.5,17.8,15.2,18.8,18.8,0.0,0.0
COMOX A,49.71666666666667,-124.9,2016-06-24,67.0,93.0,12.9,18.6,15.8,0.0,0.0,0.0,0.0
COMOX A,49.71666666666667,-124.9,2016-06-25,63.0,99.0,13.2,20.1,16.7,3.4,3.4,0.0,0.0
COMOX A,49.71666666666667,-124.9,2016-06-26,35.0,87.0,12.9,24.2,18.6,0.0,0.0,0.0,0.0
COMOX A,49.71666666666667,-124.9,2016-06-27,42.0,81.0,14.0,26.6,20.3,0.0,0.0,0.0,0.0
COMOX A,49.71666666666667,-124.9,2016-06-28,49.0,81.0,14.3,26.2,20.3,0.0,0.0,0.0,0.0
COMOX A,49.71666666666667,-124.9,2016-06-29,61.0,80.0,14.9,23.4,19.2,0.0,0.0,0.0,0.0
COMOX A,49.71666666666667,-124.9,2016-06-30,64.0,84.0,14.7,20.9,17.8,0.0,0.0,0.0,0.0
COMOX A,49.71666666666667,-124.9,2016-07-01,63.0,89.0,15.3,20.1,17.7,1.0,1.0,0.0,0.0
COMOX A,49.71666666666667,-124.9,2016-07-02,54.0,95.0,14.4,22.1,18.3,0.0,0.0,0.0,0.0
COMOX A,49.71666666666667,-124.9,2016-07-03,46.0,84.0,12.8,21.1,17.0,0.0,0.0,0.0,0.0
COMOX A,49.71666666666667,-124.9,2016-07-04,58.0,79.0,13.2,19.6,16.4,0.0,0.0,0.0,0.0
COMOX A,49.71666666666667,-124.9,2016-07-05,55.0,84.0,12.2,20.3,16.3,0.0,0.0,0.0,0.0
COMOX A,49.71666666666667,-124.9,2016-07-06,55.0,92.0,12.4,22.0,17.2,0.0,0.0,0.0,0.0
COMOX A,49.71666666666667,-124.9,2016-07-07,74.0,94.0,15.0,17.7,16.4,3.2,3.2,0.0,0.0
COMOX A,49.71666666666667,-124.9,2016-07-08,67.0,94.0,14.4,19.4,16.9,0.0,0.0,0.0,0.0
COMOX A,49.71666666666667,-124.9,2016-07-09,70.0,94.0,12.2,19.3,15.8,0.2,0.2,0.0,0.0
COMOX A,49.71666666666667,-124.9,2016-07-10,53.0,90.0,10.3,21.4,15.9,0.0,0.0,0.0,0.0
COMOX A,49.71666666666667,-124.9,2016-07-11,65.0,95.0,14.8,20.2,17.5,2.2,2.2,0.0,0.0
COMOX A,49.71666666666667,-124.9,2016-07-12,70.0,97.0,13.5,20.2,16.9,1.6,1.6,0.0,0.0
COMOX A,49.71666666666667,-124.9,2016-07-13,47.0,87.0,14.1,21.8,18.0,0.0,0.0,0.0,0.0
COMOX A,49.71666666666667,-124.9,2016-07-14,51.0,80.0,13.1,21.8,17.5,0.0,0.0,0.0,0.0
COMOX A,49.71666666666667,-124.9,2016-07-15,54.0,81.0,13.0,22.6,17.8,0.0,0.0,0.0,0.0
COMOX A,49.71666666666667,-124.9,2016-07-16,61.0,88.0,15.9,22.3,19.1,0.0,0.0,0.0,0.0
COMOX A,49.71666666666667,-124.9,2016-07-17,61.0,91.0,15.8,22.8,19.3,0.0,0.0,0.0,0.0
COMOX A,49.71666666666667,-124.9,2016-07-18,59.0,96.0,16.3,24.9,20.6,1.0,1.0,0.0,0.0
COMOX A,49.71666666666667,-124.9,2016-07-19,59.0,78.0,17.0,22.8,19.9,0.0,0.0,0.0,0.0
COMOX A,49.71666666666667,-124.9,2016-07-20,66.0,89.0,16.5,21.6,19.1,0.0,0.0,0.0,0.0
COMOX A,49.71666666666667,-124.9,2016-07-21,39.0,92.0,13.1,25.5,19.3,0.0,0.0,0.0,0.0
COMOX A,49.71666666666667,-124.9,2016-07-22,47.0,83.0,14.7,23.8,19.3,0.0,0.0,0.0,0.0
COMOX A,49.71666666666667,-124.9,2016-07-23,50.0,83.0,16.5,23.7,20.1,0.0,0.0,0.0,0.0
COMOX A,49.71666666666667,-124.9,2016-07-24,45.0,87.0,14.5,27.4,21.0,0.0,0.0,0.0,0.0
COMOX A,49.71666666666667,-124.9,2016-07-25,35.0,85.0,17.7,28.6,23.2,0.0,0.0,0.0,0.0
COMOX A,49.71666666666667,-124.9,2016-07-26,48.0,77.0,15.9,25.7,20.8,0.0,0.0,0.0,0.0
COMOX A,49.71666666666667,-124.9,2016-07-27,42.0,81.0,14.5,26.5,20.5,0.0,0.0,0.0,0.0
COMOX A,49.71666666666667,-124.9,2016-07-28,47.0,83.0,15.2,26.9,21.1,0.0,0.0,0.0,0.0
COMOX A,49.71666666666667,-124.9,2016-07-29,53.0,86.0,15.2,24.4,19.8,0.0,0.0,0.0,0.0
COMOX A,49.71666666666667,-124.9,2016-07-30,50.0,70.0,14.8,21.7,18.3,0.0,0.0,0.0,0.0
COMOX A,49.71666666666667,-124.9,2016-07-31,52.0,77.0,12.9,21.1,17.0,0.0,0.0,0.0,0.0
COMOX A,49.71666666666667,-124.9,2016-08-01,55.0,86.0,11.5,22.7,17.1,0.0,0.0,0.0,0.0
COMOX A,49.71666666666667,-124.9,2016-08-02,71.0,90.0,13.8,18.5,16.2,0.0,0.0,0.0,0.0
COMOX A,49.71666666666667,-124.9,2016-08-03,47.0,96.0,14.3,22.8,18.6,0.0,0.0,0.0,0.0
COMOX A,49.71666666666667,-124.9,2016-08-04,47.0,85.0,13.3,24.3,18.8,0.0,0.0,0.0,0.0
COMOX A,49.71666666666667,-124.9,2016-08-05,50.0,84.0,14.1,20.6,17.4,1.0,1.0,0.0,0.0
COMOX A,49.71666666666667,-124.9,2016-08-06,70.0,96.0,13.2,18.9,16.1,4.0,4.0,0.0,0.0
COMOX A,49.71666666666667,-124.9,2016-08-07,70.0,94.0,12.7,18.4,15.6,3.4,3.4,0.0,0.0
COMOX A,49.71666666666667,-124.9,2016-08-08,74.0,99.0,14.9,19.5,17.2,1.7,1.7,0.0,0.0
COMOX A,49.71666666666667,-124.9,2016-08-09,67.0,93.0,15.5,20.7,18.1,1.9,1.9,0.0,0.0
COMOX A,49.71666666666667,-124.9,2016-08-10,54.0,94.0,15.7,23.4,19.6,0.0,0.0,0.0,0.0
COMOX A,49.71666666666667,-124.9,2016-08-11,47.0,87.0,13.6,26.3,20.0,0.0,0.0,0.0,0.0
COMOX A,49.71666666666667,-124.9,2016-08-12,43.0,89.0,14.7,29.0,21.9,0.0,0.0,0.0,0.0
COMOX A,49.71666666666667,-124.9,2016-08-13,45.0,84.0,16.2,27.3,21.8,0.0,0.0,0.0,0.0
COMOX A,49.71666666666667,-124.9,2016-08-14,39.0,80.0,14.3,28.0,21.2,0.0,0.0,0.0,0.0
COMOX A,49.71666666666667,-124.9,2016-08-15,48.0,89.0,15.6,27.5,21.6,0.0,0.0,0.0,0.0
COMOX A,49.71666666666667,-124.9,2016-08-16,49.0,85.0,14.8,24.5,19.7,0.0,0.0,0.0,0.0
COMOX A,49.71666666666667,-124.9,2016-08-17,46.0,83.0,13.8,25.9,19.9,0.0,0.0,0.0,0.0
COMOX A,49.71666666666667,-124.9,2016-08-18,32.0,83.0,13.5,30.2,21.9,0.0,0.0,0.0,0.0
COMOX A,49.71666666666667,-124.9,2016-08-19,24.0,74.0,16.9,31.9,24.4,0.0,0.0,0.0,0.0
COMOX A,49.71666666666667,-124.9,2016-08-20,45.0,77.0,15.2,27.1,21.2,0.0,0.0,0.0,0.0
COMOX A,49.71666666666667,-124.9,2016-08-21,43.0,90.0,13.9,21.1,17.5,0.0,0.0,0.0,0.0
COMOX A,49.71666666666667,-124.9,2016-08-22,40.0,82.0,10.3,22.7,16.5,0.0,0.0,0.0,0.0
COMOX A,49.71666666666667,-124.9,2016-08-23,41.0,82.0,11.9,25.2,18.6,0.0,0.0,0.0,0.0
COMOX A,49.71666666666667,-124.9,2016-08-24,25.0,78.0,13.3,30.3,21.8,0.0,0.0,0.0,0.0
COMOX A,49.71666666666667,-124.9,2016-08-25,26.0,74.0,14.2,32.9,23.6,0.0,0.0,0.0,0.0
COMOX A,49.71666666666667,-124.9,2016-08-26,30.0,70.0,16.1,29.8,23.0,0.0,0.0,0.0,0.0
COMOX A,49.71666666666667,-124.9,2016-08-27,43.0,87.0,15.5,23.3,19.4,0.0,0.0,0.0,0.0
COMOX A,49.71666666666667,-124.9,2016-08-28,62.0,91.0,14.3,18.5,16.4,2.0,2.0,0.0,0.0
COMOX A,49.71666666666667,-124.9,2016-08-29,68.0,96.0,14.4,20.2,17.3,0.8,0.8,0.0,0.0
COMOX A,49.71666666666667,-124.9,2016-08-30,74.0,96.0,15.4,19.7,17.6,3.0,3.0,0.0,0.0
COMOX A,49.71666666666667,-124.9,2016-08-31,74.0,99.0,14.6,19.1,16.9,8.0,8.0,0.0,0.0
COMOX A,49.71666666666667,-124.9,2016-09-01,83.0,97.0,11.7,15.5,13.6,4.8,4.8,0.0,0.0
COMOX A,49.71666666666667,-124.9,2016-09-02,61.0,97.0,12.2,18.7,15.5,0.4,0.4,0.0,0.0
COMOX A,49.71666666666667,-124.9,2016-09-03,52.0,94.0,12.0,18.8,15.4,0.2,0.2,0.0,0.0
COMOX A,49.71666666666667,-124.9,2016-09-04,60.0,90.0,10.6,19.8,15.2,0.6,0.6,0.0,0.0
COMOX A,49.71666666666667,-124.9,2016-09-05,75.0,96.0,13.4,16.4,14.9,3.4,3.4,0.0,0.0
COMOX A,49.71666666666667,-124.9,2016-09-06,62.0,94.0,13.0,19.1,16.1,0.0,0.0,0.0,0.0
COMOX A,49.71666666666667,-124.9,2016-09-07,69.0,94.0,13.2,17.7,15.5,3.8,3.8,0.0,0.0
COMOX A,49.71666666666667,-124.9,2016-09-08,55.0,95.0,9.2,19.8,14.5,0.0,0.0,0.0,0.0
COMOX A,49.71666666666667,-124.9,2016-09-09,64.0,93.0,9.0,18.6,13.8,0.6,0.6,0.0,0.0
COMOX A,49.71666666666667,-124.9,2016-09-10,58.0,96.0,11.7,19.2,15.5,0.0,0.0,0.0,0.0
COMOX A,49.71666666666667,-124.9,2016-09-11,46.0,70.0,13.0,20.3,16.7,0.0,0.0,0.0,0.0
COMOX A,49.71666666666667,-124.9,2016-09-12,30.0,80.0,8.9,22.7,15.8,0.0,0.0,0.0,0.0
COMOX A,49.71666666666667,-124.9,2016-09-13,37.0,80.0,8.2,22.8,15.5,0.0,0.0,0.0,0.0
COMOX A,49.71666666666667,-124.9,2016-09-14,54.0,85.0,9.6,21.7,15.7,0.0,0.0,0.0,0.0
COMOX A,49.71666666666667,-124.9,2016-09-15,68.0,94.0,10.6,19.5,15.1,0.0,0.0,0.0,0.0
COMOX A,49.71666666666667,-124.9,2016-09-16,81.0,97.0,13.8,16.9,15.4,8.4,8.4,0.0,0.0
COMOX A,49.71666666666667,-124.9,2016-09-17,80.0,97.0,12.8,17.2,15.0,6.2,6.2,0.0,0.0
COMOX A,49.71666666666667,-124.9,2016-09-18,73.0,99.0,9.2,18.0,13.6,1.0,1.0,0.0,0.0
COMOX A,49.71666666666667,-124.9,2016-09-19,79.0,97.0,11.2,15.2,13.2,6.0,6.0,0.0,0.0
COMOX A,49.71666666666667,-124.9,2016-09-20,57.0,97.0,11.7,17.9,14.8,1.0,1.0,0.0,0.0
COMOX A,49.71666666666667,-124.9,2016-09-21,45.0,93.0,8.7,19.9,14.3,0.0,0.0,0.0,0.0
COMOX A,49.71666666666667,-124.9,2016-09-22,55.0,89.0,7.4,18.0,12.7,0.0,0.0,0.0,0.0
COMOX A,49.71666666666667,-124.9,2016-09-23,56.0,99.0,8.3,15.0,11.7,17.0,17.0,0.0,0.0
COMOX A,49.71666666666667,-124.9,2016-09-24,85.0,100.0,6.9,13.8,10.4,1.2,1.2,0.0,0.0
COMOX A,49.71666666666667,-124.9,2016-09-25,78.0,94.0,12.5,15.7,14.1,0.0,0.0,0.0,0.0
COMOX A,49.71666666666667,-124.9,2016-09-26,85.0,97.0,12.4,15.8,14.1,0.0,0.0,0.0,0.0
COMOX A,49.71666666666667,-124.9,2016-09-27,55.0,81.0,9.8,17.1,13.5,0.0,0.0,0.0,0.0
COMOX A,49.71666666666667,-124.9,2016-09-28,58.0,88.0,6.8,16.1,11.5,0.0,0.0,0.0,0.0
COMOX A,49.71666666666667,-124.9,2016-09-29,48.0,86.0,5.8,17.4,11.6,0.0,0.0,0.0,0.0
COMOX A,49.71666666666667,-124.9,2016-09-30,69.0,93.0,4.7,14.4,9.6,0.0,0.0,0.0,0.0
COMOX A,49.71666666666667,-124.9,2016-10-01,87.0,98.0,8.0,13.3,10.7,14.2,14.2,0.0,0.0
COMOX A,49.71666666666667,-124.9,2016-10-02,72.0,99.0,8.2,14.8,11.5,16.2,16.2,0.0,0.0
COMOX A,49.71666666666667,-124.9,2016-10-03,84.0,98.0,7.1,13.3,10.2,4.8,4.8,0.0,0.0
COMOX A,49.71666666666667,-124.9,2016-10-04,88.0,95.0,10.3,12.8,11.6,6.4,6.4,0.0,0.0
COMOX A,49.71666666666667,-124.9,2016-10-05,71.0,99.0,10.7,15.9,13.3,15.8,15.8,0.0,0.0
COMOX A,49.71666666666667,-124.9,2016-10-06,81.0,97.0,9.8,12.9,11.4,23.4,23.4,0.0,0.0
COMOX A,49.71666666666667,-124.9,2016-10-07,76.0,96.0,10.1,14.3,12.2,4.4,4.4,0.0,0.0
COMOX A,49.71666666666667,-124.9,2016-10-08,78.0,99.0,7.7,11.3,9.5,24.2,24.2,0.0,0.0
COMOX A,49.71666666666667,-124.9,2016-10-09,77.0,98.0,3.6,12.6,8.1,0.0,0.0,0.0,0.0
COMOX A,49.71666666666667,-124.9,2016-10-10,65.0,96.0,2.3,12.0,7.2,0.0,0.0,0.0,0.0
COMOX A,49.71666666666667,-124.9,2016-10-11,58.0,93.0,1.0,11.9,6.5,0.0,0.0,0.0,0.0
COMOX A,49.71666666666667,-124.9,2016-10-12,78.0,98.0,0.8,11.1,6.0,5.8,5.8,0.0,0.0
COMOX A,49.71666666666667,-124.9,2016-10-13,86.0,99.0,8.2,14.6,11.4,29.4,29.4,0.0,0.0
COMOX A,49.71666666666667,-124.9,2016-10-14,84.0,99.0,9.1,12.5,10.8,36.4,36.4,0.0,0.0
COMOX A,49.71666666666667,-124.9,2016-10-15,88.0,99.0,9.1,11.8,10.5,45.6,45.6,0.0,0.0
COMOX A,49.71666666666667,-124.9,2016-10-16,75.0,97.0,9.1,12.4,10.8,7.2,7.2,0.0,0.0
COMOX A,49.71666666666667,-124.9,2016-10-17,94.0,99.0,9.4,11.6,10.5,9.8,9.8,0.0,0.0
COMOX A,49.71666666666667,-124.9,2016-10-18,88.0,100.0,7.3,12.2,9.8,0.6,0.6,0.0,0.0
COMOX A,49.71666666666667,-124.9,2016-10-19,86.0,100.0,5.0,11.7,8.4,5.6,5.6,0.0,0.0
COMOX A,49.71666666666667,-124.9,2016-10-20,61.0,97.0,7.2,17.4,12.3,8.0,8.0,0.0,0.0
COMOX A,49.71666666666667,-124.9,2016-10-21,90.0,99.0,6.0,10.9,8.5,20.0,20.0,0.0,0.0
COMOX A,49.71666666666667,-124.9,2016-10-22,87.0,100.0,3.8,11.1,7.5,0.8,0.8,0.0,0.0
COMOX A,49.71666666666667,-124.9,2016-10-23,80.0,97.0,9.4,12.8,11.1,4.2,4.2,0.0,0.0
COMOX A,49.71666666666667,-124.9,2016-10-24,86.0,100.0,9.0,12.1,10.6,7.4,7.4,0.0,0.0
COMOX A,49.71666666666667,-124.9,2016-10-25,80.0,95.0,10.3,12.8,11.6,25.8,25.8,0.0,0.0
COMOX A,49.71666666666667,-124.9,2016-10-26,90.0,100.0,8.8,12.2,10.5,16.8,16.8,0.0,0.0
COMOX A,49.71666666666667,-124.9,2016-10-27,79.0,97.0,10.5,13.7,12.1,3.4,3.4,0.0,0.0
COMOX A,49.71666666666667,-124.9,2016-10-28,86.0,98.0,9.6,12.5,11.1,4.0,4.0,0.0,0.0
COMOX A,49.71666666666667,-124.9,2016-10-29,89.0,100.0,6.7,11.1,8.9,5.2,5.2,0.0,0.0
COMOX A,49.71666666666667,-124.9,2016-10-30,87.0,99.0,7.5,10.6,9.1,1.0,1.0,0.0,0.0
COMOX A,49.71666666666667,-124.9,2016-10-31,82.0,98.0,7.5,11.4,9.5,4.8,4.8,0.0,0.0
COMOX A,49.71666666666667,-124.9,2016-11-01,89.0,99.0,6.1,10.3,8.2,11.0,11.0,0.0,0.0
COMOX A,49.71666666666667,-124.9,2016-11-02,87.0,96.0,10.2,11.6,10.9,49.0,49.0,0.0,0.0
COMOX A,49.71666666666667,-124.9,2016-11-03,73.0,95.0,10.0,12.8,11.4,30.4,30.4,0.0,0.0
COMOX A,49.71666666666667,-124.9,2016-11-04,62.0,95.0,8.5,15.2,11.9,9.4,9.4,0.0,0.0
COMOX A,49.71666666666667,-124.9,2016-11-05,71.0,97.0,10.4,13.3,11.9,19.4,19.4,0.0,0.0
COMOX A,49.71666666666667,-124.9,2016-11-06,87.0,96.0,9.6,12.0,10.8,1.2,1.2,0.0,0.0
COMOX A,49.71666666666667,-124.9,2016-11-07,80.0,96.0,10.3,13.1,11.7,27.4,27.4,0.0,0.0
COMOX A,49.71666666666667,-124.9,2016-11-08,74.0,92.0,12.0,15.4,13.7,7.4,7.4,0.0,0.0
COMOX A,49.71666666666667,-124.9,2016-11-09,76.0,100.0,9.1,14.0,11.6,0.0,0.0,0.0,0.0
COMOX A,49.71666666666667,-124.9,2016-11-10,83.0,98.0,10.3,12.6,11.5,0.0,0.0,0.0,0.0
COMOX A,49.71666666666667,-124.9,2016-11-11,82.0,99.0,10.5,12.6,11.6,12.8,12.8,0.0,0.0
COMOX A,49.71666666666667,-124.9,2016-11-12,62.0,99.0,9.6,14.3,12.0,18.8,18.8,0.0,0.0
COMOX A,49.71666666666667,-124.9,2016-11-13,76.0,98.0,9.0,11.4,10.2,15.8,15.8,0.0,0.0
COMOX A,49.71666666666667,-124.9,2016-11-14,84.0,99.0,4.4,11.0,7.7,0.4,0.4,0.0,0.0
COMOX A,49.71666666666667,-124.9,2016-11-15,85.0,100.0,4.1,9.3,6.7,11.4,11.4,0.0,0.0
COMOX A,49.71666666666667,-124.9,2016-11-16,89.0,99.0,2.8,8.1,5.5,2.8,2.8,0.0,0.0
COMOX A,49.71666666666667,-124.9,2016-11-17,81.0,99.0,2.2,9.2,5.7,0.0,0.0,0.0,0.0
COMOX A,49.71666666666667,-124.9,2016-11-18,81.0,96.0,4.7,8.0,6.4,1.0,1.0,0.0,0.0
COMOX A,49.71666666666667,-124.9,2016-11-19,86.0,99.0,4.8,8.7,6.8,30.0,30.0,0.0,0.0
COMOX A,49.71666666666667,-124.9,2016-11-20,82.0,97.0,8.2,11.1,9.7,16.4,16.4,0.0,0.0
COMOX A,49.71666666666667,-124.9,2016-11-21,64.0,97.0,5.4,11.1,8.3,0.0,0.0,0.0,0.0
COMOX A,49.71666666666667,-124.9,2016-11-22,82.0,97.0,5.5,9.2,7.4,34.0,34.0,0.0,0.0
COMOX A,49.71666666666667,-124.9,2016-11-23,84.0,89.0,2.9,8.9,5.9,11.0,11.0,0.0,0.0
COMOX A,49.71666666666667,-124.9,2016-11-24,86.0,96.0,4.0,7.7,5.9,26.0,26.0,0.0,0.0
COMOX A,49.71666666666667,-124.9,2016-11-25,93.0,99.0,1.7,6.0,3.9,23.0,23.0,0.0,0.0
COMOX A,49.71666666666667,-124.9,2016-11-26,86.0,99.0,3.3,6.8,5.1,11.2,11.2,0.0,0.0
COMOX A,49.71666666666667,-124.9,2016-11-27,88.0,95.0,1.2,7.5,4.4,5.2,5.2,0.0,0.0
COMOX A,49.71666666666667,-124.9,2016-11-28,84.0,98.0,0.2,7.7,4.0,0.0,0.0,0.0,0.0
COMOX A,49.71666666666667,-124.9,2016-11-29,86.0,98.0,4.4,8.2,6.3,0.8,0.8,0.0,0.0
COMOX A,49.71666666666667,-124.9,2016-11-30,75.0,96.0,2.3,9.4,5.9,12.8,12.8,0.0,0.0
COMOX A,49.71666666666667,-124.9,2016-12-01,83.0,94.0,-0.2,7.0,3.4,0.6,0.6,0.0,0.0
COMOX A,49.71666666666667,-124.9,2016-12-02,93.0,100.0,5.2,9.3,7.3,4.2,4.2,0.0,0.0
COMOX A,49.71666666666667,-124.9,2016-12-03,88.0,100.0,2.2,6.4,4.3,0.2,0.2,0.0,0.0
COMOX A,49.71666666666667,-124.9,2016-12-04,60.0,91.0,0.1,6.3,3.2,0.2,0.2,0.0,0.0
COMOX A,49.71666666666667,-124.9,2016-12-05,87.0,99.0,-0.7,3.2,1.3,7.8,6.2,1.6,0.0
COMOX A,49.71666666666667,-124.9,2016-12-06,62.0,97.0,-1.7,2.3,0.3,0.0,0.0,0.0,0.0
COMOX A,49.71666666666667,-124.9,2016-12-07,66.0,77.0,-2.4,0.5,-1.0,0.0,0.0,0.0,0.0
COMOX A,49.71666666666667,-124.9,2016-12-08,62.0,79.0,-3.0,1.0,-1.0,0.0,0.0,0.0,0.0
COMOX A,49.71666666666667,-124.9,2016-12-09,61.0,99.0,-2.6,2.2,-0.2,13.2,0.0,13.2,0.0
COMOX A,49.71666666666667,-124.9,2016-12-10,92.0,99.0,0.3,3.8,2.1,14.4,11.6,4.0,12.0
COMOX A,49.71666666666667,-124.9,2016-12-11,91.0,100.0,0.8,2.5,1.7,3.6,3.6,0.0,0.0
COMOX A,49.71666666666667,-124.9,2016-12-12,69.0,89.0,0.7,1.9,1.3,0.2,0.2,0.0,5.0
COMOX A,49.71666666666667,-124.9,2016-12-13,66.0,85.0,-1.9,1.9,0.0,0.0,0.0,0.0,5.0
COMOX A,49.71666666666667,-124.9,2016-12-14,62.0,84.0,-4.0,0.1,-2.0,0.0,0.0,0.0,5.0
COMOX A,49.71666666666667,-124.9,2016-12-15,60.0,91.0,-8.1,0.1,-4.0,0.0,0.0,0.0,4.0
COMOX A,49.71666666666667,-124.9,2016-12-16,51.0,76.0,-5.9,0.7,-2.6,0.0,0.0,0.0,4.0
COMOX A,49.71666666666667,-124.9,2016-12-17,63.0,82.0,-6.2,1.2,-2.5,0.0,0.0,0.0,4.0
COMOX A,49.71666666666667,-124.9,2016-12-18,74.0,93.0,-0.5,4.0,1.8,0.8,0.4,0.4,4.0
COMOX A,49.71666666666667,-124.9,2016-12-19,87.0,98.0,1.5,5.9,3.7,18.6,18.6,0.0,0.0
COMOX A,49.71666666666667,-124.9,2016-12-20,58.0,97.0,0.5,10.1,5.3,8.2,8.2,0.0,0.0
COMOX A,49.71666666666667,-124.9,2016-12-21,83.0,97.0,-0.6,7.2,3.3,0.0,0.0,0.0,0.0
COMOX A,49.71666666666667,-124.9,2016-12-22,78.0,94.0,1.5,7.5,4.5,2.2,2.2,0.0,0.0
COMOX A,49.71666666666667,-124.9,2016-12-23,62.0,97.0,-0.2,4.3,2.1,0.0,0.0,0.0,0.0
COMOX A,49.71666666666667,-124.9,2016-12-24,57.0,82.0,-3.2,3.5,0.2,0.0,0.0,0.0,0.0
COMOX A,49.71666666666667,-124.9,2016-12-25,68.0,90.0,-4.3,2.0,-1.2,0.0,0.0,0.0,0.0
COMOX A,49.71666666666667,-124.9,2016-12-26,68.0,96.0,1.9,4.8,3.4,8.8,8.8,0.0,0.0
COMOX A,49.71666666666667,-124.9,2016-12-27,77.0,98.0,-0.4,7.5,3.6,0.2,0.2,0.0,0.0
COMOX A,49.71666666666667,-124.9,2016-12-28,80.0,95.0,-1.5,6.3,2.4,0.4,0.4,0.0,0.0
COMOX A,49.71666666666667,-124.9,2016-12-29,82.0,98.0,0.8,6.1,3.5,9.6,9.6,0.0,0.0
COMOX A,49.71666666666667,-124.9,2016-12-30,67.0,97.0,-0.6,6.0,2.7,0.0,0.0,0.0,0.0
COMOX A,49.71666666666667,-124.9,2016-12-31,73.0,97.0,-0.9,4.0,1.6,2.0,2.0,0.0,0.0
COMOX A,49.71666666666667,-124.9,2017-01-01,34.0,77.0,-1.7,3.2,0.8,0.0,0.0,0.0,0.0
COMOX A,49.71666666666667,-124.9,2017-01-02,25.0,51.0,-3.2,2.2,-0.5,0.0,0.0,0.0,0.0
COMOX A,49.71666666666667,-124.9,2017-01-03,42.0,62.0,-6.5,1.3,-2.6,0.0,0.0,0.0,0.0
COMOX A,49.71666666666667,-124.9,2017-01-04,60.0,86.0,-7.4,3.8,-1.8,0.0,0.0,0.0,0.0
COMOX A,49.71666666666667,-124.9,2017-01-05,68.0,89.0,-5.9,3.5,-1.2,0.0,0.0,0.0,0.0
COMOX A,49.71666666666667,-124.9,2017-01-06,67.0,86.0,0.6,4.4,2.5,0.0,0.0,0.0,0.0
COMOX A,49.71666666666667,-124.9,2017-01-07,57.0,83.0,-1.6,4.3,1.4,0.0,0.0,0.0,0.0
COMOX A,49.71666666666667,-124.9,2017-01-08,73.0,99.0,-0.6,3.5,1.5,6.2,2.2,4.0,0.0
COMOX A,49.71666666666667,-124.9,2017-01-09,89.0,100.0,0.3,3.2,1.8,1.4,1.4,0.0,1.0
COMOX A,49.71666666666667,-124.9,2017-01-10,44.0,94.0,-1.4,1.9,0.3,0.0,0.0,0.0,0.0
COMOX A,49.71666666666667,-124.9,2017-01-11,40.0,82.0,-6.5,2.3,-2.1,0.0,0.0,0.0,0.0
COMOX A,49.71666666666667,-124.9,2017-01-12,67.0,84.0,-6.2,2.3,-2.0,0.0,0.0,0.0,0.0
COMOX A,49.71666666666667,-124.9,2017-01-13,73.0,90.0,-1.8,2.5,0.4,0.0,0.0,0.0,0.0
COMOX A,49.71666666666667,-124.9,2017-01-14,75.0,93.0,-4.3,3.2,-0.6,0.0,0.0,0.0,0.0
COMOX A,49.71666666666667,-124.9,2017-01-15,72.0,93.0,-2.2,5.5,1.7,0.0,0.0,0.0,0.0
COMOX A,49.71666666666667,-124.9,2017-01-16,84.0,93.0,1.9,6.0,4.0,4.6,4.6,0.0,0.0
COMOX A,49.71666666666667,-124.9,2017-01-17,80.0,99.0,5.6,9.0,7.3,27.0,27.0,0.0,0.0
COMOX A,49.71666666666667,-124.9,2017-01-18,81.0,98.0,8.1,11.5,9.8,9.6,9.6,0.0,0.0
COMOX A,49.71666666666667,-124.9,2017-01-19,84.0,98.0,5.4,8.3,6.9,0.0,0.0,0.0,0.0
COMOX A,49.71666666666667,-124.9,2017-01-20,82.0,95.0,4.4,8.0,6.2,0.0,0.0,0.0,0.0
COMOX A,49.71666666666667,-124.9,2017-01-21,90.0,99.0,4.0,7.3,5.7,6.6,6.6,0.0,0.0
COMOX A,49.71666666666667,-124.9,2017-01-22,86.0,100.0,3.6,7.3,5.5,3.8,3.8,0.0,0.0
COMOX A,49.71666666666667,-124.9,2017-01-23,77.0,98.0,0.6,7.7,4.2,0.2,0.2,0.0,0.0
COMOX A,49.71666666666667,-124.9,2017-01-24,83.0,97.0,-1.4,5.9,2.3,0.0,0.0,0.0,0.0
COMOX A,49.71666666666667,-124.9,2017-01-25,90.0,99.0,2.2,5.9,4.1,0.0,0.0,0.0,0.0
COMOX A,49.71666666666667,-124.9,2017-01-26,81.0,99.0,3.2,6.9,5.1,0.0,0.0,0.0,0.0
COMOX A,49.71666666666667,-124.9,2017-01-27,74.0,88.0,6.1,7.7,6.9,0.0,0.0,0.0,0.0
COMOX A,49.71666666666667,-124.9,2017-01-28,68.0,85.0,6.6,8.9,7.8,0.0,0.0,0.0,0.0
COMOX A,49.71666666666667,-124.9,2017-01-29,68.0,91.0,5.5,11.0,8.3,2.2,2.2,0.0,0.0
COMOX A,49.71666666666667,-124.9,2017-01-30,54.0,82.0,1.6,6.1,3.9,0.2,0.2,0.0,0.0
COMOX A,49.71666666666667,-124.9,2017-01-31,34.0,75.0,-0.3,5.8,2.8,0.0,0.0,0.0,0.0
COMOX A,49.71666666666667,-124.9,2017-02-01,38.0,70.0,-4.8,4.9,0.1,0.0,0.0,0.0,0.0
COMOX A,49.71666666666667,-124.9,2017-02-02,50.0,82.0,-5.6,4.6,-0.5,0.0,0.0,0.0,0.0
COMOX A,49.71666666666667,-124.9,2017-02-03,73.0,100.0,-2.7,0.5,-1.1,7.4,0.0,9.4,0.0
COMOX A,49.71666666666667,-124.9,2017-02-04,98.0,100.0,-1.0,0.8,-0.1,11.1,0.0,12.6,14.0
COMOX A,49.71666666666667,-124.9,2017-02-05,78.0,100.0,-1.8,0.2,-0.8,3.0,0.0,3.0,22.0
COMOX A,49.71666666666667,-124.9,2017-02-06,64.0,92.0,-4.0,-1.5,-2.8,0.4,0.0,0.4,18.0
COMOX A,49.71666666666667,-124.9,2017-02-07,79.0,100.0,-5.8,0.5,-2.7,3.8,0.0,3.8,16.0
COMOX A,49.71666666666667,-124.9,2017-02-08,72.0,100.0,-6.0,1.4,-2.3,10.0,0.0,10.0,18.0
COMOX A,49.71666666666667,-124.9,2017-02-09,99.0,100.0,-0.9,1.0,0.1,25.4,5.0,26.0,46.0
COMOX A,49.71666666666667,-124.9,2017-02-10,78.0,99.0,-1.4,5.7,2.2,4.8,4.8,0.0,36.0
COMOX A,49.71666666666667,-124.9,2017-02-11,84.0,99.0,-2.0,6.0,2.0,0.0,0.0,0.0,19.0
COMOX A,49.71666666666667,-124.9,2017-02-12,76.0,94.0,2.7,7.5,5.1,0.0,0.0,0.0,10.0
COMOX A,49.71666666666667,-124.9,2017-02-13,78.0,99.0,-0.7,8.2,3.8,0.0,0.0,0.0,0.0
COMOX A,49.71666666666667,-124.9,2017-02-14,55.0,99.0,0.2,8.7,4.5,9.6,9.6,0.0,0.0
COMOX A,49.71666666666667,-124.9,2017-02-15,88.0,100.0,6.1,10.1,8.1,34.8,34.8,0.0,0.0
COMOX A,49.71666666666667,-124.9,2017-02-16,64.0,99.0,4.8,11.4,8.1,1.6,1.6,0.0,0.0
COMOX A,49.71666666666667,-124.9,2017-02-17,77.0,97.0,0.5,8.9,4.7,0.0,0.0,0.0,0.0
COMOX A,49.71666666666667,-124.9,2017-02-18,80.0,100.0,0.8,6.1,3.5,0.0,0.0,0.0,0.0
COMOX A,49.71666666666667,-124.9,2017-02-19,90.0,99.0,3.1,6.4,4.8,20.8,20.8,0.0,0.0
COMOX A,49.71666666666667,-124.9,2017-02-20,80.0,100.0,0.2,7.4,3.8,3.0,3.0,0.0,0.0
COMOX A,49.71666666666667,-124.9,2017-02-21,54.0,99.0,0.1,7.5,3.8,0.0,0.0,0.0,0.0
COMOX A,49.71666666666667,-124.9,2017-02-22,65.0,91.0,1.1,6.2,3.7,0.2,0.2,0.0,0.0
COMOX A,49.71666666666667,-124.9,2017-02-23,47.0,100.0,-2.8,5.6,1.4,0.0,0.0,0.0,0.0
COMOX A,49.71666666666667,-124.9,2017-02-24,62.0,99.0,-0.3,4.7,2.2,4.2,0.0,5.4,0.0
COMOX A,49.71666666666667,-124.9,2017-02-25,67.0,98.0,-3.4,4.4,0.5,1.8,0.0,1.8,0.0
COMOX A,49.71666666666667,-124.9,2017-02-26,50.0,98.0,0.1,6.3,3.2,14.8,0.0,14.8,3.0
COMOX A,49.71666666666667,-124.9,2017-02-27,54.0,75.0,-2.4,4.5,1.1,0.0,0.0,0.0,0.0
COMOX A,49.71666666666667,-124.9,2017-02-28,61.0,86.0,-3.3,5.7,1.2,0.0,0.0,0.0,0.0
COMOX A,49.71666666666667,-124.9,2017-03-01,58.0,89.0,1.6,8.0,4.8,0.0,0.0,0.0,0.0
COMOX A,49.71666666666667,-124.9,2017-03-02,74.0,96.0,5.4,9.7,7.6,0.8,0.8,0.0,0.0
COMOX A,49.71666666666667,-124.9,2017-03-03,56.0,94.0,1.7,9.0,5.4,4.2,4.2,0.0,0.0
COMOX A,49.71666666666667,-124.9,2017-03-04,56.0,98.0,-2.1,5.8,1.9,0.0,0.0,0.0,0.0
COMOX A,49.71666666666667,-124.9,2017-03-05,61.0,93.0,0.2,5.3,2.8,0.0,0.0,0.0,0.0
COMOX A,49.71666666666667,-124.9,2017-03-06,55.0,98.0,-0.9,5.8,2.5,0.0,0.0,0.0,0.0
COMOX A,49.71666666666667,-124.9,2017-03-07,75.0,95.0,0.8,5.3,3.1,1.4,1.4,0.0,0.0
COMOX A,49.71666666666667,-124.9,2017-03-08,64.0,94.0,-1.7,6.5,2.4,0.2,0.2,0.0,0.0
COMOX A,49.71666666666667,-124.9,2017-03-09,75.0,99.0,-2.2,3.0,0.4,8.6,0.4,8.4,0.0
COMOX A,49.71666666666667,-124.9,2017-03-10,76.0,100.0,0.1,6.1,3.1,5.8,0.4,5.4,6.0
COMOX A,49.71666666666667,-124.9,2017-03-11,88.0,97.0,2.5,7.7,5.1,6.4,6.4,0.0,0.0
COMOX A,49.71666666666667,-124.9,2017-03-12,85.0,95.0,4.6,9.7,7.2,0.2,0.2,0.0,0.0
COMOX A,49.71666666666667,-124.9,2017-03-13,90.0,99.0,7.3,9.5,8.4,1.0,1.0,0.0,0.0
COMOX A,49.71666666666667,-124.9,2017-03-14,53.0,99.0,8.0,13.8,10.9,10.2,10.2,0.0,0.0
COMOX A,49.71666666666667,-124.9,2017-03-15,56.0,98.0,2.1,10.1,6.1,4.4,4.4,0.0,0.0
COMOX A,49.71666666666667,-124.9,2017-03-16,71.0,100.0,1.2,8.8,5.0,0.2,0.2,0.0,0.0
COMOX A,49.71666666666667,-124.9,2017-03-17,67.0,93.0,4.9,8.9,6.9,4.2,4.2,0.0,0.0
COMOX A,49.71666666666667,-124.9,2017-03-18,44.0,97.0,2.5,9.2,5.9,8.2,8.2,0.0,0.0
COMOX A,49.71666666666667,-124.9,2017-03-19,41.0,84.0,-1.1,8.5,3.7,0.0,0.0,0.0,0.0
COMOX A,49.71666666666667,-124.9,2017-03-20,53.0,87.0,-1.2,7.8,3.3,0.0,0.0,0.0,0.0
COMOX A,49.71666666666667,-124.9,2017-03-21,67.0,97.0,4.2,9.1,6.7,8.0,8.0,0.0,0.0
COMOX A,49.71666666666667,-124.9,2017-03-22,52.0,99.0,5.7,11.3,8.5,13.2,13.2,0.0,0.0
COMOX A,49.71666666666667,-124.9,2017-03-23,75.0,91.0,2.7,9.6,6.2,2.2,2.2,0.0,0.0
COMOX A,49.71666666666667,-124.9,2017-03-24,73.0,96.0,6.8,10.6,8.7,5.2,5.2,0.0,0.0
COMOX A,49.71666666666667,-124.9,2017-03-25,48.0,82.0,4.0,11.4,7.7,0.0,0.0,0.0,0.0
COMOX A,49.71666666666667,-124.9,2017-03-26,68.0,91.0,4.9,7.9,6.4,6.6,6.6,0.0,0.0
COMOX A,49.71666666666667,-124.9,2017-03-27,69.0,94.0,7.0,10.6,8.8,0.0,0.0,0.0,0.0
COMOX A,49.71666666666667,-124.9,2017-03-28,71.0,94.0,7.2,10.4,8.8,0.8,0.8,0.0,0.0
COMOX A,49.71666666666667,-124.9,2017-03-29,85.0,99.0,6.8,10.5,8.7,19.0,19.0,0.0,0.0
COMOX A,49.71666666666667,-124.9,2017-03-30,50.0,97.0,3.6,13.0,8.3,0.2,0.2,0.0,0.0
COMOX A,49.71666666666667,-124.9,2017-03-31,82.0,97.0,4.7,8.7,6.7,5.6,5.6,0.0,0.0
COMOX A,49.71666666666667,-124.9,2017-04-01,78.0,96.0,6.5,10.7,8.6,3.6,3.6,0.0,0.0
COMOX A,49.71666666666667,-124.9,2017-04-02,50.0,92.0,1.8,10.9,6.4,0.0,0.0,0.0,0.0
COMOX A,49.71666666666667,-124.9,2017-04-03,59.0,81.0,0.1,10.3,5.2,0.0,0.0,0.0,0.0
COMOX A,49.71666666666667,-124.9,2017-04-04,63.0,94.0,5.5,9.6,7.6,10.0,10.0,0.0,0.0
COMOX A,49.71666666666667,-124.9,2017-04-05,76.0,93.0,8.2,12.2,10.2,10.4,10.4,0.0,0.0
COMOX A,49.71666666666667,-124.9,2017-04-06,56.0,99.0,5.7,12.6,9.2,16.4,16.4,0.0,0.0
COMOX A,49.71666666666667,-124.9,2017-04-07,77.0,97.0,5.3,9.9,7.6,15.2,15.2,0.0,0.0
COMOX A,49.71666666666667,-124.9,2017-04-08,73.0,87.0,6.8,10.2,8.5,0.0,0.0,0.0,0.0
COMOX A,49.71666666666667,-124.9,2017-04-09,63.0,91.0,2.1,10.0,6.1,0.2,0.2,0.0,0.0
COMOX A,49.71666666666667,-124.9,2017-04-10,66.0,94.0,5.1,10.9,8.0,4.2,4.2,0.0,0.0
COMOX A,49.71666666666667,-124.9,2017-04-11,57.0,95.0,3.8,10.6,7.2,0.6,0.6,0.0,0.0
COMOX A,49.71666666666667,-124.9,2017-04-12,72.0,99.0,5.3,8.0,6.7,9.6,9.6,0.0,0.0
COMOX A,49.71666666666667,-124.9,2017-04-13,76.0,98.0,6.7,10.9,8.8,6.2,6.2,0.0,0.0
COMOX A,49.71666666666667,-124.9,2017-04-14,61.0,94.0,5.2,11.8,8.5,0.8,0.8,0.0,0.0
COMOX A,49.71666666666667,-124.9,2017-04-15,60.0,92.0,5.4,12.4,8.9,0.0,0.0,0.0,0.0
COMOX A,49.71666666666667,-124.9,2017-04-16,56.0,95.0,3.8,11.3,7.6,0.0,0.0,0.0,0.0
COMOX A,49.71666666666667,-124.9,2017-04-17,74.0,95.0,6.8,10.1,8.5,6.4,6.4,0.0,0.0
COMOX A,49.71666666666667,-124.9,2017-04-18,64.0,96.0,7.9,13.2,10.6,3.4,3.4,0.0,0.0
COMOX A,49.71666666666667,-124.9,2017-04-19,76.0,96.0,7.8,11.8,9.8,9.0,9.0,0.0,0.0
COMOX A,49.71666666666667,-124.9,2017-04-20,65.0,95.0,5.2,13.7,9.5,2.6,2.6,0.0,0.0
COMOX A,49.71666666666667,-124.9,2017-04-21,60.0,97.0,5.2,14.6,9.9,0.0,0.0,0.0,0.0
COMOX A,49.71666666666667,-124.9,2017-04-22,79.0,92.0,7.4,12.4,9.9,2.0,2.0,0.0,0.0
COMOX A,49.71666666666667,-124.9,2017-04-23,77.0,95.0,8.5,12.7,10.6,0.6,0.6,0.0,0.0
COMOX A,49.71666666666667,-124.9,2017-04-24,46.0,99.0,5.3,15.4,10.4,0.0,0.0,0.0,0.0
COMOX A,49.71666666666667,-124.9,2017-04-25,70.0,89.0,6.3,13.1,9.7,0.6,0.6,0.0,0.0
COMOX A,49.71666666666667,-124.9,2017-04-26,53.0,94.0,7.9,13.9,10.9,5.8,5.8,0.0,0.0
COMOX A,49.71666666666667,-124.9,2017-04-27,53.0,94.0,4.4,13.4,8.9,0.2,0.2,0.0,0.0
COMOX A,49.71666666666667,-124.9,2017-04-28,51.0,80.0,4.4,13.7,9.1,0.0,0.0,0.0,0.0
COMOX A,49.71666666666667,-124.9,2017-04-29,73.0,88.0,7.1,10.5,8.8,2.2,2.2,0.0,0.0
COMOX A,49.71666666666667,-124.9,2017-04-30,53.0,93.0,3.2,13.4,8.3,0.2,0.2,0.0,0.0
COMOX A,49.71666666666667,-124.9,2017-05-01,66.0,91.0,7.5,12.0,9.8,1.6,1.6,0.0,0.0
COMOX A,49.71666666666667,-124.9,2017-05-02,74.0,95.0,4.6,12.2,8.4,3.8,3.8,0.0,0.0
COMOX A,49.71666666666667,-124.9,2017-05-03,92.0,97.0,10.2,12.7,11.5,3.0,3.0,0.0,0.0
COMOX A,49.71666666666667,-124.9,2017-05-04,80.0,99.0,11.1,17.5,14.3,0.0,0.0,0.0,0.0
COMOX A,49.71666666666667,-124.9,2017-05-05,40.0,92.0,8.0,16.7,12.4,0.6,0.6,0.0,0.0
COMOX A,49.71666666666667,-124.9,2017-05-06,42.0,91.0,2.6,13.4,8.0,0.0,0.0,0.0,0.0
COMOX A,49.71666666666667,-124.9,2017-05-07,29.0,83.0,4.3,14.7,9.5,0.0,0.0,0.0,0.0
COMOX A,49.71666666666667,-124.9,2017-05-08,60.0,95.0,8.7,13.8,11.3,2.4,2.4,0.0,0.0
COMOX A,49.71666666666667,-124.9,2017-05-09,58.0,91.0,5.7,14.9,10.3,0.0,0.0,0.0,0.0
COMOX A,49.71666666666667,-124.9,2017-05-10,69.0,92.0,7.2,15.2,11.2,1.0,1.0,0.0,0.0
COMOX A,49.71666666666667,-124.9,2017-05-11,59.0,94.0,9.2,14.9,12.1,12.4,12.4,0.0,0.0
COMOX A,49.71666666666667,-124.9,2017-05-12,61.0,90.0,7.3,13.2,10.3,0.8,0.8,0.0,0.0
COMOX A,49.71666666666667,-124.9,2017-05-13,55.0,96.0,6.0,13.0,9.5,1.8,1.8,0.0,0.0
COMOX A,49.71666666666667,-124.9,2017-05-14,67.0,89.0,7.8,13.4,10.6,2.6,2.6,0.0,0.0
COMOX A,49.71666666666667,-124.9,2017-05-15,67.0,94.0,7.4,13.1,10.3,8.6,8.6,0.0,0.0
COMOX A,49.71666666666667,-124.9,2017-05-16,54.0,100.0,3.8,15.9,9.9,10.4,10.4,0.0,0.0
COMOX A,49.71666666666667,-124.9,2017-05-17,68.0,94.0,7.5,14.7,11.1,0.0,0.0,0.0,0.0
COMOX A,49.71666666666667,-124.9,2017-05-18,70.0,90.0,10.8,16.0,13.4,0.0,0.0,0.0,0.0
COMOX A,49.71666666666667,-124.9,2017-05-19,76.0,92.0,10.9,15.9,13.4,0.0,0.0,0.0,0.0
COMOX A,49.71666666666667,-124.9,2017-05-20,36.0,92.0,8.0,22.9,15.5,0.0,0.0,0.0,0.0
COMOX A,49.71666666666667,-124.9,2017-05-21,37.0,80.0,11.0,23.2,17.1,0.0,0.0,0.0,0.0
COMOX A,49.71666666666667,-124.9,2017-05-22,32.0,78.0,12.3,24.3,18.3,0.0,0.0,0.0,0.0
COMOX A,49.71666666666667,-124.9,2017-05-23,24.0,82.0,9.8,23.6,16.7,0.0,0.0,0.0,0.0
COMOX A,49.71666666666667,-124.9,2017-05-24,61.0,76.0,7.3,16.5,11.9,0.0,0.0,0.0,0.0
COMOX A,49.71666666666667,-124.9,2017-05-25,44.0,83.0,8.2,21.8,15.0,0.0,0.0,0.0,0.0
COMOX A,49.71666666666667,-124.9,2017-05-26,42.0,75.0,11.0,23.2,17.1,0.0,0.0,0.0,0.0
COMOX A,49.71666666666667,-124.9,2017-05-27,52.0,77.0,11.1,21.8,16.5,0.0,0.0,0.0,0.0
COMOX A,49.71666666666667,-124.9,2017-05-28,40.0,87.0,11.8,25.5,18.7,0.0,0.0,0.0,0.0
COMOX A,49.71666666666667,-124.9,2017-05-29,49.0,84.0,12.4,23.4,17.9,0.0,0.0,0.0,0.0
COMOX A,49.71666666666667,-124.9,2017-05-30,72.0,92.0,12.0,17.1,14.6,0.0,0.0,0.0,0.0
COMOX A,49.71666666666667,-124.9,2017-05-31,77.0,95.0,11.6,15.5,13.6,0.4,0.4,0.0,0.0
COMOX A,49.71666666666667,-124.9,2017-06-01,54.0,95.0,11.4,18.6,15.0,0.4,0.4,0.0,0.0
COMOX A,49.71666666666667,-124.9,2017-06-02,50.0,92.0,12.2,19.2,15.7,0.6,0.6,0.0,0.0
COMOX A,49.71666666666667,-124.9,2017-06-03,40.0,82.0,11.9,18.5,15.2,0.0,0.0,0.0,0.0
COMOX A,49.71666666666667,-124.9,2017-06-04,33.0,77.0,9.2,18.5,13.9,0.0,0.0,0.0,0.0
COMOX A,49.71666666666667,-124.9,2017-06-05,36.0,76.0,9.3,20.9,15.1,0.0,0.0,0.0,0.0
COMOX A,49.71666666666667,-124.9,2017-06-06,42.0,81.0,8.9,22.6,15.8,0.0,0.0,0.0,0.0
COMOX A,49.71666666666667,-124.9,2017-06-07,47.0,84.0,11.8,22.7,17.3,0.0,0.0,0.0,0.0
COMOX A,49.71666666666667,-124.9,2017-06-08,53.0,96.0,11.3,18.3,14.8,11.2,11.2,0.0,0.0
COMOX A,49.71666666666667,-124.9,2017-06-09,49.0,86.0,8.0,17.2,12.6,0.0,0.0,0.0,0.0
COMOX A,49.71666666666667,-124.9,2017-06-10,50.0,85.0,8.2,18.0,13.1,0.0,0.0,0.0,0.0
COMOX A,49.71666666666667,-124.9,2017-06-11,50.0,74.0,9.4,19.1,14.3,0.0,0.0,0.0,0.0
COMOX A,49.71666666666667,-124.9,2017-06-12,47.0,73.0,11.7,19.8,15.8,0.0,0.0,0.0,0.0
COMOX A,49.71666666666667,-124.9,2017-06-13,54.0,71.0,12.9,17.5,15.2,0.0,0.0,0.0,0.0
COMOX A,49.71666666666667,-124.9,2017-06-14,57.0,80.0,11.1,16.7,13.9,0.0,0.0,0.0,0.0
COMOX A,49.71666666666667,-124.9,2017-06-15,83.0,94.0,11.7,14.6,13.2,10.0,10.0,0.0,0.0
COMOX A,49.71666666666667,-124.9,2017-06-16,68.0,96.0,8.5,17.7,13.1,1.6,1.6,0.0,0.0
COMOX A,49.71666666666667,-124.9,2017-06-17,65.0,86.0,9.9,16.7,13.3,0.2,0.2,0.0,0.0
COMOX A,49.71666666666667,-124.9,2017-06-18,77.0,96.0,11.0,13.8,12.4,2.0,2.0,0.0,0.0
COMOX A,49.71666666666667,-124.9,2017-06-19,79.0,97.0,13.1,17.9,15.5,0.0,0.0,0.0,0.0
COMOX A,49.71666666666667,-124.9,2017-06-20,51.0,99.0,13.4,20.2,16.8,0.4,0.4,0.0,0.0
COMOX A,49.71666666666667,-124.9,2017-06-21,44.0,71.0,11.4,20.1,15.8,0.0,0.0,0.0,0.0
COMOX A,49.71666666666667,-124.9,2017-06-22,36.0,72.0,10.3,21.8,16.1,0.0,0.0,0.0,0.0
COMOX A,49.71666666666667,-124.9,2017-06-23,21.0,67.0,11.8,26.6,19.2,0.0,0.0,0.0,0.0
COMOX A,49.71666666666667,-124.9,2017-06-24,34.0,67.0,14.1,26.7,20.4,0.0,0.0,0.0,0.0
COMOX A,49.71666666666667,-124.9,2017-06-25,38.0,76.0,13.5,25.8,19.7,0.0,0.0,0.0,0.0
COMOX A,49.71666666666667,-124.9,2017-06-26,45.0,71.0,12.9,22.1,17.5,0.0,0.0,0.0,0.0
COMOX A,49.71666666666667,-124.9,2017-06-27,43.0,73.0,11.2,22.1,16.7,0.0,0.0,0.0,0.0
COMOX A,49.71666666666667,-124.9,2017-06-28,51.0,76.0,11.4,21.7,16.6,0.0,0.0,0.0,0.0
COMOX A,49.71666666666667,-124.9,2017-06-29,48.0,80.0,12.0,23.4,17.7,0.0,0.0,0.0,0.0
COMOX A,49.71666666666667,-124.9,2017-06-30,46.0,74.0,12.9,25.7,19.3,0.0,0.0,0.0,0.0
COMOX A,49.71666666666667,-124.9,2017-07-01,56.0,89.0,14.6,24.0,19.3,0.0,0.0,0.0,0.0
COMOX A,49.71666666666667,-124.9,2017-07-02,54.0,92.0,16.0,23.7,19.9,0.0,0.0,0.0,0.0
COMOX A,49.71666666666667,-124.9,2017-07-03,36.0,71.0,13.8,22.1,18.0,0.0,0.0,0.0,0.0
COMOX A,49.71666666666667,-124.9,2017-07-04,35.0,65.0,12.2,23.9,18.1,0.0,0.0,0.0,0.0
COMOX A,49.71666666666667,-124.9,2017-07-05,42.0,70.0,13.0,24.4,18.7,0.0,0.0,0.0,0.0
COMOX A,49.71666666666667,-124.9,2017-07-06,36.0,72.0,14.6,26.0,20.3,0.0,0.0,0.0,0.0
COMOX A,49.71666666666667,-124.9,2017-07-07,50.0,77.0,14.5,23.8,19.2,0.0,0.0,0.0,0.0
COMOX A,49.71666666666667,-124.9,2017-07-08,42.0,74.0,14.0,24.8,19.4,0.0,0.0,0.0,0.0
COMOX A,49.71666666666667,-124.9,2017-07-09,46.0,91.0,16.9,24.2,20.6,0.2,0.2,0.0,0.0
COMOX A,49.71666666666667,-124.9,2017-07-10,51.0,69.0,13.9,20.7,17.3,0.0,0.0,0.0,0.0
COMOX A,49.71666666666667,-124.9,2017-07-11,46.0,84.0,11.6,22.7,17.2,0.0,0.0,0.0,0.0
COMOX A,49.71666666666667,-124.9,2017-07-12,57.0,83.0,15.4,22.4,18.9,0.0,0.0,0.0,0.0
COMOX A,49.71666666666667,-124.9,2017-07-13,43.0,84.0,14.5,22.6,18.6,0.0,0.0,0.0,0.0
COMOX A,49.71666666666667,-124.9,2017-07-14,46.0,75.0,13.8,23.3,18.6,0.0,0.0,0.0,0.0
COMOX A,49.71666666666667,-124.9,2017-07-15,32.0,64.0,14.1,23.9,19.0,0.0,0.0,0.0,0.0
COMOX A,49.71666666666667,-124.9,2017-07-16,36.0,67.0,13.5,21.8,17.7,0.0,0.0,0.0,0.0
COMOX A,49.71666666666667,-124.9,2017-07-17,28.0,69.0,11.9,24.2,18.1,0.0,0.0,0.0,0.0
COMOX A,49.71666666666667,-124.9,2017-07-18,36.0,68.0,12.0,25.9,19.0,0.0,0.0,0.0,0.0
COMOX A,49.71666666666667,-124.9,2017-07-19,45.0,75.0,13.2,23.1,18.2,0.0,0.0,0.0,0.0
COMOX A,49.71666666666667,-124.9,2017-07-20,67.0,94.0,14.1,20.5,17.3,7.6,7.6,0.0,0.0
COMOX A,49.71666666666667,-124.9,2017-07-21,67.0,90.0,14.8,18.2,16.5,2.8,2.8,0.0,0.0
COMOX A,49.71666666666667,-124.9,2017-07-22,78.0,95.0,15.0,20.2,17.6,1.4,1.4,0.0,0.0
COMOX A,49.71666666666667,-124.9,2017-07-23,51.0,95.0,14.1,21.6,17.9,0.0,0.0,0.0,0.0
COMOX A,49.71666666666667,-124.9,2017-07-24,43.0,75.0,13.1,24.5,18.8,0.0,0.0,0.0,0.0
COMOX A,49.71666666666667,-124.9,2017-07-25,41.0,73.0,13.5,27.0,20.3,0.0,0.0,0.0,0.0
COMOX A,49.71666666666667,-124.9,2017-07-26,51.0,85.0,14.8,24.9,19.9,0.0,0.0,0.0,0.0
COMOX A,49.71666666666667,-124.9,2017-07-27,59.0,85.0,14.4,22.3,18.4,0.0,0.0,0.0,0.0
COMOX A,49.71666666666667,-124.9,2017-07-28,54.0,86.0,13.5,23.2,18.4,0.0,0.0,0.0,0.0
COMOX A,49.71666666666667,-124.9,2017-07-29,50.0,92.0,13.4,25.0,19.2,0.0,0.0,0.0,0.0
COMOX A,49.71666666666667,-124.9,2017-07-30,75.0,84.0,16.2,24.6,20.4,0.0,0.0,0.0,0.0
COMOX A,49.71666666666667,-124.9,2017-07-31,30.0,69.0,15.0,28.3,21.7,0.0,0.0,0.0,0.0
COMOX A,49.71666666666667,-124.9,2017-08-01,32.0,71.0,14.5,30.0,22.3,0.0,0.0,0.0,0.0
COMOX A,49.71666666666667,-124.9,2017-08-02,36.0,71.0,16.8,30.1,23.5,0.0,0.0,0.0,0.0
COMOX A,49.71666666666667,-124.9,2017-08-03,37.0,73.0,15.7,29.9,22.8,0.0,0.0,0.0,0.0
COMOX A,49.71666666666667,-124.9,2017-08-04,39.0,70.0,14.3,27.6,21.0,0.0,0.0,0.0,0.0
COMOX A,49.71666666666667,-124.9,2017-08-05,55.0,91.0,14.6,24.9,19.8,0.0,0.0,0.0,0.0
COMOX A,49.71666666666667,-124.9,2017-08-06,56.0,93.0,14.1,24.4,19.3,0.0,0.0,0.0,0.0
COMOX A,49.71666666666667,-124.9,2017-08-07,49.0,84.0,14.9,25.3,20.1,0.0,0.0,0.0,0.0
COMOX A,49.71666666666667,-124.9,2017-08-08,48.0,86.0,13.2,25.7,19.5,0.0,0.0,0.0,0.0
COMOX A,49.71666666666667,-124.9,2017-08-09,52.0,84.0,16.3,27.1,21.7,0.0,0.0,0.0,0.0
COMOX A,49.71666666666667,-124.9,2017-08-10,53.0,83.0,15.7,26.6,21.2,0.0,0.0,0.0,0.0
COMOX A,49.71666666666667,-124.9,2017-08-11,56.0,87.0,15.0,25.7,20.4,0.0,0.0,0.0,0.0
COMOX A,49.71666666666667,-124.9,2017-08-12,65.0,91.0,15.5,21.5,18.5,6.4,6.4,0.0,0.0
COMOX A,49.71666666666667,-124.9,2017-08-13,44.0,95.0,14.3,21.3,17.8,0.0,0.0,0.0,0.0
COMOX A,49.71666666666667,-124.9,2017-08-14,45.0,77.0,12.1,20.6,16.4,0.0,0.0,0.0,0.0
COMOX A,49.71666666666667,-124.9,2017-08-15,36.0,67.0,14.6,24.0,19.3,0.0,0.0,0.0,0.0
COMOX A,49.71666666666667,-124.9,2017-08-16,54.0,79.0,14.4,23.4,18.9,0.0,0.0,0.0,0.0
COMOX A,49.71666666666667,-124.9,2017-08-17,52.0,84.0,13.3,23.9,18.6,0.0,0.0,0.0,0.0
COMOX A,49.71666666666667,-124.9,2017-08-18,53.0,85.0,15.7,21.6,18.7,0.0,0.0,0.0,0.0
COMOX A,49.71666666666667,-124.9,2017-08-19,42.0,73.0,11.5,22.4,17.0,0.0,0.0,0.0,0.0
COMOX A,49.71666666666667,-124.9,2017-08-20,42.0,70.0,14.7,24.2,19.5,0.0,0.0,0.0,0.0
COMOX A,49.71666666666667,-124.9,2017-08-21,41.0,79.0,14.1,27.4,20.8,0.0,0.0,0.0,0.0
COMOX A,49.71666666666667,-124.9,2017-08-22,55.0,84.0,16.1,26.8,21.5,0.0,0.0,0.0,0.0
COMOX A,49.71666666666667,-124.9,2017-08-23,61.0,81.0,16.6,22.0,19.3,0.0,0.0,0.0,0.0
COMOX A,49.71666666666667,-124.9,2017-08-24,41.0,70.0,12.1,21.5,16.8,0.0,0.0,0.0,0.0
COMOX A,49.71666666666667,-124.9,2017-08-25,38.0,80.0,14.1,22.8,18.5,0.0,0.0,0.0,0.0
COMOX A,49.71666666666667,-124.9,2017-08-26,40.0,86.0,11.8,24.2,18.0,0.0,0.0,0.0,0.0
COMOX A,49.71666666666667,-124.9,2017-08-27,36.0,78.0,14.6,29.4,22.0,0.0,0.0,0.0,0.0
COMOX A,49.71666666666667,-124.9,2017-08-28,35.0,78.0,15.1,28.4,21.8,0.0,0.0,0.0,0.0
COMOX A,49.71666666666667,-124.9,2017-08-29,37.0,84.0,13.8,29.3,21.6,0.0,0.0,0.0,0.0
COMOX A,49.71666666666667,-124.9,2017-08-30,53.0,90.0,15.2,22.9,19.1,0.0,0.0,0.0,0.0
COMOX A,49.71666666666667,-124.9,2017-08-31,46.0,84.0,14.3,23.1,18.7,0.0,0.0,0.0,0.0
COMOX A,49.71666666666667,-124.9,2017-09-01,51.0,78.0,12.9,23.5,18.2,0.0,0.0,0.0,0.0
COMOX A,49.71666666666667,-124.9,2017-09-02,38.0,79.0,14.2,26.9,20.6,0.0,0.0,0.0,0.0
COMOX A,49.71666666666667,-124.9,2017-09-03,31.0,87.0,15.9,31.3,23.6,0.0,0.0,0.0,0.0
COMOX A,49.71666666666667,-124.9,2017-09-04,32.0,78.0,16.0,31.7,23.9,0.0,0.0,0.0,0.0
COMOX A,49.71666666666667,-124.9,2017-09-05,44.0,70.0,19.0,26.8,22.9,0.0,0.0,0.0,0.0
COMOX A,49.71666666666667,-124.9,2017-09-06,50.0,85.0,17.2,25.7,21.5,0.0,0.0,0.0,0.0
COMOX A,49.71666666666667,-124.9,2017-09-07,78.0,91.0,17.0,20.9,19.0,1.6,1.6,0.0,0.0
COMOX A,49.71666666666667,-124.9,2017-09-08,60.0,91.0,14.0,21.0,17.5,0.0,0.0,0.0,0.0
COMOX A,49.71666666666667,-124.9,2017-09-09,68.0,92.0,13.5,17.6,15.6,1.8,1.8,0.0,0.0
COMOX A,49.71666666666667,-124.9,2017-09-10,72.0,95.0,11.9,18.5,15.2,0.0,0.0,0.0,0.0
COMOX A,49.71666666666667,-124.9,2017-09-11,53.0,85.0,13.4,23.0,18.2,0.0,0.0,0.0,0.0
COMOX A,49.71666666666667,-124.9,2017-09-12,52.0,88.0,13.6,20.3,17.0,0.0,0.0,0.0,0.0
COMOX A,49.71666666666667,-124.9,2017-09-13,32.0,69.0,12.5,21.7,17.1,0.0,0.0,0.0,0.0
COMOX A,49.71666666666667,-124.9,2017-09-14,18.0,68.0,11.3,24.2,17.8,0.0,0.0,0.0,0.0
COMOX A,49.71666666666667,-124.9,2017-09-15,36.0,64.0,9.2,20.9,15.1,0.0,0.0,0.0,0.0
COMOX A,49.71666666666667,-124.9,2017-09-16,43.0,72.0,10.4,20.4,15.4,0.0,0.0,0.0,0.0
COMOX A,49.71666666666667,-124.9,2017-09-17,54.0,95.0,9.1,16.3,12.7,7.6,7.6,0.0,0.0
COMOX A,49.71666666666667,-124.9,2017-09-18,60.0,99.0,5.2,15.0,10.1,6.0,6.0,0.0,0.0
COMOX A,49.71666666666667,-124.9,2017-09-19,66.0,98.0,8.1,13.9,11.0,9.4,9.4,0.0,0.0
COMOX A,49.71666666666667,-124.9,2017-09-20,57.0,95.0,7.1,15.8,11.5,0.0,0.0,0.0,0.0
COMOX A,49.71666666666667,-124.9,2017-09-21,42.0,95.0,7.1,20.1,13.6,0.0,0.0,0.0,0.0
COMOX A,49.71666666666667,-124.9,2017-09-22,38.0,81.0,6.5,19.4,13.0,0.0,0.0,0.0,0.0
COMOX A,49.71666666666667,-124.9,2017-09-23,57.0,89.0,9.4,17.3,13.4,0.0,0.0,0.0,0.0
COMOX A,49.71666666666667,-124.9,2017-09-24,62.0,86.0,12.6,18.2,15.4,0.0,0.0,0.0,0.0
COMOX A,49.71666666666667,-124.9,2017-09-25,85.0,96.0,13.1,15.6,14.4,5.4,5.4,0.0,0.0
COMOX A,49.71666666666667,-124.9,2017-09-26,74.0,97.0,12.5,19.4,16.0,0.0,0.0,0.0,0.0
COMOX A,49.71666666666667,-124.9,2017-09-27,71.0,99.0,9.8,19.6,14.7,0.0,0.0,0.0,0.0
COMOX A,49.71666666666667,-124.9,2017-09-28,54.0,98.0,9.6,19.9,14.8,0.0,0.0,0.0,0.0
COMOX A,49.71666666666667,-124.9,2017-09-29,47.0,98.0,9.5,21.3,15.4,2.6,2.6,0.0,0.0
COMOX A,49.71666666666667,-124.9,2017-09-30,73.0,99.0,7.5,13.8,10.7,1.0,1.0,0.0,0.0
COMOX A,49.71666666666667,-124.9,2017-10-01,53.0,90.0,7.9,16.8,12.4,0.0,0.0,0.0,0.0
COMOX A,49.71666666666667,-124.9,2017-10-02,26.0,70.0,9.9,19.6,14.8,0.0,0.0,0.0,0.0
COMOX A,49.71666666666667,-124.9,2017-10-03,34.0,85.0,3.9,17.1,10.5,0.0,0.0,0.0,0.0
COMOX A,49.71666666666667,-124.9,2017-10-04,46.0,86.0,3.7,16.7,10.2,0.0,0.0,0.0,0.0
COMOX A,49.71666666666667,-124.9,2017-10-05,60.0,95.0,3.8,15.9,9.9,0.0,0.0,0.0,0.0
COMOX A,49.71666666666667,-124.9,2017-10-06,54.0,95.0,6.1,18.7,12.4,0.2,0.2,0.0,0.0
COMOX A,49.71666666666667,-124.9,2017-10-07,72.0,99.0,4.6,14.7,9.7,2.4,2.4,0.0,0.0
COMOX A,49.71666666666667,-124.9,2017-10-08,60.0,99.0,6.8,14.6,10.7,0.0,0.0,0.0,0.0
COMOX A,49.71666666666667,-124.9,2017-10-09,72.0,98.0,4.8,13.4,9.1,0.0,0.0,0.0,0.0
COMOX A,49.71666666666667,-124.9,2017-10-10,67.0,99.0,7.3,11.7,9.5,4.4,4.4,0.0,0.0
COMOX A,49.71666666666667,-124.9,2017-10-11,57.0,100.0,6.4,12.9,9.7,5.6,5.6,0.0,0.0
COMOX A,49.71666666666667,-124.9,2017-10-12,74.0,97.0,5.2,11.3,8.3,6.2,6.2,0.0,0.0
COMOX A,49.71666666666667,-124.9,2017-10-13,52.0,95.0,2.9,12.6,7.8,0.0,0.0,0.0,0.0
COMOX A,49.71666666666667,-124.9,2017-10-14,77.0,92.0,3.4,9.9,6.7,0.4,0.4,0.0,0.0
COMOX A,49.71666666666667,-124.9,2017-10-15,76.0,99.0,8.4,12.5,10.5,0.0,0.0,0.0,0.0
COMOX A,49.71666666666667,-124.9,2017-10-16,87.0,100.0,8.7,12.6,10.7,7.2,7.2,0.0,0.0
COMOX A,49.71666666666667,-124.9,2017-10-17,61.0,100.0,6.5,13.6,10.1,14.2,14.2,0.0,0.0
COMOX A,49.71666666666667,-124.9,2017-10-18,69.0,100.0,6.3,12.5,9.4,28.6,28.6,0.0,0.0
COMOX A,49.71666666666667,-124.9,2017-10-19,69.0,97.0,7.3,12.4,9.9,2.6,2.6,0.0,0.0
COMOX A,49.71666666666667,-124.9,2017-10-20,79.0,99.0,4.1,11.0,7.6,0.6,0.6,0.0,0.0
COMOX A,49.71666666666667,-124.9,2017-10-21,76.0,100.0,6.0,9.9,8.0,14.4,14.4,0.0,0.0
COMOX A,49.71666666666667,-124.9,2017-10-22,55.0,100.0,4.3,15.7,10.0,2.6,2.6,0.0,0.0
COMOX A,49.71666666666667,-124.9,2017-10-23,84.0,100.0,4.4,12.2,8.3,0.0,0.0,0.0,0.0
COMOX A,49.71666666666667,-124.9,2017-10-24,71.0,99.0,7.7,13.9,10.8,0.0,0.0,0.0,0.0
COMOX A,49.71666666666667,-124.9,2017-10-25,71.0,100.0,7.4,13.7,10.6,0.9,0.9,0.0,0.0
COMOX A,49.71666666666667,-124.9,2017-10-26,67.0,96.0,4.9,13.3,9.1,0.0,0.0,0.0,0.0
COMOX A,49.71666666666667,-124.9,2017-10-27,58.0,99.0,3.7,15.2,9.5,0.0,0.0,0.0,0.0
COMOX A,49.71666666666667,-124.9,2017-10-28,72.0,100.0,4.0,15.1,9.6,0.0,0.0,0.0,0.0
COMOX A,49.71666666666667,-124.9,2017-10-29,70.0,100.0,4.9,15.4,10.2,0.0,0.0,0.0,0.0
COMOX A,49.71666666666667,-124.9,2017-10-30,38.0,100.0,1.6,13.9,7.8,0.0,0.0,0.0,0.0
COMOX A,49.71666666666667,-124.9,2017-10-31,62.0,97.0,2.6,13.1,7.9,0.0,0.0,0.0,0.0
COMOX A,49.71666666666667,-124.9,2017-11-01,64.0,99.0,3.4,12.6,8.0,0.0,0.0,0.0,0.0
COMOX A,49.71666666666667,-124.9,2017-11-02,76.0,100.0,-0.1,9.1,4.5,9.6,4.0,5.6,0.0
COMOX A,49.71666666666667,-124.9,2017-11-03,47.0,100.0,-1.4,4.1,1.4,0.0,0.0,0.0,2.0
COMOX A,49.71666666666667,-124.9,2017-11-04,76.0,100.0,-2.7,2.2,-0.3,2.8,0.8,2.0,0.0
COMOX A,49.71666666666667,-124.9,2017-11-05,44.0,99.0,-1.8,5.7,2.0,0.0,0.0,0.0,0.0
COMOX A,49.71666666666667,-124.9,2017-11-06,48.0,87.0,-4.1,6.1,1.0,0.0,0.0,0.0,0.0
COMOX A,49.71666666666667,-124.9,2017-11-07,61.0,88.0,0.1,8.2,4.2,0.0,0.0,0.0,0.0
COMOX A,49.71666666666667,-124.9,2017-11-08,72.0,97.0,2.6,8.2,5.4,1.2,1.2,0.0,0.0
COMOX A,49.71666666666667,-124.9,2017-11-09,82.0,100.0,5.3,8.2,6.8,3.4,3.4,0.0,0.0
COMOX A,49.71666666666667,-124.9,2017-11-10,93.0,100.0,5.3,8.8,7.1,0.2,0.2,0.0,0.0
COMOX A,49.71666666666667,-124.9,2017-11-11,86.0,100.0,6.1,9.2,7.7,5.4,5.4,0.0,0.0
COMOX A,49.71666666666667,-124.9,2017-11-12,92.0,99.0,8.5,9.5,9.0,7.0,7.0,0.0,0.0
COMOX A,49.71666666666667,-124.9,2017-11-13,65.0,100.0,3.0,10.4,6.7,36.6,36.6,0.0,0.0
COMOX A,49.71666666666667,-124.9,2017-11-14,64.0,100.0,3.4,9.0,6.2,31.4,31.4,0.0,0.0
COMOX A,49.71666666666667,-124.9,2017-11-15,72.0,97.0,3.4,8.3,5.9,18.3,18.3,0.0,0.0
COMOX A,49.71666666666667,-124.9,2017-11-16,76.0,99.0,0.8,7.8,4.3,2.2,2.2,0.0,0.0
COMOX A,49.71666666666667,-124.9,2017-11-17,69.0,95.0,1.9,8.6,5.3,0.0,0.0,0.0,0.0
COMOX A,49.71666666666667,-124.9,2017-11-18,85.0,94.0,7.1,8.9,8.0,3.4,3.4,0.0,0.0
COMOX A,49.71666666666667,-124.9,2017-11-19,92.0,99.0,7.2,8.4,7.8,55.6,55.6,0.0,0.0
COMOX A,49.71666666666667,-124.9,2017-11-20,83.0,100.0,2.1,8.4,5.3,13.0,13.0,0.0,0.0
COMOX A,49.71666666666667,-124.9,2017-11-21,92.0,100.0,2.2,7.6,4.9,30.6,30.6,0.0,0.0
COMOX A,49.71666666666667,-124.9,2017-11-22,94.0,100.0,6.6,13.6,10.1,10.9,10.9,0.0,0.0
COMOX A,49.71666666666667,-124.9,2017-11-23,53.0,94.0,7.5,13.5,10.5,0.4,0.4,0.0,0.0
COMOX A,49.71666666666667,-124.9,2017-11-24,62.0,92.0,6.8,10.1,8.5,0.7,0.7,0.0,0.0
COMOX A,49.71666666666667,-124.9,2017-11-25,83.0,99.0,7.5,9.7,8.6,13.6,13.6,0.0,0.0
COMOX A,49.71666666666667,-124.9,2017-11-26,53.0,99.0,4.9,12.2,8.6,18.4,18.4,0.0,0.0
COMOX A,49.71666666666667,-124.9,2017-11-27,74.0,99.0,-0.2,8.6,4.2,0.0,0.0,0.0,0.0
COMOX A,49.71666666666667,-124.9,2017-11-28,72.0,99.0,4.8,9.5,7.2,18.7,18.7,0.0,0.0
COMOX A,49.71666666666667,-124.9,2017-11-29,75.0,100.0,0.8,8.2,4.5,2.2,2.2,0.0,0.0
COMOX A,49.71666666666667,-124.9,2017-11-30,90.0,97.0,6.9,8.2,7.6,4.0,4.0,0.0,0.0
COMOX A,49.71666666666667,-124.9,2017-12-01,86.0,100.0,2.7,7.6,5.2,12.6,12.6,0.0,0.0
COMOX A,49.71666666666667,-124.9,2017-12-02,89.0,100.0,1.8,4.8,3.3,14.2,14.2,0.0,0.0
COMOX A,49.71666666666667,-124.9,2017-12-03,71.0,94.0,1.8,5.9,3.9,0.0,0.0,0.0,0.0
COMOX A,49.71666666666667,-124.9,2017-12-04,89.0,97.0,-0.6,4.9,2.2,0.0,0.0,0.0,0.0
COMOX A,49.71666666666667,-124.9,2017-12-05,87.0,100.0,0.5,5.3,2.9,0.0,0.0,0.0,0.0
COMOX A,49.71666666666667,-124.9,2017-12-06,99.0,100.0,-1.8,4.0,1.1,0.0,0.0,0.0,0.0
COMOX A,49.71666666666667,-124.9,2017-12-07,99.0,100.0,-0.3,2.7,1.2,0.0,0.0,0.0,0.0
COMOX A,49.71666666666667,-124.9,2017-12-08,100.0,100.0,-0.1,2.6,1.3,0.0,0.0,0.0,0.0
COMOX A,49.71666666666667,-124.9,2017-12-09,86.0,100.0,1.8,5.6,3.7,0.0,0.0,0.0,0.0
COMOX A,49.71666666666667,-124.9,2017-12-10,79.0,100.0,2.0,8.1,5.1,0.0,0.0,0.0,0.0
COMOX A,49.71666666666667,-124.9,2017-12-11,99.0,100.0,-0.9,4.8,2.0,0.0,0.0,0.0,0.0
COMOX A,49.71666666666667,-124.9,2017-12-12,84.0,100.0,1.4,7.8,4.6,0.0,0.0,0.0,0.0
COMOX A,49.71666666666667,-124.9,2017-12-13,84.0,100.0,0.2,8.0,4.1,0.0,0.0,0.0,0.0
COMOX A,49.71666666666667,-124.9,2017-12-14,100.0,100.0,0.4,4.4,2.4,1.0,1.0,0.0,0.0
COMOX A,49.71666666666667,-124.9,2017-12-15,73.0,100.0,2.1,8.9,5.5,0.0,0.0,0.0,0.0
COMOX A,49.71666666666667,-124.9,2017-12-16,76.0,97.0,2.8,7.2,5.0,2.4,2.4,0.0,0.0
COMOX A,49.71666666666667,-124.9,2017-12-17,95.0,100.0,5.7,6.9,6.3,9.7,9.7,0.0,0.0
COMOX A,49.71666666666667,-124.9,2017-12-18,88.0,100.0,1.2,5.9,3.6,0.4,0.4,0.0,0.0
COMOX A,49.71666666666667,-124.9,2017-12-19,62.0,100.0,1.6,4.9,3.3,18.8,18.8,0.0,0.0
COMOX A,49.71666666666667,-124.9,2017-12-20,39.0,90.0,-1.9,6.1,2.1,0.0,0.0,0.0,0.0
COMOX A,49.71666666666667,-124.9,2017-12-21,83.0,93.0,-2.5,3.3,0.4,0.0,0.0,0.0,0.0
COMOX A,49.71666666666667,-124.9,2017-12-22,52.0,100.0,-1.7,4.1,1.2,0.2,0.2,0.0,0.0
COMOX A,49.71666666666667,-124.9,2017-12-23,50.0,79.0,-5.2,3.3,-1.0,0.0,0.0,0.0,0.0
COMOX A,49.71666666666667,-124.9,2017-12-24,77.0,100.0,-4.4,1.2,-1.6,3.5,0.0,3.0,0.0
COMOX A,49.71666666666667,-124.9,2017-12-25,88.0,100.0,-0.9,1.4,0.3,1.0,0.0,1.4,4.0
COMOX A,49.71666666666667,-124.9,2017-12-26,92.0,100.0,0.1,1.9,1.0,0.0,0.0,0.0,1.0
COMOX A,49.71666666666667,-124.9,2017-12-27,97.0,100.0,0.6,2.4,1.5,5.4,5.4,0.0,0.0
COMOX A,49.71666666666667,-124.9,2017-12-28,98.0,100.0,1.3,5.0,3.2,11.4,11.4,0.0,0.0
COMOX A,49.71666666666667,-124.9,2017-12-29,99.0,100.0,0.1,2.9,1.5,10.0,1.2,7.0,0.0
COMOX A,49.71666666666667,-124.9,2017-12-30,81.0,100.0,-2.0,2.5,0.3,0.4,0.0,0.0,3.0
COMOX A,49.71666666666667,-124.9,2017-12-31,82.0,100.0,-1.3,1.8,0.3,0.2,0.0,0.0,2.0
COMOX A,49.71666666666667,-124.9,2018-01-01,73.0,100.0,-3.1,4.3,0.6,0.0,0.0,0.0,1.0
COMOX A,49.71666666666667,-124.9,2018-01-02,91.0,100.0,-2.4,2.6,0.1,0.0,0.0,0.0,1.0
COMOX A,49.71666666666667,-124.9,2018-01-03,93.0,100.0,-0.9,1.9,0.5,0.0,0.0,0.0,1.0
COMOX A,49.71666666666667,-124.9,2018-01-04,99.0,100.0,-0.9,3.6,1.4,1.8,1.8,0.0,1.0
COMOX A,49.71666666666667,-124.9,2018-01-05,95.0,100.0,2.8,7.2,5.0,6.3,6.3,0.0,0.0
COMOX A,49.71666666666667,-124.9,2018-01-27,84.0,100.0,-0.3,5.5,2.6,19.0,11.6,6.4,0.0
COMOX A,49.71666666666667,-124.9,2018-01-28,96.0,100.0,1.9,8.8,5.4,50.4,50.4,0.0,0.0
COMOX A,49.71666666666667,-124.9,2018-02-18,37.0,100.0,-3.0,1.8,-0.6,14.8,0.0,15.0,15.0
COMOX A,49.71666666666667,-124.9,2018-02-19,44.0,69.0,-4.7,1.1,-1.8,0.0,0.0,0.0,3.0
COMOX A,49.71666666666667,-124.9,2018-02-20,58.0,95.0,-3.0,3.0,0.0,0.0,0.0,0.0,2.0
COMOX A,49.71666666666667,-124.9,2018-02-21,58.0,100.0,-4.9,0.5,-2.2,3.2,0.0,3.2,1.0
COMOX A,49.71666666666667,-124.9,2018-02-23,69.0,96.0,-3.2,2.2,-0.5,0.0,0.0,0.0,3.0
COMOX A,49.71666666666667,-124.9,2018-02-24,76.0,100.0,0.4,6.0,3.2,0.0,0.0,0.0,0.0
COMOX A,49.71666666666667,-124.9,2018-02-25,70.0,99.0,-0.7,6.3,2.8,0.2,0.2,0.0,0.0
COMOX A,49.71666666666667,-124.9,2019-01-08,85.0,100.0,-1.9,1.2,-0.4,15.6,0.0,12.8,0.0
COMOX A,49.71666666666667,-124.9,2019-01-09,96.0,100.0,0.2,8.6,4.4,36.2,36.2,0.0,8.0
COMOX A,49.71666666666667,-124.9,2019-02-03,80.0,100.0,-5.9,1.7,-2.1,2.4,0.0,3.6,0.0
COMOX A,49.71666666666667,-124.9,2019-02-05,64.0,100.0,-4.8,1.8,-1.5,0.0,0.0,0.0,0.0
COMOX A,49.71666666666667,-124.9,2019-02-06,67.0,94.0,-5.2,3.4,-0.9,0.0,0.0,0.0,0.0
COMOX A,49.71666666666667,-124.9,2019-02-07,69.0,97.0,-2.0,3.5,0.8,0.0,0.0,0.0,0.0
COMOX A,49.71666666666667,-124.9,2019-02-08,44.0,100.0,-2.1,1.2,-0.5,4.3,0.0,4.3,0.0
COMOX A,49.71666666666667,-124.9,2019-02-09,31.0,57.0,-5.5,2.5,-1.5,0.0,0.0,0.0,4.0
COMOX A,49.71666666666667,-124.9,2019-02-10,37.0,100.0,-6.3,0.3,-3.0,5.4,0.0,5.4,0.0
COMOX A,49.71666666666667,-124.9,2019-02-11,71.0,100.0,-9.3,-0.8,-5.1,5.4,0.0,6.8,5.0
COMOX A,49.71666666666667,-124.9,2019-02-12,92.0,100.0,-3.7,-0.5,-2.1,5.6,0.0,8.0,11.0
COMOX A,49.71666666666667,-124.9,2019-02-13,70.0,100.0,-5.2,1.8,-1.7,0.0,0.0,0.4,15.0
COMOX A,49.71666666666667,-124.9,2019-02-14,88.0,100.0,-5.7,1.6,-2.1,4.0,0.2,4.0,6.0
COMOX A,49.71666666666667,-124.9,2019-02-15,98.0,100.0,-0.3,3.5,1.6,4.5,0.6,4.1,12.0
COMOX A,49.71666666666667,-124.9,2019-02-16,78.0,100.0,1.6,2.8,2.2,0.6,0.6,0.0,6.0
COMOX A,49.71666666666667,-124.9,2019-02-17,69.0,92.0,0.9,5.3,3.1,0.0,0.0,0.0,3.0
COMOX A,49.71666666666667,-124.9,2019-02-18,73.0,100.0,-1.8,3.6,0.9,0.0,0.0,0.0,3.0
COMOX A,49.71666666666667,-124.9,2019-02-19,81.0,100.0,0.0,3.7,1.9,2.7,2.7,0.0,1.0
COMOX A,49.71666666666667,-124.9,2019-02-20,64.0,100.0,0.1,5.8,3.0,0.0,0.0,0.0,0.0
COMOX A,49.71666666666667,-124.9,2019-02-21,62.0,96.0,-2.7,4.8,1.1,0.0,0.0,0.0,0.0
COMOX A,49.71666666666667,-124.9,2019-02-22,79.0,100.0,-1.1,6.1,2.5,2.2,2.2,0.0,0.0
COMOX A,49.71666666666667,-124.9,2020-01-13,50.0,75.0,-5.8,-3.1,-4.5,0.0,0.0,0.0,0.0
COMOX A,49.71666666666667,-124.9,2020-01-14,64.0,78.0,-5.6,-4.2,-4.9,0.0,0.0,0.0,0.0
COMOX A,49.71666666666667,-124.9,2020-01-15,80.0,94.0,-6.4,-4.9,-5.7,27.0,0.0,34.8,1.0
COMOX A,49.71666666666667,-124.9,2020-01-16,53.0,95.0,-5.9,5.4,-0.3,8.8,1.0,11.0,40.0
COMOX A,49.71666666666667,-124.9,2020-01-17,79.0,96.0,-4.3,2.8,-0.8,1.4,1.4,0.0,15.0
COMOX A,49.71666666666667,-124.9,2020-01-18,89.0,97.0,1.8,7.3,4.6,38.0,38.0,0.0,9.0
COMOX A,49.71666666666667,-124.9,2020-01-19,88.0,96.0,6.9,7.7,7.3,11.0,11.0,0.0,0.0
COMOX A,49.71666666666667,-124.9,2020-02-05,94.0,98.0,0.3,3.4,1.9,15.2,14.2,1.0,0.0
COMOX A,49.71666666666667,-124.9,2020-03-07,80.0,97.0,-0.9,3.8,1.5,9.8,7.0,2.8,3.0
COMOX A,49.71666666666667,-124.9,2020-11-16,83.0,97.0,0.2,5.9,3.1,25.4,20.8,2.4,2.0
COMOX A,49.71666666666667,-124.9,2021-01-24,88.0,96.0,0.3,3.2,1.8,20.4,18.0,1.0,0.0
COMOX A,49.71666666666667,-124.9,2021-01-26,46.0,96.0,1.3,5.5,3.4,0.6,0.6,0.0,0.0
COMOX A,49.71666666666667,-124.9,2021-01-27,71.0,97.0,0.1,3.7,1.9,14.8,12.6,2.2,2.0
COMOX A,49.71666666666667,-124.9,2021-02-10,51.0,93.0,-1.5,0.7,-0.4,0.2,0.0,0.4,0.0
COMOX A,49.71666666666667,-124.9,2021-02-11,41.0,84.0,-4.1,-0.8,-2.5,0.6,0.0,1.4,0.0
COMOX A,49.71666666666667,-124.9,2021-02-12,37.0,82.0,-4.3,0.0,-2.2,0.0,0.0,0.0,0.0
COMOX A,49.71666666666667,-124.9,2021-02-13,81.0,95.0,-3.4,0.1,-1.7,20.4,0.0,16.0,11.0
COMOX A,49.71666666666667,-124.9,2021-02-14,80.0,97.0,-1.0,2.0,0.5,8.8,1.8,3.0,12.0
COMOX A,49.71666666666667,-124.9,2021-02-15,87.0,98.0,0.1,3.9,2.0,10.2,9.8,0.4,8.0
COMOX A,49.71666666666667,-124.9,2021-02-16,59.0,96.0,0.4,7.5,4.0,0.0,0.0,0.0,7.0
COMOX A,49.71666666666667,-124.9,2021-02-17,57.0,89.0,1.5,5.9,3.7,0.0,0.0,0.0,2.0
COMOX A,49.71666666666667,-124.9,2021-02-18,74.0,92.0,1.5,4.7,3.1,4.2,4.2,0.0,0.0
COMOX A,49.71666666666667,-124.9,2021-02-19,66.0,96.0,-1.5,8.4,3.5,0.0,0.0,0.0,0.0
COMOX A,49.71666666666667,-124.9,2021-02-20,63.0,93.0,-0.9,7.6,3.4,0.0,0.0,0.0,0.0
COMOX A,49.71666666666667,-124.9,2021-12-05,51.0,95.0,0.1,3.8,2.0,1.2,0.0,1.2,1.0
COMOX A,49.71666666666667,-124.9,2021-12-06,94.0,97.0,0.1,1.5,0.8,30.2,21.8,8.8,5.0
COMOX A,49.71666666666667,-124.9,2021-12-07,95.0,97.0,1.0,5.8,3.4,1.8,1.8,0.0,6.0
COMOX A,49.71666666666667,-124.9,2021-12-08,66.0,97.0,0.0,7.5,3.8,0.0,0.0,0.0,0.0
COMOX A,49.71666666666667,-124.9,2021-12-24,75.0,97.0,-1.0,3.0,1.0,21.2,9.0,12.0,3.0
COMOX A,49.71666666666667,-124.9,2021-12-25,78.0,92.0,-6.4,-1.0,-3.7,8.4,0.0,9.8,11.0
COMOX A,49.71666666666667,-124.9,2021-12-26,57.0,82.0,-9.4,-6.4,-7.9,0.4,0.0,3.5,18.0
COMOX A,49.71666666666667,-124.9,2021-12-27,55.0,89.0,-11.0,-6.8,-8.9,1.4,0.0,5.0,18.0
COMOX A,49.71666666666667,-124.9,2021-12-28,79.0,90.0,-7.1,-3.6,-5.4,0.2,0.0,0.6,14.0
COMOX A,49.71666666666667,-124.9,2021-12-29,55.0,89.0,-10.6,-2.0,-6.3,0.2,0.0,0.4,13.0
COMOX A,49.71666666666667,-124.9,2021-12-30,66.0,92.0,-4.5,0.1,-2.2,4.0,0.0,7.0,15.0
COMOX A,49.71666666666667,-124.9,2021-12-31,57.0,89.0,-7.0,-0.4,-3.7,0.0,0.0,0.0,13.0
COMOX A,49.71666666666667,-124.9,2022-01-01,63.0,93.0,-5.4,2.4,-1.5,4.8,4.4,0.4,12.0
COMOX A,49.71666666666667,-124.9,2022-01-02,84.0,94.0,1.9,6.0,4.0,28.6,26.8,0.6,1.0
COMOX A,49.71666666666667,-124.9,2022-01-03,63.0,91.0,1.5,5.9,3.7,0.4,0.4,0.0,0.0
COMOX A,49.71666666666667,-124.9,2022-01-04,73.0,96.0,-0.3,3.6,1.7,7.8,7.4,0.0,0.0
COMOX A,49.71666666666667,-124.9,2022-01-05,76.0,95.0,-3.1,0.2,-1.5,8.0,0.0,8.2,0.0
COMOX A,49.71666666666667,-124.9,2022-01-06,92.0,97.0,-0.7,3.8,1.6,19.6,4.0,11.8,22.0
COMOX A,49.71666666666667,-124.9,2022-01-07,60.0,96.0,-1.2,2.2,0.5,1.2,1.2,0.0,7.0
COMOX A,49.71666666666667,-124.9,2022-01-08,76.0,91.0,-3.5,5.0,0.8,0.8,0.8,0.0,5.0
COMOX A,49.71666666666667,-124.9,2022-01-09,80.0,96.0,0.5,7.2,3.9,0.0,0.0,0.0,1.0
COMOX A,49.71666666666667,-124.9,2022-01-10,79.0,96.0,-0.3,7.4,3.6,20.0,20.0,0.0,0.0
COMOX A,49.71666666666667,-124.9,2022-01-11,83.0,96.0,7.0,9.5,8.3,17.4,17.4,0.0,0.0
COMOX A,49.71666666666667,-124.9,2022-02-26,60.0,96.0,-1.2,5.7,2.3,27.6,24.8,1.0,0.0
COMOX A,49.71666666666667,-124.9,2022-04-12,39.0,95.0,0.4,8.3,4.4,20.0,12.2,2.0,1.0
COMOX A,49.71666666666667,-124.9,2022-11-29,61.0,95.0,-2.2,3.6,0.7,11.2,7.0,4.4,0.0
COMOX A,49.71666666666667,-124.9,2022-11-30,63.0,92.0,-1.7,5.0,1.7,2.4,1.4,1.0,0.0
COMOX A,49.71666666666667,-124.9,2022-12-01,51.0,86.0,-7.1,-1.7,-4.4,0.2,0.0,1.2,1.0
COMOX A,49.71666666666667,-124.9,2022-12-02,75.0,95.0,-4.7,1.3,-1.7,17.4,0.0,17.0,1.0
COMOX A,49.71666666666667,-124.9,2022-12-03,82.0,96.0,-1.4,1.5,0.1,1.2,0.0,1.0,12.0
COMOX A,49.71666666666667,-124.9,2022-12-04,65.0,95.0,-5.3,2.6,-1.4,0.0,0.0,0.0,10.0
COMOX A,49.71666666666667,-124.9,2022-12-05,85.0,95.0,-3.1,1.9,-0.6,0.0,0.0,0.0,10.0
COMOX A,49.71666666666667,-124.9,2022-12-06,84.0,94.0,0.4,3.5,2.0,0.0,0.0,0.0,10.0
COMOX A,49.71666666666667,-124.9,2022-12-07,81.0,94.0,1.4,6.1,3.8,3.0,3.0,0.0,8.0
COMOX A,49.71666666666667,-124.9,2022-12-08,61.0,90.0,0.1,6.9,3.5,7.0,7.0,0.0,0.0
COMOX A,49.71666666666667,-124.9,2022-12-09,74.0,93.0,-2.0,5.0,1.5,12.4,12.4,0.0,0.0
COMOX A,49.71666666666667,-124.9,2022-12-10,83.0,96.0,2.1,4.3,3.2,56.8,56.8,0.0,0.0
COMOX A,49.71666666666667,-124.9,2022-12-11,73.0,96.0,2.0,5.6,3.8,0.0,0.0,0.0,0.0
COMOX A,49.71666666666667,-124.9,2022-12-12,67.0,89.0,-0.1,4.8,2.4,0.0,0.0,0.0,0.0
COMOX A,49.71666666666667,-124.9,2022-12-13,79.0,92.0,-0.4,4.4,2.0,0.0,0.0,0.0,0.0
COMOX A,49.71666666666667,-124.9,2022-12-18,44.0,94.0,-6.7,1.3,-2.7,0.0,0.0,0.0,0.0
COMOX A,49.71666666666667,-124.9,2022-12-19,45.0,89.0,-7.4,-6.0,-6.7,3.6,0.0,5.2,0.0
COMOX A,49.71666666666667,-124.9,2022-12-20,69.0,90.0,-7.9,-4.6,-6.3,5.8,0.0,6.0,12.0
COMOX A,49.71666666666667,-124.9,2022-12-21,56.0,79.0,-10.0,-5.5,-7.8,0.0,0.0,0.0,9.0
COMOX A,49.71666666666667,-124.9,2022-12-22,53.0,89.0,-6.1,-3.8,-5.0,3.8,0.0,4.0,8.0
COMOX A,49.71666666666667,-124.9,2022-12-23,89.0,94.0,-5.8,3.7,-1.1,19.0,2.2,9.4,16.0
COMOX A,49.71666666666667,-124.9,2022-12-24,93.0,97.0,3.4,7.9,5.7,37.4,37.4,0.0,10.0
COMOX A,49.71666666666667,-124.9,2022-12-25,92.0,97.0,2.6,8.7,5.7,15.8,15.8,0.0,0.0
COMOX A,49.71666666666667,-124.9,2023-01-31,69.0,96.0,-0.7,1.7,0.5,6.6,4.8,2.0,0.0
COMOX A,49.71666666666667,-124.9,2023-02-22,33.0,74.0,-4.5,2.0,-1.3,0.0,0.0,0.0,0.0
COMOX A,49.71666666666667,-124.9,2023-02-23,28.0,71.0,-5.2,1.0,-2.1,0.0,0.0,0.2,0.0
COMOX A,49.71666666666667,-124.9,2023-02-25,65.0,93.0,-3.0,1.6,-0.7,3.8,1.0,3.0,0.0
COMOX A,49.71666666666667,-124.9,2023-02-26,57.0,95.0,0.0,5.6,2.8,1.0,0.2,1.0,1.0
COMOX A,49.71666666666667,-124.9,2023-02-27,59.0,92.0,-1.2,3.4,1.1,0.8,0.0,1.0,0.0
COMOX A,49.71666666666667,-124.9,2023-03-04,86.0,96.0,0.2,4.1,2.2,15.8,11.4,1.0,0.0
COMOX A,49.71666666666667,-124.9,2023-03-06,75.0,96.0,0.4,4.4,2.4,5.2,3.2,0.4,0.0
CRANBROOK A,49.61222222222222,-115.78194444444443,2018-11-07,69.0,96.0,-4.4,1.8,-1.3,4.0,0.0,4.0,3.0
CRANBROOK A,49.61222222222222,-115.78194444444443,2018-11-08,63.0,93.0,-9.0,-0.2,-4.6,0.0,0.0,0.0,2.0
CRANBROOK A,49.61222222222222,-115.78194444444443,2018-11-09,82.0,96.0,-6.4,-0.7,-3.6,1.2,0.0,1.2,2.0
CRANBROOK A,49.61222222222222,-115.78194444444443,2018-11-10,67.0,96.0,-3.8,1.2,-1.3,0.0,0.0,0.0,3.0
CRANBROOK A,49.61222222222222,-115.78194444444443,2018-11-13,65.0,95.0,-6.2,1.9,-2.2,0.0,0.0,0.0,1.0
CRANBROOK A,49.61222222222222,-115.78194444444443,2018-11-14,67.0,91.0,-4.7,4.1,-0.3,0.0,0.0,0.0,1.0
CRANBROOK A,49.61222222222222,-115.78194444444443,2018-11-15,64.0,96.0,-3.8,6.1,1.2,0.0,0.0,0.0,1.0
CRANBROOK A,49.61222222222222,-115.78194444444443,2018-11-23,65.0,97.0,-1.9,6.0,2.1,0.4,0.0,0.4,0.0
CRANBROOK A,49.61222222222222,-115.78194444444443,2018-11-26,56.0,89.0,-2.9,3.4,0.3,0.2,0.0,0.2,0.0
CRANBROOK A,49.61222222222222,-115.78194444444443,2018-11-27,88.0,97.0,-1.4,3.7,1.2,0.6,0.0,0.6,0.0
CRANBROOK A,49.61222222222222,-115.78194444444443,2018-11-29,90.0,97.0,-2.6,1.0,-0.8,1.0,0.0,1.0,0.0
CRANBROOK A,49.61222222222222,-115.78194444444443,2018-11-30,82.0,97.0,-1.0,1.4,0.2,2.2,0.0,2.2,0.0
CRANBROOK A,49.61222222222222,-115.78194444444443,2018-12-01,88.0,97.0,-3.2,0.2,-1.5,4.2,0.0,5.0,6.0
CRANBROOK A,49.61222222222222,-115.78194444444443,2018-12-02,81.0,96.0,-3.8,-0.6,-2.2,3.4,0.0,6.0,12.0
CRANBROOK A,49.61222222222222,-115.78194444444443,2018-12-03,77.0,93.0,-4.6,-1.9,-3.3,0.4,0.0,0.4,12.0
CRANBROOK A,49.61222222222222,-115.78194444444443,2018-12-04,75.0,94.0,-14.4,-4.2,-9.3,0.0,0.0,0.0,11.0
CRANBROOK A,49.61222222222222,-115.78194444444443,2018-12-05,60.0,89.0,-15.4,-4.5,-10.0,0.2,0.0,0.2,11.0
CRANBROOK A,49.61222222222222,-115.78194444444443,2018-12-06,78.0,89.0,-17.6,-9.1,-13.4,0.0,0.0,0.0,10.0
CRANBROOK A,49.61222222222222,-115.78194444444443,2018-12-07,72.0,84.0,-12.2,-9.4,-10.8,0.4,0.0,0.4,9.0
CRANBROOK A,49.61222222222222,-115.78194444444443,2018-12-08,74.0,80.0,-12.3,-9.0,-10.7,0.6,0.0,0.6,9.0
CRANBROOK A,49.61222222222222,-115.78194444444443,2018-12-10,75.0,95.0,-11.3,-1.1,-6.2,0.0,0.0,0.0,9.0
CRANBROOK A,49.61222222222222,-115.78194444444443,2018-12-11,77.0,97.0,-10.7,0.8,-5.0,4.8,0.0,5.2,8.0
CRANBROOK A,49.61222222222222,-115.78194444444443,2018-12-12,51.0,97.0,-6.6,3.9,-1.4,0.6,0.0,1.0,14.0
CRANBROOK A,49.61222222222222,-115.78194444444443,2018-12-13,71.0,93.0,-0.9,2.6,0.9,0.4,0.0,0.4,12.0
CRANBROOK A,49.61222222222222,-115.78194444444443,2018-12-14,52.0,86.0,-2.3,4.5,1.1,0.0,0.0,0.0,11.0
CRANBROOK A,49.61222222222222,-115.78194444444443,2018-12-15,50.0,83.0,-2.6,4.1,0.8,0.0,0.0,0.0,10.0
CRANBROOK A,49.61222222222222,-115.78194444444443,2018-12-16,79.0,97.0,-4.3,0.0,-2.2,1.0,0.0,1.0,9.0
CRANBROOK A,49.61222222222222,-115.78194444444443,2018-12-17,61.0,96.0,-2.7,6.9,2.1,0.0,0.0,0.0,9.0
CRANBROOK A,49.61222222222222,-115.78194444444443,2018-12-18,75.0,95.0,0.7,4.3,2.5,4.4,4.4,0.0,4.0
CRANBROOK A,49.61222222222222,-115.78194444444443,2018-12-19,55.0,94.0,-1.6,6.0,2.2,0.0,0.0,0.0,0.0
CRANBROOK A,49.61222222222222,-115.78194444444443,2018-12-20,77.0,92.0,-2.0,3.6,0.8,2.6,1.6,1.0,0.0
CRANBROOK A,49.61222222222222,-115.78194444444443,2018-12-21,36.0,91.0,-6.2,2.8,-1.7,0.0,0.0,0.0,0.0
CRANBROOK A,49.61222222222222,-115.78194444444443,2018-12-22,54.0,86.0,-12.2,-4.3,-8.3,0.0,0.0,0.0,0.0
CRANBROOK A,49.61222222222222,-115.78194444444443,2018-12-23,77.0,90.0,-7.4,-2.5,-5.0,1.6,0.0,1.8,0.0
CRANBROOK A,49.61222222222222,-115.78194444444443,2018-12-24,73.0,88.0,-5.4,-1.4,-3.4,0.0,0.0,0.0,1.0
CRANBROOK A,49.61222222222222,-115.78194444444443,2018-12-25,70.0,91.0,-5.5,-1.5,-3.5,0.0,0.0,0.0,1.0
CRANBROOK A,49.61222222222222,-115.78194444444443,2018-12-26,79.0,91.0,-10.4,-4.2,-7.3,0.4,0.0,0.4,1.0
CRANBROOK A,49.61222222222222,-115.78194444444443,2018-12-27,66.0,93.0,-11.3,-2.6,-7.0,1.0,0.0,1.2,2.0
CRANBROOK A,49.61222222222222,-115.78194444444443,2018-12-28,76.0,91.0,-9.1,-5.2,-7.2,0.0,0.0,0.0,2.0
CRANBROOK A,49.61222222222222,-115.78194444444443,2018-12-29,78.0,96.0,-7.2,1.9,-2.7,0.2,0.0,0.4,2.0
CRANBROOK A,49.61222222222222,-115.78194444444443,2018-12-30,54.0,94.0,-6.7,1.1,-2.8,0.2,0.0,0.2,2.0
CRANBROOK A,49.61222222222222,-115.78194444444443,2018-12-31,50.0,78.0,-12.4,-4.5,-8.5,0.2,0.0,0.2,2.0
CRANBROOK A,49.61222222222222,-115.78194444444443,2019-01-01,74.0,88.0,-13.0,-7.3,-10.2,0.7,0.0,0.7,2.0
CRANBROOK A,49.61222222222222,-115.78194444444443,2019-01-02,62.0,85.0,-7.6,0.2,-3.7,0.2,0.0,0.2,2.0
CRANBROOK A,49.61222222222222,-115.78194444444443,2019-01-05,70.0,95.0,-4.2,3.0,-0.6,0.0,0.0,0.0,0.0
CRANBROOK A,49.61222222222222,-115.78194444444443,2019-01-06,52.0,96.0,-6.6,4.2,-1.2,1.0,0.0,1.4,0.0
CRANBROOK A,49.61222222222222,-115.78194444444443,2019-01-08,52.0,90.0,-13.0,-2.9,-8.0,2.0,0.0,2.0,0.0
CRANBROOK A,49.61222222222222,-115.78194444444443,2019-01-09,87.0,93.0,-7.2,-3.6,-5.4,5.0,0.0,7.4,7.0
CRANBROOK A,49.61222222222222,-115.78194444444443,2019-01-10,76.0,97.0,-4.3,5.7,0.7,0.6,0.0,1.0,10.0
CRANBROOK A,49.61222222222222,-115.78194444444443,2019-01-11,85.0,98.0,-6.8,1.8,-2.5,0.0,0.0,0.0,9.0
CRANBROOK A,49.61222222222222,-115.78194444444443,2019-01-12,78.0,98.0,-3.7,-0.1,-1.9,0.0,0.0,0.0,4.0
CRANBROOK A,49.61222222222222,-115.78194444444443,2019-01-14,81.0,90.0,-7.1,-3.4,-5.3,0.0,0.0,0.0,4.0
CRANBROOK A,49.61222222222222,-115.78194444444443,2019-01-15,83.0,92.0,-10.2,-6.9,-8.6,0.0,0.0,0.0,4.0
CRANBROOK A,49.61222222222222,-115.78194444444443,2019-01-16,76.0,93.0,-11.0,-7.8,-9.4,0.0,0.0,0.0,4.0
CRANBROOK A,49.61222222222222,-115.78194444444443,2019-01-17,80.0,92.0,-8.9,-5.9,-7.4,6.2,0.0,8.4,4.0
CRANBROOK A,49.61222222222222,-115.78194444444443,2019-01-18,77.0,97.0,-7.5,-0.5,-4.0,0.2,0.0,0.2,14.0
CRANBROOK A,49.61222222222222,-115.78194444444443,2019-01-19,82.0,97.0,-5.1,2.4,-1.4,0.0,0.0,0.2,14.0
CRANBROOK A,49.61222222222222,-115.78194444444443,2019-01-20,75.0,95.0,-10.6,-0.6,-5.6,0.0,0.0,0.0,11.0
CRANBROOK A,49.61222222222222,-115.78194444444443,2019-01-21,53.0,91.0,-11.9,-0.3,-6.1,0.0,0.0,0.0,11.0
CRANBROOK A,49.61222222222222,-115.78194444444443,2019-01-22,63.0,90.0,-14.5,0.6,-7.0,0.0,0.0,0.0,10.0
CRANBROOK A,49.61222222222222,-115.78194444444443,2019-01-23,71.0,96.0,-6.7,0.7,-3.0,2.6,0.0,2.8,11.0
CRANBROOK A,49.61222222222222,-115.78194444444443,2019-01-24,75.0,93.0,-12.5,-1.6,-7.1,0.0,0.0,0.0,12.0
CRANBROOK A,49.61222222222222,-115.78194444444443,2019-01-25,72.0,95.0,-11.7,-0.8,-6.3,0.0,0.0,0.0,12.0
CRANBROOK A,49.61222222222222,-115.78194444444443,2019-01-27,35.0,96.0,-9.3,7.6,-0.9,0.0,0.0,0.2,12.0
CRANBROOK A,49.61222222222222,-115.78194444444443,2019-01-28,52.0,90.0,-7.4,0.4,-3.5,0.2,0.0,0.2,11.0
CRANBROOK A,49.61222222222222,-115.78194444444443,2019-01-30,64.0,89.0,-16.1,-5.0,-10.6,0.0,0.0,0.0,10.0
CRANBROOK A,49.61222222222222,-115.78194444444443,2019-01-31,59.0,90.0,-12.8,1.8,-5.5,0.0,0.0,0.0,10.0
CRANBROOK A,49.61222222222222,-115.78194444444443,2019-02-01,57.0,92.0,-2.4,5.3,1.5,0.4,0.4,0.0,9.0
CRANBROOK A,49.61222222222222,-115.78194444444443,2019-02-02,49.0,91.0,-2.6,7.1,2.3,0.2,0.2,0.0,2.0
CRANBROOK A,49.61222222222222,-115.78194444444443,2019-02-03,50.0,78.0,-15.8,-0.8,-8.3,0.0,0.0,0.0,0.0
CRANBROOK A,49.61222222222222,-115.78194444444443,2019-02-05,44.0,79.0,-21.4,-10.5,-16.0,0.0,0.0,0.0,0.0
CRANBROOK A,49.61222222222222,-115.78194444444443,2019-02-06,44.0,84.0,-17.1,-7.4,-12.3,0.4,0.0,0.4,0.0
CRANBROOK A,49.61222222222222,-115.78194444444443,2019-02-07,57.0,81.0,-19.3,-9.0,-14.2,0.0,0.0,0.0,0.0
CRANBROOK A,49.61222222222222,-115.78194444444443,2019-02-08,51.0,82.0,-14.9,-8.7,-11.8,0.8,0.0,0.8,0.0
CRANBROOK A,49.61222222222222,-115.78194444444443,2019-02-09,41.0,75.0,-20.4,-13.2,-16.8,0.0,0.0,0.0,1.0
CRANBROOK A,49.61222222222222,-115.78194444444443,2019-02-10,49.0,81.0,-24.7,-14.6,-19.7,1.4,0.0,1.6,1.0
CRANBROOK A,49.61222222222222,-115.78194444444443,2019-02-11,53.0,84.0,-18.7,-8.9,-13.8,0.4,0.0,0.6,4.0
CRANBROOK A,49.61222222222222,-115.78194444444443,2019-02-12,74.0,88.0,-13.3,-9.2,-11.3,12.4,0.0,13.2,6.0
CRANBROOK A,49.61222222222222,-115.78194444444443,2019-02-13,67.0,91.0,-22.2,-4.8,-13.5,0.4,0.0,0.4,17.0
CRANBROOK A,49.61222222222222,-115.78194444444443,2019-02-14,65.0,88.0,-22.6,-6.8,-14.7,1.2,0.0,1.2,15.0
CRANBROOK A,49.61222222222222,-115.78194444444443,2019-02-15,83.0,94.0,-8.2,-3.8,-6.0,2.6,0.0,2.6,17.0
CRANBROOK A,49.61222222222222,-115.78194444444443,2019-02-16,76.0,94.0,-9.3,-1.4,-5.4,3.6,0.0,3.2,16.0
CRANBROOK A,49.61222222222222,-115.78194444444443,2019-02-17,37.0,90.0,-19.1,-5.5,-12.3,0.4,0.0,0.4,18.0
CRANBROOK A,49.61222222222222,-115.78194444444443,2019-02-18,46.0,83.0,-23.9,-8.6,-16.3,0.0,0.0,0.0,18.0
CRANBROOK A,49.61222222222222,-115.78194444444443,2019-02-19,61.0,88.0,-23.3,-9.3,-16.3,2.6,0.0,4.0,17.0
CRANBROOK A,49.61222222222222,-115.78194444444443,2019-02-20,60.0,88.0,-16.4,-4.5,-10.5,1.2,0.0,1.2,20.0
CRANBROOK A,49.61222222222222,-115.78194444444443,2019-02-21,42.0,91.0,-20.3,-3.4,-11.9,0.2,0.0,0.2,19.0
CRANBROOK A,49.61222222222222,-115.78194444444443,2019-02-22,51.0,89.0,-16.6,-1.8,-9.2,0.0,0.0,0.0,18.0
CRANBROOK A,49.61222222222222,-115.78194444444443,2019-02-23,38.0,90.0,-12.9,-2.3,-7.6,1.0,0.0,1.0,16.0
CRANBROOK A,49.61222222222222,-115.78194444444443,2019-02-25,37.0,83.0,-23.2,-8.0,-15.6,0.0,0.0,0.0,15.0
CRANBROOK A,49.61222222222222,-115.78194444444443,2019-02-26,29.0,72.0,-21.5,-6.8,-14.2,0.0,0.0,0.0,15.0
CRANBROOK A,49.61222222222222,-115.78194444444443,2019-02-27,36.0,80.0,-22.4,-5.9,-14.2,0.0,0.0,0.0,15.0
CRANBROOK A,49.61222222222222,-115.78194444444443,2019-02-28,56.0,93.0,-15.3,-5.8,-10.6,3.8,0.0,5.6,15.0
CRANBROOK A,49.61222222222222,-115.78194444444443,2019-03-01,49.0,91.0,-13.5,-4.2,-8.9,0.0,0.0,0.0,21.0
CRANBROOK A,49.61222222222222,-115.78194444444443,2019-03-02,30.0,82.0,-24.9,-9.6,-17.3,0.0,0.0,0.0,20.0
CRANBROOK A,49.61222222222222,-115.78194444444443,2019-03-03,30.0,82.0,-27.7,-8.4,-18.1,0.0,0.0,0.0,20.0
CRANBROOK A,49.61222222222222,-115.78194444444443,2019-03-04,32.0,81.0,-25.6,-5.1,-15.4,0.0,0.0,0.0,20.0
CRANBROOK A,49.61222222222222,-115.78194444444443,2019-03-05,31.0,83.0,-23.0,-2.2,-12.6,0.0,0.0,0.0,20.0
CRANBROOK A,49.61222222222222,-115.78194444444443,2019-03-06,43.0,78.0,-11.5,-0.9,-6.2,0.0,0.0,0.0,19.0
CRANBROOK A,49.61222222222222,-115.78194444444443,2019-03-07,46.0,94.0,-5.1,2.5,-1.3,1.0,0.0,1.4,16.0
CRANBROOK A,49.61222222222222,-115.78194444444443,2019-03-08,28.0,84.0,-14.1,3.3,-5.4,0.0,0.0,0.0,14.0
CRANBROOK A,49.61222222222222,-115.78194444444443,2019-03-09,37.0,73.0,-9.1,1.9,-3.6,0.0,0.0,0.0,13.0
CRANBROOK A,49.61222222222222,-115.78194444444443,2019-03-10,39.0,83.0,-13.1,2.8,-5.2,0.0,0.0,0.0,13.0
CRANBROOK A,49.61222222222222,-115.78194444444443,2019-03-11,37.0,62.0,-4.6,3.8,-0.4,0.0,0.0,0.0,12.0
CRANBROOK A,49.61222222222222,-115.78194444444443,2019-03-12,55.0,96.0,-1.7,1.7,0.0,1.8,0.0,1.8,8.0
CRANBROOK A,49.61222222222222,-115.78194444444443,2019-03-13,55.0,96.0,-3.1,4.2,0.6,1.0,0.0,1.2,15.0
CRANBROOK A,49.61222222222222,-115.78194444444443,2019-03-14,51.0,73.0,-7.6,3.7,-2.0,0.0,0.0,0.0,12.0
CRANBROOK A,49.61222222222222,-115.78194444444443,2019-03-15,38.0,69.0,-1.3,8.0,3.4,0.0,0.0,0.0,14.0
CRANBROOK A,49.61222222222222,-115.78194444444443,2019-03-16,47.0,91.0,-6.2,7.2,0.5,0.0,0.0,0.0,12.0
CRANBROOK A,49.61222222222222,-115.78194444444443,2019-03-17,31.0,92.0,-5.6,11.0,2.7,0.0,0.0,0.0,11.0
CRANBROOK A,49.61222222222222,-115.78194444444443,2019-03-18,28.0,76.0,-4.1,13.0,4.5,0.0,0.0,0.0,8.0
CRANBROOK A,49.61222222222222,-115.78194444444443,2019-03-19,29.0,88.0,-4.5,13.2,4.4,0.0,0.0,0.0,2.0
CRANBROOK A,49.61222222222222,-115.78194444444443,2019-03-22,24.0,83.0,-3.2,16.7,6.8,0.0,0.0,0.0,0.0
CRANBROOK A,49.61222222222222,-115.78194444444443,2019-10-08,80.0,95.0,-3.0,8.3,2.7,10.8,2.8,8.4,6.0
CRANBROOK A,49.61222222222222,-115.78194444444443,2019-10-09,44.0,88.0,-9.3,0.9,-4.2,0.0,0.0,0.0,6.0
CRANBROOK A,49.61222222222222,-115.78194444444443,2019-10-28,38.0,90.0,-16.0,-2.5,-9.3,2.8,0.0,2.8,2.0
CRANBROOK A,49.61222222222222,-115.78194444444443,2019-10-29,31.0,82.0,-18.6,-4.4,-11.5,0.0,0.0,0.0,2.0
CRANBROOK A,49.61222222222222,-115.78194444444443,2019-10-30,44.0,85.0,-15.9,-1.9,-8.9,0.0,0.0,0.0,3.0
CRANBROOK A,49.61222222222222,-115.78194444444443,2019-10-31,32.0,84.0,-9.0,1.9,-3.6,0.0,0.0,0.0,2.0
CRANBROOK A,49.61222222222222,-115.78194444444443,2019-11-01,45.0,88.0,-13.0,1.1,-6.0,0.0,0.0,0.0,2.0
CRANBROOK A,49.61222222222222,-115.78194444444443,2019-11-02,42.0,84.0,-8.3,5.6,-1.4,0.0,0.0,0.0,1.0
CRANBROOK A,49.61222222222222,-115.78194444444443,2019-11-04,56.0,90.0,-3.3,6.6,1.7,0.0,0.0,0.0,0.0
CRANBROOK A,49.61222222222222,-115.78194444444443,2019-11-10,45.0,97.0,-11.5,3.7,-3.9,1.2,0.0,1.6,1.0
CRANBROOK A,49.61222222222222,-115.78194444444443,2019-11-11,62.0,92.0,-13.3,-4.2,-8.8,0.0,0.0,0.0,1.0
CRANBROOK A,49.61222222222222,-115.78194444444443,2019-11-12,76.0,93.0,-9.2,-3.6,-6.4,6.2,0.0,3.2,0.0
CRANBROOK A,49.61222222222222,-115.78194444444443,2019-11-13,80.0,94.0,-6.5,-0.8,-3.7,0.0,0.0,0.0,10.0
CRANBROOK A,49.61222222222222,-115.78194444444443,2019-11-14,86.0,95.0,-2.3,0.4,-1.0,0.0,0.0,0.0,9.0
CRANBROOK A,49.61222222222222,-115.78194444444443,2019-11-15,78.0,96.0,-0.9,3.9,1.5,0.0,0.0,0.0,7.0
CRANBROOK A,49.61222222222222,-115.78194444444443,2019-11-16,64.0,97.0,-4.9,6.0,0.6,0.0,0.0,0.0,2.0
CRANBROOK A,49.61222222222222,-115.78194444444443,2019-11-17,74.0,97.0,1.6,6.8,4.2,1.4,1.4,0.0,0.0
CRANBROOK A,49.61222222222222,-115.78194444444443,2019-12-01,68.0,88.0,-16.8,-7.3,-12.1,0.0,0.0,0.0,0.0
CRANBROOK A,49.61222222222222,-115.78194444444443,2019-12-02,76.0,92.0,-9.8,-3.2,-6.5,0.5,0.0,0.7,0.0
CRANBROOK A,49.61222222222222,-115.78194444444443,2019-12-03,65.0,88.0,-6.2,6.0,-0.1,0.0,0.0,0.0,1.0
CRANBROOK A,49.61222222222222,-115.78194444444443,2019-12-12,56.0,94.0,-5.7,5.7,0.0,1.1,0.0,1.8,1.0
CRANBROOK A,49.61222222222222,-115.78194444444443,2019-12-13,84.0,98.0,-5.9,-0.2,-3.1,0.0,0.0,0.0,0.0
CRANBROOK A,49.61222222222222,-115.78194444444443,2019-12-19,64.0,96.0,-8.7,0.0,-4.4,3.0,0.0,3.2,3.0
CRANBROOK A,49.61222222222222,-115.78194444444443,2019-12-20,88.0,97.0,-1.8,4.8,1.5,10.3,3.7,8.0,13.0
CRANBROOK A,49.61222222222222,-115.78194444444443,2019-12-23,90.0,97.0,-3.1,-0.6,-1.9,0.6,0.0,0.6,3.0
CRANBROOK A,49.61222222222222,-115.78194444444443,2019-12-24,86.0,95.0,-4.4,-2.4,-3.4,0.2,0.0,0.2,3.0
CRANBROOK A,49.61222222222222,-115.78194444444443,2019-12-25,78.0,96.0,-7.5,-1.4,-4.5,0.2,0.0,0.2,3.0
CRANBROOK A,49.61222222222222,-115.78194444444443,2019-12-26,77.0,91.0,-10.6,-5.5,-8.1,0.0,0.0,0.0,3.0
CRANBROOK A,49.61222222222222,-115.78194444444443,2019-12-27,77.0,92.0,-11.3,-4.9,-8.1,0.0,0.0,0.0,3.0
CRANBROOK A,49.61222222222222,-115.78194444444443,2019-12-28,74.0,91.0,-13.5,-5.3,-9.4,0.0,0.0,0.0,3.0
CRANBROOK A,49.61222222222222,-115.78194444444443,2019-12-29,68.0,90.0,-12.3,-4.0,-8.2,0.0,0.0,0.0,3.0
CRANBROOK A,49.61222222222222,-115.78194444444443,2019-12-30,84.0,88.0,-15.0,-5.0,-10.0,0.0,0.0,0.0,3.0
CRANBROOK A,49.61222222222222,-115.78194444444443,2020-01-01,89.0,97.0,-8.4,-0.6,-4.5,5.8,0.0,5.8,11.0
CRANBROOK A,49.61222222222222,-115.78194444444443,2020-01-02,43.0,98.0,-7.9,1.0,-3.5,0.0,0.0,0.0,11.0
CRANBROOK A,49.61222222222222,-115.78194444444443,2020-01-03,77.0,93.0,-6.0,3.4,-1.3,0.6,0.0,0.6,12.0
CRANBROOK A,49.61222222222222,-115.78194444444443,2020-01-04,39.0,89.0,-3.9,3.9,0.0,0.8,0.2,0.6,13.0
CRANBROOK A,49.61222222222222,-115.78194444444443,2020-01-05,61.0,87.0,-6.7,2.4,-2.2,0.0,0.0,0.0,10.0
CRANBROOK A,49.61222222222222,-115.78194444444443,2020-01-06,51.0,94.0,-5.0,-0.3,-2.7,0.2,0.0,0.2,10.0
CRANBROOK A,49.61222222222222,-115.78194444444443,2020-01-07,87.0,94.0,-3.6,1.9,-0.9,1.5,0.0,1.5,10.0
CRANBROOK A,49.61222222222222,-115.78194444444443,2020-01-08,59.0,88.0,-2.1,3.7,0.8,0.0,0.0,0.0,9.0
CRANBROOK A,49.61222222222222,-115.78194444444443,2020-01-09,52.0,86.0,-15.5,-1.4,-8.5,0.0,0.0,0.0,11.0
CRANBROOK A,49.61222222222222,-115.78194444444443,2020-01-10,72.0,91.0,-19.0,-5.6,-12.3,1.0,0.0,1.2,11.0
CRANBROOK A,49.61222222222222,-115.78194444444443,2020-01-11,78.0,94.0,-8.3,-3.7,-6.0,1.0,0.0,1.8,13.0
CRANBROOK A,49.61222222222222,-115.78194444444443,2020-01-12,82.0,93.0,-8.5,-0.9,-4.7,0.3,0.3,0.0,13.0
CRANBROOK A,49.61222222222222,-115.78194444444443,2020-01-13,70.0,87.0,-16.8,-4.9,-10.9,2.2,0.0,3.8,14.0
CRANBROOK A,49.61222222222222,-115.78194444444443,2020-01-14,64.0,78.0,-21.3,-16.7,-19.0,0.4,0.0,0.4,15.0
CRANBROOK A,49.61222222222222,-115.78194444444443,2020-01-16,82.0,88.0,-16.6,-10.0,-13.3,4.0,0.0,11.0,20.0
CRANBROOK A,49.61222222222222,-115.78194444444443,2020-01-17,78.0,91.0,-19.4,-8.3,-13.9,0.0,0.0,0.0,26.0
CRANBROOK A,49.61222222222222,-115.78194444444443,2020-01-18,79.0,91.0,-21.2,-8.8,-15.0,0.2,0.0,0.2,26.0
CRANBROOK A,49.61222222222222,-115.78194444444443,2020-01-19,82.0,93.0,-9.1,-3.5,-6.3,0.0,0.0,0.0,24.0
CRANBROOK A,49.61222222222222,-115.78194444444443,2020-01-21,92.0,97.0,-9.8,-2.1,-6.0,0.8,0.0,0.8,22.0
CRANBROOK A,49.61222222222222,-115.78194444444443,2020-01-23,78.0,98.0,-4.5,3.4,-0.6,0.0,0.0,0.0,23.0
CRANBROOK A,49.61222222222222,-115.78194444444443,2020-01-24,69.0,98.0,-1.7,6.6,2.5,0.5,0.5,0.0,21.0
CRANBROOK A,49.61222222222222,-115.78194444444443,2020-01-25,58.0,96.0,-5.1,5.4,0.2,0.0,0.0,0.0,16.0
CRANBROOK A,49.61222222222222,-115.78194444444443,2020-01-26,79.0,97.0,-4.0,2.9,-0.6,0.0,0.0,0.0,16.0
CRANBROOK A,49.61222222222222,-115.78194444444443,2020-01-27,69.0,98.0,-5.7,4.2,-0.8,0.0,0.0,0.0,15.0
CRANBROOK A,49.61222222222222,-115.78194444444443,2020-01-28,67.0,97.0,-3.4,2.9,-0.3,0.4,0.0,0.4,14.0
CRANBROOK A,49.61222222222222,-115.78194444444443,2020-01-29,71.0,92.0,-4.8,3.5,-0.7,0.0,0.0,0.0,15.0
CRANBROOK A,49.61222222222222,-115.78194444444443,2020-01-30,56.0,95.0,-9.6,3.1,-3.3,0.0,0.0,0.0,15.0
CRANBROOK A,49.61222222222222,-115.78194444444443,2020-01-31,74.0,97.0,-1.4,5.6,2.1,3.2,2.2,1.6,16.0
CRANBROOK A,49.61222222222222,-115.78194444444443,2020-02-02,34.0,75.0,-7.5,1.4,-3.1,0.0,0.0,0.0,0.0
CRANBROOK A,49.61222222222222,-115.78194444444443,2020-02-05,69.0,89.0,-10.0,-3.3,-6.7,0.0,0.0,0.0,0.0
CRANBROOK A,49.61222222222222,-115.78194444444443,2020-02-07,56.0,92.0,-10.3,1.2,-4.6,0.0,0.0,0.0,0.0
CRANBROOK A,49.61222222222222,-115.78194444444443,2020-02-08,74.0,96.0,-7.0,0.8,-3.1,3.3,0.0,5.4,7.0
CRANBROOK A,49.61222222222222,-115.78194444444443,2020-02-09,73.0,91.0,-11.4,-3.1,-7.3,0.0,0.0,0.0,6.0
CRANBROOK A,49.61222222222222,-115.78194444444443,2020-02-10,70.0,93.0,-14.3,-0.7,-7.5,0.0,0.0,0.0,5.0
CRANBROOK A,49.61222222222222,-115.78194444444443,2020-02-11,57.0,92.0,-10.9,4.7,-3.1,0.0,0.0,0.0,5.0
CRANBROOK A,49.61222222222222,-115.78194444444443,2020-02-12,51.0,90.0,-6.1,3.3,-1.4,0.0,0.0,0.0,2.0
CRANBROOK A,49.61222222222222,-115.78194444444443,2020-02-13,54.0,91.0,-8.7,4.5,-2.1,0.0,0.0,0.0,0.0
CRANBROOK A,49.61222222222222,-115.78194444444443,2020-02-14,38.0,84.0,-3.9,3.6,-0.2,0.0,0.0,0.0,0.0
CRANBROOK A,49.61222222222222,-115.78194444444443,2020-02-16,38.0,95.0,-8.1,3.8,-2.2,0.0,0.0,0.0,0.0
CRANBROOK A,49.61222222222222,-115.78194444444443,2020-02-17,35.0,80.0,-9.2,2.7,-3.3,0.0,0.0,0.0,0.0
CRANBROOK A,49.61222222222222,-115.78194444444443,2020-02-18,33.0,78.0,-10.0,1.3,-4.4,0.0,0.0,0.0,0.0
CRANBROOK A,49.61222222222222,-115.78194444444443,2020-02-20,42.0,86.0,-13.7,2.3,-5.7,0.0,0.0,0.0,0.0
CRANBROOK A,49.61222222222222,-115.78194444444443,2020-02-21,38.0,86.0,-11.3,6.2,-2.6,0.0,0.0,0.0,0.0
CRANBROOK A,49.61222222222222,-115.78194444444443,2020-02-22,42.0,83.0,-3.6,6.7,1.6,0.0,0.0,0.0,0.0
CRANBROOK A,49.61222222222222,-115.78194444444443,2020-02-23,66.0,95.0,-5.6,1.0,-2.3,2.6,0.0,3.5,0.0
CRANBROOK A,49.61222222222222,-115.78194444444443,2020-02-24,60.0,95.0,-6.8,3.1,-1.9,0.4,0.0,0.4,3.0
CRANBROOK A,49.61222222222222,-115.78194444444443,2020-03-08,68.0,95.0,-5.5,0.7,-2.4,2.2,0.0,3.0,3.0
CRANBROOK A,49.61222222222222,-115.78194444444443,2020-03-09,28.0,96.0,-9.3,3.4,-3.0,0.0,0.0,0.0,0.0
CRANBROOK A,49.61222222222222,-115.78194444444443,2020-03-13,38.0,92.0,-11.3,-1.5,-6.4,0.0,0.0,0.8,0.0
CRANBROOK A,49.61222222222222,-115.78194444444443,2020-03-14,44.0,77.0,-13.5,-8.6,-11.1,1.5,0.0,2.4,1.0
CRANBROOK A,49.61222222222222,-115.78194444444443,2020-03-15,35.0,79.0,-17.0,0.1,-8.5,0.0,0.0,0.0,3.0
CRANBROOK A,49.61222222222222,-115.78194444444443,2020-03-16,29.0,89.0,-11.8,5.9,-3.0,0.0,0.0,0.0,0.0
CRANBROOK A,49.61222222222222,-115.78194444444443,2020-03-17,30.0,89.0,-8.2,8.9,0.4,0.0,0.0,0.0,0.0
CRANBROOK A,49.61222222222222,-115.78194444444443,2020-03-31,65.0,95.0,-4.7,3.7,-0.5,1.7,0.0,2.2,0.0
CRANBROOK A,49.61222222222222,-115.78194444444443,2020-04-02,43.0,86.0,-7.9,1.2,-3.4,0.0,0.0,0.0,0.0
CRANBROOK A,49.61222222222222,-115.78194444444443,2020-04-03,68.0,91.0,-6.6,2.7,-2.0,0.4,0.4,0.0,0.0
CRANBROOK A,49.61222222222222,-115.78194444444443,2020-04-04,43.0,91.0,-6.1,3.9,-1.1,0.0,0.0,0.0,0.0
CRANBROOK A,49.61222222222222,-115.78194444444443,2020-04-05,58.0,81.0,-5.7,3.7,-1.0,0.0,0.0,0.0,0.0
CRANBROOK A,49.61222222222222,-115.78194444444443,2020-04-06,20.0,97.0,-2.7,11.0,4.2,0.0,0.0,0.0,0.0
CRANBROOK A,49.61222222222222,-115.78194444444443,2020-04-11,30.0,94.0,-3.4,7.3,2.0,1.9,0.0,2.2,1.0
CRANBROOK A,49.61222222222222,-115.78194444444443,2020-10-17,57.0,98.0,-0.9,7.5,3.3,0.0,0.0,0.0,0.0
CRANBROOK A,49.61222222222222,-115.78194444444443,2020-10-18,55.0,95.0,-3.4,0.5,-1.5,2.0,0.0,4.2,4.0
CRANBROOK A,49.61222222222222,-115.78194444444443,2020-10-19,84.0,96.0,-2.6,4.9,1.2,0.0,0.0,0.0,0.0
CRANBROOK A,49.61222222222222,-115.78194444444443,2020-10-21,59.0,97.0,-2.6,4.8,1.1,3.3,0.9,5.0,5.0
CRANBROOK A,49.61222222222222,-115.78194444444443,2020-10-23,68.0,96.0,-4.9,-1.7,-3.3,5.8,1.9,5.4,1.0
CRANBROOK A,49.61222222222222,-115.78194444444443,2020-10-24,36.0,86.0,-16.1,-3.6,-9.9,0.0,0.0,0.0,3.0
CRANBROOK A,49.61222222222222,-115.78194444444443,2020-10-26,55.0,87.0,-13.3,-2.1,-7.7,0.0,0.0,0.0,2.0
CRANBROOK A,49.61222222222222,-115.78194444444443,2020-10-27,53.0,80.0,-7.0,4.6,-1.2,0.0,0.0,0.0,1.0
CRANBROOK A,49.61222222222222,-115.78194444444443,2020-10-28,63.0,88.0,0.8,7.0,3.9,0.0,0.0,0.0,1.0
CRANBROOK A,49.61222222222222,-115.78194444444443,2020-11-10,80.0,97.0,-4.5,-1.0,-2.8,1.1,0.0,2.0,0.0
CRANBROOK A,49.61222222222222,-115.78194444444443,2020-11-11,69.0,94.0,-8.4,-1.1,-4.8,0.4,0.0,1.0,3.0
CRANBROOK A,49.61222222222222,-115.78194444444443,2020-11-12,72.0,95.0,-7.1,-0.8,-4.0,0.0,0.0,0.0,2.0
CRANBROOK A,49.61222222222222,-115.78194444444443,2020-11-13,73.0,96.0,-3.6,-0.3,-2.0,4.7,0.0,9.2,2.0
CRANBROOK A,49.61222222222222,-115.78194444444443,2020-11-14,39.0,83.0,-5.2,3.1,-1.1,0.0,0.0,0.0,9.0
CRANBROOK A,49.61222222222222,-115.78194444444443,2020-11-15,66.0,91.0,-4.1,5.9,0.9,0.0,0.0,0.0,6.0
CRANBROOK A,49.61222222222222,-115.78194444444443,2020-11-16,62.0,98.0,-6.9,4.8,-1.1,9.4,2.6,6.8,3.0
CRANBROOK A,49.61222222222222,-115.78194444444443,2020-11-17,91.0,99.0,-2.4,4.7,1.2,2.7,0.0,2.7,12.0
CRANBROOK A,49.61222222222222,-115.78194444444443,2020-11-18,51.0,96.0,2.0,8.3,5.2,1.1,1.1,0.0,9.0
CRANBROOK A,49.61222222222222,-115.78194444444443,2020-11-23,73.0,90.0,-4.0,1.0,-1.5,0.0,0.0,0.0,0.0
CRANBROOK A,49.61222222222222,-115.78194444444443,2020-11-25,39.0,97.0,-3.8,4.6,0.4,0.0,0.0,0.0,0.0
CRANBROOK A,49.61222222222222,-115.78194444444443,2020-12-10,83.0,98.0,-5.2,-0.3,-2.8,0.3,0.3,0.0,0.0
CRANBROOK A,49.61222222222222,-115.78194444444443,2020-12-11,83.0,97.0,-7.3,-3.4,-5.4,0.0,0.0,0.0,0.0
CRANBROOK A,49.61222222222222,-115.78194444444443,2020-12-12,77.0,86.0,-6.3,-4.7,-5.5,0.0,0.0,0.0,0.0
CRANBROOK A,49.61222222222222,-115.78194444444443,2020-12-13,77.0,89.0,-6.7,-4.2,-5.5,0.2,0.0,0.4,0.0
CRANBROOK A,49.61222222222222,-115.78194444444443,2020-12-15,70.0,91.0,-8.3,1.5,-3.4,0.0,0.0,0.0,0.0
CRANBROOK A,49.61222222222222,-115.78194444444443,2020-12-16,63.0,94.0,-3.3,4.2,0.5,0.0,0.0,0.0,0.0
CRANBROOK A,49.61222222222222,-115.78194444444443,2020-12-18,63.0,83.0,-3.2,3.5,0.2,0.0,0.0,0.0,0.0
CRANBROOK A,49.61222222222222,-115.78194444444443,2020-12-19,33.0,95.0,0.2,7.2,3.7,0.7,0.3,0.4,0.0
CRANBROOK A,49.61222222222222,-115.78194444444443,2020-12-20,58.0,95.0,-1.6,6.8,2.6,1.8,0.2,3.4,2.0
CRANBROOK A,49.61222222222222,-115.78194444444443,2020-12-21,62.0,98.0,-1.6,3.8,1.1,10.2,3.3,6.4,2.0
CRANBROOK A,49.61222222222222,-115.78194444444443,2020-12-22,76.0,98.0,-9.3,0.0,-4.7,10.7,1.0,10.0,9.0
CRANBROOK A,49.61222222222222,-115.78194444444443,2020-12-23,77.0,92.0,-15.6,-7.2,-11.4,0.0,0.0,0.0,14.0
CRANBROOK A,49.61222222222222,-115.78194444444443,2020-12-24,80.0,94.0,-15.3,-6.5,-10.9,0.0,0.0,0.0,14.0
CRANBROOK A,49.61222222222222,-115.78194444444443,2020-12-25,89.0,90.0,-11.5,-9.6,-10.6,0.0,0.0,0.0,13.0
CRANBROOK A,49.61222222222222,-115.78194444444443,2020-12-27,88.0,94.0,-13.8,-4.5,-9.2,0.0,0.0,0.0,14.0
CRANBROOK A,49.61222222222222,-115.78194444444443,2020-12-28,86.0,94.0,-6.6,-3.5,-5.1,0.0,0.0,0.0,13.0
CRANBROOK A,49.61222222222222,-115.78194444444443,2020-12-29,80.0,92.0,-6.9,-4.1,-5.5,0.0,0.0,0.0,13.0
CRANBROOK A,49.61222222222222,-115.78194444444443,2020-12-30,83.0,93.0,-7.7,-3.6,-5.7,1.1,0.0,1.6,13.0
CRANBROOK A,49.61222222222222,-115.78194444444443,2020-12-31,83.0,95.0,-6.3,-2.7,-4.5,0.0,0.0,0.0,15.0
CRANBROOK A,49.61222222222222,-115.78194444444443,2021-01-01,82.0,95.0,-6.8,2.6,-2.1,0.0,0.0,0.0,14.0
CRANBROOK A,49.61222222222222,-115.78194444444443,2021-01-02,73.0,93.0,1.3,4.1,2.7,0.3,0.3,0.0,11.0
CRANBROOK A,49.61222222222222,-115.78194444444443,2021-01-03,42.0,94.0,-3.8,4.3,0.3,1.5,1.1,0.4,3.0
CRANBROOK A,49.61222222222222,-115.78194444444443,2021-01-04,81.0,98.0,-5.0,1.0,-2.0,3.0,3.0,0.0,3.0
CRANBROOK A,49.61222222222222,-115.78194444444443,2021-01-06,73.0,97.0,-3.4,3.6,0.1,1.2,0.0,1.2,6.0
CRANBROOK A,49.61222222222222,-115.78194444444443,2021-01-07,64.0,94.0,-3.4,1.1,-1.2,0.0,0.0,0.0,6.0
CRANBROOK A,49.61222222222222,-115.78194444444443,2021-01-08,68.0,78.0,-3.5,-0.9,-2.2,0.0,0.0,0.0,6.0
CRANBROOK A,49.61222222222222,-115.78194444444443,2021-01-09,67.0,80.0,-5.6,-1.7,-3.7,0.0,0.0,0.0,6.0
CRANBROOK A,49.61222222222222,-115.78194444444443,2021-01-10,72.0,91.0,-8.6,-1.9,-5.3,0.0,0.0,0.0,6.0
CRANBROOK A,49.61222222222222,-115.78194444444443,2021-01-11,68.0,91.0,-5.4,5.9,0.3,0.0,0.0,0.0,5.0
CRANBROOK A,49.61222222222222,-115.78194444444443,2021-01-12,82.0,99.0,-0.8,1.8,0.5,5.7,2.4,4.4,8.0
CRANBROOK A,49.61222222222222,-115.78194444444443,2021-01-16,74.0,92.0,-11.3,-1.0,-6.2,0.0,0.0,0.0,2.0
CRANBROOK A,49.61222222222222,-115.78194444444443,2021-01-17,76.0,95.0,-6.7,1.1,-2.8,0.0,0.0,0.0,2.0
CRANBROOK A,49.61222222222222,-115.78194444444443,2021-01-18,67.0,95.0,-10.2,1.4,-4.4,0.0,0.0,0.0,2.0
CRANBROOK A,49.61222222222222,-115.78194444444443,2021-01-19,63.0,93.0,-11.6,0.0,-5.8,0.0,0.0,0.0,2.0
CRANBROOK A,49.61222222222222,-115.78194444444443,2021-01-21,56.0,88.0,-13.3,-4.1,-8.7,0.0,0.0,0.0,2.0
CRANBROOK A,49.61222222222222,-115.78194444444443,2021-01-22,57.0,85.0,-17.0,-5.8,-11.4,0.0,0.0,0.0,2.0
CRANBROOK A,49.61222222222222,-115.78194444444443,2021-01-23,69.0,86.0,-18.1,-8.9,-13.5,0.0,0.0,0.0,2.0
CRANBROOK A,49.61222222222222,-115.78194444444443,2021-01-24,65.0,81.0,-12.9,-4.2,-8.6,0.0,0.0,0.0,0.0
CRANBROOK A,49.61222222222222,-115.78194444444443,2021-01-25,78.0,92.0,-12.8,-5.2,-9.0,0.0,0.0,0.8,0.0
CRANBROOK A,49.61222222222222,-115.78194444444443,2021-01-26,81.0,90.0,-13.0,-6.4,-9.7,0.0,0.0,1.0,0.0
CRANBROOK A,49.61222222222222,-115.78194444444443,2021-01-27,80.0,93.0,-10.1,-3.6,-6.9,0.3,0.0,1.2,1.0
CRANBROOK A,49.61222222222222,-115.78194444444443,2021-01-29,85.0,98.0,-4.1,-0.1,-2.1,0.0,0.0,0.0,12.0
CRANBROOK A,49.61222222222222,-115.78194444444443,2021-01-31,65.0,92.0,-2.6,3.2,0.3,0.0,0.0,0.0,12.0
CRANBROOK A,49.61222222222222,-115.78194444444443,2021-02-01,80.0,96.0,0.9,5.2,3.1,0.2,0.2,0.0,8.0
CRANBROOK A,49.61222222222222,-115.78194444444443,2021-02-02,65.0,96.0,0.1,5.3,2.7,1.0,0.4,0.6,5.0
CRANBROOK A,49.61222222222222,-115.78194444444443,2021-02-03,43.0,87.0,-4.6,4.7,0.1,0.0,0.0,0.0,4.0
CRANBROOK A,49.61222222222222,-115.78194444444443,2021-02-04,50.0,91.0,-8.3,3.5,-2.4,0.0,0.0,0.0,3.0
CRANBROOK A,49.61222222222222,-115.78194444444443,2021-02-07,42.0,77.0,-14.3,-7.3,-10.8,0.0,0.0,0.0,2.0
CRANBROOK A,49.61222222222222,-115.78194444444443,2021-02-08,44.0,85.0,-16.8,-7.9,-12.4,0.0,0.0,0.0,2.0
CRANBROOK A,49.61222222222222,-115.78194444444443,2021-02-09,39.0,79.0,-19.4,-10.9,-15.2,0.0,0.0,0.0,2.0
CRANBROOK A,49.61222222222222,-115.78194444444443,2021-02-10,47.0,79.0,-23.3,-10.8,-17.1,0.0,0.0,0.0,2.0
CRANBROOK A,49.61222222222222,-115.78194444444443,2021-02-11,31.0,79.0,-22.9,-13.7,-18.3,0.0,0.0,0.0,2.0
CRANBROOK A,49.61222222222222,-115.78194444444443,2021-02-14,31.0,77.0,-19.6,-8.3,-14.0,0.0,0.0,0.0,2.0
CRANBROOK A,49.61222222222222,-115.78194444444443,2021-02-15,60.0,84.0,-18.1,-8.4,-13.3,0.0,0.0,0.0,2.0
CRANBROOK A,49.61222222222222,-115.78194444444443,2021-02-16,55.0,88.0,-16.5,-3.6,-10.1,0.0,0.0,0.0,2.0
CRANBROOK A,49.61222222222222,-115.78194444444443,2021-02-17,49.0,89.0,-13.1,-0.5,-6.8,0.0,0.0,0.0,2.0
CRANBROOK A,49.61222222222222,-115.78194444444443,2021-02-18,44.0,82.0,-13.1,-0.3,-6.7,0.0,0.0,0.0,2.0
CRANBROOK A,49.61222222222222,-115.78194444444443,2021-02-19,50.0,93.0,-11.4,3.2,-4.1,0.0,0.0,0.0,2.0
CRANBROOK A,49.61222222222222,-115.78194444444443,2021-02-21,57.0,70.0,-1.2,4.2,1.5,0.0,0.0,0.0,1.0
CRANBROOK A,49.61222222222222,-115.78194444444443,2021-02-22,47.0,97.0,-0.5,8.4,4.0,0.3,0.3,0.2,1.0
CRANBROOK A,49.61222222222222,-115.78194444444443,2021-02-25,54.0,92.0,-5.5,1.8,-1.9,0.0,0.0,0.0,0.0
CRANBROOK A,49.61222222222222,-115.78194444444443,2021-02-27,29.0,67.0,-5.9,3.6,-1.2,0.0,0.0,0.0,0.0
CRANBROOK A,49.61222222222222,-115.78194444444443,2021-02-28,48.0,67.0,-5.8,4.4,-0.7,0.0,0.0,0.0,0.0
CRANBROOK A,49.61222222222222,-115.78194444444443,2021-03-01,50.0,80.0,0.8,8.7,4.8,0.0,0.0,0.0,0.0
CRANBROOK A,49.61222222222222,-115.78194444444443,2021-03-02,35.0,66.0,1.8,9.4,5.6,0.0,0.0,0.0,0.0
CRANBROOK A,49.61222222222222,-115.78194444444443,2021-03-03,34.0,78.0,-3.1,11.8,4.4,0.0,0.0,0.0,0.0
CRANBROOK A,49.61222222222222,-115.78194444444443,2021-03-29,29.0,94.0,-2.8,3.1,0.2,0.4,0.4,0.0,0.0
CRANBROOK A,49.61222222222222,-115.78194444444443,2021-04-10,36.0,94.0,-3.2,6.1,1.5,0.4,0.0,0.4,0.0
CRANBROOK A,49.61222222222222,-115.78194444444443,2021-04-12,46.0,82.0,-4.1,6.4,1.2,2.0,1.1,0.9,0.0
CRANBROOK A,49.61222222222222,-115.78194444444443,2021-04-18,30.0,97.0,-0.2,16.0,7.9,3.7,2.7,1.0,0.0
CRANBROOK A,49.61222222222222,-115.78194444444443,2021-11-08,42.0,95.0,-2.2,7.0,2.4,0.0,0.0,0.0,0.0
CRANBROOK A,49.61222222222222,-115.78194444444443,2021-11-12,77.0,99.0,-1.6,2.9,0.7,2.4,2.4,0.0,0.0
CRANBROOK A,49.61222222222222,-115.78194444444443,2021-11-14,92.0,99.0,0.0,6.0,3.0,7.6,4.8,2.9,1.0
CRANBROOK A,49.61222222222222,-115.78194444444443,2021-11-18,67.0,91.0,-10.1,-3.1,-6.6,0.0,0.0,0.0,0.0
CRANBROOK A,49.61222222222222,-115.78194444444443,2021-11-19,64.0,93.0,-8.2,0.4,-3.9,0.8,0.8,0.5,1.0
CRANBROOK A,49.61222222222222,-115.78194444444443,2021-11-20,53.0,93.0,-9.0,4.5,-2.3,0.0,0.0,0.0,0.0
CRANBROOK A,49.61222222222222,-115.78194444444443,2021-11-25,66.0,90.0,-1.2,3.8,1.3,0.0,0.0,0.0,0.0
CRANBROOK A,49.61222222222222,-115.78194444444443,2021-11-26,59.0,96.0,0.9,7.8,4.4,0.6,0.6,0.0,0.0
CRANBROOK A,49.61222222222222,-115.78194444444443,2021-12-04,62.0,93.0,-9.4,-3.1,-6.3,2.2,0.0,3.0,0.0
CRANBROOK A,49.61222222222222,-115.78194444444443,2021-12-05,45.0,93.0,-14.8,-2.6,-8.7,0.0,0.0,0.0,2.0
CRANBROOK A,49.61222222222222,-115.78194444444443,2021-12-06,75.0,91.0,-14.4,-5.7,-10.1,0.2,0.2,1.0,2.0
CRANBROOK A,49.61222222222222,-115.78194444444443,2021-12-07,74.0,88.0,-14.3,-7.4,-10.9,0.0,0.0,0.0,3.0
CRANBROOK A,49.61222222222222,-115.78194444444443,2021-12-08,38.0,92.0,-7.5,4.8,-1.4,0.0,0.0,0.0,3.0
CRANBROOK A,49.61222222222222,-115.78194444444443,2021-12-10,55.0,90.0,-16.5,-0.9,-8.7,0.0,0.0,0.0,2.0
CRANBROOK A,49.61222222222222,-115.78194444444443,2021-12-11,76.0,94.0,-2.9,2.3,-0.3,2.4,1.0,5.4,3.0
CRANBROOK A,49.61222222222222,-115.78194444444443,2021-12-12,50.0,94.0,-5.1,2.0,-1.6,0.3,0.0,1.0,5.0
CRANBROOK A,49.61222222222222,-115.78194444444443,2021-12-13,71.0,97.0,-6.0,-0.2,-3.1,1.1,0.0,2.2,3.0
CRANBROOK A,49.61222222222222,-115.78194444444443,2021-12-14,78.0,98.0,-7.0,0.9,-3.1,3.9,0.0,5.0,12.0
CRANBROOK A,49.61222222222222,-115.78194444444443,2021-12-15,68.0,92.0,-14.1,-3.4,-8.8,0.0,0.0,0.0,12.0
CRANBROOK A,49.61222222222222,-115.78194444444443,2021-12-16,83.0,93.0,-10.3,-4.7,-7.5,0.3,0.0,0.4,10.0
CRANBROOK A,49.61222222222222,-115.78194444444443,2021-12-17,76.0,92.0,-16.7,-6.1,-11.4,0.0,0.0,0.0,12.0
CRANBROOK A,49.61222222222222,-115.78194444444443,2021-12-18,77.0,90.0,-12.6,-6.7,-9.7,5.6,0.0,5.8,12.0
CRANBROOK A,49.61222222222222,-115.78194444444443,2021-12-21,80.0,89.0,-17.9,-10.3,-14.1,0.0,0.0,0.0,15.0
CRANBROOK A,49.61222222222222,-115.78194444444443,2021-12-22,82.0,96.0,-12.1,1.1,-5.5,0.6,0.0,1.2,15.0
CRANBROOK A,49.61222222222222,-115.78194444444443,2021-12-23,70.0,95.0,-6.3,2.7,-1.8,2.0,0.0,4.0,15.0
CRANBROOK A,49.61222222222222,-115.78194444444443,2021-12-24,75.0,95.0,-10.9,-2.2,-6.6,2.4,0.0,3.4,13.0
CRANBROOK A,49.61222222222222,-115.78194444444443,2021-12-25,83.0,90.0,-13.8,-7.5,-10.7,10.5,0.0,11.4,25.0
CRANBROOK A,49.61222222222222,-115.78194444444443,2021-12-26,75.0,85.0,-17.3,-13.8,-15.6,5.0,0.0,5.0,35.0
CRANBROOK A,49.61222222222222,-115.78194444444443,2021-12-27,72.0,87.0,-29.5,-17.4,-23.5,0.0,0.0,0.0,40.0
CRANBROOK A,49.61222222222222,-115.78194444444443,2021-12-28,72.0,86.0,-30.3,-18.4,-24.4,0.0,0.0,0.4,38.0
CRANBROOK A,49.61222222222222,-115.78194444444443,2021-12-29,74.0,83.0,-29.5,-19.3,-24.4,0.0,0.0,0.2,32.0
CRANBROOK A,49.61222222222222,-115.78194444444443,2021-12-30,70.0,84.0,-25.0,-15.5,-20.3,0.0,0.0,0.2,32.0
CRANBROOK A,49.61222222222222,-115.78194444444443,2021-12-31,69.0,83.0,-28.4,-16.6,-22.5,0.0,0.0,0.0,30.0
CRANBROOK A,49.61222222222222,-115.78194444444443,2022-01-01,75.0,81.0,-31.0,-18.1,-24.6,0.0,0.0,0.0,30.0
CRANBROOK A,49.61222222222222,-115.78194444444443,2022-01-02,71.0,90.0,-18.1,-8.0,-13.1,0.6,0.0,0.6,29.0
CRANBROOK A,49.61222222222222,-115.78194444444443,2022-01-04,83.0,96.0,-14.9,-5.0,-10.0,0.4,0.0,0.4,40.0
CRANBROOK A,49.61222222222222,-115.78194444444443,2022-01-05,73.0,87.0,-20.2,-12.8,-16.5,0.0,0.0,0.0,40.0
CRANBROOK A,49.61222222222222,-115.78194444444443,2022-01-06,81.0,85.0,-21.1,-14.3,-17.7,5.4,0.0,6.8,39.0
CRANBROOK A,49.61222222222222,-115.78194444444443,2022-01-07,84.0,91.0,-14.4,-8.4,-11.4,8.8,0.0,10.6,52.0
CRANBROOK A,49.61222222222222,-115.78194444444443,2022-01-08,67.0,92.0,-17.3,-4.2,-10.8,0.0,0.0,0.0,53.0
CRANBROOK A,49.61222222222222,-115.78194444444443,2022-01-09,78.0,95.0,-12.8,-1.1,-7.0,0.0,0.0,0.0,52.0
CRANBROOK A,49.61222222222222,-115.78194444444443,2022-01-10,84.0,97.0,-17.1,-2.3,-9.7,0.0,0.0,0.0,52.0
CRANBROOK A,49.61222222222222,-115.78194444444443,2022-01-11,76.0,94.0,-7.4,3.2,-2.1,0.0,0.0,0.0,51.0
CRANBROOK A,49.61222222222222,-115.78194444444443,2022-01-12,82.0,97.0,-1.0,4.0,1.5,1.1,1.1,0.0,42.0
CRANBROOK A,49.61222222222222,-115.78194444444443,2022-01-13,89.0,99.0,-4.3,3.7,-0.3,0.0,0.0,0.0,36.0
CRANBROOK A,49.61222222222222,-115.78194444444443,2022-01-14,90.0,99.0,-5.6,1.9,-1.9,0.2,0.2,0.2,34.0
CRANBROOK A,49.61222222222222,-115.78194444444443,2022-01-15,69.0,98.0,-5.7,5.1,-0.3,0.0,0.0,0.0,32.0
CRANBROOK A,49.61222222222222,-115.78194444444443,2022-01-16,68.0,96.0,-7.9,3.5,-2.2,0.0,0.0,0.0,32.0
CRANBROOK A,49.61222222222222,-115.78194444444443,2022-01-17,56.0,79.0,-1.5,6.8,2.7,0.0,0.0,0.0,32.0
CRANBROOK A,49.61222222222222,-115.78194444444443,2022-01-18,59.0,88.0,-7.1,4.2,-1.5,0.0,0.0,0.0,31.0
CRANBROOK A,49.61222222222222,-115.78194444444443,2022-01-19,60.0,90.0,-9.4,-2.5,-6.0,0.0,0.0,0.0,28.0
CRANBROOK A,49.61222222222222,-115.78194444444443,2022-01-20,78.0,97.0,-8.2,-0.9,-4.6,1.0,0.0,2.0,27.0
CRANBROOK A,49.61222222222222,-115.78194444444443,2022-01-21,92.0,97.0,-10.8,-3.6,-7.2,0.0,0.0,0.0,28.0
CRANBROOK A,49.61222222222222,-115.78194444444443,2022-01-22,92.0,97.0,-9.8,-3.9,-6.9,0.0,0.0,0.0,28.0
CRANBROOK A,49.61222222222222,-115.78194444444443,2022-01-23,89.0,97.0,-6.0,-2.1,-4.1,0.0,0.0,0.0,28.0
CRANBROOK A,49.61222222222222,-115.78194444444443,2022-01-24,68.0,95.0,-10.7,-0.5,-5.6,0.0,0.0,0.0,28.0
CRANBROOK A,49.61222222222222,-115.78194444444443,2022-01-26,73.0,95.0,-10.8,-3.1,-7.0,0.0,0.0,0.0,28.0
CRANBROOK A,49.61222222222222,-115.78194444444443,2022-01-27,70.0,78.0,-7.4,-4.1,-5.8,0.0,0.0,0.0,28.0
CRANBROOK A,49.61222222222222,-115.78194444444443,2022-01-28,71.0,91.0,-12.8,-4.3,-8.6,0.0,0.0,0.0,28.0
CRANBROOK A,49.61222222222222,-115.78194444444443,2022-01-29,77.0,92.0,-15.0,-6.2,-10.6,0.0,0.0,0.0,28.0
CRANBROOK A,49.61222222222222,-115.78194444444443,2022-01-30,73.0,92.0,-11.9,1.4,-5.3,0.0,0.0,0.0,28.0
CRANBROOK A,49.61222222222222,-115.78194444444443,2022-01-31,35.0,98.0,-6.7,3.3,-1.7,0.2,0.0,0.2,29.0
CRANBROOK A,49.61222222222222,-115.78194444444443,2022-02-01,46.0,80.0,-12.2,-1.5,-6.9,0.0,0.0,0.0,28.0
CRANBROOK A,49.61222222222222,-115.78194444444443,2022-02-02,41.0,74.0,-21.9,-12.1,-17.0,0.0,0.0,0.0,27.0
CRANBROOK A,49.61222222222222,-115.78194444444443,2022-02-03,59.0,79.0,-20.2,-9.2,-14.7,0.0,0.0,0.0,27.0
CRANBROOK A,49.61222222222222,-115.78194444444443,2022-02-04,70.0,80.0,-10.2,2.1,-4.1,0.0,0.0,0.0,27.0
CRANBROOK A,49.61222222222222,-115.78194444444443,2022-02-05,36.0,93.0,-5.7,7.6,1.0,0.0,0.0,0.0,27.0
CRANBROOK A,49.61222222222222,-115.78194444444443,2022-02-06,56.0,93.0,-8.1,4.8,-1.7,0.0,0.0,0.0,27.0
CRANBROOK A,49.61222222222222,-115.78194444444443,2022-02-07,37.0,88.0,-6.6,8.2,0.8,0.0,0.0,0.0,27.0
CRANBROOK A,49.61222222222222,-115.78194444444443,2022-02-08,44.0,86.0,-6.8,6.0,-0.4,0.0,0.0,0.0,26.0
CRANBROOK A,49.61222222222222,-115.78194444444443,2022-02-09,55.0,91.0,-3.9,6.7,1.4,0.0,0.0,0.0,25.0
CRANBROOK A,49.61222222222222,-115.78194444444443,2022-02-10,23.0,93.0,-3.5,11.7,4.1,0.0,0.0,0.0,24.0
CRANBROOK A,49.61222222222222,-115.78194444444443,2022-02-11,26.0,68.0,-6.3,6.6,0.2,0.0,0.0,0.0,22.0
CRANBROOK A,49.61222222222222,-115.78194444444443,2022-02-13,39.0,83.0,-7.7,4.1,-1.8,0.0,0.0,0.0,19.0
CRANBROOK A,49.61222222222222,-115.78194444444443,2022-02-14,68.0,95.0,-7.1,-0.6,-3.9,0.3,0.0,0.3,19.0
CRANBROOK A,49.61222222222222,-115.78194444444443,2022-02-15,75.0,98.0,-2.6,2.6,0.0,0.3,0.0,1.0,20.0
CRANBROOK A,49.61222222222222,-115.78194444444443,2022-02-16,44.0,95.0,-7.7,2.8,-2.5,0.0,0.0,0.0,20.0
CRANBROOK A,49.61222222222222,-115.78194444444443,2022-02-17,49.0,88.0,-10.3,7.4,-1.5,0.0,0.0,0.0,20.0
CRANBROOK A,49.61222222222222,-115.78194444444443,2022-02-19,61.0,82.0,-0.4,6.0,2.8,0.0,0.0,0.0,13.0
CRANBROOK A,49.61222222222222,-115.78194444444443,2022-02-20,54.0,86.0,-7.4,2.5,-2.5,0.0,0.0,0.0,12.0
CRANBROOK A,49.61222222222222,-115.78194444444443,2022-02-21,34.0,58.0,-15.9,-7.4,-11.7,0.0,0.0,0.0,12.0
CRANBROOK A,49.61222222222222,-115.78194444444443,2022-02-22,30.0,65.0,-22.0,-10.2,-16.1,0.0,0.0,0.0,12.0
CRANBROOK A,49.61222222222222,-115.78194444444443,2022-02-23,41.0,71.0,-22.9,-11.6,-17.3,0.0,0.0,0.0,12.0
CRANBROOK A,49.61222222222222,-115.78194444444443,2022-02-24,45.0,86.0,-16.1,-5.7,-10.9,0.0,0.0,0.0,12.0
CRANBROOK A,49.61222222222222,-115.78194444444443,2022-02-25,52.0,85.0,-19.9,-4.3,-12.1,0.0,0.0,0.0,10.0
CRANBROOK A,49.61222222222222,-115.78194444444443,2022-02-26,44.0,81.0,-13.7,0.3,-6.7,0.0,0.0,0.0,10.0
CRANBROOK A,49.61222222222222,-115.78194444444443,2022-02-27,58.0,75.0,-7.0,4.7,-1.2,0.0,0.0,0.0,10.0
CRANBROOK A,49.61222222222222,-115.78194444444443,2022-02-28,77.0,99.0,-1.3,3.0,0.9,2.3,0.8,1.8,11.0
CRANBROOK A,49.61222222222222,-115.78194444444443,2022-03-01,65.0,99.0,0.4,9.2,4.8,0.8,0.8,0.0,10.0
CRANBROOK A,49.61222222222222,-115.78194444444443,2022-03-02,87.0,99.0,-0.9,5.7,2.4,2.8,2.8,0.0,9.0
CRANBROOK A,49.61222222222222,-115.78194444444443,2022-03-03,92.0,100.0,0.2,4.5,2.4,5.3,5.3,0.0,7.0
CRANBROOK A,49.61222222222222,-115.78194444444443,2022-03-04,58.0,99.0,0.1,6.2,3.2,2.4,1.7,1.6,6.0
CRANBROOK A,49.61222222222222,-115.78194444444443,2022-03-05,41.0,98.0,-5.6,4.7,-0.5,0.0,0.0,0.0,4.0
CRANBROOK A,49.61222222222222,-115.78194444444443,2022-03-06,35.0,98.0,-6.9,4.9,-1.0,0.5,0.5,0.0,4.0
CRANBROOK A,49.61222222222222,-115.78194444444443,2022-03-07,37.0,89.0,-7.2,7.6,0.2,0.0,0.0,0.0,1.0
CRANBROOK A,49.61222222222222,-115.78194444444443,2022-03-08,33.0,91.0,-6.7,0.1,-3.3,0.8,0.8,0.0,2.0
CRANBROOK A,49.61222222222222,-115.78194444444443,2022-03-09,30.0,70.0,-13.3,-3.2,-8.3,0.0,0.0,0.0,0.0
CRANBROOK A,49.61222222222222,-115.78194444444443,2022-04-11,23.0,93.0,-5.0,3.5,-0.8,0.3,0.3,0.0,0.0
CRANBROOK A,49.61222222222222,-115.78194444444443,2022-04-19,25.0,97.0,0.0,9.1,4.6,2.5,2.5,0.0,0.0
CRANBROOK A,49.61222222222222,-115.78194444444443,2022-11-02,84.0,96.0,-2.0,0.3,-0.9,3.6,0.8,3.6,3.0
CRANBROOK A,49.61222222222222,-115.78194444444443,2022-11-03,72.0,96.0,-2.3,1.5,-0.4,0.8,0.0,2.6,9.0
CRANBROOK A,49.61222222222222,-115.78194444444443,2022-11-04,78.0,93.0,-1.6,2.0,0.2,0.0,0.0,0.4,10.0
CRANBROOK A,49.61222222222222,-115.78194444444443,2022-11-05,33.0,95.0,-4.3,4.3,0.0,1.5,1.5,0.0,2.0
CRANBROOK A,49.61222222222222,-115.78194444444443,2022-11-07,43.0,85.0,-11.3,-5.6,-8.5,1.2,1.2,2.2,0.0
CRANBROOK A,49.61222222222222,-115.78194444444443,2022-11-08,56.0,86.0,-15.1,-5.9,-10.5,0.0,0.0,0.0,6.0
CRANBROOK A,49.61222222222222,-115.78194444444443,2022-11-09,52.0,87.0,-18.5,-3.0,-10.8,0.0,0.0,0.0,5.0
CRANBROOK A,49.61222222222222,-115.78194444444443,2022-11-10,75.0,85.0,-16.5,-7.0,-11.8,0.0,0.0,0.0,5.0
CRANBROOK A,49.61222222222222,-115.78194444444443,2022-11-11,60.0,81.0,-8.4,-4.3,-6.4,0.0,0.0,0.0,4.0
CRANBROOK A,49.61222222222222,-115.78194444444443,2022-11-12,60.0,84.0,-10.8,-3.5,-7.2,0.0,0.0,0.0,4.0
CRANBROOK A,49.61222222222222,-115.78194444444443,2022-11-13,59.0,86.0,-13.7,-3.2,-8.5,0.0,0.0,0.0,3.0
CRANBROOK A,49.61222222222222,-115.78194444444443,2022-11-14,70.0,85.0,-12.6,-3.8,-8.2,0.0,0.0,0.0,2.0
CRANBROOK A,49.61222222222222,-115.78194444444443,2022-11-15,74.0,78.0,-6.6,-4.4,-5.5,0.0,0.0,0.0,2.0
CRANBROOK A,49.61222222222222,-115.78194444444443,2022-11-16,76.0,90.0,-6.3,-4.6,-5.5,2.7,2.7,9.6,2.0
CRANBROOK A,49.61222222222222,-115.78194444444443,2022-11-17,67.0,91.0,-13.5,-5.3,-9.4,0.2,0.2,1.0,14.0
CRANBROOK A,49.61222222222222,-115.78194444444443,2022-11-18,63.0,83.0,-20.6,-8.4,-14.5,0.0,0.0,0.0,10.0
CRANBROOK A,49.61222222222222,-115.78194444444443,2022-11-19,78.0,85.0,-20.8,-11.3,-16.1,0.0,0.0,0.0,9.0
CRANBROOK A,49.61222222222222,-115.78194444444443,2022-11-20,78.0,88.0,-20.6,-10.6,-15.6,0.0,0.0,0.0,9.0
CRANBROOK A,49.61222222222222,-115.78194444444443,2022-11-21,63.0,85.0,-16.1,-5.5,-10.8,0.0,0.0,0.0,9.0
CRANBROOK A,49.61222222222222,-115.78194444444443,2022-11-22,69.0,95.0,-8.5,1.6,-3.5,0.0,0.0,0.0,8.0
CRANBROOK A,49.61222222222222,-115.78194444444443,2022-11-23,77.0,96.0,-7.5,2.0,-2.8,0.0,0.0,0.0,7.0
CRANBROOK A,49.61222222222222,-115.78194444444443,2022-11-24,63.0,94.0,-7.0,4.0,-1.5,0.0,0.0,0.0,6.0
CRANBROOK A,49.61222222222222,-115.78194444444443,2022-11-25,57.0,90.0,-5.9,6.0,0.1,0.0,0.0,0.0,6.0
CRANBROOK A,49.61222222222222,-115.78194444444443,2022-11-26,66.0,96.0,-7.2,1.5,-2.9,0.0,0.0,0.0,4.0
CRANBROOK A,49.61222222222222,-115.78194444444443,2022-11-27,36.0,94.0,-7.4,1.0,-3.2,1.4,1.4,1.8,3.0
CRANBROOK A,49.61222222222222,-115.78194444444443,2022-11-28,59.0,80.0,-11.8,-6.3,-9.1,0.0,0.0,0.0,7.0
CRANBROOK A,49.61222222222222,-115.78194444444443,2022-11-29,51.0,81.0,-19.3,-9.6,-14.5,0.0,0.0,0.0,7.0
CRANBROOK A,49.61222222222222,-115.78194444444443,2022-11-30,70.0,86.0,-11.7,-7.3,-9.5,4.5,0.4,15.1,9.0
CRANBROOK A,49.61222222222222,-115.78194444444443,2022-12-01,78.0,86.0,-21.1,-9.0,-15.1,3.0,0.0,8.4,27.0
CRANBROOK A,49.61222222222222,-115.78194444444443,2022-12-02,76.0,86.0,-22.6,-12.5,-17.6,0.0,0.0,0.4,22.0
CRANBROOK A,49.61222222222222,-115.78194444444443,2022-12-03,73.0,83.0,-20.2,-9.9,-15.1,0.0,0.0,0.0,19.0
CRANBROOK A,49.61222222222222,-115.78194444444443,2022-12-04,74.0,85.0,-21.8,-10.0,-15.9,0.0,0.0,0.0,16.0
CRANBROOK A,49.61222222222222,-115.78194444444443,2022-12-05,75.0,87.0,-20.1,-11.0,-15.6,0.0,0.0,0.0,16.0
CRANBROOK A,49.61222222222222,-115.78194444444443,2022-12-06,65.0,84.0,-20.1,-3.0,-11.6,0.0,0.0,0.0,15.0
CRANBROOK A,49.61222222222222,-115.78194444444443,2022-12-07,62.0,85.0,-8.5,-0.2,-4.4,0.0,0.0,0.0,14.0
CRANBROOK A,49.61222222222222,-115.78194444444443,2022-12-09,62.0,94.0,-9.0,0.6,-4.2,0.2,0.0,1.0,14.0
CRANBROOK A,49.61222222222222,-115.78194444444443,2022-12-10,69.0,94.0,-4.8,-1.8,-3.3,1.6,0.2,2.2,13.0
CRANBROOK A,49.61222222222222,-115.78194444444443,2022-12-11,84.0,93.0,-8.8,-0.8,-4.8,1.0,0.0,3.4,21.0
CRANBROOK A,49.61222222222222,-115.78194444444443,2022-12-12,74.0,92.0,-13.2,-1.1,-7.2,0.0,0.0,0.0,20.0
CRANBROOK A,49.61222222222222,-115.78194444444443,2022-12-13,88.0,91.0,-12.4,-5.8,-9.1,0.0,0.0,0.0,19.0
CRANBROOK A,49.61222222222222,-115.78194444444443,2022-12-14,82.0,91.0,-11.7,-3.3,-7.5,4.2,0.0,8.6,19.0
CRANBROOK A,49.61222222222222,-115.78194444444443,2022-12-15,69.0,87.0,-7.7,-4.9,-6.3,0.0,0.0,0.0,22.0
CRANBROOK A,49.61222222222222,-115.78194444444443,2022-12-16,71.0,85.0,-8.8,-6.2,-7.5,0.0,0.0,0.0,22.0
CRANBROOK A,49.61222222222222,-115.78194444444443,2022-12-18,69.0,88.0,-16.4,-6.9,-11.7,2.6,0.9,6.0,22.0
CRANBROOK A,49.61222222222222,-115.78194444444443,2022-12-19,63.0,79.0,-23.5,-15.8,-19.7,0.0,0.0,0.2,25.0
CRANBROOK A,49.61222222222222,-115.78194444444443,2022-12-20,68.0,77.0,-26.3,-20.8,-23.6,0.9,0.9,1.8,25.0
CRANBROOK A,49.61222222222222,-115.78194444444443,2022-12-21,64.0,79.0,-31.1,-19.3,-25.2,0.0,0.0,1.0,28.0
CRANBROOK A,49.61222222222222,-115.78194444444443,2022-12-22,67.0,73.0,-35.5,-24.4,-30.0,0.0,0.0,0.0,28.0
CRANBROOK A,49.61222222222222,-115.78194444444443,2022-12-23,71.0,76.0,-29.2,-20.8,-25.0,2.4,0.0,3.2,28.0
CRANBROOK A,49.61222222222222,-115.78194444444443,2022-12-24,70.0,83.0,-21.0,-13.4,-17.2,3.5,0.0,5.0,33.0
CRANBROOK A,49.61222222222222,-115.78194444444443,2022-12-25,77.0,90.0,-15.3,-9.3,-12.3,0.0,0.0,0.0,35.0
CRANBROOK A,49.61222222222222,-115.78194444444443,2022-12-26,88.0,96.0,-9.7,4.2,-2.8,0.5,0.5,0.0,33.0
CRANBROOK A,49.61222222222222,-115.78194444444443,2022-12-27,77.0,97.0,0.0,3.9,2.0,16.3,16.1,0.2,28.0
CRANBROOK A,49.61222222222222,-115.78194444444443,2022-12-28,70.0,93.0,0.8,3.3,2.1,0.0,0.0,0.0,22.0
CRANBROOK A,49.61222222222222,-115.78194444444443,2022-12-29,50.0,86.0,-3.6,1.2,-1.2,0.0,0.0,0.0,20.0
CRANBROOK A,49.61222222222222,-115.78194444444443,2022-12-30,80.0,93.0,-7.5,-0.4,-4.0,0.4,0.4,0.8,20.0
CRANBROOK A,49.61222222222222,-115.78194444444443,2022-12-31,73.0,94.0,-8.5,2.6,-3.0,0.0,0.0,0.0,21.0
CRANBROOK A,49.61222222222222,-115.78194444444443,2023-01-03,66.0,77.0,-5.6,-3.2,-4.4,0.0,0.0,0.0,20.0
CRANBROOK A,49.61222222222222,-115.78194444444443,2023-01-04,61.0,78.0,-9.9,-3.8,-6.9,0.0,0.0,0.0,20.0
CRANBROOK A,49.61222222222222,-115.78194444444443,2023-01-05,67.0,81.0,-6.1,-4.2,-5.2,0.0,0.0,0.0,19.0
CRANBROOK A,49.61222222222222,-115.78194444444443,2023-01-06,65.0,90.0,-9.2,-1.2,-5.2,0.0,0.0,0.0,19.0
CRANBROOK A,49.61222222222222,-115.78194444444443,2023-01-07,83.0,92.0,-9.1,-1.3,-5.2,0.0,0.0,0.0,19.0
CRANBROOK A,49.61222222222222,-115.78194444444443,2023-01-08,87.0,95.0,-4.1,-0.7,-2.4,2.1,0.0,2.1,19.0
CRANBROOK A,49.61222222222222,-115.78194444444443,2023-01-10,89.0,97.0,-4.1,1.7,-1.2,0.0,0.0,0.0,22.0
CRANBROOK A,49.61222222222222,-115.78194444444443,2023-01-11,74.0,96.0,-4.8,-0.6,-2.7,0.0,0.0,0.0,21.0
CRANBROOK A,49.61222222222222,-115.78194444444443,2023-01-12,81.0,94.0,-4.2,0.7,-1.8,0.7,0.0,0.7,20.0
CRANBROOK A,49.61222222222222,-115.78194444444443,2023-01-13,84.0,94.0,-1.2,4.2,1.5,0.0,0.0,0.0,22.0
CRANBROOK A,49.61222222222222,-115.78194444444443,2023-01-14,74.0,97.0,-2.2,5.8,1.8,0.0,0.0,0.0,20.0
CRANBROOK A,49.61222222222222,-115.78194444444443,2023-01-15,95.0,97.0,-0.5,1.3,0.4,3.5,1.9,1.6,17.0
CRANBROOK A,49.61222222222222,-115.78194444444443,2023-01-16,97.0,97.0,-2.1,1.8,-0.2,0.0,0.0,0.0,15.0
CRANBROOK A,49.61222222222222,-115.78194444444443,2023-01-17,83.0,97.0,-6.2,1.0,-2.6,0.0,0.0,0.0,15.0
CRANBROOK A,49.61222222222222,-115.78194444444443,2023-01-18,66.0,94.0,-4.6,2.0,-1.3,0.0,0.0,0.0,14.0
CRANBROOK A,49.61222222222222,-115.78194444444443,2023-01-19,70.0,95.0,-6.0,2.6,-1.7,0.0,0.0,0.0,13.0
CRANBROOK A,49.61222222222222,-115.78194444444443,2023-01-20,63.0,86.0,-10.4,-0.6,-5.5,0.0,0.0,0.0,13.0
CRANBROOK A,49.61222222222222,-115.78194444444443,2023-01-21,73.0,84.0,-10.4,-2.9,-6.7,0.0,0.0,0.0,13.0
CRANBROOK A,49.61222222222222,-115.78194444444443,2023-01-22,62.0,93.0,-7.4,0.3,-3.6,0.0,0.0,0.0,13.0
CRANBROOK A,49.61222222222222,-115.78194444444443,2023-01-24,62.0,88.0,-11.1,-0.1,-5.6,0.0,0.0,0.0,13.0
CRANBROOK A,49.61222222222222,-115.78194444444443,2023-01-25,62.0,89.0,-11.9,-0.3,-6.1,0.0,0.0,0.0,13.0
CRANBROOK A,49.61222222222222,-115.78194444444443,2023-01-26,61.0,91.0,-6.4,4.0,-1.2,0.0,0.0,0.0,13.0
CRANBROOK A,49.61222222222222,-115.78194444444443,2023-01-27,88.0,96.0,-5.9,-0.2,-3.1,25.0,0.0,30.8,13.0
CRANBROOK A,49.61222222222222,-115.78194444444443,2023-01-28,36.0,91.0,-24.2,-2.5,-13.4,1.0,0.0,3.0,45.0
CRANBROOK A,49.61222222222222,-115.78194444444443,2023-01-29,52.0,82.0,-29.7,-13.5,-21.6,0.0,0.0,0.0,43.0
CRANBROOK A,49.61222222222222,-115.78194444444443,2023-01-30,68.0,79.0,-27.4,-14.2,-20.8,0.0,0.0,0.0,43.0
CRANBROOK A,49.61222222222222,-115.78194444444443,2023-01-31,70.0,86.0,-22.6,-9.8,-16.2,0.0,0.0,0.0,42.0
CRANBROOK A,49.61222222222222,-115.78194444444443,2023-02-01,75.0,87.0,-14.9,-5.6,-10.3,0.0,0.0,0.0,41.0
CRANBROOK A,49.61222222222222,-115.78194444444443,2023-02-02,74.0,91.0,-14.3,-3.1,-8.7,0.0,0.0,0.0,33.0
CRANBROOK A,49.61222222222222,-115.78194444444443,2023-02-03,64.0,90.0,-12.0,3.2,-4.4,0.0,0.0,0.0,32.0
CRANBROOK A,49.61222222222222,-115.78194444444443,2023-02-04,54.0,81.0,0.5,5.4,3.0,0.0,0.0,0.0,31.0
CRANBROOK A,49.61222222222222,-115.78194444444443,2023-02-05,67.0,91.0,-2.2,4.8,1.3,0.0,0.0,0.0,27.0
CRANBROOK A,49.61222222222222,-115.78194444444443,2023-02-06,53.0,95.0,-6.3,4.8,-0.8,0.0,0.0,0.0,26.0
CRANBROOK A,49.61222222222222,-115.78194444444443,2023-02-07,66.0,91.0,0.5,3.9,2.2,0.0,0.0,0.0,26.0
CRANBROOK A,49.61222222222222,-115.78194444444443,2023-02-08,33.0,93.0,-5.2,4.3,-0.5,0.3,0.0,0.4,22.0
CRANBROOK A,49.61222222222222,-115.78194444444443,2023-02-09,52.0,78.0,-7.6,2.0,-2.8,0.0,0.0,0.0,22.0
CRANBROOK A,49.61222222222222,-115.78194444444443,2023-02-11,47.0,88.0,-9.2,4.9,-2.2,0.0,0.0,0.0,19.0
CRANBROOK A,49.61222222222222,-115.78194444444443,2023-02-12,57.0,88.0,-8.8,4.3,-2.3,0.0,0.0,0.0,17.0
CRANBROOK A,49.61222222222222,-115.78194444444443,2023-02-13,35.0,94.0,-4.1,6.0,1.0,0.0,0.0,0.0,17.0
CRANBROOK A,49.61222222222222,-115.78194444444443,2023-02-14,50.0,71.0,-5.4,1.9,-1.8,0.0,0.0,0.0,17.0
CRANBROOK A,49.61222222222222,-115.78194444444443,2023-02-15,50.0,88.0,-13.3,0.4,-6.5,0.0,0.0,0.0,17.0
CRANBROOK A,49.61222222222222,-115.78194444444443,2023-02-16,49.0,85.0,-11.8,2.1,-4.9,0.0,0.0,0.0,17.0
CRANBROOK A,49.61222222222222,-115.78194444444443,2023-02-17,51.0,67.0,-2.3,2.9,0.3,0.0,0.0,0.0,17.0
CRANBROOK A,49.61222222222222,-115.78194444444443,2023-02-18,39.0,78.0,-4.1,4.5,0.2,0.0,0.0,0.0,17.0
CRANBROOK A,49.61222222222222,-115.78194444444443,2023-02-19,53.0,73.0,-5.5,4.0,-0.8,0.0,0.0,0.0,17.0
CRANBROOK A,49.61222222222222,-115.78194444444443,2023-02-20,52.0,96.0,-2.6,5.1,1.3,0.5,0.3,0.2,17.0
CRANBROOK A,49.61222222222222,-115.78194444444443,2023-02-21,44.0,96.0,-12.4,1.6,-5.4,5.0,0.0,5.0,17.0
CRANBROOK A,49.61222222222222,-115.78194444444443,2023-02-22,34.0,62.0,-17.6,-12.4,-15.0,0.0,0.0,0.0,23.0
CRANBROOK A,49.61222222222222,-115.78194444444443,2023-02-23,33.0,59.0,-22.9,-15.9,-19.4,0.0,0.0,0.0,23.0
CRANBROOK A,49.61222222222222,-115.78194444444443,2023-02-24,39.0,72.0,-24.3,-11.8,-18.1,0.0,0.0,0.0,23.0
CRANBROOK A,49.61222222222222,-115.78194444444443,2023-02-25,48.0,78.0,-17.0,-3.3,-10.2,0.0,0.0,0.0,22.0
CRANBROOK A,49.61222222222222,-115.78194444444443,2023-02-26,54.0,84.0,-6.2,1.4,-2.4,0.0,0.0,0.0,22.0
CRANBROOK A,49.61222222222222,-115.78194444444443,2023-02-27,42.0,75.0,-9.7,0.1,-4.8,0.0,0.0,0.0,22.0
CRANBROOK A,49.61222222222222,-115.78194444444443,2023-02-28,58.0,94.0,-6.5,-0.6,-3.6,0.2,0.0,1.8,20.0
CRANBROOK A,49.61222222222222,-115.78194444444443,2023-03-01,40.0,93.0,-10.9,1.7,-4.6,0.0,0.0,0.0,24.0
CRANBROOK A,49.61222222222222,-115.78194444444443,2023-03-02,39.0,75.0,-2.8,1.0,-0.9,0.0,0.0,0.0,24.0
CRANBROOK A,49.61222222222222,-115.78194444444443,2023-03-03,35.0,76.0,-8.5,1.6,-3.5,0.0,0.0,0.0,19.0
CRANBROOK A,49.61222222222222,-115.78194444444443,2023-03-04,50.0,84.0,-11.1,0.7,-5.2,0.2,0.0,0.2,19.0
CRANBROOK A,49.61222222222222,-115.78194444444443,2023-03-05,33.0,83.0,-11.3,-0.3,-5.8,0.0,0.0,0.0,19.0
CRANBROOK A,49.61222222222222,-115.78194444444443,2023-03-06,38.0,75.0,-10.0,0.4,-4.8,0.0,0.0,0.0,19.0
CRANBROOK A,49.61222222222222,-115.78194444444443,2023-03-07,38.0,78.0,-11.0,2.3,-4.4,0.0,0.0,0.0,19.0
CRANBROOK A,49.61222222222222,-115.78194444444443,2023-03-08,31.0,81.0,-13.0,2.9,-5.1,0.0,0.0,0.0,18.0
CRANBROOK A,49.61222222222222,-115.78194444444443,2023-03-09,42.0,70.0,-14.3,-1.7,-8.0,0.0,0.0,0.0,18.0
CRANBROOK A,49.61222222222222,-115.78194444444443,2023-03-10,55.0,90.0,-12.3,-2.9,-7.6,0.2,0.0,0.8,18.0
CRANBROOK A,49.61222222222222,-115.78194444444443,2023-03-11,45.0,90.0,-11.7,0.0,-5.9,0.0,0.0,0.0,18.0
CRANBROOK A,49.61222222222222,-115.78194444444443,2023-03-12,54.0,92.0,-7.6,3.6,-2.0,0.0,0.0,0.0,18.0
CRANBROOK A,49.61222222222222,-115.78194444444443,2023-03-13,70.0,94.0,-0.2,6.2,3.0,3.4,3.4,0.0,16.0
CRANBROOK A,49.61222222222222,-115.78194444444443,2023-03-14,45.0,90.0,-3.8,3.5,-0.2,0.3,0.0,0.6,10.0
CRANBROOK A,49.61222222222222,-115.78194444444443,2023-03-15,34.0,68.0,-6.1,5.3,-0.4,0.0,0.0,0.0,9.0
CRANBROOK A,49.61222222222222,-115.78194444444443,2023-03-16,29.0,72.0,-8.0,5.1,-1.5,0.0,0.0,0.0,8.0
CRANBROOK A,49.61222222222222,-115.78194444444443,2023-03-17,32.0,70.0,-6.6,6.3,-0.2,0.0,0.0,0.0,5.0
CRANBROOK A,49.61222222222222,-115.78194444444443,2023-03-18,33.0,74.0,-6.5,8.2,0.9,0.0,0.0,0.0,5.0
CRANBROOK A,49.61222222222222,-115.78194444444443,2023-03-19,30.0,83.0,-5.8,8.6,1.4,0.0,0.0,0.0,3.0
CRANBROOK A,49.61222222222222,-115.78194444444443,2023-03-20,22.0,70.0,-4.6,9.1,2.3,0.0,0.0,0.0,2.0
CRANBROOK A,49.61222222222222,-115.78194444444443,2023-04-03,36.0,92.0,-5.5,6.5,0.5,0.7,0.0,1.4,1.0
CRANBROOK A,49.61222222222222,-115.78194444444443,2023-04-04,27.0,94.0,-2.3,6.5,2.1,0.0,0.0,0.2,1.0
CRANBROOK A,49.61222222222222,-115.78194444444443,2023-04-19,44.0,94.0,-1.1,7.6,3.3,0.5,0.0,0.5,0.0
CRANBROOK A,49.61222222222222,-115.78194444444443,2023-04-20,38.0,97.0,-0.1,9.5,4.7,2.9,0.0,3.0,2.0
CRANBROOK A,49.61222222222222,-115.78194444444443,2023-11-02,80.0,96.0,-3.8,0.0,-1.9,8.4,2.2,6.2,0.0
CRANBROOK A,49.61222222222222,-115.78194444444443,2023-11-03,75.0,96.0,-2.2,8.8,3.3,0.0,0.0,0.0,5.0
CRANBROOK A,49.61222222222222,-115.78194444444443,2023-11-04,91.0,96.0,-0.6,4.0,1.7,4.9,4.9,0.0,0.0
CRANBROOK A,49.61222222222222,-115.78194444444443,2023-11-19,80.0,95.0,-3.9,2.9,-0.5,0.3,0.0,0.3,0.0
CRANBROOK A,49.61222222222222,-115.78194444444443,2023-11-29,71.0,79.0,-6.9,-4.5,-5.7,0.0,0.0,0.0,0.0
CRANBROOK A,49.61222222222222,-115.78194444444443,2023-11-30,66.0,83.0,-7.7,-4.5,-6.1,0.0,0.0,0.0,0.0
CRANBROOK A,49.61222222222222,-115.78194444444443,2023-12-01,78.0,91.0,-10.1,-4.6,-7.4,0.0,0.0,0.4,0.0
CRANBROOK A,49.61222222222222,-115.78194444444443,2023-12-02,85.0,92.0,-9.7,-2.4,-6.1,2.8,0.7,2.8,3.0
CRANBROOK A,49.61222222222222,-115.78194444444443,2023-12-03,85.0,95.0,-13.8,-1.2,-7.5,1.0,0.4,1.0,4.0
CRANBROOK A,49.61222222222222,-115.78194444444443,2023-12-04,91.0,96.0,-9.8,-1.0,-5.4,2.9,0.5,3.9,5.0
CRANBROOK A,49.61222222222222,-115.78194444444443,2023-12-05,95.0,97.0,-1.0,5.4,2.2,5.3,3.9,1.4,7.0
CRANBROOK A,49.61222222222222,-115.78194444444443,2023-12-06,85.0,97.0,1.9,7.4,4.7,0.3,0.3,0.0,3.0
CRANBROOK A,49.61222222222222,-115.78194444444443,2023-12-07,92.0,97.0,-0.8,3.0,1.1,5.3,5.1,0.2,0.0
CRANBROOK A,49.61222222222222,-115.78194444444443,2023-12-08,76.0,96.0,-6.1,1.0,-2.6,1.6,1.3,3.0,1.0
CRANBROOK A,49.61222222222222,-115.78194444444443,2023-12-09,79.0,90.0,-10.8,-2.2,-6.5,0.4,0.4,0.4,2.0
CRANBROOK A,49.61222222222222,-115.78194444444443,2023-12-10,81.0,94.0,-4.4,0.3,-2.1,0.0,0.0,0.0,3.0
CRANBROOK A,49.61222222222222,-115.78194444444443,2023-12-11,76.0,93.0,-3.1,-0.2,-1.7,0.3,0.3,0.3,1.0
CRANBROOK A,49.61222222222222,-115.78194444444443,2023-12-12,74.0,87.0,-3.6,-1.7,-2.7,0.0,0.0,0.0,2.0
CRANBROOK A,49.61222222222222,-115.78194444444443,2023-12-13,70.0,77.0,-5.2,-1.8,-3.5,0.0,0.0,0.0,1.0
CRANBROOK A,49.61222222222222,-115.78194444444443,2023-12-14,76.0,92.0,-5.8,-3.0,-4.4,2.7,1.4,2.7,1.0
CRANBROOK A,49.61222222222222,-115.78194444444443,2023-12-17,80.0,95.0,-7.9,1.2,-3.4,0.0,0.0,0.0,3.0
CRANBROOK A,49.61222222222222,-115.78194444444443,2023-12-18,94.0,96.0,-5.0,-2.0,-3.5,0.0,0.0,0.0,5.0
CRANBROOK A,49.61222222222222,-115.78194444444443,2023-12-19,95.0,97.0,-3.1,-0.3,-1.7,2.8,0.0,3.6,5.0
CRANBROOK A,49.61222222222222,-115.78194444444443,2023-12-20,87.0,96.0,-6.1,2.6,-1.8,0.0,0.0,0.0,8.0
CRANBROOK A,49.61222222222222,-115.78194444444443,2023-12-21,80.0,97.0,-4.1,6.7,1.3,0.0,0.0,0.0,7.0
CRANBROOK A,49.61222222222222,-115.78194444444443,2023-12-22,71.0,96.0,0.0,7.1,3.6,0.0,0.0,0.0,5.0
CRANBROOK A,49.61222222222222,-115.78194444444443,2023-12-23,41.0,94.0,-4.4,3.3,-0.6,0.2,0.2,0.0,0.0
CRANBROOK A,49.61222222222222,-115.78194444444443,2023-12-24,63.0,85.0,-11.7,-4.2,-8.0,0.0,0.0,0.0,0.0
CRANBROOK A,49.61222222222222,-115.78194444444443,2023-12-25,72.0,85.0,-13.1,-6.2,-9.7,0.0,0.0,0.0,0.0
CRANBROOK A,49.61222222222222,-115.78194444444443,2023-12-26,66.0,88.0,-7.2,-1.2,-4.2,0.0,0.0,0.0,0.0
CRANBROOK A,49.61222222222222,-115.78194444444443,2023-12-27,70.0,88.0,-5.1,-1.2,-3.2,0.0,0.0,0.0,0.0
CRANBROOK A,49.61222222222222,-115.78194444444443,2023-12-28,72.0,93.0,-6.3,1.3,-2.5,0.0,0.0,0.0,0.0
CRANBROOK A,49.61222222222222,-115.78194444444443,2023-12-29,86.0,95.0,-8.9,-1.6,-5.3,0.0,0.0,0.0,0.0
CRANBROOK A,49.61222222222222,-115.78194444444443,2023-12-30,90.0,93.0,-7.7,-4.5,-6.1,1.1,1.1,0.2,0.0
CRANBROOK A,49.61222222222222,-115.78194444444443,2023-12-31,93.0,96.0,-4.8,-0.9,-2.9,0.7,0.7,1.0,1.0
FORT NELSON A,58.83638888888889,-122.59694444444445,2018-10-31,77.0,97.0,-6.5,-2.4,-4.5,0.0,0.0,0.0,0.0
FORT NELSON A,58.83638888888889,-122.59694444444445,2018-11-01,76.0,91.0,-6.5,-3.6,-5.1,2.2,0.0,2.2,2.0
FORT NELSON A,58.83638888888889,-122.59694444444445,2018-11-02,82.0,90.0,-7.5,-5.5,-6.5,4.1,0.0,4.9,3.0
FORT NELSON A,58.83638888888889,-122.59694444444445,2018-11-03,83.0,94.0,-16.1,-7.0,-11.6,0.2,0.0,0.2,6.0
FORT NELSON A,58.83638888888889,-122.59694444444445,2018-11-04,76.0,87.0,-10.0,-7.7,-8.9,0.0,0.0,0.0,5.0
FORT NELSON A,58.83638888888889,-122.59694444444445,2018-11-05,75.0,93.0,-14.9,-7.5,-11.2,0.2,0.0,0.4,5.0
FORT NELSON A,58.83638888888889,-122.59694444444445,2018-11-06,73.0,89.0,-23.2,-8.7,-16.0,0.0,0.0,0.0,5.0
FORT NELSON A,58.83638888888889,-122.59694444444445,2018-11-07,72.0,88.0,-21.6,-8.1,-14.9,0.0,0.0,0.0,5.0
FORT NELSON A,58.83638888888889,-122.59694444444445,2018-11-08,76.0,85.0,-21.6,-10.9,-16.3,0.0,0.0,0.0,5.0
FORT NELSON A,58.83638888888889,-122.59694444444445,2018-11-09,70.0,91.0,-10.9,-3.6,-7.3,2.5,0.0,3.0,5.0
FORT NELSON A,58.83638888888889,-122.59694444444445,2018-11-10,87.0,96.0,-12.0,-5.8,-8.9,0.0,0.0,0.4,7.0
FORT NELSON A,58.83638888888889,-122.59694444444445,2018-11-11,82.0,91.0,-11.1,-5.0,-8.1,0.2,0.0,0.2,9.0
FORT NELSON A,58.83638888888889,-122.59694444444445,2018-11-12,85.0,94.0,-6.9,-2.9,-4.9,0.0,0.0,0.0,8.0
FORT NELSON A,58.83638888888889,-122.59694444444445,2018-11-13,86.0,95.0,-11.9,-5.4,-8.7,0.0,0.0,0.0,8.0
FORT NELSON A,58.83638888888889,-122.59694444444445,2018-11-14,74.0,89.0,-9.8,-7.3,-8.6,0.0,0.0,0.0,8.0
FORT NELSON A,58.83638888888889,-122.59694444444445,2018-11-15,74.0,86.0,-19.2,-9.8,-14.5,2.6,0.0,2.8,9.0
FORT NELSON A,58.83638888888889,-122.59694444444445,2018-11-16,70.0,84.0,-24.9,-13.4,-19.2,0.0,0.0,0.0,11.0
FORT NELSON A,58.83638888888889,-122.59694444444445,2018-11-17,78.0,88.0,-23.0,-9.9,-16.5,6.0,0.0,3.0,11.0
FORT NELSON A,58.83638888888889,-122.59694444444445,2018-11-18,82.0,88.0,-11.9,-8.7,-10.3,0.0,0.0,0.0,14.0
FORT NELSON A,58.83638888888889,-122.59694444444445,2018-11-19,77.0,92.0,-10.5,-5.5,-8.0,0.0,0.0,0.0,14.0
FORT NELSON A,58.83638888888889,-122.59694444444445,2018-11-20,88.0,94.0,-10.9,-6.6,-8.8,0.0,0.0,0.0,14.0
FORT NELSON A,58.83638888888889,-122.59694444444445,2018-11-21,85.0,92.0,-9.2,-6.5,-7.9,0.0,0.0,0.0,14.0
FORT NELSON A,58.83638888888889,-122.59694444444445,2018-11-22,79.0,92.0,-11.2,-4.2,-7.7,2.3,0.0,1.8,15.0
FORT NELSON A,58.83638888888889,-122.59694444444445,2018-11-23,86.0,90.0,-10.2,-8.3,-9.3,0.0,0.0,0.0,16.0
FORT NELSON A,58.83638888888889,-122.59694444444445,2018-11-24,83.0,91.0,-17.1,-8.6,-12.9,0.8,0.0,0.8,16.0
FORT NELSON A,58.83638888888889,-122.59694444444445,2018-11-25,82.0,90.0,-18.1,-11.9,-15.0,0.0,0.0,0.0,15.0
FORT NELSON A,58.83638888888889,-122.59694444444445,2018-11-26,83.0,92.0,-17.8,-10.7,-14.3,0.0,0.0,0.0,15.0
FORT NELSON A,58.83638888888889,-122.59694444444445,2018-11-27,88.0,92.0,-11.5,-7.3,-9.4,3.8,0.0,0.0,16.0
FORT NELSON A,58.83638888888889,-122.59694444444445,2018-11-28,90.0,93.0,-9.6,-6.1,-7.9,1.0,0.0,1.0,18.0
FORT NELSON A,58.83638888888889,-122.59694444444445,2018-11-29,91.0,95.0,-8.2,-3.4,-5.8,7.6,0.0,5.7,19.0
FORT NELSON A,58.83638888888889,-122.59694444444445,2018-11-30,90.0,95.0,-6.7,-3.4,-5.1,6.2,0.0,6.2,25.0
FORT NELSON A,58.83638888888889,-122.59694444444445,2018-12-01,91.0,95.0,-8.6,-6.2,-7.4,1.0,0.0,1.2,30.0
FORT NELSON A,58.83638888888889,-122.59694444444445,2018-12-02,81.0,93.0,-21.2,-8.1,-14.7,0.0,0.0,0.0,30.0
FORT NELSON A,58.83638888888889,-122.59694444444445,2018-12-03,78.0,86.0,-23.8,-13.7,-18.8,0.0,0.0,0.0,30.0
FORT NELSON A,58.83638888888889,-122.59694444444445,2018-12-04,84.0,93.0,-19.2,-5.0,-12.1,1.0,0.0,1.8,29.0
FORT NELSON A,58.83638888888889,-122.59694444444445,2018-12-05,86.0,95.0,-18.0,-7.2,-12.6,0.0,0.0,0.0,28.0
FORT NELSON A,58.83638888888889,-122.59694444444445,2018-12-06,81.0,87.0,-20.9,-13.4,-17.2,0.0,0.0,0.0,28.0
FORT NELSON A,58.83638888888889,-122.59694444444445,2018-12-07,80.0,86.0,-20.2,-11.5,-15.9,0.0,0.0,0.0,28.0
FORT NELSON A,58.83638888888889,-122.59694444444445,2018-12-08,82.0,86.0,-19.9,-11.0,-15.5,0.0,0.0,0.0,28.0
FORT NELSON A,58.83638888888889,-122.59694444444445,2018-12-09,81.0,91.0,-20.7,-8.0,-14.4,0.0,0.0,0.0,25.0
FORT NELSON A,58.83638888888889,-122.59694444444445,2018-12-10,77.0,95.0,-14.7,-1.3,-8.0,0.0,0.0,0.0,23.0
FORT NELSON A,58.83638888888889,-122.59694444444445,2018-12-11,88.0,94.0,-14.1,-3.3,-8.7,0.0,0.0,0.0,23.0
FORT NELSON A,58.83638888888889,-122.59694444444445,2018-12-12,74.0,96.0,-14.1,-1.6,-7.9,0.0,0.0,0.0,23.0
FORT NELSON A,58.83638888888889,-122.59694444444445,2018-12-13,79.0,92.0,-15.6,-7.5,-11.6,0.0,0.0,0.0,23.0
FORT NELSON A,58.83638888888889,-122.59694444444445,2018-12-14,81.0,86.0,-15.5,-11.8,-13.7,4.6,0.0,8.4,23.0
FORT NELSON A,58.83638888888889,-122.59694444444445,2018-12-15,77.0,86.0,-25.6,-14.2,-19.9,0.2,0.0,0.2,31.0
FORT NELSON A,58.83638888888889,-122.59694444444445,2018-12-16,71.0,87.0,-26.3,-10.9,-18.6,0.0,0.0,0.0,31.0
FORT NELSON A,58.83638888888889,-122.59694444444445,2018-12-17,81.0,87.0,-21.6,-15.0,-18.3,0.0,0.0,0.0,27.0
FORT NELSON A,58.83638888888889,-122.59694444444445,2018-12-18,79.0,84.0,-23.2,-16.4,-19.8,0.0,0.0,0.0,27.0
FORT NELSON A,58.83638888888889,-122.59694444444445,2018-12-19,78.0,85.0,-24.6,-14.4,-19.5,0.0,0.0,0.0,27.0
FORT NELSON A,58.83638888888889,-122.59694444444445,2018-12-20,79.0,85.0,-24.8,-14.5,-19.7,0.0,0.0,0.0,30.0
FORT NELSON A,58.83638888888889,-122.59694444444445,2018-12-21,81.0,89.0,-20.2,-10.7,-15.5,1.0,0.0,1.6,28.0
FORT NELSON A,58.83638888888889,-122.59694444444445,2018-12-22,75.0,83.0,-28.1,-15.8,-22.0,0.0,0.0,0.0,28.0
FORT NELSON A,58.83638888888889,-122.59694444444445,2018-12-23,73.0,81.0,-30.5,-20.7,-25.6,0.4,0.0,0.4,28.0
FORT NELSON A,58.83638888888889,-122.59694444444445,2018-12-24,80.0,82.0,-20.8,-18.4,-19.6,1.2,0.0,2.0,35.0
FORT NELSON A,58.83638888888889,-122.59694444444445,2018-12-25,76.0,83.0,-22.7,-18.0,-20.4,0.0,0.0,0.0,36.0
FORT NELSON A,58.83638888888889,-122.59694444444445,2018-12-26,76.0,84.0,-25.7,-19.6,-22.7,0.2,0.0,0.2,36.0
FORT NELSON A,58.83638888888889,-122.59694444444445,2018-12-27,76.0,83.0,-29.8,-20.4,-25.1,0.0,0.0,0.0,36.0
FORT NELSON A,58.83638888888889,-122.59694444444445,2018-12-29,75.0,81.0,-27.1,-19.0,-23.1,2.4,0.0,2.6,34.0
FORT NELSON A,58.83638888888889,-122.59694444444445,2018-12-30,79.0,85.0,-22.0,-15.5,-18.8,0.8,0.0,1.4,37.0
FORT NELSON A,58.83638888888889,-122.59694444444445,2018-12-31,81.0,86.0,-22.5,-11.8,-17.2,0.0,0.0,0.0,37.0
FORT NELSON A,58.83638888888889,-122.59694444444445,2019-01-01,46.0,97.0,-14.2,5.3,-4.5,0.0,0.0,0.0,34.0
FORT NELSON A,58.83638888888889,-122.59694444444445,2019-01-02,48.0,97.0,-8.2,3.8,-2.2,0.0,0.0,0.0,35.0
FORT NELSON A,58.83638888888889,-122.59694444444445,2019-01-03,65.0,89.0,-17.2,-4.1,-10.7,0.0,0.0,0.0,35.0
FORT NELSON A,58.83638888888889,-122.59694444444445,2019-01-04,82.0,89.0,-20.5,-10.9,-15.7,0.0,0.0,0.0,34.0
FORT NELSON A,58.83638888888889,-122.59694444444445,2019-01-05,83.0,88.0,-13.5,-11.0,-12.3,1.0,0.0,1.2,32.0
FORT NELSON A,58.83638888888889,-122.59694444444445,2019-01-06,74.0,82.0,-19.0,-11.9,-15.5,3.0,0.0,4.8,37.0
FORT NELSON A,58.83638888888889,-122.59694444444445,2019-01-07,68.0,80.0,-30.2,-19.0,-24.6,2.0,0.0,3.4,39.0
FORT NELSON A,58.83638888888889,-122.59694444444445,2019-01-08,72.0,76.0,-33.5,-25.3,-29.4,0.0,0.0,0.0,37.0
FORT NELSON A,58.83638888888889,-122.59694444444445,2019-01-09,71.0,77.0,-34.2,-23.3,-28.8,3.2,0.0,4.4,37.0
FORT NELSON A,58.83638888888889,-122.59694444444445,2019-01-10,73.0,80.0,-26.7,-21.0,-23.9,0.4,0.0,0.4,41.0
FORT NELSON A,58.83638888888889,-122.59694444444445,2019-01-11,76.0,84.0,-25.2,-19.6,-22.4,0.0,0.0,0.0,40.0
FORT NELSON A,58.83638888888889,-122.59694444444445,2019-01-12,74.0,81.0,-23.2,-16.8,-20.0,0.0,0.0,0.0,40.0
FORT NELSON A,58.83638888888889,-122.59694444444445,2019-01-13,77.0,84.0,-22.7,-20.4,-21.6,0.3,0.0,0.6,41.0
FORT NELSON A,58.83638888888889,-122.59694444444445,2019-01-14,80.0,84.0,-21.1,-16.4,-18.8,0.0,0.0,0.0,41.0
FORT NELSON A,58.83638888888889,-122.59694444444445,2019-01-15,74.0,85.0,-19.9,-15.2,-17.6,2.6,0.0,4.8,41.0
FORT NELSON A,58.83638888888889,-122.59694444444445,2019-01-16,71.0,81.0,-25.9,-19.9,-22.9,4.8,0.0,6.8,46.0
FORT NELSON A,58.83638888888889,-122.59694444444445,2019-01-17,71.0,78.0,-23.2,-20.9,-22.1,0.0,0.0,1.2,51.0
FORT NELSON A,58.83638888888889,-122.59694444444445,2019-01-18,76.0,80.0,-20.9,-18.9,-19.9,3.0,0.0,5.2,51.0
FORT NELSON A,58.83638888888889,-122.59694444444445,2019-01-19,75.0,83.0,-20.5,-18.1,-19.3,1.9,0.3,2.0,56.0
FORT NELSON A,58.83638888888889,-122.59694444444445,2019-01-20,78.0,85.0,-20.3,-15.0,-17.7,1.3,0.0,2.4,53.0
FORT NELSON A,58.83638888888889,-122.59694444444445,2019-01-21,82.0,86.0,-15.8,-12.3,-14.1,4.7,0.0,7.0,56.0
FORT NELSON A,58.83638888888889,-122.59694444444445,2019-01-22,75.0,86.0,-17.1,-12.1,-14.6,1.6,0.0,3.2,62.0
FORT NELSON A,58.83638888888889,-122.59694444444445,2019-01-23,72.0,86.0,-29.8,-17.1,-23.5,0.0,0.0,0.0,65.0
FORT NELSON A,58.83638888888889,-122.59694444444445,2019-01-24,70.0,83.0,-23.2,-11.2,-17.2,0.0,0.0,0.0,65.0
FORT NELSON A,58.83638888888889,-122.59694444444445,2019-01-25,82.0,93.0,-16.4,-4.4,-10.4,0.0,0.0,0.0,65.0
FORT NELSON A,58.83638888888889,-122.59694444444445,2019-01-26,89.0,97.0,-12.5,1.1,-5.7,1.0,0.8,0.6,65.0
FORT NELSON A,58.83638888888889,-122.59694444444445,2019-01-27,76.0,97.0,-12.3,0.4,-6.0,3.8,0.0,4.8,60.0
FORT NELSON A,58.83638888888889,-122.59694444444445,2019-01-28,81.0,89.0,-19.0,-10.2,-14.6,0.0,0.0,0.0,63.0
FORT NELSON A,58.83638888888889,-122.59694444444445,2019-01-29,85.0,89.0,-15.8,-11.2,-13.5,0.0,0.0,0.0,63.0
FORT NELSON A,58.83638888888889,-122.59694444444445,2019-01-30,78.0,89.0,-15.7,-11.1,-13.4,0.0,0.0,0.0,58.0
FORT NELSON A,58.83638888888889,-122.59694444444445,2019-01-31,62.0,81.0,-21.3,-15.6,-18.5,0.5,0.0,1.1,59.0
FORT NELSON A,58.83638888888889,-122.59694444444445,2019-02-01,69.0,79.0,-25.2,-21.2,-23.2,4.0,0.0,4.8,58.0
FORT NELSON A,58.83638888888889,-122.59694444444445,2019-02-02,65.0,77.0,-27.5,-23.4,-25.5,0.8,0.0,1.8,63.0
FORT NELSON A,58.83638888888889,-122.59694444444445,2019-02-03,66.0,76.0,-35.0,-21.6,-28.3,0.0,0.0,0.0,63.0
FORT NELSON A,58.83638888888889,-122.59694444444445,2019-02-04,69.0,77.0,-37.4,-24.4,-30.9,0.6,0.0,0.6,55.0
FORT NELSON A,58.83638888888889,-122.59694444444445,2019-02-05,65.0,78.0,-30.2,-22.1,-26.2,0.8,0.0,1.2,63.0
FORT NELSON A,58.83638888888889,-122.59694444444445,2019-02-06,71.0,76.0,-31.4,-23.9,-27.7,0.6,0.0,0.8,58.0
FORT NELSON A,58.83638888888889,-122.59694444444445,2019-02-07,71.0,78.0,-24.7,-19.5,-22.1,0.0,0.0,0.0,63.0
FORT NELSON A,58.83638888888889,-122.59694444444445,2019-02-08,66.0,79.0,-32.4,-21.2,-26.8,0.0,0.0,0.0,62.0
FORT NELSON A,58.83638888888889,-122.59694444444445,2019-02-09,72.0,83.0,-32.8,-8.2,-20.5,4.8,0.0,7.0,61.0
FORT NELSON A,58.83638888888889,-122.59694444444445,2019-02-10,78.0,94.0,-16.7,-5.9,-11.3,1.4,0.0,2.4,59.0
FORT NELSON A,58.83638888888889,-122.59694444444445,2019-02-11,74.0,86.0,-19.6,-9.8,-14.7,0.2,0.0,0.4,58.0
FORT NELSON A,58.83638888888889,-122.59694444444445,2019-02-12,76.0,88.0,-22.0,-12.3,-17.2,0.2,0.0,0.4,55.0
FORT NELSON A,58.83638888888889,-122.59694444444445,2019-02-13,71.0,85.0,-28.3,-15.2,-21.8,0.2,0.0,0.2,55.0
FORT NELSON A,58.83638888888889,-122.59694444444445,2019-02-14,77.0,87.0,-17.5,-9.2,-13.4,1.4,0.0,3.2,54.0
FORT NELSON A,58.83638888888889,-122.59694444444445,2019-02-15,77.0,85.0,-18.1,-13.8,-16.0,1.8,0.0,2.4,57.0
FORT NELSON A,58.83638888888889,-122.59694444444445,2019-02-16,65.0,82.0,-23.9,-16.8,-20.4,1.0,0.0,1.2,56.0
FORT NELSON A,58.83638888888889,-122.59694444444445,2019-02-18,67.0,87.0,-26.5,-9.4,-18.0,0.0,0.0,0.0,54.0
FORT NELSON A,58.83638888888889,-122.59694444444445,2019-02-19,76.0,88.0,-15.3,-2.1,-8.7,0.0,0.0,0.0,54.0
FORT NELSON A,58.83638888888889,-122.59694444444445,2019-02-20,71.0,89.0,-16.0,-6.5,-11.3,1.4,0.0,1.6,57.0
FORT NELSON A,58.83638888888889,-122.59694444444445,2019-02-21,77.0,89.0,-20.6,-11.0,-15.8,0.2,0.0,0.2,56.0
FORT NELSON A,58.83638888888889,-122.59694444444445,2019-02-22,64.0,87.0,-16.0,-10.2,-13.1,3.2,0.0,4.2,59.0
FORT NELSON A,58.83638888888889,-122.59694444444445,2019-02-23,56.0,84.0,-27.1,-11.9,-19.5,0.0,0.0,0.0,59.0
FORT NELSON A,58.83638888888889,-122.59694444444445,2019-02-24,55.0,86.0,-25.4,-11.1,-18.3,0.0,0.0,0.0,56.0
FORT NELSON A,58.83638888888889,-122.59694444444445,2019-02-27,62.0,96.0,-16.0,-0.1,-8.1,0.0,0.0,0.0,54.0
FORT NELSON A,58.83638888888889,-122.59694444444445,2019-02-28,35.0,92.0,-18.7,-5.0,-11.9,0.0,0.0,0.0,55.0
FORT NELSON A,58.83638888888889,-122.59694444444445,2019-03-01,47.0,77.0,-31.5,-16.7,-24.1,0.0,0.0,0.0,54.0
FORT NELSON A,58.83638888888889,-122.59694444444445,2019-03-02,41.0,77.0,-34.0,-13.3,-23.7,0.0,0.0,0.0,53.0
FORT NELSON A,58.83638888888889,-122.59694444444445,2019-03-03,35.0,80.0,-30.5,-6.2,-18.4,0.0,0.0,0.0,53.0
FORT NELSON A,58.83638888888889,-122.59694444444445,2019-03-04,48.0,93.0,-25.5,-4.2,-14.9,0.0,0.0,0.0,53.0
FORT NELSON A,58.83638888888889,-122.59694444444445,2019-03-05,63.0,88.0,-22.6,-7.7,-15.2,0.0,0.0,0.0,52.0
FORT NELSON A,58.83638888888889,-122.59694444444445,2019-03-06,49.0,85.0,-25.9,-4.8,-15.4,0.0,0.0,0.0,53.0
FORT NELSON A,58.83638888888889,-122.59694444444445,2019-03-07,40.0,86.0,-24.5,-1.3,-12.9,0.0,0.0,0.0,53.0
FORT NELSON A,58.83638888888889,-122.59694444444445,2019-03-08,35.0,87.0,-22.5,-0.4,-11.5,0.0,0.0,0.0,53.0
FORT NELSON A,58.83638888888889,-122.59694444444445,2019-03-09,32.0,85.0,-18.9,4.2,-7.4,0.0,0.0,0.0,53.0
FORT NELSON A,58.83638888888889,-122.59694444444445,2019-03-10,41.0,90.0,-15.2,1.5,-6.9,0.0,0.0,0.0,53.0
FORT NELSON A,58.83638888888889,-122.59694444444445,2019-03-11,23.0,81.0,-12.0,7.7,-2.2,0.0,0.0,0.0,53.0
FORT NELSON A,58.83638888888889,-122.59694444444445,2019-03-12,32.0,69.0,-6.3,6.8,0.3,0.0,0.0,0.0,52.0
FORT NELSON A,58.83638888888889,-122.59694444444445,2019-03-13,33.0,68.0,-6.2,7.7,0.8,0.0,0.0,0.0,51.0
FORT NELSON A,58.83638888888889,-122.59694444444445,2019-03-14,47.0,82.0,-11.1,2.7,-4.2,0.0,0.0,0.0,51.0
FORT NELSON A,58.83638888888889,-122.59694444444445,2019-03-15,26.0,72.0,-9.8,6.9,-1.5,0.0,0.0,0.0,51.0
FORT NELSON A,58.83638888888889,-122.59694444444445,2019-03-16,28.0,76.0,-10.3,8.4,-1.0,0.0,0.0,0.0,50.0
FORT NELSON A,58.83638888888889,-122.59694444444445,2019-03-17,22.0,77.0,-6.0,14.4,4.2,0.0,0.0,0.0,48.0
FORT NELSON A,58.83638888888889,-122.59694444444445,2019-03-18,31.0,73.0,0.7,16.6,8.7,0.0,0.0,0.0,47.0
FORT NELSON A,58.83638888888889,-122.59694444444445,2019-03-19,21.0,82.0,-2.4,17.6,7.6,0.0,0.0,0.0,38.0
FORT NELSON A,58.83638888888889,-122.59694444444445,2019-03-20,20.0,89.0,-5.7,17.3,5.8,0.0,0.0,0.0,35.0
FORT NELSON A,58.83638888888889,-122.59694444444445,2019-03-21,29.0,73.0,-2.3,12.5,5.1,0.0,0.0,0.0,32.0
FORT NELSON A,58.83638888888889,-122.59694444444445,2019-03-27,37.0,86.0,-1.6,10.8,4.6,0.0,0.0,0.0,22.0
FORT NELSON A,58.83638888888889,-122.59694444444445,2019-03-28,28.0,88.0,-4.6,12.6,4.0,0.0,0.0,0.0,19.0
FORT NELSON A,58.83638888888889,-122.59694444444445,2019-03-29,23.0,80.0,-2.8,14.7,6.0,0.0,0.0,0.0,18.0
FORT NELSON A,58.83638888888889,-122.59694444444445,2019-03-30,47.0,75.0,-0.1,6.4,3.2,0.0,0.0,0.0,18.0
FORT NELSON A,58.83638888888889,-122.59694444444445,2019-03-31,28.0,90.0,-4.0,10.5,3.3,0.0,0.0,0.0,16.0
FORT NELSON A,58.83638888888889,-122.59694444444445,2019-04-01,43.0,97.0,-1.9,8.0,3.1,2.2,0.0,1.0,11.0
FORT NELSON A,58.83638888888889,-122.59694444444445,2019-04-02,87.0,96.0,-5.9,0.3,-2.8,4.8,0.0,5.0,10.0
FORT NELSON A,58.83638888888889,-122.59694444444445,2019-04-03,76.0,88.0,-10.9,-5.9,-8.4,3.0,0.0,7.2,15.0
FORT NELSON A,58.83638888888889,-122.59694444444445,2019-04-04,63.0,85.0,-12.9,-7.5,-10.2,3.0,0.0,6.0,22.0
FORT NELSON A,58.83638888888889,-122.59694444444445,2019-04-05,71.0,87.0,-11.9,-3.5,-7.7,1.0,0.0,1.6,20.0
FORT NELSON A,58.83638888888889,-122.59694444444445,2019-04-06,75.0,92.0,-4.8,-0.8,-2.8,1.6,0.0,2.0,18.0
FORT NELSON A,58.83638888888889,-122.59694444444445,2019-04-07,69.0,97.0,-2.8,4.6,0.9,0.0,0.0,0.0,15.0
FORT NELSON A,58.83638888888889,-122.59694444444445,2019-04-08,24.0,98.0,-5.9,12.6,3.4,0.0,0.0,0.0,10.0
FORT NELSON A,58.83638888888889,-122.59694444444445,2019-04-09,24.0,84.0,-4.9,13.9,4.5,0.0,0.0,0.0,5.0
FORT NELSON A,58.83638888888889,-122.59694444444445,2019-04-10,27.0,88.0,-3.7,13.3,4.8,0.0,0.0,0.0,3.0
FORT NELSON A,58.83638888888889,-122.59694444444445,2019-04-11,23.0,65.0,0.2,13.9,7.1,0.0,0.0,0.0,0.0
FORT NELSON A,58.83638888888889,-122.59694444444445,2019-04-12,18.0,78.0,-1.6,14.1,6.3,0.0,0.0,0.0,0.0
FORT NELSON A,58.83638888888889,-122.59694444444445,2019-04-13,29.0,78.0,-2.5,11.3,4.4,0.2,0.2,0.0,0.0
FORT NELSON A,58.83638888888889,-122.59694444444445,2019-04-14,39.0,83.0,-0.3,9.1,4.4,0.6,0.0,1.0,1.0
FORT NELSON A,58.83638888888889,-122.59694444444445,2019-04-15,45.0,79.0,-0.7,7.7,3.5,0.0,0.0,0.0,0.0
FORT NELSON A,58.83638888888889,-122.59694444444445,2019-04-30,47.0,91.0,-2.3,3.1,0.4,1.5,0.0,1.5,0.0
FORT NELSON A,58.83638888888889,-122.59694444444445,2019-05-02,64.0,96.0,-2.4,2.7,0.2,5.6,0.0,10.2,1.0
FORT NELSON A,58.83638888888889,-122.59694444444445,2019-05-03,50.0,90.0,-5.4,-0.8,-3.1,2.0,0.0,2.6,3.0
FORT NELSON A,58.83638888888889,-122.59694444444445,2019-05-04,44.0,92.0,-3.8,2.9,-0.5,0.3,0.0,0.3,1.0
FORT NELSON A,58.83638888888889,-122.59694444444445,2019-10-07,60.0,93.0,-2.1,2.4,0.2,1.8,0.0,1.8,1.0
FORT NELSON A,58.83638888888889,-122.59694444444445,2019-10-08,44.0,91.0,-3.8,3.2,-0.3,0.4,0.0,0.4,0.0
FORT NELSON A,58.83638888888889,-122.59694444444445,2019-10-17,95.0,99.0,-0.2,1.1,0.5,4.3,0.0,4.3,3.0
FORT NELSON A,58.83638888888889,-122.59694444444445,2019-10-18,92.0,97.0,-0.3,1.6,0.7,0.0,0.0,0.0,1.0
FORT NELSON A,58.83638888888889,-122.59694444444445,2019-10-19,85.0,98.0,-0.5,2.6,1.1,0.8,0.0,0.8,0.0
FORT NELSON A,58.83638888888889,-122.59694444444445,2019-10-22,84.0,99.0,-3.5,2.6,-0.5,3.6,0.0,5.0,1.0
FORT NELSON A,58.83638888888889,-122.59694444444445,2019-10-27,59.0,89.0,-3.9,1.9,-1.0,1.8,0.0,1.8,1.0
FORT NELSON A,58.83638888888889,-122.59694444444445,2019-10-29,59.0,78.0,-8.3,-0.5,-4.4,0.0,0.0,0.0,0.0
FORT NELSON A,58.83638888888889,-122.59694444444445,2019-10-30,40.0,94.0,-1.7,10.2,4.3,0.0,0.0,0.0,0.0
FORT NELSON A,58.83638888888889,-122.59694444444445,2019-11-02,75.0,98.0,-2.1,3.3,0.6,3.5,3.5,0.0,0.0
FORT NELSON A,58.83638888888889,-122.59694444444445,2019-11-03,76.0,93.0,-4.5,-2.0,-3.3,0.0,0.0,0.0,0.0
FORT NELSON A,58.83638888888889,-122.59694444444445,2019-11-04,79.0,95.0,-8.6,-3.1,-5.9,1.0,0.0,5.2,0.0
FORT NELSON A,58.83638888888889,-122.59694444444445,2019-11-05,70.0,89.0,-16.8,-7.5,-12.2,0.0,0.0,0.0,2.0
FORT NELSON A,58.83638888888889,-122.59694444444445,2019-11-06,71.0,89.0,-17.1,-8.1,-12.6,0.0,0.0,0.0,2.0
FORT NELSON A,58.83638888888889,-122.59694444444445,2019-11-07,86.0,91.0,-11.4,-5.2,-8.3,1.8,0.0,1.8,2.0
FORT NELSON A,58.83638888888889,-122.59694444444445,2019-11-08,75.0,86.0,-12.7,-7.1,-9.9,3.4,0.0,5.2,4.0
FORT NELSON A,58.83638888888889,-122.59694444444445,2019-11-09,64.0,85.0,-15.5,-12.6,-14.1,0.8,0.0,2.0,10.0
FORT NELSON A,58.83638888888889,-122.59694444444445,2019-11-11,75.0,88.0,-22.4,-11.5,-17.0,0.0,0.0,0.0,9.0
FORT NELSON A,58.83638888888889,-122.59694444444445,2019-11-12,82.0,90.0,-12.9,-5.5,-9.2,0.0,0.0,0.0,8.0
FORT NELSON A,58.83638888888889,-122.59694444444445,2019-11-13,76.0,90.0,-14.5,-5.7,-10.1,0.0,0.0,0.0,7.0
FORT NELSON A,58.83638888888889,-122.59694444444445,2019-11-14,77.0,86.0,-16.2,-14.3,-15.3,4.0,0.0,4.0,7.0
FORT NELSON A,58.83638888888889,-122.59694444444445,2019-11-15,74.0,87.0,-17.8,-11.2,-14.5,0.0,0.0,0.0,10.0
FORT NELSON A,58.83638888888889,-122.59694444444445,2019-11-16,76.0,83.0,-21.1,-14.4,-17.8,0.0,0.0,0.0,10.0
FORT NELSON A,58.83638888888889,-122.59694444444445,2019-11-17,72.0,84.0,-17.0,-13.3,-15.2,0.8,0.0,0.8,12.0
FORT NELSON A,58.83638888888889,-122.59694444444445,2019-11-18,77.0,85.0,-14.4,-12.2,-13.3,0.0,0.0,0.0,12.0
FORT NELSON A,58.83638888888889,-122.59694444444445,2019-11-19,71.0,90.0,-18.0,-8.2,-13.1,0.0,0.0,0.0,12.0
FORT NELSON A,58.83638888888889,-122.59694444444445,2019-11-21,83.0,98.0,-8.9,-1.5,-5.2,0.0,0.0,0.0,12.0
FORT NELSON A,58.83638888888889,-122.59694444444445,2019-11-22,79.0,95.0,-7.5,1.9,-2.8,0.0,0.0,0.0,13.0
FORT NELSON A,58.83638888888889,-122.59694444444445,2019-11-23,55.0,95.0,-9.9,4.6,-2.7,0.0,0.0,0.0,10.0
FORT NELSON A,58.83638888888889,-122.59694444444445,2019-11-24,70.0,94.0,-11.7,-2.7,-7.2,0.0,0.0,0.0,10.0
FORT NELSON A,58.83638888888889,-122.59694444444445,2019-11-25,42.0,90.0,-10.2,2.0,-4.1,1.0,0.0,1.0,10.0
FORT NELSON A,58.83638888888889,-122.59694444444445,2019-11-26,80.0,88.0,-10.5,-7.7,-9.1,0.0,0.0,0.0,13.0
FORT NELSON A,58.83638888888889,-122.59694444444445,2019-11-27,73.0,91.0,-17.5,-10.2,-13.9,0.0,0.0,0.0,13.0
FORT NELSON A,58.83638888888889,-122.59694444444445,2019-11-28,80.0,86.0,-23.5,-14.5,-19.0,0.0,0.0,0.0,12.0
FORT NELSON A,58.83638888888889,-122.59694444444445,2019-11-29,78.0,88.0,-19.7,-11.3,-15.5,0.0,0.0,0.0,10.0
FORT NELSON A,58.83638888888889,-122.59694444444445,2019-11-30,82.0,86.0,-18.4,-9.9,-14.2,0.0,0.0,0.0,10.0
FORT NELSON A,58.83638888888889,-122.59694444444445,2019-12-01,83.0,96.0,-10.3,-5.5,-7.9,2.4,0.4,1.0,12.0
FORT NELSON A,58.83638888888889,-122.59694444444445,2019-12-02,92.0,95.0,-8.6,-4.7,-6.7,0.0,0.0,0.0,15.0
FORT NELSON A,58.83638888888889,-122.59694444444445,2019-12-03,86.0,92.0,-14.5,-8.6,-11.6,0.0,0.0,0.0,15.0
FORT NELSON A,58.83638888888889,-122.59694444444445,2019-12-04,85.0,88.0,-14.3,-12.2,-13.3,0.4,0.0,0.6,15.0
FORT NELSON A,58.83638888888889,-122.59694444444445,2019-12-05,81.0,87.0,-16.9,-12.7,-14.8,0.4,0.0,2.0,15.0
FORT NELSON A,58.83638888888889,-122.59694444444445,2019-12-06,80.0,84.0,-18.0,-15.1,-16.6,0.4,0.0,0.8,16.0
FORT NELSON A,58.83638888888889,-122.59694444444445,2019-12-07,79.0,86.0,-18.0,-14.9,-16.5,0.4,0.0,0.4,18.0
FORT NELSON A,58.83638888888889,-122.59694444444445,2019-12-08,82.0,88.0,-19.8,-10.9,-15.4,4.8,0.0,6.0,18.0
FORT NELSON A,58.83638888888889,-122.59694444444445,2019-12-09,84.0,90.0,-13.2,-10.8,-12.0,0.0,0.0,0.0,22.0
FORT NELSON A,58.83638888888889,-122.59694444444445,2019-12-10,81.0,87.0,-15.2,-12.5,-13.9,0.0,0.0,0.0,22.0
FORT NELSON A,58.83638888888889,-122.59694444444445,2019-12-11,77.0,86.0,-18.4,-15.2,-16.8,2.8,0.0,4.8,21.0
FORT NELSON A,58.83638888888889,-122.59694444444445,2019-12-12,76.0,80.0,-20.0,-18.3,-19.2,3.8,0.0,8.0,27.0
FORT NELSON A,58.83638888888889,-122.59694444444445,2019-12-13,75.0,81.0,-26.5,-19.5,-23.0,0.4,0.2,0.2,31.0
FORT NELSON A,58.83638888888889,-122.59694444444445,2019-12-14,75.0,80.0,-28.2,-20.8,-24.5,0.0,0.0,0.0,31.0
FORT NELSON A,58.83638888888889,-122.59694444444445,2019-12-15,77.0,85.0,-21.2,-14.4,-17.8,0.0,0.0,0.0,29.0
FORT NELSON A,58.83638888888889,-122.59694444444445,2019-12-16,72.0,90.0,-16.4,-12.8,-14.6,0.2,0.0,0.4,29.0
FORT NELSON A,58.83638888888889,-122.59694444444445,2019-12-18,75.0,83.0,-23.2,-19.4,-21.3,0.0,0.0,0.0,32.0
FORT NELSON A,58.83638888888889,-122.59694444444445,2019-12-19,78.0,84.0,-26.0,-21.5,-23.8,0.0,0.0,0.0,29.0
FORT NELSON A,58.83638888888889,-122.59694444444445,2019-12-20,77.0,79.0,-27.9,-24.1,-26.0,0.0,0.0,0.0,28.0
FORT NELSON A,58.83638888888889,-122.59694444444445,2019-12-21,78.0,79.0,-26.2,-23.6,-24.9,0.0,0.0,0.0,27.0
FORT NELSON A,58.83638888888889,-122.59694444444445,2019-12-22,75.0,81.0,-25.9,-20.2,-23.1,0.0,0.0,0.0,26.0
FORT NELSON A,58.83638888888889,-122.59694444444445,2019-12-23,75.0,80.0,-26.8,-20.6,-23.7,0.0,0.0,0.0,27.0
FORT NELSON A,58.83638888888889,-122.59694444444445,2019-12-24,77.0,82.0,-21.8,-16.9,-19.4,0.0,0.0,0.0,27.0
FORT NELSON A,58.83638888888889,-122.59694444444445,2019-12-25,74.0,86.0,-22.2,-15.2,-18.7,0.0,0.0,0.0,27.0
FORT NELSON A,58.83638888888889,-122.59694444444445,2019-12-26,82.0,86.0,-20.6,-12.7,-16.7,0.0,0.0,0.0,27.0
FORT NELSON A,58.83638888888889,-122.59694444444445,2019-12-27,76.0,87.0,-25.1,-12.8,-19.0,0.0,0.0,0.0,26.0
FORT NELSON A,58.83638888888889,-122.59694444444445,2019-12-28,77.0,81.0,-24.7,-18.7,-21.7,0.0,0.0,0.0,26.0
FORT NELSON A,58.83638888888889,-122.59694444444445,2019-12-29,74.0,81.0,-22.2,-19.0,-20.6,0.0,0.0,0.0,26.0
FORT NELSON A,58.83638888888889,-122.59694444444445,2019-12-30,74.0,85.0,-20.5,-13.9,-17.2,0.0,0.0,0.0,26.0
FORT NELSON A,58.83638888888889,-122.59694444444445,2019-12-31,80.0,93.0,-16.6,-4.7,-10.7,0.0,0.0,0.0,26.0
FORT NELSON A,58.83638888888889,-122.59694444444445,2020-01-01,85.0,90.0,-16.7,-8.9,-12.8,0.0,0.0,0.0,26.0
FORT NELSON A,58.83638888888889,-122.59694444444445,2020-01-02,80.0,89.0,-23.9,-10.2,-17.1,5.6,0.0,5.0,31.0
FORT NELSON A,58.83638888888889,-122.59694444444445,2020-01-03,79.0,84.0,-25.8,-20.1,-23.0,6.0,0.0,6.0,30.0
FORT NELSON A,58.83638888888889,-122.59694444444445,2020-01-04,65.0,81.0,-28.1,-19.3,-23.7,3.6,0.0,6.0,38.0
FORT NELSON A,58.83638888888889,-122.59694444444445,2020-01-05,72.0,80.0,-31.3,-21.8,-26.6,3.4,0.0,4.6,36.0
FORT NELSON A,58.83638888888889,-122.59694444444445,2020-01-07,71.0,75.0,-34.9,-28.8,-31.9,0.0,0.0,0.0,36.0
FORT NELSON A,58.83638888888889,-122.59694444444445,2020-01-08,75.0,78.0,-30.2,-25.2,-27.7,0.8,0.0,1.2,36.0
FORT NELSON A,58.83638888888889,-122.59694444444445,2020-01-09,69.0,78.0,-31.5,-25.3,-28.4,0.0,0.0,0.0,37.0
FORT NELSON A,58.83638888888889,-122.59694444444445,2020-01-10,74.0,77.0,-32.2,-27.2,-29.7,0.4,0.0,0.4,37.0
FORT NELSON A,58.83638888888889,-122.59694444444445,2020-01-11,72.0,78.0,-35.5,-27.3,-31.4,2.2,0.0,2.8,38.0
FORT NELSON A,58.83638888888889,-122.59694444444445,2020-01-12,71.0,80.0,-35.0,-22.3,-28.7,1.4,0.0,1.4,38.0
FORT NELSON A,58.83638888888889,-122.59694444444445,2020-01-13,71.0,76.0,-36.9,-24.6,-30.8,0.2,0.0,0.4,39.0
FORT NELSON A,58.83638888888889,-122.59694444444445,2020-01-14,69.0,73.0,-40.4,-33.0,-36.7,0.0,0.0,0.0,39.0
FORT NELSON A,58.83638888888889,-122.59694444444445,2020-01-15,68.0,71.0,-40.5,-33.0,-36.8,0.0,0.0,0.0,39.0
FORT NELSON A,58.83638888888889,-122.59694444444445,2020-01-17,72.0,76.0,-32.5,-27.2,-29.9,1.0,0.0,1.0,40.0
FORT NELSON A,58.83638888888889,-122.59694444444445,2020-01-18,71.0,77.0,-34.1,-22.4,-28.3,0.0,0.0,0.0,40.0
FORT NELSON A,58.83638888888889,-122.59694444444445,2020-01-19,68.0,79.0,-31.6,-23.8,-27.7,0.0,0.0,0.0,40.0
FORT NELSON A,58.83638888888889,-122.59694444444445,2020-01-20,73.0,83.0,-28.5,-17.7,-23.1,2.0,0.0,3.0,39.0
FORT NELSON A,58.83638888888889,-122.59694444444445,2020-01-21,78.0,85.0,-25.0,-16.2,-20.6,0.0,0.0,0.0,43.0
FORT NELSON A,58.83638888888889,-122.59694444444445,2020-01-22,81.0,88.0,-21.9,-11.5,-16.7,0.0,0.0,0.0,43.0
FORT NELSON A,58.83638888888889,-122.59694444444445,2020-01-23,83.0,91.0,-19.9,-9.8,-14.9,0.0,0.0,0.0,43.0
FORT NELSON A,58.83638888888889,-122.59694444444445,2020-01-24,87.0,90.0,-13.6,-10.3,-12.0,0.0,0.0,0.0,40.0
FORT NELSON A,58.83638888888889,-122.59694444444445,2020-01-25,86.0,89.0,-14.8,-11.8,-13.3,0.0,0.0,0.0,40.0
FORT NELSON A,58.83638888888889,-122.59694444444445,2020-01-26,85.0,87.0,-15.8,-13.6,-14.7,0.0,0.0,0.0,40.0
FORT NELSON A,58.83638888888889,-122.59694444444445,2020-01-27,84.0,88.0,-17.5,-13.0,-15.3,0.0,0.0,0.0,40.0
FORT NELSON A,58.83638888888889,-122.59694444444445,2020-01-28,81.0,88.0,-22.4,-12.4,-17.4,0.0,0.0,0.0,40.0
FORT NELSON A,58.83638888888889,-122.59694444444445,2020-01-29,83.0,87.0,-20.0,-14.0,-17.0,0.0,0.0,0.0,39.0
FORT NELSON A,58.83638888888889,-122.59694444444445,2020-01-30,75.0,92.0,-21.3,0.9,-10.2,0.0,0.0,0.0,40.0
FORT NELSON A,58.83638888888889,-122.59694444444445,2020-01-31,77.0,94.0,-16.1,-6.2,-11.2,0.0,0.0,0.0,40.0
FORT NELSON A,58.83638888888889,-122.59694444444445,2020-02-01,72.0,86.0,-24.6,-13.1,-18.9,7.4,0.0,15.4,39.0
FORT NELSON A,58.83638888888889,-122.59694444444445,2020-02-02,68.0,82.0,-28.6,-20.5,-24.6,0.0,0.0,0.0,49.0
FORT NELSON A,58.83638888888889,-122.59694444444445,2020-02-03,70.0,81.0,-31.6,-17.1,-24.4,0.0,0.0,0.0,50.0
FORT NELSON A,58.83638888888889,-122.59694444444445,2020-02-04,68.0,83.0,-24.6,-11.4,-18.0,0.0,0.0,0.0,48.0
FORT NELSON A,58.83638888888889,-122.59694444444445,2020-02-05,81.0,89.0,-17.6,-9.8,-13.7,0.0,0.0,0.0,48.0
FORT NELSON A,58.83638888888889,-122.59694444444445,2020-02-06,82.0,94.0,-17.5,-5.4,-11.5,0.0,0.0,0.0,48.0
FORT NELSON A,58.83638888888889,-122.59694444444445,2020-02-07,76.0,94.0,-15.3,-2.8,-9.1,0.0,0.0,0.0,48.0
FORT NELSON A,58.83638888888889,-122.59694444444445,2020-02-08,72.0,91.0,-19.4,-5.0,-12.2,0.0,0.0,0.0,46.0
FORT NELSON A,58.83638888888889,-122.59694444444445,2020-02-09,36.0,87.0,-9.4,5.2,-2.1,0.0,0.0,0.0,45.0
FORT NELSON A,58.83638888888889,-122.59694444444445,2020-02-10,44.0,95.0,-8.8,1.5,-3.7,0.0,0.0,0.0,43.0
FORT NELSON A,58.83638888888889,-122.59694444444445,2020-02-11,75.0,96.0,-15.8,-1.0,-8.4,10.8,0.0,12.6,45.0
FORT NELSON A,58.83638888888889,-122.59694444444445,2020-02-12,71.0,84.0,-19.6,-13.9,-16.8,0.0,0.0,0.0,53.0
FORT NELSON A,58.83638888888889,-122.59694444444445,2020-02-13,67.0,89.0,-21.9,-13.1,-17.5,2.0,0.0,2.6,53.0
FORT NELSON A,58.83638888888889,-122.59694444444445,2020-02-14,60.0,80.0,-25.2,-19.9,-22.6,1.2,0.0,1.2,49.0
FORT NELSON A,58.83638888888889,-122.59694444444445,2020-02-15,67.0,79.0,-23.8,-20.4,-22.1,0.6,0.0,1.0,50.0
FORT NELSON A,58.83638888888889,-122.59694444444445,2020-02-16,65.0,77.0,-26.8,-23.6,-25.2,2.4,0.0,3.0,52.0
FORT NELSON A,58.83638888888889,-122.59694444444445,2020-02-17,56.0,80.0,-36.0,-17.6,-26.8,0.0,0.0,0.0,53.0
FORT NELSON A,58.83638888888889,-122.59694444444445,2020-02-18,64.0,89.0,-27.9,-9.9,-18.9,0.0,0.0,0.0,53.0
FORT NELSON A,58.83638888888889,-122.59694444444445,2020-02-19,76.0,92.0,-19.8,-7.6,-13.7,0.0,0.0,0.0,53.0
FORT NELSON A,58.83638888888889,-122.59694444444445,2020-02-20,41.0,92.0,-17.7,4.6,-6.6,0.0,0.0,0.0,53.0
FORT NELSON A,58.83638888888889,-122.59694444444445,2020-02-21,41.0,88.0,-10.4,5.4,-2.5,0.0,0.0,0.0,51.0
FORT NELSON A,58.83638888888889,-122.59694444444445,2020-02-22,25.0,77.0,-9.7,4.6,-2.6,0.0,0.0,0.0,51.0
FORT NELSON A,58.83638888888889,-122.59694444444445,2020-02-23,39.0,81.0,-14.4,0.2,-7.1,0.0,0.0,0.0,49.0
FORT NELSON A,58.83638888888889,-122.59694444444445,2020-02-24,59.0,87.0,-15.9,-6.8,-11.4,0.0,0.0,0.0,49.0
FORT NELSON A,58.83638888888889,-122.59694444444445,2020-02-25,74.0,87.0,-17.1,-9.2,-13.2,0.0,0.0,0.0,38.0
FORT NELSON A,58.83638888888889,-122.59694444444445,2020-02-26,60.0,91.0,-16.5,-5.6,-11.1,0.0,0.0,0.0,48.0
FORT NELSON A,58.83638888888889,-122.59694444444445,2020-02-27,50.0,87.0,-14.5,3.4,-5.6,0.0,0.0,0.0,37.0
FORT NELSON A,58.83638888888889,-122.59694444444445,2020-02-28,54.0,72.0,-16.3,-10.3,-13.3,0.0,0.0,0.0,47.0
FORT NELSON A,58.83638888888889,-122.59694444444445,2020-02-29,49.0,76.0,-20.4,-11.7,-16.1,0.2,0.0,0.2,47.0
FORT NELSON A,58.83638888888889,-122.59694444444445,2020-03-01,61.0,86.0,-20.7,-8.0,-14.4,0.0,0.0,0.0,47.0
FORT NELSON A,58.83638888888889,-122.59694444444445,2020-03-02,29.0,90.0,-12.9,7.1,-2.9,0.0,0.0,0.0,47.0
FORT NELSON A,58.83638888888889,-122.59694444444445,2020-03-03,22.0,61.0,-7.9,6.4,-0.8,0.0,0.0,0.0,47.0
FORT NELSON A,58.83638888888889,-122.59694444444445,2020-03-04,51.0,72.0,-16.7,-8.0,-12.4,0.0,0.0,0.0,47.0
FORT NELSON A,58.83638888888889,-122.59694444444445,2020-03-05,64.0,77.0,-21.4,-13.6,-17.5,3.0,0.0,3.4,47.0
FORT NELSON A,58.83638888888889,-122.59694444444445,2020-03-06,58.0,84.0,-26.7,-18.1,-22.4,0.2,0.0,0.2,50.0
FORT NELSON A,58.83638888888889,-122.59694444444445,2020-03-07,55.0,77.0,-33.1,-12.6,-22.9,0.0,0.0,0.0,51.0
FORT NELSON A,58.83638888888889,-122.59694444444445,2020-03-08,46.0,88.0,-21.6,-1.4,-11.5,0.0,0.0,0.0,50.0
FORT NELSON A,58.83638888888889,-122.59694444444445,2020-03-09,28.0,91.0,-15.8,5.0,-5.4,0.0,0.0,0.0,50.0
FORT NELSON A,58.83638888888889,-122.59694444444445,2020-03-10,47.0,89.0,-9.2,0.6,-4.3,0.4,0.0,1.0,48.0
FORT NELSON A,58.83638888888889,-122.59694444444445,2020-03-11,68.0,85.0,-14.8,-6.0,-10.4,1.8,0.0,2.0,52.0
FORT NELSON A,58.83638888888889,-122.59694444444445,2020-03-12,36.0,72.0,-26.4,-13.7,-20.1,0.0,0.0,0.0,53.0
FORT NELSON A,58.83638888888889,-122.59694444444445,2020-03-13,34.0,76.0,-30.1,-10.3,-20.2,0.0,0.0,0.0,53.0
FORT NELSON A,58.83638888888889,-122.59694444444445,2020-03-14,25.0,75.0,-24.4,-2.4,-13.4,0.0,0.0,0.0,52.0
FORT NELSON A,58.83638888888889,-122.59694444444445,2020-03-15,33.0,70.0,-14.7,2.5,-6.1,0.0,0.0,0.0,51.0
FORT NELSON A,58.83638888888889,-122.59694444444445,2020-03-16,46.0,83.0,-18.1,0.9,-8.6,0.0,0.0,0.0,51.0
FORT NELSON A,58.83638888888889,-122.59694444444445,2020-03-17,37.0,70.0,-7.7,-0.1,-3.9,0.0,0.0,0.0,51.0
FORT NELSON A,58.83638888888889,-122.59694444444445,2020-03-18,38.0,61.0,-8.0,0.4,-3.8,0.0,0.0,0.0,50.0
FORT NELSON A,58.83638888888889,-122.59694444444445,2020-03-19,39.0,74.0,-11.9,1.6,-5.2,0.0,0.0,0.0,49.0
FORT NELSON A,58.83638888888889,-122.59694444444445,2020-03-20,21.0,74.0,-10.0,10.1,0.1,0.0,0.0,0.0,49.0
FORT NELSON A,58.83638888888889,-122.59694444444445,2020-03-21,28.0,94.0,-5.9,5.3,-0.3,3.0,0.0,8.0,53.0
FORT NELSON A,58.83638888888889,-122.59694444444445,2020-03-22,37.0,76.0,-9.4,5.3,-2.1,0.0,0.0,0.0,53.0
FORT NELSON A,58.83638888888889,-122.59694444444445,2020-03-23,38.0,91.0,-16.9,0.9,-8.0,2.4,1.4,3.0,53.0
FORT NELSON A,58.83638888888889,-122.59694444444445,2020-03-24,37.0,85.0,-21.1,-0.4,-10.8,0.0,0.0,0.0,39.0
FORT NELSON A,58.83638888888889,-122.59694444444445,2020-03-25,35.0,74.0,-11.1,7.1,-2.0,0.0,0.0,0.0,39.0
FORT NELSON A,58.83638888888889,-122.59694444444445,2020-03-26,49.0,86.0,-4.1,5.1,0.5,0.6,0.0,1.0,37.0
FORT NELSON A,58.83638888888889,-122.59694444444445,2020-03-27,60.0,84.0,-18.4,-3.0,-10.7,0.9,0.0,1.6,44.0
FORT NELSON A,58.83638888888889,-122.59694444444445,2020-03-28,56.0,78.0,-24.4,-15.4,-19.9,0.2,0.0,0.2,46.0
FORT NELSON A,58.83638888888889,-122.59694444444445,2020-03-29,63.0,82.0,-17.4,-11.7,-14.6,0.8,0.0,1.0,47.0
FORT NELSON A,58.83638888888889,-122.59694444444445,2020-03-30,62.0,83.0,-19.9,-13.4,-16.7,2.0,1.0,2.0,49.0
FORT NELSON A,58.83638888888889,-122.59694444444445,2020-03-31,45.0,81.0,-18.8,-8.3,-13.6,1.0,0.0,1.0,52.0
FORT NELSON A,58.83638888888889,-122.59694444444445,2020-04-01,38.0,85.0,-25.6,-8.1,-16.9,0.0,0.0,0.0,52.0
FORT NELSON A,58.83638888888889,-122.59694444444445,2020-04-02,31.0,62.0,-21.4,-9.0,-15.2,0.0,0.0,0.0,51.0
FORT NELSON A,58.83638888888889,-122.59694444444445,2020-04-03,31.0,77.0,-22.8,-3.5,-13.2,0.0,0.0,0.0,51.0
FORT NELSON A,58.83638888888889,-122.59694444444445,2020-04-04,40.0,81.0,-16.4,-1.3,-8.9,0.0,0.0,0.0,49.0
FORT NELSON A,58.83638888888889,-122.59694444444445,2020-04-05,33.0,83.0,-12.5,1.6,-5.5,0.0,0.0,0.0,49.0
FORT NELSON A,58.83638888888889,-122.59694444444445,2020-04-06,34.0,78.0,-11.1,5.2,-3.0,0.0,0.0,0.0,49.0
FORT NELSON A,58.83638888888889,-122.59694444444445,2020-04-07,33.0,84.0,-4.5,3.8,-0.4,0.0,0.0,0.0,45.0
FORT NELSON A,58.83638888888889,-122.59694444444445,2020-04-08,24.0,52.0,-7.2,6.4,-0.4,0.0,0.0,0.0,40.0
FORT NELSON A,58.83638888888889,-122.59694444444445,2020-04-09,24.0,82.0,-2.3,8.2,3.0,0.0,0.0,0.0,40.0
FORT NELSON A,58.83638888888889,-122.59694444444445,2020-04-10,31.0,83.0,-6.7,0.8,-3.0,0.0,0.0,0.0,44.0
FORT NELSON A,58.83638888888889,-122.59694444444445,2020-04-11,25.0,72.0,-9.5,3.9,-2.8,0.0,0.0,0.0,44.0
FORT NELSON A,58.83638888888889,-122.59694444444445,2020-04-12,23.0,60.0,-6.0,7.9,1.0,0.0,0.0,0.0,44.0
FORT NELSON A,58.83638888888889,-122.59694444444445,2020-04-13,23.0,67.0,-4.3,12.0,3.9,0.0,0.0,0.0,40.0
FORT NELSON A,58.83638888888889,-122.59694444444445,2020-04-14,56.0,91.0,0.4,7.4,3.9,1.7,1.7,0.0,32.0
FORT NELSON A,58.83638888888889,-122.59694444444445,2020-04-15,29.0,81.0,0.4,13.3,6.9,0.0,0.0,0.0,31.0
FORT NELSON A,58.83638888888889,-122.59694444444445,2020-04-16,28.0,70.0,-0.6,16.8,8.1,0.0,0.0,0.0,13.0
FORT NELSON A,58.83638888888889,-122.59694444444445,2020-04-17,34.0,89.0,1.6,10.5,6.1,1.7,1.7,0.0,8.0
FORT NELSON A,58.83638888888889,-122.59694444444445,2020-04-21,31.0,77.0,-0.1,14.5,7.2,0.0,0.0,0.0,1.0
FORT NELSON A,58.83638888888889,-122.59694444444445,2020-04-25,70.0,89.0,-5.1,2.1,-1.5,0.6,0.0,0.6,0.0
FORT NELSON A,58.83638888888889,-122.59694444444445,2020-04-26,51.0,89.0,-7.5,3.2,-2.2,0.0,0.0,0.0,1.0
FORT NELSON A,58.83638888888889,-122.59694444444445,2020-10-13,75.0,96.0,-2.5,1.3,-0.6,0.6,0.6,0.0,1.0
FORT NELSON A,58.83638888888889,-122.59694444444445,2020-10-14,73.0,93.0,-4.9,-2.3,-3.6,2.0,0.6,1.4,1.0
FORT NELSON A,58.83638888888889,-122.59694444444445,2020-10-15,81.0,94.0,-7.7,-0.7,-4.2,0.3,0.3,0.0,1.0
FORT NELSON A,58.83638888888889,-122.59694444444445,2020-10-16,70.0,95.0,-9.8,-4.2,-7.0,0.0,0.0,0.0,1.0
FORT NELSON A,58.83638888888889,-122.59694444444445,2020-10-17,46.0,86.0,-13.1,-2.0,-7.6,0.0,0.0,0.0,1.0
FORT NELSON A,58.83638888888889,-122.59694444444445,2020-10-18,46.0,90.0,-15.1,-1.2,-8.2,0.0,0.0,0.0,1.0
FORT NELSON A,58.83638888888889,-122.59694444444445,2020-10-19,54.0,88.0,-16.8,-1.7,-9.3,0.0,0.0,0.0,0.0
FORT NELSON A,58.83638888888889,-122.59694444444445,2020-10-20,56.0,87.0,-12.9,-4.3,-8.6,0.0,0.0,0.0,0.0
FORT NELSON A,58.83638888888889,-122.59694444444445,2020-10-21,52.0,74.0,-9.8,-3.8,-6.8,0.0,0.0,0.0,0.0
FORT NELSON A,58.83638888888889,-122.59694444444445,2020-10-22,49.0,81.0,-8.2,-1.9,-5.1,0.0,0.0,0.0,0.0
FORT NELSON A,58.83638888888889,-122.59694444444445,2020-10-24,39.0,84.0,-15.2,-0.3,-7.8,0.0,0.0,0.0,0.0
FORT NELSON A,58.83638888888889,-122.59694444444445,2020-10-25,50.0,81.0,-12.3,-0.2,-6.3,0.0,0.0,0.0,0.0
FORT NELSON A,58.83638888888889,-122.59694444444445,2020-10-26,61.0,99.0,-4.5,-0.1,-2.3,4.8,1.2,3.0,3.0
FORT NELSON A,58.83638888888889,-122.59694444444445,2020-10-27,76.0,97.0,-7.5,5.3,-1.1,0.0,0.0,0.0,4.0
FORT NELSON A,58.83638888888889,-122.59694444444445,2020-10-29,87.0,97.0,-5.4,-1.4,-3.4,0.0,0.0,0.0,2.0
FORT NELSON A,58.83638888888889,-122.59694444444445,2020-10-30,82.0,96.0,-11.1,-2.9,-7.0,2.4,0.0,3.0,4.0
FORT NELSON A,58.83638888888889,-122.59694444444445,2020-10-31,88.0,95.0,-10.5,-2.1,-6.3,0.0,0.0,0.0,5.0
FORT NELSON A,58.83638888888889,-122.59694444444445,2020-11-01,75.0,92.0,-11.0,-5.5,-8.3,1.9,0.5,1.0,5.0
FORT NELSON A,58.83638888888889,-122.59694444444445,2020-11-02,81.0,85.0,-13.0,-11.0,-12.0,1.0,0.0,1.8,9.0
FORT NELSON A,58.83638888888889,-122.59694444444445,2020-11-03,80.0,86.0,-12.9,-11.4,-12.2,8.1,2.5,5.2,9.0
FORT NELSON A,58.83638888888889,-122.59694444444445,2020-11-04,79.0,89.0,-21.7,-9.2,-15.5,4.0,0.0,3.3,26.0
FORT NELSON A,58.83638888888889,-122.59694444444445,2020-11-05,76.0,88.0,-13.4,-10.4,-11.9,13.0,0.0,13.0,26.0
FORT NELSON A,58.83638888888889,-122.59694444444445,2020-11-06,76.0,87.0,-22.7,-12.2,-17.5,0.0,0.0,0.0,27.0
FORT NELSON A,58.83638888888889,-122.59694444444445,2020-11-07,80.0,92.0,-20.7,-8.4,-14.6,0.0,0.0,0.0,26.0
FORT NELSON A,58.83638888888889,-122.59694444444445,2020-11-08,77.0,91.0,-17.8,-8.0,-12.9,0.0,0.0,0.0,26.0
FORT NELSON A,58.83638888888889,-122.59694444444445,2020-11-09,84.0,91.0,-12.2,-1.9,-7.1,1.0,0.0,1.4,25.0
FORT NELSON A,58.83638888888889,-122.59694444444445,2020-11-10,58.0,88.0,-18.2,-2.4,-10.3,2.0,0.0,4.4,23.0
FORT NELSON A,58.83638888888889,-122.59694444444445,2020-11-11,79.0,87.0,-24.5,-15.4,-20.0,0.0,0.0,0.0,29.0
FORT NELSON A,58.83638888888889,-122.59694444444445,2020-11-12,78.0,87.0,-19.8,-13.1,-16.5,0.0,0.0,0.0,26.0
FORT NELSON A,58.83638888888889,-122.59694444444445,2020-11-13,81.0,87.0,-21.3,-7.6,-14.5,0.0,0.0,0.0,24.0
FORT NELSON A,58.83638888888889,-122.59694444444445,2020-11-14,83.0,91.0,-13.6,-8.3,-11.0,0.0,0.0,0.0,26.0
FORT NELSON A,58.83638888888889,-122.59694444444445,2020-11-15,82.0,89.0,-12.9,-9.6,-11.3,0.4,0.0,1.0,26.0
FORT NELSON A,58.83638888888889,-122.59694444444445,2020-11-16,78.0,87.0,-21.9,-12.5,-17.2,1.0,0.0,1.0,29.0
FORT NELSON A,58.83638888888889,-122.59694444444445,2020-11-17,79.0,86.0,-24.4,-14.8,-19.6,2.0,0.0,2.0,28.0
FORT NELSON A,58.83638888888889,-122.59694444444445,2020-11-18,78.0,87.0,-18.1,-10.8,-14.5,4.3,0.0,5.4,32.0
FORT NELSON A,58.83638888888889,-122.59694444444445,2020-11-19,79.0,87.0,-21.8,-14.0,-17.9,0.0,0.0,0.0,32.0
FORT NELSON A,58.83638888888889,-122.59694444444445,2020-11-20,77.0,84.0,-25.9,-17.2,-21.6,0.0,0.0,0.0,32.0
FORT NELSON A,58.83638888888889,-122.59694444444445,2020-11-21,73.0,84.0,-27.5,-16.4,-22.0,0.0,0.0,0.0,32.0
FORT NELSON A,58.83638888888889,-122.59694444444445,2020-11-22,76.0,89.0,-21.6,-11.9,-16.8,0.5,0.0,1.0,32.0
FORT NELSON A,58.83638888888889,-122.59694444444445,2020-12-09,79.0,92.0,-15.2,-5.7,-10.5,0.0,0.0,0.0,27.0
FORT NELSON A,58.83638888888889,-122.59694444444445,2020-12-10,80.0,87.0,-22.6,-13.5,-18.1,0.0,0.0,0.0,27.0
FORT NELSON A,58.83638888888889,-122.59694444444445,2020-12-11,74.0,85.0,-23.2,-13.7,-18.5,2.0,0.0,2.0,27.0
FORT NELSON A,58.83638888888889,-122.59694444444445,2020-12-12,71.0,82.0,-29.2,-15.5,-22.4,0.0,0.0,0.0,29.0
FORT NELSON A,58.83638888888889,-122.59694444444445,2020-12-13,74.0,78.0,-30.4,-24.1,-27.3,0.0,0.0,0.0,31.0
FORT NELSON A,58.83638888888889,-122.59694444444445,2020-12-14,74.0,80.0,-23.9,-20.3,-22.1,3.2,0.0,3.2,31.0
FORT NELSON A,58.83638888888889,-122.59694444444445,2020-12-15,72.0,80.0,-21.5,-18.7,-20.1,3.0,0.0,3.0,36.0
FORT NELSON A,58.83638888888889,-122.59694444444445,2020-12-16,73.0,81.0,-24.4,-18.7,-21.6,6.6,0.0,14.0,39.0
FORT NELSON A,58.83638888888889,-122.59694444444445,2020-12-17,63.0,73.0,-27.6,-24.6,-26.1,0.4,0.0,1.0,44.0
FORT NELSON A,58.83638888888889,-122.59694444444445,2020-12-18,67.0,75.0,-26.9,-24.8,-25.9,2.0,0.0,3.0,45.0
FORT NELSON A,58.83638888888889,-122.59694444444445,2020-12-19,68.0,77.0,-28.6,-22.2,-25.4,0.0,0.0,0.0,43.0
FORT NELSON A,58.83638888888889,-122.59694444444445,2020-12-20,69.0,79.0,-27.9,-20.4,-24.2,0.0,0.0,0.0,41.0
FORT NELSON A,58.83638888888889,-122.59694444444445,2020-12-22,71.0,78.0,-29.4,-23.2,-26.3,0.0,0.0,0.0,41.0
FORT NELSON A,58.83638888888889,-122.59694444444445,2020-12-23,74.0,86.0,-24.3,-14.2,-19.3,0.0,0.0,0.0,41.0
FORT NELSON A,58.83638888888889,-122.59694444444445,2020-12-24,68.0,93.0,-17.8,-1.2,-9.5,0.0,0.0,0.0,38.0
FORT NELSON A,58.83638888888889,-122.59694444444445,2020-12-25,80.0,91.0,-24.7,-7.6,-16.2,0.0,0.0,0.0,37.0
FORT NELSON A,58.83638888888889,-122.59694444444445,2020-12-26,76.0,81.0,-27.1,-20.9,-24.0,0.0,0.0,0.0,38.0
FORT NELSON A,58.83638888888889,-122.59694444444445,2020-12-27,76.0,82.0,-27.4,-19.6,-23.5,0.0,0.0,0.0,38.0
FORT NELSON A,58.83638888888889,-122.59694444444445,2020-12-29,83.0,87.0,-18.5,-13.3,-15.9,0.0,0.0,0.0,37.0
FORT NELSON A,58.83638888888889,-122.59694444444445,2020-12-30,81.0,88.0,-21.4,-12.3,-16.9,0.4,0.0,1.0,36.0
FORT NELSON A,58.83638888888889,-122.59694444444445,2020-12-31,86.0,91.0,-14.4,-9.0,-11.7,0.0,0.0,0.0,37.0
FORT NELSON A,58.83638888888889,-122.59694444444445,2021-01-01,83.0,85.0,-15.1,-13.4,-14.3,8.0,0.6,8.0,38.0
FORT NELSON A,58.83638888888889,-122.59694444444445,2021-01-02,80.0,83.0,-23.2,-15.2,-19.2,5.4,0.0,5.0,52.0
FORT NELSON A,58.83638888888889,-122.59694444444445,2021-01-03,79.0,84.0,-24.6,-19.2,-21.9,0.0,0.0,0.0,53.0
FORT NELSON A,58.83638888888889,-122.59694444444445,2021-01-04,76.0,80.0,-27.1,-20.7,-23.9,0.0,0.0,0.4,53.0
FORT NELSON A,58.83638888888889,-122.59694444444445,2021-01-05,78.0,82.0,-26.1,-19.4,-22.8,0.0,0.0,0.0,48.0
FORT NELSON A,58.83638888888889,-122.59694444444445,2021-01-06,79.0,83.0,-23.2,-16.4,-19.8,0.0,0.0,0.0,48.0
FORT NELSON A,58.83638888888889,-122.59694444444445,2021-01-08,82.0,87.0,-20.5,-10.8,-15.7,0.0,0.0,0.0,46.0
FORT NELSON A,58.83638888888889,-122.59694444444445,2021-01-10,80.0,89.0,-18.3,-10.3,-14.3,0.0,0.0,0.0,46.0
FORT NELSON A,58.83638888888889,-122.59694444444445,2021-01-11,85.0,93.0,-14.6,-5.1,-9.9,0.0,0.0,0.0,45.0
FORT NELSON A,58.83638888888889,-122.59694444444445,2021-01-13,70.0,95.0,-15.5,-3.0,-9.3,0.0,0.0,0.0,45.0
FORT NELSON A,58.83638888888889,-122.59694444444445,2021-01-14,64.0,92.0,-17.1,-3.6,-10.4,0.0,0.0,0.0,45.0
FORT NELSON A,58.83638888888889,-122.59694444444445,2021-01-15,67.0,94.0,-12.1,-1.6,-6.9,0.0,0.0,0.0,44.0
FORT NELSON A,58.83638888888889,-122.59694444444445,2021-01-17,75.0,94.0,-11.6,-3.5,-7.6,0.0,0.0,0.0,44.0
FORT NELSON A,58.83638888888889,-122.59694444444445,2021-01-19,39.0,97.0,-7.7,4.7,-1.5,2.3,1.9,0.4,43.0
FORT NELSON A,58.83638888888889,-122.59694444444445,2021-01-20,38.0,91.0,-5.4,4.7,-0.4,0.0,0.0,0.0,42.0
FORT NELSON A,58.83638888888889,-122.59694444444445,2021-01-21,76.0,94.0,-12.2,-5.1,-8.7,0.0,0.0,0.0,42.0
FORT NELSON A,58.83638888888889,-122.59694444444445,2021-01-22,83.0,90.0,-18.6,-10.5,-14.6,0.0,0.0,0.0,42.0
FORT NELSON A,58.83638888888889,-122.59694444444445,2021-01-26,70.0,81.0,-22.2,-18.5,-20.4,0.5,0.0,2.0,53.0
FORT NELSON A,58.83638888888889,-122.59694444444445,2021-01-27,62.0,81.0,-26.3,-21.0,-23.7,1.0,0.0,1.0,53.0
FORT NELSON A,58.83638888888889,-122.59694444444445,2021-01-28,68.0,81.0,-31.6,-21.3,-26.5,0.0,0.0,0.0,53.0
FORT NELSON A,58.83638888888889,-122.59694444444445,2021-01-29,68.0,80.0,-31.7,-22.0,-26.9,0.0,0.0,0.0,53.0
FORT NELSON A,58.83638888888889,-122.59694444444445,2021-01-30,66.0,81.0,-32.0,-21.1,-26.6,0.0,0.0,0.0,51.0
FORT NELSON A,58.83638888888889,-122.59694444444445,2021-01-31,72.0,78.0,-30.1,-21.3,-25.7,3.0,0.0,3.0,51.0
FORT NELSON A,58.83638888888889,-122.59694444444445,2021-02-01,66.0,77.0,-22.6,-20.3,-21.5,4.4,0.0,4.4,57.0
FORT NELSON A,58.83638888888889,-122.59694444444445,2021-02-02,70.0,73.0,-23.3,-21.5,-22.4,1.6,0.0,4.4,57.0
FORT NELSON A,58.83638888888889,-122.59694444444445,2021-02-03,70.0,78.0,-28.4,-21.3,-24.9,0.4,0.0,1.2,61.0
FORT NELSON A,58.83638888888889,-122.59694444444445,2021-02-04,60.0,77.0,-27.1,-22.1,-24.6,0.6,0.0,1.2,60.0
FORT NELSON A,58.83638888888889,-122.59694444444445,2021-02-05,60.0,77.0,-32.7,-24.4,-28.6,0.8,0.0,1.0,59.0
FORT NELSON A,58.83638888888889,-122.59694444444445,2021-02-06,63.0,76.0,-38.3,-25.7,-32.0,0.0,0.0,0.0,59.0
FORT NELSON A,58.83638888888889,-122.59694444444445,2021-02-10,66.0,76.0,-28.0,-19.0,-23.5,1.2,0.0,4.4,57.0
FORT NELSON A,58.83638888888889,-122.59694444444445,2021-02-11,57.0,76.0,-37.3,-18.9,-28.1,0.0,0.0,0.0,57.0
FORT NELSON A,58.83638888888889,-122.59694444444445,2021-02-12,57.0,83.0,-30.3,-14.5,-22.4,0.0,0.0,0.0,57.0
FORT NELSON A,58.83638888888889,-122.59694444444445,2021-02-15,67.0,83.0,-26.5,-16.1,-21.3,0.0,0.0,0.0,57.0
FORT NELSON A,58.83638888888889,-122.59694444444445,2021-02-20,60.0,88.0,-13.1,-2.9,-8.0,0.0,0.0,0.0,56.0
FORT NELSON A,58.83638888888889,-122.59694444444445,2021-02-21,61.0,81.0,-18.1,-8.9,-13.5,0.0,0.0,0.0,56.0
FORT NELSON A,58.83638888888889,-122.59694444444445,2021-02-26,72.0,85.0,-22.9,-16.5,-19.7,0.2,0.0,0.2,61.0
FORT NELSON A,58.83638888888889,-122.59694444444445,2021-02-28,66.0,80.0,-22.2,-17.3,-19.8,4.2,0.0,5.6,62.0
FORT NELSON A,58.83638888888889,-122.59694444444445,2021-03-01,66.0,82.0,-22.3,-17.4,-19.9,0.0,0.0,0.0,64.0
FORT NELSON A,58.83638888888889,-122.59694444444445,2021-03-02,63.0,92.0,-20.0,-5.1,-12.6,0.0,0.0,0.0,64.0
FORT NELSON A,58.83638888888889,-122.59694444444445,2021-03-03,63.0,88.0,-16.7,-10.0,-13.4,0.2,0.0,0.2,63.0
FORT NELSON A,58.83638888888889,-122.59694444444445,2021-03-04,64.0,85.0,-17.4,-10.7,-14.1,0.0,0.0,0.0,63.0
FORT NELSON A,58.83638888888889,-122.59694444444445,2021-03-05,57.0,85.0,-19.1,-7.2,-13.2,0.0,0.0,0.0,63.0
FORT NELSON A,58.83638888888889,-122.59694444444445,2021-03-07,46.0,92.0,-12.2,-1.2,-6.7,0.0,0.0,0.0,61.0
FORT NELSON A,58.83638888888889,-122.59694444444445,2021-03-08,57.0,84.0,-13.4,-3.9,-8.7,0.0,0.0,0.0,61.0
FORT NELSON A,58.83638888888889,-122.59694444444445,2021-03-10,29.0,82.0,-23.6,-1.8,-12.7,0.0,0.0,0.0,61.0
FORT NELSON A,58.83638888888889,-122.59694444444445,2021-03-11,36.0,68.0,-15.2,-1.5,-8.4,0.0,0.0,0.0,61.0
FORT NELSON A,58.83638888888889,-122.59694444444445,2021-03-12,43.0,80.0,-10.6,-0.4,-5.5,0.0,0.0,0.0,61.0
FORT NELSON A,58.83638888888889,-122.59694444444445,2021-03-13,63.0,86.0,-18.1,-7.5,-12.8,4.2,0.0,4.0,64.0
FORT NELSON A,58.83638888888889,-122.59694444444445,2021-03-14,64.0,82.0,-24.0,-16.5,-20.3,1.5,0.4,2.0,68.0
FORT NELSON A,58.83638888888889,-122.59694444444445,2021-03-19,47.0,81.0,-8.0,3.3,-2.4,0.0,0.0,0.0,60.0
FORT NELSON A,58.83638888888889,-122.59694444444445,2021-03-20,44.0,78.0,-14.0,-7.2,-10.6,0.4,0.0,1.0,60.0
FORT NELSON A,58.83638888888889,-122.59694444444445,2021-03-21,55.0,87.0,-13.7,-7.3,-10.5,4.0,0.0,4.0,61.0
FORT NELSON A,58.83638888888889,-122.59694444444445,2021-03-22,56.0,88.0,-12.5,-7.0,-9.8,2.6,0.0,4.6,63.0
FORT NELSON A,58.83638888888889,-122.59694444444445,2021-03-23,76.0,88.0,-16.1,-8.8,-12.5,1.1,0.0,1.8,66.0
FORT NELSON A,58.83638888888889,-122.59694444444445,2021-03-24,51.0,88.0,-15.0,-5.7,-10.4,0.6,0.0,0.6,67.0
FORT NELSON A,58.83638888888889,-122.59694444444445,2021-03-25,35.0,90.0,-15.6,1.9,-6.9,0.0,0.0,0.0,66.0
FORT NELSON A,58.83638888888889,-122.59694444444445,2021-03-26,50.0,88.0,-12.4,4.7,-3.9,0.0,0.0,0.0,66.0
FORT NELSON A,58.83638888888889,-122.59694444444445,2021-03-27,41.0,93.0,-6.2,5.2,-0.5,0.0,0.0,0.0,65.0
FORT NELSON A,58.83638888888889,-122.59694444444445,2021-03-28,79.0,90.0,-13.1,1.5,-5.8,12.4,1.6,19.6,62.0
FORT NELSON A,58.83638888888889,-122.59694444444445,2021-03-29,49.0,76.0,-17.6,-5.1,-11.4,0.0,0.0,0.0,70.0
FORT NELSON A,58.83638888888889,-122.59694444444445,2021-03-30,45.0,97.0,-14.4,6.0,-4.2,0.0,0.0,0.0,70.0
FORT NELSON A,58.83638888888889,-122.59694444444445,2021-03-31,20.0,94.0,-5.0,10.2,2.6,0.0,0.0,0.0,70.0
FORT NELSON A,58.83638888888889,-122.59694444444445,2021-04-01,28.0,70.0,-2.8,5.2,1.2,0.0,0.0,0.0,70.0
FORT NELSON A,58.83638888888889,-122.59694444444445,2021-04-02,34.0,72.0,-10.7,0.5,-5.1,0.0,0.0,0.0,68.0
FORT NELSON A,58.83638888888889,-122.59694444444445,2021-04-03,24.0,77.0,-12.9,8.7,-2.1,0.0,0.0,0.0,67.0
FORT NELSON A,58.83638888888889,-122.59694444444445,2021-04-04,19.0,64.0,-3.2,10.4,3.6,0.0,0.0,0.0,66.0
FORT NELSON A,58.83638888888889,-122.59694444444445,2021-04-05,32.0,61.0,-2.3,10.3,4.0,0.0,0.0,0.0,64.0
FORT NELSON A,58.83638888888889,-122.59694444444445,2021-04-06,51.0,89.0,-5.1,5.2,0.1,0.2,0.0,0.2,59.0
FORT NELSON A,58.83638888888889,-122.59694444444445,2021-04-07,67.0,88.0,-10.5,-5.1,-7.8,3.0,0.0,6.2,57.0
FORT NELSON A,58.83638888888889,-122.59694444444445,2021-04-08,42.0,88.0,-16.4,1.3,-7.6,0.0,0.0,0.0,59.0
FORT NELSON A,58.83638888888889,-122.59694444444445,2021-04-09,47.0,72.0,-5.7,1.3,-2.2,0.0,0.0,0.0,59.0
FORT NELSON A,58.83638888888889,-122.59694444444445,2021-04-10,45.0,82.0,-12.4,-3.7,-8.1,0.0,0.0,0.4,55.0
FORT NELSON A,58.83638888888889,-122.59694444444445,2021-04-11,27.0,78.0,-10.9,-0.2,-5.6,0.0,0.0,0.0,55.0
FORT NELSON A,58.83638888888889,-122.59694444444445,2021-04-12,19.0,60.0,-11.6,10.8,-0.4,0.0,0.0,0.0,55.0
FORT NELSON A,58.83638888888889,-122.59694444444445,2021-04-13,27.0,69.0,-1.3,11.4,5.1,0.0,0.0,0.0,54.0
FORT NELSON A,58.83638888888889,-122.59694444444445,2021-04-14,27.0,81.0,-3.7,15.7,6.0,0.0,0.0,0.0,52.0
FORT NELSON A,58.83638888888889,-122.59694444444445,2021-04-15,21.0,83.0,-2.6,19.8,8.6,0.0,0.0,0.0,36.0
FORT NELSON A,58.83638888888889,-122.59694444444445,2021-04-16,21.0,81.0,-2.3,19.1,8.4,0.0,0.0,0.0,32.0
FORT NELSON A,58.83638888888889,-122.59694444444445,2021-04-17,45.0,99.0,0.2,11.3,5.8,1.2,1.2,0.0,26.0
FORT NELSON A,58.83638888888889,-122.59694444444445,2021-04-18,24.0,99.0,-4.0,11.7,3.9,0.0,0.0,0.0,20.0
FORT NELSON A,58.83638888888889,-122.59694444444445,2021-04-19,20.0,81.0,-3.1,14.3,5.6,0.0,0.0,0.0,18.0
FORT NELSON A,58.83638888888889,-122.59694444444445,2021-04-20,15.0,74.0,-1.3,19.8,9.3,0.0,0.0,0.0,16.0
FORT NELSON A,58.83638888888889,-122.59694444444445,2021-04-26,31.0,88.0,-8.2,4.2,-2.0,3.8,0.0,4.4,4.0
FORT NELSON A,58.83638888888889,-122.59694444444445,2021-04-27,59.0,90.0,-12.2,-7.1,-9.7,4.8,0.0,4.8,6.0
FORT NELSON A,58.83638888888889,-122.59694444444445,2021-04-28,35.0,92.0,-13.9,3.5,-5.2,0.0,0.0,0.0,9.0
FORT NELSON A,58.83638888888889,-122.59694444444445,2021-04-29,51.0,82.0,-2.2,9.9,3.9,0.0,0.0,0.0,4.0
FORT NELSON A,58.83638888888889,-122.59694444444445,2021-10-06,83.0,98.0,-3.6,3.4,-0.1,0.9,0.9,0.0,1.0
FORT NELSON A,58.83638888888889,-122.59694444444445,2021-10-17,79.0,99.0,-3.7,3.5,-0.1,4.0,0.0,5.0,2.0
FORT NELSON A,58.83638888888889,-122.59694444444445,2021-10-25,93.0,99.0,-5.7,-0.7,-3.2,3.8,0.2,4.0,0.0
FORT NELSON A,58.83638888888889,-122.59694444444445,2021-10-26,94.0,99.0,-1.4,0.6,-0.4,0.0,0.0,0.0,3.0
FORT NELSON A,58.83638888888889,-122.59694444444445,2021-10-27,91.0,99.0,-0.6,0.3,-0.2,0.0,0.0,0.0,2.0
FORT NELSON A,58.83638888888889,-122.59694444444445,2021-10-28,61.0,100.0,-3.2,4.3,0.6,0.0,0.0,0.0,2.0
FORT NELSON A,58.83638888888889,-122.59694444444445,2021-11-05,86.0,99.0,-2.5,0.8,-0.9,6.0,0.0,6.3,1.0
FORT NELSON A,58.83638888888889,-122.59694444444445,2021-11-06,93.0,98.0,-1.3,0.4,-0.5,9.6,0.0,10.2,9.0
FORT NELSON A,58.83638888888889,-122.59694444444445,2021-11-07,88.0,96.0,-4.2,-1.2,-2.7,3.6,0.0,4.1,18.0
FORT NELSON A,58.83638888888889,-122.59694444444445,2021-11-08,92.0,96.0,-7.0,-3.8,-5.4,0.6,0.0,1.0,20.0
FORT NELSON A,58.83638888888889,-122.59694444444445,2021-11-09,86.0,95.0,-7.3,-4.8,-6.1,5.2,0.6,2.0,20.0
FORT NELSON A,58.83638888888889,-122.59694444444445,2021-11-10,89.0,95.0,-10.9,-6.6,-8.8,0.0,0.0,0.0,25.0
FORT NELSON A,58.83638888888889,-122.59694444444445,2021-11-11,84.0,94.0,-13.9,-6.9,-10.4,0.0,0.0,0.0,24.0
FORT NELSON A,58.83638888888889,-122.59694444444445,2021-11-12,91.0,95.0,-9.8,-5.2,-7.5,4.1,0.0,4.0,25.0
FORT NELSON A,58.83638888888889,-122.59694444444445,2021-11-13,90.0,95.0,-12.4,-5.2,-8.8,0.0,0.0,0.0,22.0
FORT NELSON A,58.83638888888889,-122.59694444444445,2021-11-14,84.0,91.0,-18.4,-9.8,-14.1,0.0,0.0,0.0,22.0
FORT NELSON A,58.83638888888889,-122.59694444444445,2021-11-15,89.0,91.0,-11.4,-9.8,-10.6,6.3,0.0,8.6,24.0
FORT NELSON A,58.83638888888889,-122.59694444444445,2021-11-17,84.0,90.0,-18.6,-10.4,-14.5,0.0,0.0,0.0,29.0
FORT NELSON A,58.83638888888889,-122.59694444444445,2021-11-18,81.0,89.0,-15.4,-12.1,-13.8,0.0,0.0,0.0,26.0
FORT NELSON A,58.83638888888889,-122.59694444444445,2021-11-19,74.0,87.0,-24.0,-13.5,-18.8,0.0,0.0,0.0,26.0
FORT NELSON A,58.83638888888889,-122.59694444444445,2021-11-20,78.0,83.0,-28.6,-18.3,-23.5,0.0,0.0,0.0,26.0
FORT NELSON A,58.83638888888889,-122.59694444444445,2021-11-22,77.0,82.0,-17.3,-15.8,-16.6,8.4,0.0,11.6,27.0
FORT NELSON A,58.83638888888889,-122.59694444444445,2021-11-23,77.0,86.0,-25.0,-15.9,-20.5,1.4,0.0,1.6,28.0
FORT NELSON A,58.83638888888889,-122.59694444444445,2021-11-24,79.0,81.0,-24.0,-18.6,-21.3,1.6,0.0,1.6,28.0
FORT NELSON A,58.83638888888889,-122.59694444444445,2021-11-25,75.0,84.0,-19.1,-15.9,-17.5,1.0,0.0,1.0,29.0
FORT NELSON A,58.83638888888889,-122.59694444444445,2021-11-26,79.0,88.0,-20.2,-12.4,-16.3,0.0,0.0,0.0,29.0
FORT NELSON A,58.83638888888889,-122.59694444444445,2021-11-27,79.0,90.0,-18.8,-7.5,-13.2,0.0,0.0,0.0,29.0
FORT NELSON A,58.83638888888889,-122.59694444444445,2021-11-28,68.0,85.0,-19.4,-16.4,-17.9,2.0,0.0,2.0,29.0
FORT NELSON A,58.83638888888889,-122.59694444444445,2021-11-29,78.0,87.0,-19.7,-14.0,-16.9,0.0,0.0,0.0,34.0
FORT NELSON A,58.83638888888889,-122.59694444444445,2021-11-30,71.0,81.0,-23.2,-19.0,-21.1,6.1,0.0,3.0,34.0
FORT NELSON A,58.83638888888889,-122.59694444444445,2021-12-01,70.0,81.0,-25.0,-19.9,-22.5,0.2,0.0,0.2,37.0
FORT NELSON A,58.83638888888889,-122.59694444444445,2021-12-02,72.0,82.0,-23.1,-17.8,-20.5,0.0,0.0,0.0,33.0
FORT NELSON A,58.83638888888889,-122.59694444444445,2021-12-03,72.0,80.0,-27.1,-21.4,-24.3,1.2,0.0,1.2,34.0
FORT NELSON A,58.83638888888889,-122.59694444444445,2021-12-04,76.0,80.0,-33.3,-25.5,-29.4,0.2,0.0,0.2,34.0
FORT NELSON A,58.83638888888889,-122.59694444444445,2021-12-05,74.0,76.0,-32.1,-24.9,-28.5,0.0,0.0,0.0,34.0
FORT NELSON A,58.83638888888889,-122.59694444444445,2021-12-06,72.0,80.0,-32.8,-21.7,-27.3,0.0,0.0,0.0,34.0
FORT NELSON A,58.83638888888889,-122.59694444444445,2021-12-07,79.0,88.0,-23.6,-12.3,-18.0,0.0,0.0,0.0,34.0
FORT NELSON A,58.83638888888889,-122.59694444444445,2021-12-08,84.0,90.0,-15.4,-7.9,-11.7,0.6,0.0,1.0,34.0
FORT NELSON A,58.83638888888889,-122.59694444444445,2021-12-09,80.0,91.0,-20.1,-9.0,-14.6,0.4,0.0,1.0,35.0
FORT NELSON A,58.83638888888889,-122.59694444444445,2021-12-10,82.0,86.0,-21.8,-14.9,-18.4,0.0,0.0,0.0,37.0
FORT NELSON A,58.83638888888889,-122.59694444444445,2021-12-11,82.0,87.0,-20.2,-14.6,-17.4,0.0,0.0,0.0,40.0
FORT NELSON A,58.83638888888889,-122.59694444444445,2021-12-12,78.0,84.0,-19.4,-16.3,-17.9,0.0,0.0,0.0,40.0
FORT NELSON A,58.83638888888889,-122.59694444444445,2021-12-13,76.0,83.0,-29.8,-17.2,-23.5,0.0,0.0,0.0,41.0
FORT NELSON A,58.83638888888889,-122.59694444444445,2021-12-14,72.0,76.0,-34.2,-29.1,-31.7,0.0,0.0,0.0,41.0
FORT NELSON A,58.83638888888889,-122.59694444444445,2021-12-15,71.0,76.0,-35.4,-26.0,-30.7,0.0,0.0,0.0,41.0
FORT NELSON A,58.83638888888889,-122.59694444444445,2021-12-16,70.0,76.0,-33.4,-25.4,-29.4,0.6,0.0,1.0,38.0
FORT NELSON A,58.83638888888889,-122.59694444444445,2021-12-17,72.0,75.0,-34.1,-27.6,-30.9,0.0,0.0,0.0,39.0
FORT NELSON A,58.83638888888889,-122.59694444444445,2021-12-18,70.0,76.0,-34.1,-26.9,-30.5,0.0,0.0,0.0,39.0
FORT NELSON A,58.83638888888889,-122.59694444444445,2021-12-19,72.0,77.0,-33.2,-24.2,-28.7,0.0,0.0,0.0,39.0
FORT NELSON A,58.83638888888889,-122.59694444444445,2021-12-20,75.0,83.0,-30.5,-18.2,-24.4,0.0,0.0,0.0,39.0
FORT NELSON A,58.83638888888889,-122.59694444444445,2021-12-21,77.0,87.0,-24.7,-14.3,-19.5,0.0,0.0,0.0,36.0
FORT NELSON A,58.83638888888889,-122.59694444444445,2021-12-22,81.0,86.0,-21.6,-15.2,-18.4,0.0,0.0,0.2,36.0
FORT NELSON A,58.83638888888889,-122.59694444444445,2021-12-23,76.0,85.0,-31.3,-16.5,-23.9,0.7,0.0,1.0,37.0
FORT NELSON A,58.83638888888889,-122.59694444444445,2021-12-24,72.0,77.0,-34.3,-26.7,-30.5,0.0,0.0,0.0,37.0
FORT NELSON A,58.83638888888889,-122.59694444444445,2021-12-25,70.0,78.0,-37.6,-24.3,-31.0,0.6,0.0,1.0,39.0
FORT NELSON A,58.83638888888889,-122.59694444444445,2021-12-26,67.0,71.0,-42.3,-33.6,-38.0,0.0,0.0,0.0,39.0
FORT NELSON A,58.83638888888889,-122.59694444444445,2021-12-27,69.0,77.0,-39.2,-26.1,-32.7,1.0,0.0,1.0,39.0
FORT NELSON A,58.83638888888889,-122.59694444444445,2021-12-28,71.0,82.0,-29.8,-18.5,-24.2,1.0,0.0,2.0,39.0
FORT NELSON A,58.83638888888889,-122.59694444444445,2021-12-29,76.0,81.0,-31.7,-19.6,-25.7,3.0,0.0,2.2,39.0
FORT NELSON A,58.83638888888889,-122.59694444444445,2021-12-30,75.0,82.0,-28.9,-20.3,-24.6,0.0,0.0,0.0,41.0
FORT NELSON A,58.83638888888889,-122.59694444444445,2021-12-31,74.0,80.0,-28.9,-23.2,-26.1,0.8,0.0,0.8,42.0
FORT NELSON A,58.83638888888889,-122.59694444444445,2022-01-01,67.0,79.0,-28.5,-22.8,-25.7,7.1,0.0,10.0,42.0
FORT NELSON A,58.83638888888889,-122.59694444444445,2022-01-02,66.0,70.0,-28.7,-27.1,-27.9,0.0,0.0,0.0,53.0
FORT NELSON A,58.83638888888889,-122.59694444444445,2022-01-03,65.0,71.0,-33.0,-28.6,-30.8,1.0,0.0,1.4,53.0
FORT NELSON A,58.83638888888889,-122.59694444444445,2022-01-04,67.0,72.0,-38.1,-33.0,-35.6,0.4,0.0,0.4,53.0
FORT NELSON A,58.83638888888889,-122.59694444444445,2022-01-05,66.0,70.0,-41.6,-34.4,-38.0,0.0,0.0,0.0,52.0
FORT NELSON A,58.83638888888889,-122.59694444444445,2022-01-06,66.0,71.0,-42.6,-33.6,-38.1,0.0,0.0,0.0,56.0
FORT NELSON A,58.83638888888889,-122.59694444444445,2022-01-07,71.0,77.0,-33.6,-24.4,-29.0,2.8,0.0,3.2,57.0
FORT NELSON A,58.83638888888889,-122.59694444444445,2022-01-09,68.0,76.0,-39.2,-26.2,-32.7,7.4,0.0,7.4,56.0
FORT NELSON A,58.83638888888889,-122.59694444444445,2022-01-10,72.0,78.0,-26.6,-18.8,-22.7,4.0,0.0,5.0,63.0
FORT NELSON A,58.83638888888889,-122.59694444444445,2022-01-11,74.0,82.0,-24.9,-18.9,-21.9,0.0,0.0,0.0,64.0
FORT NELSON A,58.83638888888889,-122.59694444444445,2022-01-12,71.0,86.0,-19.3,-13.8,-16.6,0.0,0.0,0.0,64.0
FORT NELSON A,58.83638888888889,-122.59694444444445,2022-01-13,80.0,90.0,-18.0,-7.6,-12.8,0.0,0.0,0.0,64.0
FORT NELSON A,58.83638888888889,-122.59694444444445,2022-01-14,86.0,94.0,-15.3,-4.7,-10.0,0.4,0.4,0.0,64.0
FORT NELSON A,58.83638888888889,-122.59694444444445,2022-01-15,81.0,93.0,-14.9,-7.3,-11.1,0.0,0.0,0.0,61.0
FORT NELSON A,58.83638888888889,-122.59694444444445,2022-01-16,78.0,88.0,-18.2,-14.8,-16.5,0.0,0.0,0.0,61.0
FORT NELSON A,58.83638888888889,-122.59694444444445,2022-01-17,63.0,80.0,-22.0,-18.2,-20.1,2.0,0.0,2.0,62.0
FORT NELSON A,58.83638888888889,-122.59694444444445,2022-01-18,75.0,80.0,-27.1,-19.3,-23.2,1.6,0.0,1.0,63.0
FORT NELSON A,58.83638888888889,-122.59694444444445,2022-01-19,75.0,79.0,-30.1,-20.8,-25.5,0.0,0.0,0.0,63.0
FORT NELSON A,58.83638888888889,-122.59694444444445,2022-01-20,69.0,83.0,-20.9,-14.2,-17.6,4.0,0.0,3.4,63.0
FORT NELSON A,58.83638888888889,-122.59694444444445,2022-01-21,70.0,84.0,-19.6,-15.4,-17.5,7.9,0.0,6.5,66.0
FORT NELSON A,58.83638888888889,-122.59694444444445,2022-01-22,77.0,89.0,-16.5,-10.8,-13.7,2.0,0.0,2.0,71.0
FORT NELSON A,58.83638888888889,-122.59694444444445,2022-01-23,68.0,96.0,-16.6,4.5,-6.1,1.1,1.1,0.0,71.0
FORT NELSON A,58.83638888888889,-122.59694444444445,2022-01-24,87.0,98.0,-11.1,3.8,-3.7,0.0,0.0,0.0,69.0
FORT NELSON A,58.83638888888889,-122.59694444444445,2022-01-25,50.0,91.0,-9.7,6.2,-1.8,0.0,0.0,0.0,69.0
FORT NELSON A,58.83638888888889,-122.59694444444445,2022-01-26,45.0,94.0,-6.5,4.9,-0.8,0.0,0.0,0.0,64.0
FORT NELSON A,58.83638888888889,-122.59694444444445,2022-01-27,87.0,97.0,-8.7,-4.7,-6.7,0.0,0.0,0.0,64.0
FORT NELSON A,58.83638888888889,-122.59694444444445,2022-01-28,88.0,97.0,-10.4,-6.0,-8.2,0.0,0.0,0.0,64.0
FORT NELSON A,58.83638888888889,-122.59694444444445,2022-01-29,80.0,91.0,-17.0,-10.4,-13.7,5.4,0.0,6.0,63.0
FORT NELSON A,58.83638888888889,-122.59694444444445,2022-01-30,74.0,80.0,-19.8,-16.9,-18.4,2.8,0.0,2.8,70.0
FORT NELSON A,58.83638888888889,-122.59694444444445,2022-01-31,73.0,85.0,-27.9,-17.6,-22.8,1.4,0.0,1.4,71.0
FORT NELSON A,58.83638888888889,-122.59694444444445,2022-02-01,74.0,81.0,-31.7,-20.7,-26.2,0.0,0.0,0.0,71.0
FORT NELSON A,58.83638888888889,-122.59694444444445,2022-02-02,73.0,78.0,-33.2,-21.0,-27.1,0.0,0.0,0.0,70.0
FORT NELSON A,58.83638888888889,-122.59694444444445,2022-02-03,71.0,77.0,-27.0,-22.8,-24.9,1.6,0.0,1.4,71.0
FORT NELSON A,58.83638888888889,-122.59694444444445,2022-02-04,70.0,78.0,-24.4,-22.5,-23.5,15.4,0.0,17.6,73.0
FORT NELSON A,58.83638888888889,-122.59694444444445,2022-02-05,72.0,86.0,-22.7,-14.2,-18.5,0.3,0.3,0.0,82.0
FORT NELSON A,58.83638888888889,-122.59694444444445,2022-02-06,77.0,97.0,-15.3,-2.7,-9.0,0.0,0.0,0.0,83.0
FORT NELSON A,58.83638888888889,-122.59694444444445,2022-02-09,81.0,87.0,-20.1,-11.5,-15.8,0.0,0.0,0.0,79.0
FORT NELSON A,58.83638888888889,-122.59694444444445,2022-02-10,38.0,87.0,-17.0,2.9,-7.1,0.0,0.0,0.0,78.0
FORT NELSON A,58.83638888888889,-122.59694444444445,2022-02-11,67.0,85.0,-25.3,-11.5,-18.4,0.0,0.0,0.0,73.0
FORT NELSON A,58.83638888888889,-122.59694444444445,2022-02-12,73.0,91.0,-14.1,-8.3,-11.2,0.0,0.0,0.0,73.0
FORT NELSON A,58.83638888888889,-122.59694444444445,2022-02-13,66.0,89.0,-20.7,-10.0,-15.4,0.0,0.0,0.0,73.0
FORT NELSON A,58.83638888888889,-122.59694444444445,2022-02-14,63.0,83.0,-23.8,-11.7,-17.8,0.0,0.0,0.0,73.0
FORT NELSON A,58.83638888888889,-122.59694444444445,2022-02-15,68.0,84.0,-25.0,-17.2,-21.1,2.8,0.0,2.0,73.0
FORT NELSON A,58.83638888888889,-122.59694444444445,2022-02-16,71.0,83.0,-21.5,-15.7,-18.6,5.8,0.0,4.4,80.0
FORT NELSON A,58.83638888888889,-122.59694444444445,2022-02-17,69.0,84.0,-19.6,-15.1,-17.4,7.2,0.0,13.0,97.0
FORT NELSON A,58.83638888888889,-122.59694444444445,2022-02-18,72.0,84.0,-20.0,-15.2,-17.6,0.8,0.0,1.0,97.0
FORT NELSON A,58.83638888888889,-122.59694444444445,2022-02-19,64.0,81.0,-19.8,-15.9,-17.9,1.8,0.0,2.0,93.0
FORT NELSON A,58.83638888888889,-122.59694444444445,2022-02-20,58.0,84.0,-29.0,-17.2,-23.1,0.6,0.0,0.6,93.0
FORT NELSON A,58.83638888888889,-122.59694444444445,2022-02-21,60.0,84.0,-35.4,-15.8,-25.6,0.0,0.0,0.0,93.0
FORT NELSON A,58.83638888888889,-122.59694444444445,2022-02-22,64.0,81.0,-32.1,-12.8,-22.5,0.0,0.0,0.0,89.0
FORT NELSON A,58.83638888888889,-122.59694444444445,2022-02-23,61.0,90.0,-19.0,-0.1,-9.6,0.0,0.0,0.0,89.0
FORT NELSON A,58.83638888888889,-122.59694444444445,2022-02-24,50.0,93.0,-17.2,1.4,-7.9,0.0,0.0,0.0,87.0
FORT NELSON A,58.83638888888889,-122.59694444444445,2022-02-25,52.0,92.0,-13.7,2.2,-5.8,0.0,0.0,0.0,86.0
FORT NELSON A,58.83638888888889,-122.59694444444445,2022-02-26,76.0,89.0,-12.3,-2.9,-7.6,7.8,0.0,8.0,84.0
FORT NELSON A,58.83638888888889,-122.59694444444445,2022-02-27,72.0,85.0,-17.7,-12.3,-15.0,1.0,0.0,1.0,96.0
FORT NELSON A,58.83638888888889,-122.59694444444445,2022-02-28,67.0,89.0,-17.0,-10.0,-13.5,1.2,0.2,2.0,92.0
FORT NELSON A,58.83638888888889,-122.59694444444445,2022-03-01,74.0,88.0,-19.4,-10.2,-14.8,3.3,0.0,4.6,96.0
FORT NELSON A,58.83638888888889,-122.59694444444445,2022-03-02,74.0,87.0,-18.0,-11.4,-14.7,1.6,0.0,2.6,96.0
FORT NELSON A,58.83638888888889,-122.59694444444445,2022-03-03,71.0,94.0,-15.2,-5.1,-10.2,0.0,0.0,0.0,96.0
FORT NELSON A,58.83638888888889,-122.59694444444445,2022-03-04,60.0,97.0,-22.6,-0.4,-11.5,0.0,0.0,0.0,96.0
FORT NELSON A,58.83638888888889,-122.59694444444445,2022-03-05,48.0,94.0,-14.1,2.7,-5.7,0.0,0.0,0.0,96.0
FORT NELSON A,58.83638888888889,-122.59694444444445,2022-03-06,40.0,92.0,-8.0,9.5,0.8,1.6,1.0,0.6,89.0
FORT NELSON A,58.83638888888889,-122.59694444444445,2022-03-07,42.0,86.0,-10.2,-1.1,-5.7,0.8,0.0,1.0,85.0
FORT NELSON A,58.83638888888889,-122.59694444444445,2022-03-08,57.0,90.0,-17.4,-5.1,-11.3,1.8,0.0,1.8,83.0
FORT NELSON A,58.83638888888889,-122.59694444444445,2022-03-09,33.0,88.0,-18.4,-0.6,-9.5,0.0,0.0,0.0,85.0
FORT NELSON A,58.83638888888889,-122.59694444444445,2022-03-10,39.0,71.0,-20.0,-5.9,-13.0,0.0,0.0,0.0,82.0
FORT NELSON A,58.83638888888889,-122.59694444444445,2022-03-11,63.0,83.0,-14.2,-9.1,-11.7,0.4,0.0,0.4,83.0
FORT NELSON A,58.83638888888889,-122.59694444444445,2022-03-12,65.0,84.0,-17.6,-13.4,-15.5,7.0,0.0,9.0,83.0
FORT NELSON A,58.83638888888889,-122.59694444444445,2022-03-13,58.0,85.0,-22.6,-17.1,-19.9,2.2,0.0,2.2,75.0
FORT NELSON A,58.83638888888889,-122.59694444444445,2022-03-14,56.0,87.0,-20.9,-10.8,-15.9,0.6,0.0,0.6,71.0
FORT NELSON A,58.83638888888889,-122.59694444444445,2022-03-15,61.0,88.0,-22.9,-5.1,-14.0,0.0,0.0,0.0,71.0
FORT NELSON A,58.83638888888889,-122.59694444444445,2022-03-16,43.0,92.0,-11.7,6.5,-2.6,0.0,0.0,0.0,70.0
FORT NELSON A,58.83638888888889,-122.59694444444445,2022-03-17,29.0,87.0,-6.5,10.2,1.9,0.0,0.0,0.0,70.0
FORT NELSON A,58.83638888888889,-122.59694444444445,2022-03-18,23.0,90.0,-11.0,8.8,-1.1,0.0,0.0,0.0,70.0
FORT NELSON A,58.83638888888889,-122.59694444444445,2022-03-19,38.0,84.0,-9.8,5.1,-2.4,0.0,0.0,0.0,69.0
FORT NELSON A,58.83638888888889,-122.59694444444445,2022-03-20,61.0,93.0,-9.2,-0.8,-5.0,3.6,0.0,3.0,69.0
FORT NELSON A,58.83638888888889,-122.59694444444445,2022-03-21,51.0,89.0,-13.2,-1.6,-7.4,0.0,0.0,0.0,80.0
FORT NELSON A,58.83638888888889,-122.59694444444445,2022-03-22,71.0,84.0,-9.6,-4.1,-6.9,0.0,0.0,0.0,80.0
FORT NELSON A,58.83638888888889,-122.59694444444445,2022-03-23,71.0,98.0,-11.9,2.2,-4.9,2.5,0.0,4.0,80.0
FORT NELSON A,58.83638888888889,-122.59694444444445,2022-03-24,41.0,80.0,-13.6,-2.7,-8.2,0.0,0.0,0.0,80.0
FORT NELSON A,58.83638888888889,-122.59694444444445,2022-03-25,47.0,78.0,-15.9,-6.5,-11.2,0.0,0.0,0.0,82.0
FORT NELSON A,58.83638888888889,-122.59694444444445,2022-03-26,42.0,80.0,-10.1,2.6,-3.8,0.0,0.0,0.0,82.0
FORT NELSON A,58.83638888888889,-122.59694444444445,2022-03-27,44.0,82.0,-11.3,2.9,-4.2,0.0,0.0,0.0,82.0
FORT NELSON A,58.83638888888889,-122.59694444444445,2022-03-28,26.0,89.0,-10.8,7.1,-1.9,0.0,0.0,0.0,82.0
FORT NELSON A,58.83638888888889,-122.59694444444445,2022-03-30,46.0,82.0,-0.8,7.0,3.1,0.0,0.0,0.0,79.0
FORT NELSON A,58.83638888888889,-122.59694444444445,2022-03-31,50.0,85.0,-8.5,4.2,-2.2,0.0,0.0,0.0,77.0
FORT NELSON A,58.83638888888889,-122.59694444444445,2022-04-01,58.0,81.0,-13.3,-8.5,-10.9,0.2,0.0,0.4,77.0
FORT NELSON A,58.83638888888889,-122.59694444444445,2022-04-02,53.0,83.0,-15.4,-1.2,-8.3,4.5,0.0,4.6,77.0
FORT NELSON A,58.83638888888889,-122.59694444444445,2022-04-04,48.0,90.0,-4.7,4.7,0.0,0.0,0.0,0.0,76.0
FORT NELSON A,58.83638888888889,-122.59694444444445,2022-04-05,23.0,91.0,-10.5,9.8,-0.4,0.0,0.0,0.0,75.0
FORT NELSON A,58.83638888888889,-122.59694444444445,2022-04-06,13.0,71.0,0.6,9.1,4.9,0.0,0.0,0.0,72.0
FORT NELSON A,58.83638888888889,-122.59694444444445,2022-04-07,20.0,68.0,-5.4,9.6,2.1,0.0,0.0,0.0,70.0
FORT NELSON A,58.83638888888889,-122.59694444444445,2022-04-08,33.0,96.0,1.3,7.1,4.2,2.0,2.0,0.0,60.0
FORT NELSON A,58.83638888888889,-122.59694444444445,2022-04-09,28.0,77.0,-1.3,6.0,2.4,0.0,0.0,0.0,56.0
FORT NELSON A,58.83638888888889,-122.59694444444445,2022-04-10,44.0,88.0,-7.3,-0.5,-3.9,0.0,0.0,0.0,54.0
FORT NELSON A,58.83638888888889,-122.59694444444445,2022-04-11,42.0,80.0,-12.3,-6.9,-9.6,1.0,0.0,1.0,54.0
FORT NELSON A,58.83638888888889,-122.59694444444445,2022-04-12,35.0,70.0,-14.8,-4.5,-9.7,0.0,0.0,0.0,54.0
FORT NELSON A,58.83638888888889,-122.59694444444445,2022-04-13,23.0,82.0,-20.2,-2.1,-11.2,0.0,0.0,0.0,54.0
FORT NELSON A,58.83638888888889,-122.59694444444445,2022-04-14,19.0,75.0,-17.9,2.4,-7.8,0.0,0.0,0.0,53.0
FORT NELSON A,58.83638888888889,-122.59694444444445,2022-04-15,19.0,72.0,-14.4,5.0,-4.7,0.0,0.0,0.0,52.0
FORT NELSON A,58.83638888888889,-122.59694444444445,2022-04-16,58.0,86.0,-10.8,-4.0,-7.4,0.0,0.0,0.0,52.0
FORT NELSON A,58.83638888888889,-122.59694444444445,2022-04-17,43.0,86.0,-13.1,-5.7,-9.4,1.0,0.0,1.0,54.0
FORT NELSON A,58.83638888888889,-122.59694444444445,2022-04-18,39.0,82.0,-20.6,-1.6,-11.1,0.0,0.0,0.0,54.0
FORT NELSON A,58.83638888888889,-122.59694444444445,2022-04-19,21.0,65.0,-10.8,3.3,-3.8,0.0,0.0,0.0,53.0
FORT NELSON A,58.83638888888889,-122.59694444444445,2022-04-20,29.0,68.0,-10.0,5.6,-2.2,0.0,0.0,0.0,52.0
FORT NELSON A,58.83638888888889,-122.59694444444445,2022-04-21,40.0,76.0,-2.9,5.9,1.5,0.0,0.0,0.0,51.0
FORT NELSON A,58.83638888888889,-122.59694444444445,2022-04-22,24.0,88.0,-7.0,11.3,2.2,0.0,0.0,0.0,50.0
FORT NELSON A,58.83638888888889,-122.59694444444445,2022-04-23,29.0,82.0,-3.5,13.5,5.0,0.0,0.0,0.0,46.0
FORT NELSON A,58.83638888888889,-122.59694444444445,2022-04-24,34.0,65.0,4.4,14.2,9.3,0.0,0.0,0.0,42.0
FORT NELSON A,58.83638888888889,-122.59694444444445,2022-04-25,69.0,94.0,-2.2,8.3,3.1,1.9,1.9,0.0,38.0
FORT NELSON A,58.83638888888889,-122.59694444444445,2022-04-26,76.0,98.0,1.8,6.0,3.9,2.0,2.0,0.0,35.0
FORT NELSON A,58.83638888888889,-122.59694444444445,2022-04-27,86.0,97.0,0.6,2.7,1.7,16.2,16.2,0.0,32.0
FORT NELSON A,58.83638888888889,-122.59694444444445,2022-04-28,89.0,97.0,0.4,3.0,1.7,5.8,3.3,2.5,15.0
FORT NELSON A,58.83638888888889,-122.59694444444445,2022-04-29,34.0,94.0,-0.7,8.5,3.9,0.0,0.0,0.0,10.0
FORT NELSON A,58.83638888888889,-122.59694444444445,2022-04-30,40.0,92.0,-4.1,9.3,2.6,0.0,0.0,0.0,10.0
FORT NELSON A,58.83638888888889,-122.59694444444445,2022-05-01,37.0,91.0,-2.0,13.3,5.7,0.0,0.0,0.0,10.0
FORT NELSON A,58.83638888888889,-122.59694444444445,2022-05-02,44.0,79.0,3.1,11.7,7.4,0.0,0.0,0.0,10.0
FORT NELSON A,58.83638888888889,-122.59694444444445,2022-05-03,42.0,89.0,3.0,14.8,8.9,0.0,0.0,0.0,5.0
FORT NELSON A,58.83638888888889,-122.59694444444445,2022-05-04,25.0,81.0,1.9,14.4,8.2,0.3,0.3,0.0,0.0
FORT NELSON A,58.83638888888889,-122.59694444444445,2022-05-05,20.0,81.0,-0.2,14.6,7.2,0.0,0.0,0.0,0.0
FORT NELSON A,58.83638888888889,-122.59694444444445,2022-05-06,31.0,73.0,0.2,12.7,6.5,0.0,0.0,0.0,0.0
FORT NELSON A,58.83638888888889,-122.59694444444445,2022-05-07,60.0,92.0,2.4,6.9,4.7,1.8,1.8,0.0,0.0
FORT NELSON A,58.83638888888889,-122.59694444444445,2022-05-08,75.0,93.0,-0.5,2.4,1.0,2.1,1.3,1.0,0.0
FORT NELSON A,58.83638888888889,-122.59694444444445,2022-05-09,46.0,95.0,-4.4,5.2,0.4,16.8,0.0,15.0,12.0
FORT NELSON A,58.83638888888889,-122.59694444444445,2022-05-10,34.0,98.0,-4.5,11.6,3.6,0.0,0.0,0.0,10.0
FORT NELSON A,58.83638888888889,-122.59694444444445,2022-05-11,47.0,87.0,1.4,10.2,5.8,0.0,0.0,0.0,0.0
FORT NELSON A,58.83638888888889,-122.59694444444445,2022-10-22,74.0,92.0,-2.2,0.7,-0.8,0.0,0.0,0.0,0.0
FORT NELSON A,58.83638888888889,-122.59694444444445,2022-10-24,85.0,93.0,-4.0,-1.5,-2.8,4.0,0.0,4.0,0.0
FORT NELSON A,58.83638888888889,-122.59694444444445,2022-10-25,78.0,95.0,-9.6,-3.4,-6.5,2.2,0.0,2.0,3.0
FORT NELSON A,58.83638888888889,-122.59694444444445,2022-10-26,85.0,95.0,-5.9,-1.9,-3.9,0.0,0.0,0.0,7.0
FORT NELSON A,58.83638888888889,-122.59694444444445,2022-10-27,62.0,97.0,-5.7,5.6,-0.1,0.4,0.0,0.4,7.0
FORT NELSON A,58.83638888888889,-122.59694444444445,2022-10-28,60.0,91.0,-5.9,1.3,-2.3,0.0,0.0,0.0,6.0
FORT NELSON A,58.83638888888889,-122.59694444444445,2022-10-29,44.0,95.0,-9.8,4.3,-2.8,0.0,0.0,0.0,6.0
FORT NELSON A,58.83638888888889,-122.59694444444445,2022-10-30,77.0,84.0,-5.0,2.0,-1.5,0.0,0.0,0.0,6.0
FORT NELSON A,58.83638888888889,-122.59694444444445,2022-10-31,81.0,93.0,-10.2,-4.2,-7.2,5.0,0.0,5.0,6.0
FORT NELSON A,58.83638888888889,-122.59694444444445,2022-11-01,75.0,87.0,-13.1,-6.3,-9.7,4.4,0.0,9.8,18.0
FORT NELSON A,58.83638888888889,-122.59694444444445,2022-11-02,78.0,85.0,-13.6,-10.7,-12.2,0.2,0.0,0.2,13.0
FORT NELSON A,58.83638888888889,-122.59694444444445,2022-11-03,76.0,90.0,-19.5,-9.6,-14.6,0.0,0.0,0.0,13.0
FORT NELSON A,58.83638888888889,-122.59694444444445,2022-11-04,74.0,87.0,-13.8,-9.5,-11.7,0.0,0.0,0.0,12.0
FORT NELSON A,58.83638888888889,-122.59694444444445,2022-11-05,71.0,81.0,-14.8,-11.0,-12.9,1.4,0.0,1.8,11.0
FORT NELSON A,58.83638888888889,-122.59694444444445,2022-11-06,66.0,83.0,-20.0,-12.5,-16.3,0.4,0.0,0.4,12.0
FORT NELSON A,58.83638888888889,-122.59694444444445,2022-11-07,62.0,82.0,-24.8,-14.4,-19.6,1.2,0.0,1.0,22.0
FORT NELSON A,58.83638888888889,-122.59694444444445,2022-11-08,68.0,79.0,-30.1,-18.4,-24.3,0.0,0.0,0.0,22.0
FORT NELSON A,58.83638888888889,-122.59694444444445,2022-11-09,62.0,82.0,-26.9,-13.0,-20.0,0.0,0.0,0.0,22.0
FORT NELSON A,58.83638888888889,-122.59694444444445,2022-11-10,65.0,85.0,-24.2,-10.2,-17.2,0.0,0.0,0.0,21.0
FORT NELSON A,58.83638888888889,-122.59694444444445,2022-11-11,79.0,88.0,-16.5,-9.5,-13.0,0.0,0.0,0.0,13.0
FORT NELSON A,58.83638888888889,-122.59694444444445,2022-11-12,80.0,87.0,-16.9,-6.8,-11.9,0.0,0.0,0.0,13.0
FORT NELSON A,58.83638888888889,-122.59694444444445,2022-11-13,64.0,95.0,-12.7,0.4,-6.2,0.0,0.0,0.0,12.0
FORT NELSON A,58.83638888888889,-122.59694444444445,2022-11-14,73.0,95.0,-6.6,1.4,-2.6,0.0,0.0,0.0,12.0
FORT NELSON A,58.83638888888889,-122.59694444444445,2022-11-15,56.0,94.0,-6.9,6.3,-0.3,0.0,0.0,0.0,11.0
FORT NELSON A,58.83638888888889,-122.59694444444445,2022-11-16,47.0,83.0,-14.1,-2.2,-8.2,0.0,0.0,0.0,10.0
FORT NELSON A,58.83638888888889,-122.59694444444445,2022-11-18,68.0,87.0,-23.0,-10.8,-16.9,0.0,0.0,0.0,10.0
FORT NELSON A,58.83638888888889,-122.59694444444445,2022-11-19,71.0,83.0,-21.7,-9.3,-15.5,0.0,0.0,0.0,10.0
FORT NELSON A,58.83638888888889,-122.59694444444445,2022-11-20,74.0,93.0,-11.8,-3.4,-7.6,0.0,0.0,0.0,9.0
FORT NELSON A,58.83638888888889,-122.59694444444445,2022-11-21,72.0,92.0,-11.5,-2.7,-7.1,0.0,0.0,0.0,20.0
FORT NELSON A,58.83638888888889,-122.59694444444445,2022-11-22,61.0,94.0,-8.0,3.6,-2.2,0.0,0.0,0.0,20.0
FORT NELSON A,58.83638888888889,-122.59694444444445,2022-11-23,69.0,93.0,-11.4,0.6,-5.4,0.0,0.0,0.0,20.0
FORT NELSON A,58.83638888888889,-122.59694444444445,2022-11-24,87.0,95.0,-12.5,0.4,-6.1,0.0,0.0,0.0,20.0
FORT NELSON A,58.83638888888889,-122.59694444444445,2022-11-25,70.0,90.0,-16.9,-5.5,-11.2,0.0,0.0,0.0,21.0
FORT NELSON A,58.83638888888889,-122.59694444444445,2022-11-26,79.0,87.0,-16.2,-7.3,-11.8,0.7,0.0,0.7,21.0
FORT NELSON A,58.83638888888889,-122.59694444444445,2022-11-27,74.0,86.0,-12.7,-8.3,-10.5,1.5,0.0,10.0,35.0
FORT NELSON A,58.83638888888889,-122.59694444444445,2022-11-28,71.0,78.0,-24.0,-12.7,-18.4,0.0,0.0,0.0,35.0
FORT NELSON A,58.83638888888889,-122.59694444444445,2022-11-29,70.0,77.0,-27.7,-23.3,-25.5,0.2,0.0,0.2,35.0
FORT NELSON A,58.83638888888889,-122.59694444444445,2022-11-30,66.0,76.0,-34.3,-25.8,-30.1,0.0,0.0,0.0,30.0
FORT NELSON A,58.83638888888889,-122.59694444444445,2022-12-01,68.0,74.0,-34.3,-27.1,-30.7,0.0,0.0,0.0,60.0
FORT NELSON A,58.83638888888889,-122.59694444444445,2022-12-02,69.0,77.0,-35.4,-20.0,-27.7,0.0,0.0,0.0,30.0
FORT NELSON A,58.83638888888889,-122.59694444444445,2022-12-03,73.0,86.0,-23.6,3.5,-10.1,0.0,0.0,0.0,30.0
FORT NELSON A,58.83638888888889,-122.59694444444445,2022-12-04,49.0,78.0,-10.8,3.7,-3.6,0.0,0.0,0.0,30.0
FORT NELSON A,58.83638888888889,-122.59694444444445,2022-12-05,54.0,81.0,-32.1,-9.9,-21.0,0.0,0.0,0.0,24.0
FORT NELSON A,58.83638888888889,-122.59694444444445,2022-12-06,68.0,74.0,-36.5,-25.5,-31.0,2.4,0.0,2.4,24.0
FORT NELSON A,58.83638888888889,-122.59694444444445,2022-12-07,72.0,78.0,-25.9,-17.2,-21.6,0.6,0.0,1.0,27.0
FORT NELSON A,58.83638888888889,-122.59694444444445,2022-12-08,73.0,80.0,-22.4,-19.3,-20.9,0.0,0.0,0.0,27.0
FORT NELSON A,58.83638888888889,-122.59694444444445,2022-12-09,72.0,84.0,-26.1,-19.0,-22.6,0.0,0.0,0.0,27.0
FORT NELSON A,58.83638888888889,-122.59694444444445,2022-12-10,65.0,78.0,-20.8,-18.9,-19.9,0.0,0.0,0.0,28.0
FORT NELSON A,58.83638888888889,-122.59694444444445,2022-12-11,72.0,82.0,-29.0,-18.4,-23.7,0.0,0.0,0.0,28.0
FORT NELSON A,58.83638888888889,-122.59694444444445,2022-12-12,71.0,76.0,-31.1,-16.4,-23.8,0.0,0.0,0.0,23.0
FORT NELSON A,58.83638888888889,-122.59694444444445,2022-12-13,70.0,88.0,-19.2,-10.9,-15.1,0.0,0.0,0.0,23.0
FORT NELSON A,58.83638888888889,-122.59694444444445,2022-12-14,80.0,87.0,-18.3,-7.7,-13.0,0.0,0.0,0.0,23.0
FORT NELSON A,58.83638888888889,-122.59694444444445,2022-12-15,77.0,94.0,-11.2,-4.5,-7.9,0.8,0.0,1.2,23.0
FORT NELSON A,58.83638888888889,-122.59694444444445,2022-12-16,71.0,82.0,-17.6,-11.2,-14.4,4.2,0.0,7.8,32.0
FORT NELSON A,58.83638888888889,-122.59694444444445,2022-12-17,73.0,78.0,-21.9,-17.3,-19.6,1.8,0.0,3.4,34.0
FORT NELSON A,58.83638888888889,-122.59694444444445,2022-12-18,69.0,77.0,-36.5,-21.9,-29.2,0.2,0.0,0.2,34.0
FORT NELSON A,58.83638888888889,-122.59694444444445,2022-12-19,65.0,69.0,-41.4,-33.5,-37.5,0.0,0.0,0.0,34.0
FORT NELSON A,58.83638888888889,-122.59694444444445,2022-12-20,63.0,67.0,-43.3,-36.6,-40.0,0.0,0.0,0.0,33.0
FORT NELSON A,58.83638888888889,-122.59694444444445,2022-12-21,62.0,65.0,-44.5,-37.5,-41.0,0.0,0.0,0.0,33.0
FORT NELSON A,58.83638888888889,-122.59694444444445,2022-12-22,63.0,68.0,-43.6,-34.4,-39.0,0.0,0.0,0.0,33.0
FORT NELSON A,58.83638888888889,-122.59694444444445,2022-12-23,64.0,71.0,-41.4,-30.2,-35.8,1.0,0.0,1.0,33.0
FORT NELSON A,58.83638888888889,-122.59694444444445,2022-12-24,68.0,72.0,-30.7,-28.2,-29.5,3.3,0.0,3.8,35.0
FORT NELSON A,58.83638888888889,-122.59694444444445,2022-12-25,65.0,75.0,-28.5,-25.6,-27.1,4.8,0.0,1.8,37.0
FORT NELSON A,58.83638888888889,-122.59694444444445,2022-12-26,65.0,73.0,-26.1,-24.7,-25.4,4.2,0.0,1.2,43.0
FORT NELSON A,58.83638888888889,-122.59694444444445,2022-12-28,78.0,83.0,-23.2,-17.3,-20.3,0.0,0.0,0.0,44.0
FORT NELSON A,58.83638888888889,-122.59694444444445,2022-12-29,78.0,84.0,-23.3,-15.2,-19.3,0.0,0.0,0.0,44.0
FORT NELSON A,58.83638888888889,-122.59694444444445,2022-12-30,77.0,81.0,-24.4,-18.3,-21.4,0.0,0.0,0.0,44.0
FORT NELSON A,58.83638888888889,-122.59694444444445,2022-12-31,75.0,80.0,-27.0,-20.0,-23.5,0.0,0.0,0.0,44.0
FORT NELSON A,58.83638888888889,-122.59694444444445,2023-01-01,76.0,84.0,-24.9,-15.2,-20.1,0.0,0.0,0.0,44.0
FORT NELSON A,58.83638888888889,-122.59694444444445,2023-01-02,84.0,88.0,-16.4,-10.5,-13.5,0.0,0.0,0.0,40.0
FORT NELSON A,58.83638888888889,-122.59694444444445,2023-01-03,82.0,89.0,-18.8,-9.7,-14.3,0.0,0.0,0.0,40.0
FORT NELSON A,58.83638888888889,-122.59694444444445,2023-01-04,79.0,86.0,-20.6,-12.9,-16.8,0.0,0.0,0.0,39.0
FORT NELSON A,58.83638888888889,-122.59694444444445,2023-01-05,77.0,83.0,-24.6,-16.6,-20.6,0.0,0.0,0.0,41.0
FORT NELSON A,58.83638888888889,-122.59694444444445,2023-01-06,82.0,85.0,-18.1,-14.7,-16.4,0.0,0.0,0.0,41.0
FORT NELSON A,58.83638888888889,-122.59694444444445,2023-01-08,82.0,85.0,-18.1,-13.9,-16.0,0.0,0.0,0.0,41.0
FORT NELSON A,58.83638888888889,-122.59694444444445,2023-01-09,82.0,85.0,-18.6,-14.9,-16.8,0.0,0.0,0.0,40.0
FORT NELSON A,58.83638888888889,-122.59694444444445,2023-01-10,84.0,86.0,-16.1,-13.4,-14.8,0.0,0.0,0.0,40.0
FORT NELSON A,58.83638888888889,-122.59694444444445,2023-01-11,86.0,88.0,-13.6,-11.7,-12.7,1.1,0.0,2.0,40.0
FORT NELSON A,58.83638888888889,-122.59694444444445,2023-01-12,85.0,87.0,-15.3,-12.8,-14.1,0.5,0.0,1.0,42.0
FORT NELSON A,58.83638888888889,-122.59694444444445,2023-01-13,86.0,87.0,-13.8,-12.9,-13.4,4.3,0.0,5.0,44.0
FORT NELSON A,58.83638888888889,-122.59694444444445,2023-01-14,82.0,86.0,-19.0,-13.2,-16.1,0.2,0.0,0.4,46.0
FORT NELSON A,58.83638888888889,-122.59694444444445,2023-01-15,84.0,88.0,-16.4,-11.1,-13.8,0.0,0.0,0.0,44.0
FORT NELSON A,58.83638888888889,-122.59694444444445,2023-01-16,83.0,88.0,-15.1,-11.2,-13.2,3.0,0.0,3.0,44.0
FORT NELSON A,58.83638888888889,-122.59694444444445,2023-01-17,83.0,86.0,-19.3,-12.6,-16.0,0.0,0.0,0.0,47.0
FORT NELSON A,58.83638888888889,-122.59694444444445,2023-01-18,83.0,87.0,-17.4,-12.6,-15.0,0.0,0.0,0.0,47.0
FORT NELSON A,58.83638888888889,-122.59694444444445,2023-01-19,83.0,90.0,-17.2,-8.3,-12.8,0.0,0.0,0.0,47.0
FORT NELSON A,58.83638888888889,-122.59694444444445,2023-01-20,85.0,94.0,-15.7,-3.2,-9.5,0.5,0.5,0.0,47.0
FORT NELSON A,58.83638888888889,-122.59694444444445,2023-01-21,92.0,95.0,-9.0,-0.4,-4.7,0.0,0.0,0.0,43.0
FORT NELSON A,58.83638888888889,-122.59694444444445,2023-01-22,64.0,94.0,-12.1,1.2,-5.5,0.0,0.0,0.0,43.0
FORT NELSON A,58.83638888888889,-122.59694444444445,2023-01-23,88.0,95.0,-8.7,-4.8,-6.8,1.0,0.0,1.0,43.0
FORT NELSON A,58.83638888888889,-122.59694444444445,2023-01-24,80.0,91.0,-15.8,-7.2,-11.5,0.0,0.0,0.0,43.0
FORT NELSON A,58.83638888888889,-122.59694444444445,2023-01-25,86.0,93.0,-12.5,-2.3,-7.4,0.3,0.3,0.0,43.0
FORT NELSON A,58.83638888888889,-122.59694444444445,2023-01-26,52.0,90.0,-15.1,8.3,-3.4,0.0,0.0,0.0,42.0
FORT NELSON A,58.83638888888889,-122.59694444444445,2023-01-27,72.0,82.0,-16.4,-13.1,-14.8,5.8,0.0,7.0,48.0
FORT NELSON A,58.83638888888889,-122.59694444444445,2023-01-28,69.0,84.0,-27.4,-16.4,-21.9,0.0,0.0,0.0,52.0
FORT NELSON A,58.83638888888889,-122.59694444444445,2023-01-29,66.0,88.0,-22.4,-10.8,-16.6,0.0,0.0,0.0,48.0
FORT NELSON A,58.83638888888889,-122.59694444444445,2023-01-30,80.0,87.0,-20.6,-10.3,-15.5,9.6,0.0,6.0,48.0
FORT NELSON A,58.83638888888889,-122.59694444444445,2023-01-31,70.0,86.0,-16.6,-10.9,-13.8,3.8,0.0,3.0,56.0
FORT NELSON A,58.83638888888889,-122.59694444444445,2023-02-01,63.0,81.0,-26.2,-16.6,-21.4,0.0,0.0,0.0,57.0
FORT NELSON A,58.83638888888889,-122.59694444444445,2023-02-02,70.0,77.0,-30.3,-21.9,-26.1,0.0,0.0,0.0,57.0
FORT NELSON A,58.83638888888889,-122.59694444444445,2023-02-03,65.0,82.0,-22.6,-15.8,-19.2,0.0,0.0,0.0,55.0
FORT NELSON A,58.83638888888889,-122.59694444444445,2023-02-04,72.0,85.0,-19.1,-14.6,-16.9,0.0,0.0,0.0,54.0
FORT NELSON A,58.83638888888889,-122.59694444444445,2023-02-05,69.0,87.0,-22.9,-13.8,-18.4,1.2,0.0,1.8,54.0
FORT NELSON A,58.83638888888889,-122.59694444444445,2023-02-06,69.0,85.0,-23.6,-9.8,-16.7,1.2,0.0,0.2,55.0
FORT NELSON A,58.83638888888889,-122.59694444444445,2023-02-07,56.0,91.0,-17.7,-1.4,-9.6,0.0,0.0,0.0,54.0
FORT NELSON A,58.83638888888889,-122.59694444444445,2023-02-08,67.0,89.0,-21.1,-8.5,-14.8,0.0,0.0,0.0,54.0
FORT NELSON A,58.83638888888889,-122.59694444444445,2023-02-09,77.0,90.0,-16.8,-8.7,-12.8,0.0,0.0,0.0,54.0
FORT NELSON A,58.83638888888889,-122.59694444444445,2023-02-10,75.0,92.0,-13.6,-6.4,-10.0,0.0,0.0,0.0,54.0
FORT NELSON A,58.83638888888889,-122.59694444444445,2023-02-11,50.0,90.0,-17.9,0.6,-8.7,0.0,0.0,0.0,54.0
FORT NELSON A,58.83638888888889,-122.59694444444445,2023-02-12,75.0,91.0,-14.1,-3.0,-8.6,1.0,0.0,1.0,52.0
FORT NELSON A,58.83638888888889,-122.59694444444445,2023-02-13,71.0,76.0,-19.8,-12.9,-16.4,4.4,0.0,5.2,53.0
FORT NELSON A,58.83638888888889,-122.59694444444445,2023-02-14,61.0,80.0,-19.7,-15.0,-17.4,0.0,0.0,0.0,55.0
FORT NELSON A,58.83638888888889,-122.59694444444445,2023-02-15,71.0,86.0,-21.2,-13.3,-17.3,0.0,0.0,0.0,55.0
FORT NELSON A,58.83638888888889,-122.59694444444445,2023-02-16,66.0,84.0,-17.6,-11.0,-14.3,1.2,0.0,1.2,55.0
FORT NELSON A,58.83638888888889,-122.59694444444445,2023-02-17,72.0,83.0,-19.2,-15.2,-17.2,2.2,0.0,3.2,55.0
FORT NELSON A,58.83638888888889,-122.59694444444445,2023-02-18,69.0,84.0,-17.4,-13.7,-15.6,1.0,0.0,1.0,56.0
FORT NELSON A,58.83638888888889,-122.59694444444445,2023-02-19,76.0,89.0,-18.8,-11.7,-15.3,8.8,0.0,10.6,58.0
FORT NELSON A,58.83638888888889,-122.59694444444445,2023-02-20,74.0,87.0,-17.5,-13.3,-15.4,1.9,0.0,2.4,68.0
FORT NELSON A,58.83638888888889,-122.59694444444445,2023-02-21,59.0,82.0,-30.1,-17.1,-23.6,0.0,0.0,0.0,67.0
FORT NELSON A,58.83638888888889,-122.59694444444445,2023-02-22,60.0,77.0,-36.5,-18.2,-27.4,0.0,0.0,0.0,68.0
FORT NELSON A,58.83638888888889,-122.59694444444445,2023-02-23,53.0,79.0,-35.5,-16.4,-26.0,0.0,0.0,0.0,67.0
FORT NELSON A,58.83638888888889,-122.59694444444445,2023-02-24,52.0,87.0,-29.0,-8.5,-18.8,0.0,0.0,0.0,67.0
FORT NELSON A,58.83638888888889,-122.59694444444445,2023-02-25,75.0,91.0,-20.9,-8.5,-14.7,0.0,0.0,0.0,67.0
FORT NELSON A,58.83638888888889,-122.59694444444445,2023-02-26,69.0,86.0,-16.6,-7.8,-12.2,2.6,0.0,2.4,62.0
FORT NELSON A,58.83638888888889,-122.59694444444445,2023-02-27,71.0,86.0,-20.9,-12.0,-16.5,0.0,0.0,0.0,63.0
FORT NELSON A,58.83638888888889,-122.59694444444445,2023-02-28,60.0,86.0,-19.7,-10.4,-15.1,0.0,0.0,0.0,67.0
FORT NELSON A,58.83638888888889,-122.59694444444445,2023-03-01,61.0,85.0,-22.2,-5.6,-13.9,0.0,0.0,0.0,67.0
FORT NELSON A,58.83638888888889,-122.59694444444445,2023-03-02,57.0,88.0,-13.0,-1.0,-7.0,0.0,0.0,0.0,64.0
FORT NELSON A,58.83638888888889,-122.59694444444445,2023-03-03,62.0,81.0,-14.2,-9.7,-12.0,1.2,0.0,1.2,62.0
FORT NELSON A,58.83638888888889,-122.59694444444445,2023-03-04,52.0,73.0,-20.3,-13.2,-16.8,0.6,0.0,0.6,63.0
FORT NELSON A,58.83638888888889,-122.59694444444445,2023-03-07,61.0,79.0,-29.9,-13.0,-21.5,0.2,0.2,0.0,63.0
FORT NELSON A,58.83638888888889,-122.59694444444445,2023-03-08,58.0,83.0,-19.5,-9.6,-14.6,0.6,0.0,0.8,62.0
FORT NELSON A,58.83638888888889,-122.59694444444445,2023-03-09,54.0,82.0,-27.0,-9.4,-18.2,0.0,0.0,0.0,62.0
FORT NELSON A,58.83638888888889,-122.59694444444445,2023-03-10,62.0,83.0,-18.1,-11.5,-14.8,1.6,0.0,1.6,62.0
FORT NELSON A,58.83638888888889,-122.59694444444445,2023-03-11,49.0,80.0,-26.7,-13.0,-19.9,0.0,0.0,0.0,65.0
FORT NELSON A,58.83638888888889,-122.59694444444445,2023-03-12,47.0,79.0,-26.8,-10.0,-18.4,0.0,0.0,0.0,64.0
FORT NELSON A,58.83638888888889,-122.59694444444445,2023-03-14,66.0,88.0,-15.4,-8.8,-12.1,2.2,0.0,1.4,65.0
FORT NELSON A,58.83638888888889,-122.59694444444445,2023-03-17,24.0,91.0,-13.7,10.2,-1.8,0.0,0.0,0.0,62.0
FORT NELSON A,58.83638888888889,-122.59694444444445,2023-03-18,23.0,91.0,-11.9,10.6,-0.7,0.0,0.0,0.0,61.0
FORT NELSON A,58.83638888888889,-122.59694444444445,2023-03-19,25.0,88.0,-11.5,10.2,-0.7,0.0,0.0,0.0,60.0
FORT NELSON A,58.83638888888889,-122.59694444444445,2023-03-20,37.0,85.0,-9.0,7.7,-0.7,0.0,0.0,0.0,59.0
FORT NELSON A,58.83638888888889,-122.59694444444445,2023-03-21,36.0,82.0,-10.7,6.6,-2.1,0.0,0.0,0.0,59.0
FORT NELSON A,58.83638888888889,-122.59694444444445,2023-03-22,27.0,87.0,-9.4,9.5,0.1,0.0,0.0,0.0,58.0
FORT NELSON A,58.83638888888889,-122.59694444444445,2023-03-23,47.0,68.0,-3.4,1.5,-1.0,0.0,0.0,0.0,57.0
FORT NELSON A,58.83638888888889,-122.59694444444445,2023-03-24,43.0,75.0,-6.0,4.0,-1.0,0.0,0.0,0.0,57.0
FORT NELSON A,58.83638888888889,-122.59694444444445,2023-03-25,48.0,85.0,-3.6,5.2,0.8,0.0,0.0,0.0,54.0
FORT NELSON A,58.83638888888889,-122.59694444444445,2023-03-26,45.0,75.0,-9.4,0.2,-4.6,0.0,0.0,0.0,52.0
FORT NELSON A,58.83638888888889,-122.59694444444445,2023-03-27,31.0,80.0,-10.8,5.7,-2.6,0.0,0.0,0.0,52.0
FORT NELSON A,58.83638888888889,-122.59694444444445,2023-03-28,27.0,71.0,-4.3,10.7,3.2,0.0,0.0,0.0,52.0
FORT NELSON A,58.83638888888889,-122.59694444444445,2023-03-29,63.0,95.0,-1.7,4.3,1.3,2.4,0.0,2.4,51.0
FORT NELSON A,58.83638888888889,-122.59694444444445,2023-03-30,64.0,91.0,-3.1,-0.4,-1.8,2.7,0.4,1.2,54.0
FORT NELSON A,58.83638888888889,-122.59694444444445,2023-03-31,73.0,93.0,-5.3,-2.4,-3.9,2.5,0.0,1.4,55.0
FORT NELSON A,58.83638888888889,-122.59694444444445,2023-04-01,64.0,85.0,-8.3,-2.5,-5.4,0.0,0.0,0.0,52.0
FORT NELSON A,58.83638888888889,-122.59694444444445,2023-04-02,49.0,84.0,-8.1,0.1,-4.0,0.0,0.0,0.0,52.0
FORT NELSON A,58.83638888888889,-122.59694444444445,2023-04-03,40.0,88.0,-10.5,1.1,-4.7,0.0,0.0,0.0,52.0
FORT NELSON A,58.83638888888889,-122.59694444444445,2023-04-04,27.0,81.0,-13.0,5.1,-4.0,0.0,0.0,0.0,51.0
FORT NELSON A,58.83638888888889,-122.59694444444445,2023-04-05,27.0,76.0,-9.1,7.7,-0.7,0.0,0.0,0.0,52.0
FORT NELSON A,58.83638888888889,-122.59694444444445,2023-04-06,33.0,82.0,-6.7,14.2,3.8,0.0,0.0,0.0,52.0
FORT NELSON A,58.83638888888889,-122.59694444444445,2023-04-07,25.0,83.0,-1.7,16.2,7.3,0.0,0.0,0.0,45.0
FORT NELSON A,58.83638888888889,-122.59694444444445,2023-04-08,24.0,89.0,2.2,12.8,7.5,5.4,5.4,0.0,45.0
FORT NELSON A,58.83638888888889,-122.59694444444445,2023-04-10,21.0,66.0,0.0,10.0,5.0,0.0,0.0,0.0,15.0
FORT NELSON A,58.83638888888889,-122.59694444444445,2023-04-11,19.0,73.0,-5.8,10.1,2.2,0.0,0.0,0.0,15.0
FORT NELSON A,58.83638888888889,-122.59694444444445,2023-04-12,12.0,84.0,-4.6,12.4,3.9,0.0,0.0,0.0,12.0
FORT NELSON A,58.83638888888889,-122.59694444444445,2023-04-13,31.0,66.0,-2.8,9.4,3.3,0.0,0.0,0.0,7.0
FORT NELSON A,58.83638888888889,-122.59694444444445,2023-04-14,31.0,83.0,-3.3,10.4,3.6,0.0,0.0,0.0,5.0
FORT NELSON A,58.83638888888889,-122.59694444444445,2023-04-15,25.0,88.0,-4.4,13.0,4.3,0.0,0.0,0.0,0.0
FORT NELSON A,58.83638888888889,-122.59694444444445,2023-04-16,33.0,81.0,-2.7,14.1,5.7,0.0,0.0,0.0,0.0
FORT NELSON A,58.83638888888889,-122.59694444444445,2023-04-17,39.0,93.0,3.5,12.9,8.2,4.2,4.2,0.0,0.0
FORT NELSON A,58.83638888888889,-122.59694444444445,2023-04-18,44.0,94.0,1.2,11.2,6.2,0.2,0.2,0.0,0.0
FORT NELSON A,58.83638888888889,-122.59694444444445,2023-04-19,79.0,95.0,0.7,4.4,2.6,0.7,0.7,0.0,0.0
FORT NELSON A,58.83638888888889,-122.59694444444445,2023-04-20,64.0,97.0,0.2,5.4,2.8,0.0,0.0,0.0,0.0
FORT NELSON A,58.83638888888889,-122.59694444444445,2023-10-21,37.0,84.0,-8.7,4.0,-2.4,0.0,0.0,0.0,0.0
FORT NELSON A,58.83638888888889,-122.59694444444445,2023-11-04,90.0,96.0,-3.3,-1.3,-2.3,4.6,0.4,2.0,0.0
FORT NELSON A,58.83638888888889,-122.59694444444445,2023-11-05,84.0,95.0,-6.7,-2.3,-4.5,5.0,0.0,17.6,13.0
FORT NELSON A,58.83638888888889,-122.59694444444445,2023-11-06,78.0,92.0,-7.2,-4.0,-5.6,0.0,0.0,0.0,10.0
FORT NELSON A,58.83638888888889,-122.59694444444445,2023-11-07,85.0,94.0,-7.5,-4.0,-5.8,3.5,0.0,5.2,10.0
FORT NELSON A,58.83638888888889,-122.59694444444445,2023-11-08,84.0,92.0,-14.9,-3.3,-9.1,0.0,0.0,0.0,15.0
FORT NELSON A,58.83638888888889,-122.59694444444445,2023-11-11,83.0,94.0,-9.6,-0.5,-5.1,0.0,0.0,0.0,12.0
FORT NELSON A,58.83638888888889,-122.59694444444445,2023-11-12,86.0,94.0,-5.2,-3.2,-4.2,2.2,0.0,1.0,12.0
FORT NELSON A,58.83638888888889,-122.59694444444445,2023-11-13,87.0,92.0,-10.5,-4.9,-7.7,0.0,0.0,0.0,14.0
FORT NELSON A,58.83638888888889,-122.59694444444445,2023-11-14,87.0,91.0,-12.1,-6.6,-9.4,0.9,0.9,0.0,14.0
FORT NELSON A,58.83638888888889,-122.59694444444445,2023-11-15,80.0,92.0,-16.1,-5.5,-10.8,0.4,0.0,1.0,16.0
FORT NELSON A,58.83638888888889,-122.59694444444445,2023-11-16,52.0,91.0,-16.0,0.4,-7.8,0.0,0.0,0.0,16.0
FORT NELSON A,58.83638888888889,-122.59694444444445,2023-11-17,81.0,94.0,-13.3,-2.4,-7.9,0.0,0.0,0.0,16.0
FORT NELSON A,58.83638888888889,-122.59694444444445,2023-11-19,80.0,94.0,-16.4,-4.6,-10.5,2.1,0.0,3.0,16.0
FORT NELSON A,58.83638888888889,-122.59694444444445,2023-11-20,67.0,88.0,-18.6,-9.7,-14.2,4.6,0.0,6.4,14.0
FORT NELSON A,58.83638888888889,-122.59694444444445,2023-11-21,80.0,88.0,-12.0,-10.5,-11.3,4.3,0.0,7.0,27.0
FORT NELSON A,58.83638888888889,-122.59694444444445,2023-11-22,77.0,90.0,-17.3,-9.4,-13.4,0.0,0.0,0.0,27.0
FORT NELSON A,58.83638888888889,-122.59694444444445,2023-11-23,80.0,90.0,-17.0,-5.2,-11.1,0.0,0.0,0.0,27.0
FORT NELSON A,58.83638888888889,-122.59694444444445,2023-11-24,82.0,94.0,-14.1,-2.0,-8.1,0.0,0.0,0.0,27.0
FORT NELSON A,58.83638888888889,-122.59694444444445,2023-11-25,87.0,98.0,-5.1,0.9,-2.1,1.0,0.0,2.0,25.0
FORT NELSON A,58.83638888888889,-122.59694444444445,2023-11-26,93.0,97.0,-9.7,-3.2,-6.5,0.0,0.0,0.0,26.0
FORT NELSON A,58.83638888888889,-122.59694444444445,2023-11-27,87.0,96.0,-9.6,-0.9,-5.3,0.0,0.0,0.0,26.0
FORT NELSON A,58.83638888888889,-122.59694444444445,2023-11-28,46.0,93.0,-12.0,3.8,-4.1,0.0,0.0,0.0,26.0
FORT NELSON A,58.83638888888889,-122.59694444444445,2023-11-29,52.0,92.0,-17.6,1.4,-8.1,0.0,0.0,0.0,26.0
FORT NELSON A,58.83638888888889,-122.59694444444445,2023-11-30,75.0,86.0,-27.3,-14.8,-21.1,0.0,0.0,0.0,26.0
FORT NELSON A,58.83638888888889,-122.59694444444445,2023-12-01,75.0,79.0,-27.6,-19.7,-23.7,0.0,0.0,0.0,22.0
FORT NELSON A,58.83638888888889,-122.59694444444445,2023-12-02,74.0,78.0,-28.8,-21.3,-25.1,0.0,0.0,0.0,22.0
FORT NELSON A,58.83638888888889,-122.59694444444445,2023-12-03,73.0,79.0,-29.4,-20.6,-25.0,0.0,0.0,0.0,22.0
FORT NELSON A,58.83638888888889,-122.59694444444445,2023-12-04,76.0,82.0,-25.1,-15.5,-20.3,0.0,0.0,0.0,22.0
FORT NELSON A,58.83638888888889,-122.59694444444445,2023-12-05,82.0,86.0,-17.8,-14.0,-15.9,0.0,0.0,0.0,22.0
FORT NELSON A,58.83638888888889,-122.59694444444445,2023-12-06,79.0,90.0,-16.9,-8.6,-12.8,0.0,0.0,0.0,22.0
FORT NELSON A,58.83638888888889,-122.59694444444445,2023-12-07,74.0,89.0,-18.0,-9.2,-13.6,0.0,0.0,0.0,22.0
FORT NELSON A,58.83638888888889,-122.59694444444445,2023-12-08,73.0,85.0,-17.6,-11.7,-14.7,0.0,0.0,0.0,22.0
FORT NELSON A,58.83638888888889,-122.59694444444445,2023-12-09,73.0,86.0,-20.0,-12.7,-16.4,0.0,0.0,0.0,22.0
FORT NELSON A,58.83638888888889,-122.59694444444445,2023-12-10,74.0,86.0,-23.2,-8.4,-15.8,0.0,0.0,0.0,22.0
FORT NELSON A,58.83638888888889,-122.59694444444445,2023-12-11,77.0,87.0,-20.8,-12.3,-16.6,0.0,0.0,0.0,22.0
FORT NELSON A,58.83638888888889,-122.59694444444445,2023-12-12,77.0,84.0,-18.1,-8.1,-13.1,0.0,0.0,0.0,22.0
FORT NELSON A,58.83638888888889,-122.59694444444445,2023-12-13,58.0,94.0,-11.4,4.9,-3.3,0.0,0.0,0.0,22.0
FORT NELSON A,58.83638888888889,-122.59694444444445,2023-12-14,44.0,87.0,-10.1,1.4,-4.4,0.0,0.0,0.0,21.0
FORT NELSON A,58.83638888888889,-122.59694444444445,2023-12-15,46.0,92.0,-15.3,1.2,-7.1,0.0,0.0,0.0,21.0
FORT NELSON A,58.83638888888889,-122.59694444444445,2023-12-16,47.0,89.0,-11.9,0.4,-5.8,0.0,0.0,0.0,21.0
FORT NELSON A,58.83638888888889,-122.59694444444445,2023-12-17,75.0,87.0,-18.8,-8.5,-13.7,0.0,0.0,0.0,21.0
FORT NELSON A,58.83638888888889,-122.59694444444445,2023-12-19,80.0,88.0,-20.5,-10.6,-15.6,2.8,0.0,4.5,20.0
FORT NELSON A,58.83638888888889,-122.59694444444445,2023-12-20,84.0,88.0,-15.5,-11.6,-13.6,0.0,0.0,0.0,26.0
FORT NELSON A,58.83638888888889,-122.59694444444445,2023-12-22,68.0,92.0,-13.8,-1.3,-7.6,0.3,0.0,0.3,27.0
FORT NELSON A,58.83638888888889,-122.59694444444445,2023-12-23,85.0,94.0,-17.7,-4.2,-11.0,0.0,0.0,0.0,27.0
FORT NELSON A,58.83638888888889,-122.59694444444445,2023-12-24,81.0,88.0,-14.7,-8.9,-11.8,0.0,0.0,0.0,27.0
FORT NELSON A,58.83638888888889,-122.59694444444445,2023-12-25,61.0,90.0,-15.9,2.0,-7.0,0.0,0.0,0.0,27.0
FORT NELSON A,58.83638888888889,-122.59694444444445,2023-12-26,83.0,91.0,-10.8,-1.3,-6.1,0.2,0.2,0.0,27.0
FORT NELSON A,58.83638888888889,-122.59694444444445,2023-12-27,83.0,92.0,-17.4,-6.6,-12.0,0.0,0.0,0.0,27.0
FORT NELSON A,58.83638888888889,-122.59694444444445,2023-12-28,76.0,92.0,-15.4,-5.7,-10.6,0.0,0.0,0.0,27.0
FORT NELSON A,58.83638888888889,-122.59694444444445,2023-12-29,84.0,88.0,-17.4,-13.1,-15.3,0.0,0.0,0.0,27.0
FORT NELSON A,58.83638888888889,-122.59694444444445,2023-12-30,83.0,89.0,-16.2,-10.1,-13.2,0.0,0.0,0.0,27.0
FORT NELSON A,58.83638888888889,-122.59694444444445,2023-12-31,80.0,90.0,-15.6,-7.0,-11.3,0.0,0.0,0.0,25.0
FORT ST. JOHN A,56.23833333333334,-120.74027777777778,2018-10-31,67.0,97.0,-3.7,5.1,0.7,4.6,2.9,1.7,1.0
FORT ST. JOHN A,56.23833333333334,-120.74027777777778,2018-11-01,87.0,94.0,-4.6,-1.7,-3.2,5.2,0.0,5.2,2.0
FORT ST. JOHN A,56.23833333333334,-120.74027777777778,2018-11-02,85.0,97.0,-5.5,-1.1,-3.3,2.0,0.0,2.0,4.0
FORT ST. JOHN A,56.23833333333334,-120.74027777777778,2018-11-03,81.0,96.0,-7.5,-4.9,-6.2,4.6,0.0,4.6,10.0
FORT ST. JOHN A,56.23833333333334,-120.74027777777778,2018-11-04,82.0,93.0,-9.4,-5.0,-7.2,24.4,0.0,24.4,16.0
FORT ST. JOHN A,56.23833333333334,-120.74027777777778,2018-11-05,80.0,91.0,-12.2,-9.2,-10.7,1.1,0.0,1.1,28.0
FORT ST. JOHN A,56.23833333333334,-120.74027777777778,2018-11-06,73.0,92.0,-14.5,-8.8,-11.7,0.0,0.0,0.0,28.0
FORT ST. JOHN A,56.23833333333334,-120.74027777777778,2018-11-07,82.0,90.0,-18.3,-8.5,-13.4,0.0,0.0,0.0,28.0
FORT ST. JOHN A,56.23833333333334,-120.74027777777778,2018-11-08,81.0,91.0,-20.6,-2.2,-11.4,0.0,0.0,0.0,28.0
FORT ST. JOHN A,56.23833333333334,-120.74027777777778,2018-11-09,74.0,96.0,-4.6,2.1,-1.3,2.0,0.0,2.0,28.0
FORT ST. JOHN A,56.23833333333334,-120.74027777777778,2018-11-10,86.0,97.0,-8.0,0.5,-3.8,0.2,0.0,0.2,22.0
FORT ST. JOHN A,56.23833333333334,-120.74027777777778,2018-11-11,84.0,96.0,-6.9,-3.3,-5.1,0.4,0.0,0.4,22.0
FORT ST. JOHN A,56.23833333333334,-120.74027777777778,2018-11-12,53.0,95.0,-8.9,4.7,-2.1,0.0,0.0,0.0,22.0
FORT ST. JOHN A,56.23833333333334,-120.74027777777778,2018-11-13,50.0,69.0,1.8,6.6,4.2,0.0,0.0,0.0,20.0
FORT ST. JOHN A,56.23833333333334,-120.74027777777778,2018-11-14,61.0,89.0,-7.4,5.3,-1.1,0.0,0.0,0.0,17.0
FORT ST. JOHN A,56.23833333333334,-120.74027777777778,2018-11-15,73.0,93.0,-13.0,-7.1,-10.1,1.8,0.0,1.8,13.0
FORT ST. JOHN A,56.23833333333334,-120.74027777777778,2018-11-16,71.0,86.0,-17.3,-13.0,-15.2,0.0,0.0,0.0,14.0
FORT ST. JOHN A,56.23833333333334,-120.74027777777778,2018-11-17,67.0,91.0,-18.7,1.7,-8.5,1.4,1.4,0.0,14.0
FORT ST. JOHN A,56.23833333333334,-120.74027777777778,2018-11-18,67.0,79.0,1.5,4.5,3.0,0.0,0.0,0.0,14.0
FORT ST. JOHN A,56.23833333333334,-120.74027777777778,2018-11-19,57.0,80.0,1.9,7.3,4.6,0.0,0.0,0.0,12.0
FORT ST. JOHN A,56.23833333333334,-120.74027777777778,2018-11-20,58.0,79.0,1.1,6.0,3.6,0.0,0.0,0.0,10.0
FORT ST. JOHN A,56.23833333333334,-120.74027777777778,2018-11-21,60.0,81.0,-1.9,4.3,1.2,0.0,0.0,0.0,9.0
FORT ST. JOHN A,56.23833333333334,-120.74027777777778,2018-11-22,60.0,86.0,-5.5,3.1,-1.2,0.0,0.0,0.0,8.0
FORT ST. JOHN A,56.23833333333334,-120.74027777777778,2018-11-23,89.0,95.0,-6.9,-4.8,-5.9,0.2,0.0,0.2,8.0
FORT ST. JOHN A,56.23833333333334,-120.74027777777778,2018-11-24,85.0,93.0,-9.4,-5.5,-7.5,0.0,0.0,0.0,2.0
FORT ST. JOHN A,56.23833333333334,-120.74027777777778,2018-11-25,76.0,92.0,-9.8,-1.8,-5.8,0.0,0.0,0.0,2.0
FORT ST. JOHN A,56.23833333333334,-120.74027777777778,2018-11-26,83.0,94.0,-5.9,-0.6,-3.3,0.2,0.2,0.0,2.0
FORT ST. JOHN A,56.23833333333334,-120.74027777777778,2018-11-27,92.0,98.0,-4.1,-0.1,-2.1,2.0,2.0,0.0,2.0
FORT ST. JOHN A,56.23833333333334,-120.74027777777778,2018-11-28,92.0,98.0,-3.5,1.8,-0.9,4.6,4.4,0.2,2.0
FORT ST. JOHN A,56.23833333333334,-120.74027777777778,2018-11-30,89.0,96.0,-4.8,-1.4,-3.1,0.8,0.0,0.8,4.0
FORT ST. JOHN A,56.23833333333334,-120.74027777777778,2018-12-01,91.0,97.0,-7.0,-4.0,-5.5,1.0,0.0,1.0,5.0
FORT ST. JOHN A,56.23833333333334,-120.74027777777778,2018-12-02,91.0,94.0,-8.7,-5.1,-6.9,0.0,0.0,0.0,6.0
FORT ST. JOHN A,56.23833333333334,-120.74027777777778,2018-12-03,87.0,92.0,-13.5,-6.9,-10.2,0.0,0.0,0.0,6.0
FORT ST. JOHN A,56.23833333333334,-120.74027777777778,2018-12-04,65.0,93.0,-7.3,-1.8,-4.6,0.2,0.0,0.2,6.0
FORT ST. JOHN A,56.23833333333334,-120.74027777777778,2018-12-05,73.0,90.0,-11.1,-5.1,-8.1,0.2,0.0,0.2,7.0
FORT ST. JOHN A,56.23833333333334,-120.74027777777778,2018-12-06,54.0,85.0,-11.0,-4.0,-7.5,0.0,0.0,0.0,7.0
FORT ST. JOHN A,56.23833333333334,-120.74027777777778,2018-12-07,51.0,76.0,-9.5,-2.3,-5.9,0.0,0.0,0.0,7.0
FORT ST. JOHN A,56.23833333333334,-120.74027777777778,2018-12-08,54.0,72.0,-9.3,0.5,-4.4,0.0,0.0,0.0,7.0
FORT ST. JOHN A,56.23833333333334,-120.74027777777778,2018-12-09,69.0,86.0,-6.7,-0.5,-3.6,0.0,0.0,0.0,7.0
FORT ST. JOHN A,56.23833333333334,-120.74027777777778,2018-12-10,54.0,83.0,-4.0,2.6,-0.7,0.0,0.0,0.0,7.0
FORT ST. JOHN A,56.23833333333334,-120.74027777777778,2018-12-11,58.0,73.0,-1.9,4.4,1.3,0.0,0.0,0.0,7.0
FORT ST. JOHN A,56.23833333333334,-120.74027777777778,2018-12-12,43.0,74.0,-2.8,1.5,-0.7,0.0,0.0,0.0,7.0
FORT ST. JOHN A,56.23833333333334,-120.74027777777778,2018-12-13,50.0,77.0,-4.2,3.0,-0.6,0.0,0.0,0.0,7.0
FORT ST. JOHN A,56.23833333333334,-120.74027777777778,2018-12-14,58.0,96.0,-9.0,0.1,-4.5,13.0,0.0,13.0,7.0
FORT ST. JOHN A,56.23833333333334,-120.74027777777778,2018-12-16,68.0,79.0,-11.6,-8.7,-10.2,0.0,0.0,0.0,16.0
FORT ST. JOHN A,56.23833333333334,-120.74027777777778,2018-12-17,79.0,95.0,-11.7,-4.8,-8.3,0.0,0.0,0.0,16.0
FORT ST. JOHN A,56.23833333333334,-120.74027777777778,2018-12-18,82.0,96.0,-9.5,-1.3,-5.4,0.0,0.0,0.0,16.0
FORT ST. JOHN A,56.23833333333334,-120.74027777777778,2018-12-19,60.0,86.0,-3.7,2.6,-0.6,0.0,0.0,0.0,16.0
FORT ST. JOHN A,56.23833333333334,-120.74027777777778,2018-12-20,73.0,94.0,-6.3,-1.3,-3.8,8.6,0.0,8.6,16.0
FORT ST. JOHN A,56.23833333333334,-120.74027777777778,2018-12-21,75.0,92.0,-10.5,-4.7,-7.6,7.4,0.0,7.4,25.0
FORT ST. JOHN A,56.23833333333334,-120.74027777777778,2018-12-22,80.0,91.0,-21.6,-9.3,-15.5,0.0,0.0,0.0,25.0
FORT ST. JOHN A,56.23833333333334,-120.74027777777778,2018-12-23,81.0,88.0,-20.4,-12.3,-16.4,2.6,0.0,2.8,26.0
FORT ST. JOHN A,56.23833333333334,-120.74027777777778,2018-12-24,84.0,87.0,-16.7,-12.3,-14.5,0.4,0.0,0.4,28.0
FORT ST. JOHN A,56.23833333333334,-120.74027777777778,2018-12-25,74.0,84.0,-19.1,-14.8,-17.0,1.0,0.0,1.0,26.0
FORT ST. JOHN A,56.23833333333334,-120.74027777777778,2018-12-26,78.0,84.0,-16.2,-14.8,-15.5,0.0,0.0,0.0,26.0
FORT ST. JOHN A,56.23833333333334,-120.74027777777778,2018-12-27,77.0,88.0,-22.6,-15.0,-18.8,0.0,0.0,0.0,26.0
FORT ST. JOHN A,56.23833333333334,-120.74027777777778,2018-12-28,82.0,86.0,-19.0,-14.4,-16.7,0.0,0.0,0.0,26.0
FORT ST. JOHN A,56.23833333333334,-120.74027777777778,2018-12-29,82.0,89.0,-19.2,-9.8,-14.5,17.8,0.0,17.8,30.0
FORT ST. JOHN A,56.23833333333334,-120.74027777777778,2018-12-30,77.0,87.0,-20.2,-14.9,-17.6,1.8,0.0,1.8,41.0
FORT ST. JOHN A,56.23833333333334,-120.74027777777778,2018-12-31,71.0,90.0,-19.0,-0.5,-9.8,0.4,0.0,0.4,38.0
FORT ST. JOHN A,56.23833333333334,-120.74027777777778,2019-01-01,66.0,74.0,-1.9,4.7,1.4,0.0,0.0,0.0,38.0
FORT ST. JOHN A,56.23833333333334,-120.74027777777778,2019-01-02,56.0,76.0,-1.3,6.8,2.8,0.0,0.0,0.0,36.0
FORT ST. JOHN A,56.23833333333334,-120.74027777777778,2019-01-03,56.0,86.0,-12.8,-0.9,-6.9,0.0,0.0,0.0,10.0
FORT ST. JOHN A,56.23833333333334,-120.74027777777778,2019-01-04,79.0,89.0,-11.8,-9.2,-10.5,2.6,0.0,2.6,10.0
FORT ST. JOHN A,56.23833333333334,-120.74027777777778,2019-01-05,85.0,91.0,-11.8,-8.4,-10.1,0.6,0.0,0.6,12.0
FORT ST. JOHN A,56.23833333333334,-120.74027777777778,2019-01-06,70.0,86.0,-18.4,-8.5,-13.5,9.8,0.0,9.8,13.0
FORT ST. JOHN A,56.23833333333334,-120.74027777777778,2019-01-07,64.0,77.0,-23.0,-18.3,-20.7,1.0,0.0,1.0,21.0
FORT ST. JOHN A,56.23833333333334,-120.74027777777778,2019-01-08,71.0,80.0,-26.7,-20.4,-23.6,0.0,0.0,0.0,21.0
FORT ST. JOHN A,56.23833333333334,-120.74027777777778,2019-01-09,75.0,82.0,-22.5,-16.7,-19.6,4.7,0.0,4.7,21.0
FORT ST. JOHN A,56.23833333333334,-120.74027777777778,2019-01-10,74.0,82.0,-17.7,-14.5,-16.1,2.6,0.0,2.6,24.0
FORT ST. JOHN A,56.23833333333334,-120.74027777777778,2019-01-11,80.0,86.0,-16.1,0.5,-7.8,0.0,0.0,0.0,24.0
FORT ST. JOHN A,56.23833333333334,-120.74027777777778,2019-01-12,77.0,94.0,-2.5,4.0,0.8,0.2,0.2,0.0,23.0
FORT ST. JOHN A,56.23833333333334,-120.74027777777778,2019-01-13,91.0,98.0,-6.1,0.5,-2.8,0.8,0.8,0.0,23.0
FORT ST. JOHN A,56.23833333333334,-120.74027777777778,2019-01-14,69.0,97.0,-6.1,3.5,-1.3,0.0,0.0,0.0,23.0
FORT ST. JOHN A,56.23833333333334,-120.74027777777778,2019-01-15,81.0,93.0,-11.6,-6.0,-8.8,0.0,0.0,0.0,23.0
FORT ST. JOHN A,56.23833333333334,-120.74027777777778,2019-01-16,76.0,87.0,-20.1,-10.8,-15.5,1.0,0.0,1.0,23.0
FORT ST. JOHN A,56.23833333333334,-120.74027777777778,2019-01-17,76.0,83.0,-20.2,-18.8,-19.5,1.0,0.0,2.0,23.0
FORT ST. JOHN A,56.23833333333334,-120.74027777777778,2019-01-18,78.0,81.0,-19.2,-15.6,-17.4,2.4,0.0,4.3,25.0
FORT ST. JOHN A,56.23833333333334,-120.74027777777778,2019-01-19,79.0,86.0,-18.0,-13.8,-15.9,5.4,0.0,5.6,26.0
FORT ST. JOHN A,56.23833333333334,-120.74027777777778,2019-01-20,77.0,89.0,-19.4,-13.9,-16.7,0.0,0.0,0.0,32.0
FORT ST. JOHN A,56.23833333333334,-120.74027777777778,2019-01-21,75.0,87.0,-17.8,-4.0,-10.9,0.0,0.0,0.0,32.0
FORT ST. JOHN A,56.23833333333334,-120.74027777777778,2019-01-22,73.0,89.0,-13.6,-1.8,-7.7,0.0,0.0,0.0,32.0
FORT ST. JOHN A,56.23833333333334,-120.74027777777778,2019-01-23,71.0,80.0,-18.7,-13.6,-16.2,0.2,0.0,0.2,32.0
FORT ST. JOHN A,56.23833333333334,-120.74027777777778,2019-01-24,57.0,89.0,-17.7,1.6,-8.1,0.0,0.0,0.0,32.0
FORT ST. JOHN A,56.23833333333334,-120.74027777777778,2019-01-26,62.0,73.0,3.8,6.7,5.3,0.2,0.2,0.0,27.0
FORT ST. JOHN A,56.23833333333334,-120.74027777777778,2019-01-27,57.0,85.0,-7.2,5.2,-1.0,0.6,0.6,0.0,12.0
FORT ST. JOHN A,56.23833333333334,-120.74027777777778,2019-01-29,72.0,91.0,-13.3,-4.2,-8.8,0.0,0.0,0.0,7.0
FORT ST. JOHN A,56.23833333333334,-120.74027777777778,2019-01-30,60.0,72.0,-5.7,4.2,-0.8,0.0,0.0,0.0,7.0
FORT ST. JOHN A,56.23833333333334,-120.74027777777778,2019-01-31,68.0,88.0,-19.7,2.3,-8.7,3.4,0.0,3.4,6.0
FORT ST. JOHN A,56.23833333333334,-120.74027777777778,2019-02-01,73.0,79.0,-26.3,-19.7,-23.0,15.4,0.0,15.4,16.0
FORT ST. JOHN A,56.23833333333334,-120.74027777777778,2019-02-02,63.0,72.0,-28.9,-26.3,-27.6,2.5,0.0,2.5,25.0
FORT ST. JOHN A,56.23833333333334,-120.74027777777778,2019-02-03,62.0,76.0,-34.7,-27.7,-31.2,0.2,0.0,0.2,26.0
FORT ST. JOHN A,56.23833333333334,-120.74027777777778,2019-02-04,61.0,73.0,-35.7,-27.8,-31.8,0.0,0.0,0.0,26.0
FORT ST. JOHN A,56.23833333333334,-120.74027777777778,2019-02-05,65.0,74.0,-31.0,-23.6,-27.3,0.2,0.0,0.2,25.0
FORT ST. JOHN A,56.23833333333334,-120.74027777777778,2019-02-06,64.0,77.0,-30.4,-24.6,-27.5,0.0,0.0,0.0,25.0
FORT ST. JOHN A,56.23833333333334,-120.74027777777778,2019-02-07,73.0,83.0,-28.2,-15.9,-22.1,0.6,0.0,0.6,25.0
FORT ST. JOHN A,56.23833333333334,-120.74027777777778,2019-02-08,62.0,78.0,-26.1,-17.9,-22.0,0.0,0.0,0.0,25.0
FORT ST. JOHN A,56.23833333333334,-120.74027777777778,2019-02-09,70.0,80.0,-33.1,-24.6,-28.9,0.0,0.0,0.0,25.0
FORT ST. JOHN A,56.23833333333334,-120.74027777777778,2019-02-10,72.0,82.0,-25.9,-19.1,-22.5,3.6,0.0,3.6,28.0
FORT ST. JOHN A,56.23833333333334,-120.74027777777778,2019-02-11,81.0,85.0,-20.1,-14.9,-17.5,0.2,0.0,0.2,28.0
FORT ST. JOHN A,56.23833333333334,-120.74027777777778,2019-02-12,76.0,86.0,-22.2,-15.4,-18.8,1.0,0.0,1.0,27.0
FORT ST. JOHN A,56.23833333333334,-120.74027777777778,2019-02-13,63.0,84.0,-27.1,-19.1,-23.1,0.0,0.0,0.0,27.0
FORT ST. JOHN A,56.23833333333334,-120.74027777777778,2019-02-14,72.0,82.0,-24.2,-13.5,-18.9,0.0,0.0,0.0,27.0
FORT ST. JOHN A,56.23833333333334,-120.74027777777778,2019-02-15,72.0,83.0,-17.9,-14.9,-16.4,1.2,0.0,1.2,27.0
FORT ST. JOHN A,56.23833333333334,-120.74027777777778,2019-02-16,67.0,84.0,-19.2,-16.1,-17.7,0.8,0.0,0.8,28.0
FORT ST. JOHN A,56.23833333333334,-120.74027777777778,2019-02-17,59.0,83.0,-24.1,-16.9,-20.5,0.2,0.0,0.2,28.0
FORT ST. JOHN A,56.23833333333334,-120.74027777777778,2019-02-18,64.0,78.0,-23.6,-7.2,-15.4,0.0,0.0,0.0,28.0
FORT ST. JOHN A,56.23833333333334,-120.74027777777778,2019-02-19,51.0,77.0,-8.7,0.2,-4.3,0.0,0.0,0.0,28.0
FORT ST. JOHN A,56.23833333333334,-120.74027777777778,2019-02-20,59.0,91.0,-14.2,-3.7,-9.0,0.2,0.0,0.2,27.0
FORT ST. JOHN A,56.23833333333334,-120.74027777777778,2019-02-21,53.0,84.0,-19.3,-4.7,-12.0,0.0,0.0,0.0,27.0
FORT ST. JOHN A,56.23833333333334,-120.74027777777778,2019-02-22,60.0,90.0,-15.3,-5.1,-10.2,7.4,0.0,7.4,28.0
FORT ST. JOHN A,56.23833333333334,-120.74027777777778,2019-02-23,58.0,83.0,-19.9,-15.1,-17.5,0.2,0.0,0.2,33.0
FORT ST. JOHN A,56.23833333333334,-120.74027777777778,2019-02-24,70.0,86.0,-29.4,-19.3,-24.4,0.0,0.0,0.0,33.0
FORT ST. JOHN A,56.23833333333334,-120.74027777777778,2019-02-25,61.0,85.0,-29.8,-11.5,-20.7,0.0,0.0,0.0,33.0
FORT ST. JOHN A,56.23833333333334,-120.74027777777778,2019-02-26,55.0,78.0,-15.7,-3.7,-9.7,0.0,0.0,0.0,33.0
FORT ST. JOHN A,56.23833333333334,-120.74027777777778,2019-02-27,50.0,87.0,-11.3,-0.9,-6.1,0.0,0.0,0.0,31.0
FORT ST. JOHN A,56.23833333333334,-120.74027777777778,2019-02-28,38.0,83.0,-16.4,-4.2,-10.3,0.0,0.0,0.0,29.0
FORT ST. JOHN A,56.23833333333334,-120.74027777777778,2019-03-01,50.0,79.0,-27.0,-16.4,-21.7,0.0,0.0,0.0,28.0
FORT ST. JOHN A,56.23833333333334,-120.74027777777778,2019-03-02,47.0,82.0,-30.2,-18.4,-24.3,0.0,0.0,0.0,28.0
FORT ST. JOHN A,56.23833333333334,-120.74027777777778,2019-03-03,33.0,83.0,-27.6,-13.7,-20.7,0.0,0.0,0.0,28.0
FORT ST. JOHN A,56.23833333333334,-120.74027777777778,2019-03-04,41.0,82.0,-25.0,-7.7,-16.4,0.0,0.0,0.0,28.0
FORT ST. JOHN A,56.23833333333334,-120.74027777777778,2019-03-05,63.0,85.0,-16.9,-10.4,-13.7,0.2,0.0,0.2,28.0
FORT ST. JOHN A,56.23833333333334,-120.74027777777778,2019-03-06,74.0,85.0,-15.3,-12.1,-13.7,0.0,0.0,0.0,28.0
FORT ST. JOHN A,56.23833333333334,-120.74027777777778,2019-03-07,56.0,87.0,-21.9,-9.2,-15.6,0.0,0.0,0.0,28.0
FORT ST. JOHN A,56.23833333333334,-120.74027777777778,2019-03-08,35.0,88.0,-19.6,-1.6,-10.6,0.0,0.0,0.0,28.0
FORT ST. JOHN A,56.23833333333334,-120.74027777777778,2019-03-09,51.0,75.0,-14.5,-2.2,-8.4,0.0,0.0,0.0,28.0
FORT ST. JOHN A,56.23833333333334,-120.74027777777778,2019-03-10,38.0,72.0,-11.4,2.1,-4.7,0.0,0.0,0.0,28.0
FORT ST. JOHN A,56.23833333333334,-120.74027777777778,2019-03-11,54.0,79.0,-1.5,4.4,1.5,0.0,0.0,0.0,28.0
FORT ST. JOHN A,56.23833333333334,-120.74027777777778,2019-03-12,44.0,88.0,-2.9,3.6,0.4,0.0,0.0,0.0,27.0
FORT ST. JOHN A,56.23833333333334,-120.74027777777778,2019-03-13,32.0,71.0,-5.6,4.2,-0.7,0.0,0.0,0.0,23.0
FORT ST. JOHN A,56.23833333333334,-120.74027777777778,2019-03-14,53.0,75.0,-7.2,4.8,-1.2,0.0,0.0,0.0,20.0
FORT ST. JOHN A,56.23833333333334,-120.74027777777778,2019-03-15,38.0,68.0,-3.0,4.3,0.7,0.0,0.0,0.0,18.0
FORT ST. JOHN A,56.23833333333334,-120.74027777777778,2019-03-16,54.0,70.0,-6.3,5.1,-0.6,0.0,0.0,0.0,17.0
FORT ST. JOHN A,56.23833333333334,-120.74027777777778,2019-03-17,41.0,72.0,1.3,9.4,5.4,0.0,0.0,0.0,15.0
FORT ST. JOHN A,56.23833333333334,-120.74027777777778,2019-03-18,36.0,68.0,3.6,13.5,8.6,0.0,0.0,0.0,10.0
FORT ST. JOHN A,56.23833333333334,-120.74027777777778,2019-03-19,39.0,66.0,0.8,11.8,6.3,0.0,0.0,0.0,7.0
FORT ST. JOHN A,56.23833333333334,-120.74027777777778,2019-03-20,26.0,79.0,-1.6,13.8,6.1,0.0,0.0,0.0,5.0
FORT ST. JOHN A,56.23833333333334,-120.74027777777778,2019-03-21,42.0,76.0,-0.7,9.7,4.5,0.0,0.0,0.0,1.0
FORT ST. JOHN A,56.23833333333334,-120.74027777777778,2019-03-22,40.0,82.0,-1.8,11.4,4.8,0.0,0.0,0.0,1.0
FORT ST. JOHN A,56.23833333333334,-120.74027777777778,2019-03-23,58.0,73.0,-0.3,7.6,3.7,0.0,0.0,0.0,1.0
FORT ST. JOHN A,56.23833333333334,-120.74027777777778,2019-03-24,60.0,98.0,-1.8,8.3,3.3,0.0,0.0,0.0,1.0
FORT ST. JOHN A,56.23833333333334,-120.74027777777778,2019-03-25,63.0,91.0,-0.1,8.4,4.2,0.0,0.0,0.0,1.0
FORT ST. JOHN A,56.23833333333334,-120.74027777777778,2019-03-26,38.0,97.0,-3.1,9.4,3.2,0.0,0.0,0.0,1.0
FORT ST. JOHN A,56.23833333333334,-120.74027777777778,2019-03-27,48.0,89.0,-3.0,7.5,2.3,0.0,0.0,0.0,1.0
FORT ST. JOHN A,56.23833333333334,-120.74027777777778,2019-03-28,39.0,83.0,-3.7,10.6,3.5,0.0,0.0,0.0,0.0
FORT ST. JOHN A,56.23833333333334,-120.74027777777778,2019-03-29,28.0,75.0,-2.5,13.9,5.7,0.0,0.0,0.0,0.0
FORT ST. JOHN A,56.23833333333334,-120.74027777777778,2019-03-30,49.0,77.0,-0.6,8.7,4.1,0.0,0.0,0.0,0.0
FORT ST. JOHN A,56.23833333333334,-120.74027777777778,2019-03-31,49.0,80.0,-1.4,8.5,3.6,0.0,0.0,0.0,0.0
FORT ST. JOHN A,56.23833333333334,-120.74027777777778,2019-04-01,38.0,83.0,-3.5,8.6,2.6,0.0,0.0,0.0,0.0
FORT ST. JOHN A,56.23833333333334,-120.74027777777778,2019-04-02,58.0,92.0,-3.3,6.0,1.4,0.0,0.0,0.0,0.0
FORT ST. JOHN A,56.23833333333334,-120.74027777777778,2019-04-03,52.0,80.0,-5.6,2.7,-1.5,0.0,0.0,0.0,0.0
FORT ST. JOHN A,56.23833333333334,-120.74027777777778,2019-04-04,69.0,87.0,-8.8,-3.9,-6.4,6.0,0.0,6.0,1.0
FORT ST. JOHN A,56.23833333333334,-120.74027777777778,2019-04-05,77.0,96.0,-5.2,-0.6,-2.9,1.0,0.0,1.0,6.0
FORT ST. JOHN A,56.23833333333334,-120.74027777777778,2019-04-06,75.0,97.0,-2.4,4.4,1.0,4.6,0.0,4.6,7.0
FORT ST. JOHN A,56.23833333333334,-120.74027777777778,2019-04-07,33.0,93.0,-1.7,12.1,5.2,0.0,0.0,0.0,2.0
FORT ST. JOHN A,56.23833333333334,-120.74027777777778,2019-04-15,64.0,97.0,-1.6,7.4,2.9,0.0,0.0,0.0,0.0
FORT ST. JOHN A,56.23833333333334,-120.74027777777778,2019-04-24,11.0,60.0,-2.2,8.6,3.2,0.0,0.0,0.0,0.0
FORT ST. JOHN A,56.23833333333334,-120.74027777777778,2019-04-30,52.0,91.0,-2.4,2.9,0.3,0.2,0.0,0.2,0.0
FORT ST. JOHN A,56.23833333333334,-120.74027777777778,2019-05-02,47.0,95.0,-3.7,9.2,2.8,1.1,0.5,0.6,1.0
FORT ST. JOHN A,56.23833333333334,-120.74027777777778,2019-05-03,63.0,95.0,-5.9,-1.0,-3.5,9.8,0.0,10.0,4.0
FORT ST. JOHN A,56.23833333333334,-120.74027777777778,2019-05-04,56.0,95.0,-5.2,1.8,-1.7,0.4,0.0,0.4,16.0
FORT ST. JOHN A,56.23833333333334,-120.74027777777778,2019-05-05,63.0,89.0,-2.5,4.6,1.1,0.0,0.0,0.0,8.0
FORT ST. JOHN A,56.23833333333334,-120.74027777777778,2019-10-07,62.0,96.0,-3.7,9.8,3.1,1.2,0.0,1.2,1.0
FORT ST. JOHN A,56.23833333333334,-120.74027777777778,2019-10-08,58.0,86.0,-6.8,-1.0,-3.9,0.0,0.0,0.0,1.0
FORT ST. JOHN A,56.23833333333334,-120.74027777777778,2019-10-09,53.0,85.0,-8.4,3.4,-2.5,0.0,0.0,0.0,1.0
FORT ST. JOHN A,56.23833333333334,-120.74027777777778,2019-10-10,44.0,75.0,-2.7,6.8,2.1,0.0,0.0,0.0,1.0
FORT ST. JOHN A,56.23833333333334,-120.74027777777778,2019-10-11,36.0,81.0,-3.4,11.3,4.0,0.0,0.0,0.0,0.0
FORT ST. JOHN A,56.23833333333334,-120.74027777777778,2019-10-14,83.0,98.0,-0.9,3.2,1.2,1.8,0.0,1.8,1.0
FORT ST. JOHN A,56.23833333333334,-120.74027777777778,2019-10-18,56.0,97.0,0.0,8.7,4.4,5.8,4.4,1.4,1.0
FORT ST. JOHN A,56.23833333333334,-120.74027777777778,2019-10-19,90.0,98.0,-1.0,0.8,-0.1,3.4,0.0,3.4,2.0
FORT ST. JOHN A,56.23833333333334,-120.74027777777778,2019-10-20,92.0,98.0,-5.4,0.9,-2.3,0.0,0.0,0.0,5.0
FORT ST. JOHN A,56.23833333333334,-120.74027777777778,2019-10-21,96.0,99.0,-1.4,1.0,-0.2,2.8,0.0,2.8,8.0
FORT ST. JOHN A,56.23833333333334,-120.74027777777778,2019-10-22,82.0,98.0,-2.5,2.1,-0.2,1.6,0.0,1.6,4.0
FORT ST. JOHN A,56.23833333333334,-120.74027777777778,2019-10-23,69.0,97.0,-5.5,3.7,-0.9,1.6,1.4,0.2,1.0
FORT ST. JOHN A,56.23833333333334,-120.74027777777778,2019-10-25,70.0,98.0,-1.2,6.2,2.5,10.6,3.6,7.0,0.0
FORT ST. JOHN A,56.23833333333334,-120.74027777777778,2019-10-27,55.0,87.0,-3.4,2.1,-0.7,0.0,0.0,0.0,0.0
FORT ST. JOHN A,56.23833333333334,-120.74027777777778,2019-10-28,59.0,82.0,-11.5,-3.4,-7.5,0.0,0.0,0.0,0.0
FORT ST. JOHN A,56.23833333333334,-120.74027777777778,2019-11-01,69.0,96.0,-3.3,5.1,0.9,0.0,0.0,0.0,0.0
FORT ST. JOHN A,56.23833333333334,-120.74027777777778,2019-11-03,89.0,96.0,-2.4,2.7,0.2,6.4,0.4,6.0,1.0
FORT ST. JOHN A,56.23833333333334,-120.74027777777778,2019-11-04,86.0,97.0,-4.3,-1.0,-2.7,3.0,0.0,3.0,1.0
FORT ST. JOHN A,56.23833333333334,-120.74027777777778,2019-11-05,76.0,90.0,-15.3,-4.3,-9.8,1.6,0.0,1.6,6.0
FORT ST. JOHN A,56.23833333333334,-120.74027777777778,2019-11-07,72.0,95.0,-13.0,3.8,-4.6,5.0,5.0,0.0,6.0
FORT ST. JOHN A,56.23833333333334,-120.74027777777778,2019-11-08,81.0,95.0,-11.4,2.4,-4.5,15.8,0.6,15.2,1.0
FORT ST. JOHN A,56.23833333333334,-120.74027777777778,2019-11-09,80.0,87.0,-18.7,-11.4,-15.1,15.0,0.0,15.0,19.0
FORT ST. JOHN A,56.23833333333334,-120.74027777777778,2019-11-10,73.0,84.0,-21.9,-15.7,-18.8,0.0,0.0,0.0,31.0
FORT ST. JOHN A,56.23833333333334,-120.74027777777778,2019-11-11,74.0,95.0,-21.2,-1.4,-11.3,1.0,0.0,1.0,31.0
FORT ST. JOHN A,56.23833333333334,-120.74027777777778,2019-11-12,87.0,96.0,-8.4,-2.8,-5.6,3.4,0.0,3.4,32.0
FORT ST. JOHN A,56.23833333333334,-120.74027777777778,2019-11-13,81.0,97.0,-7.3,4.8,-1.3,0.0,0.0,0.0,34.0
FORT ST. JOHN A,56.23833333333334,-120.74027777777778,2019-11-14,92.0,94.0,-7.6,-4.5,-6.1,0.0,0.0,0.0,30.0
FORT ST. JOHN A,56.23833333333334,-120.74027777777778,2019-11-15,70.0,94.0,-5.3,5.1,-0.1,0.0,0.0,0.0,20.0
FORT ST. JOHN A,56.23833333333334,-120.74027777777778,2019-11-16,66.0,83.0,1.8,5.0,3.4,1.8,1.8,0.0,16.0
FORT ST. JOHN A,56.23833333333334,-120.74027777777778,2019-11-17,50.0,91.0,2.8,9.4,6.1,1.2,1.2,0.0,15.0
FORT ST. JOHN A,56.23833333333334,-120.74027777777778,2019-11-18,51.0,68.0,0.4,6.2,3.3,0.0,0.0,0.0,2.0
FORT ST. JOHN A,56.23833333333334,-120.74027777777778,2019-11-19,70.0,90.0,-5.9,0.7,-2.6,0.0,0.0,0.0,1.0
FORT ST. JOHN A,56.23833333333334,-120.74027777777778,2019-11-20,61.0,89.0,-6.0,3.5,-1.3,0.0,0.0,0.0,0.0
FORT ST. JOHN A,56.23833333333334,-120.74027777777778,2019-11-21,47.0,64.0,2.8,6.4,4.6,0.0,0.0,0.0,0.0
FORT ST. JOHN A,56.23833333333334,-120.74027777777778,2019-11-22,52.0,65.0,3.0,7.5,5.3,0.0,0.0,0.0,0.0
FORT ST. JOHN A,56.23833333333334,-120.74027777777778,2019-11-26,71.0,84.0,-11.7,-3.8,-7.8,1.6,0.0,1.2,0.0
FORT ST. JOHN A,56.23833333333334,-120.74027777777778,2019-11-27,76.0,85.0,-15.6,-10.8,-13.2,0.2,0.0,0.2,1.0
FORT ST. JOHN A,56.23833333333334,-120.74027777777778,2019-11-28,76.0,87.0,-17.2,-13.4,-15.3,0.0,0.0,0.0,1.0
FORT ST. JOHN A,56.23833333333334,-120.74027777777778,2019-11-29,72.0,84.0,-16.5,-11.4,-14.0,0.0,0.0,0.0,1.0
FORT ST. JOHN A,56.23833333333334,-120.74027777777778,2019-11-30,69.0,83.0,-16.7,-9.3,-13.0,0.0,0.0,0.0,1.0
FORT ST. JOHN A,56.23833333333334,-120.74027777777778,2019-12-01,45.0,83.0,-15.0,-0.8,-7.9,0.0,0.0,0.0,1.0
FORT ST. JOHN A,56.23833333333334,-120.74027777777778,2019-12-02,54.0,71.0,-4.5,2.2,-1.2,0.0,0.0,0.0,1.0
FORT ST. JOHN A,56.23833333333334,-120.74027777777778,2019-12-03,43.0,73.0,-3.1,1.9,-0.6,0.0,0.0,0.0,1.0
FORT ST. JOHN A,56.23833333333334,-120.74027777777778,2019-12-04,56.0,86.0,-13.9,-1.1,-7.5,0.0,0.0,0.0,1.0
FORT ST. JOHN A,56.23833333333334,-120.74027777777778,2019-12-05,57.0,88.0,-12.9,-1.5,-7.2,0.0,0.0,0.0,1.0
FORT ST. JOHN A,56.23833333333334,-120.74027777777778,2019-12-06,53.0,77.0,-9.6,-1.2,-5.4,0.0,0.0,0.0,1.0
FORT ST. JOHN A,56.23833333333334,-120.74027777777778,2019-12-07,76.0,86.0,-16.6,-9.5,-13.1,0.0,0.0,0.0,1.0
FORT ST. JOHN A,56.23833333333334,-120.74027777777778,2019-12-08,70.0,89.0,-17.9,-4.5,-11.2,0.0,0.0,0.0,0.0
FORT ST. JOHN A,56.23833333333334,-120.74027777777778,2019-12-09,71.0,93.0,-9.2,-5.1,-7.2,0.0,0.0,0.0,0.0
FORT ST. JOHN A,56.23833333333334,-120.74027777777778,2019-12-10,85.0,93.0,-9.6,-7.2,-8.4,0.0,0.0,0.0,0.0
FORT ST. JOHN A,56.23833333333334,-120.74027777777778,2019-12-11,87.0,93.0,-12.8,-9.5,-11.2,0.0,0.0,0.0,0.0
FORT ST. JOHN A,56.23833333333334,-120.74027777777778,2019-12-12,83.0,88.0,-17.3,-11.9,-14.6,8.2,0.0,8.2,1.0
FORT ST. JOHN A,56.23833333333334,-120.74027777777778,2019-12-13,79.0,84.0,-20.2,-16.9,-18.6,0.2,0.0,0.2,14.0
FORT ST. JOHN A,56.23833333333334,-120.74027777777778,2019-12-14,82.0,90.0,-20.1,-9.1,-14.6,0.0,0.0,0.0,14.0
FORT ST. JOHN A,56.23833333333334,-120.74027777777778,2019-12-15,79.0,91.0,-19.5,-7.9,-13.7,0.0,0.0,0.0,14.0
FORT ST. JOHN A,56.23833333333334,-120.74027777777778,2019-12-16,79.0,90.0,-16.3,-7.7,-12.0,0.8,0.0,0.8,14.0
FORT ST. JOHN A,56.23833333333334,-120.74027777777778,2019-12-17,63.0,91.0,-14.4,3.3,-5.6,0.0,0.0,0.0,14.0
FORT ST. JOHN A,56.23833333333334,-120.74027777777778,2019-12-18,72.0,84.0,-19.4,-13.4,-16.4,1.2,0.0,1.2,13.0
FORT ST. JOHN A,56.23833333333334,-120.74027777777778,2019-12-19,83.0,89.0,-15.1,-11.4,-13.3,1.0,0.0,1.0,10.0
FORT ST. JOHN A,56.23833333333334,-120.74027777777778,2019-12-20,83.0,89.0,-17.2,-10.1,-13.7,1.5,0.0,1.5,9.0
FORT ST. JOHN A,56.23833333333334,-120.74027777777778,2019-12-21,84.0,89.0,-17.0,-11.2,-14.1,0.0,0.0,0.0,11.0
FORT ST. JOHN A,56.23833333333334,-120.74027777777778,2019-12-22,81.0,90.0,-20.2,-10.2,-15.2,0.0,0.0,0.0,11.0
FORT ST. JOHN A,56.23833333333334,-120.74027777777778,2019-12-23,71.0,93.0,-19.7,-3.6,-11.7,0.0,0.0,0.0,11.0
FORT ST. JOHN A,56.23833333333334,-120.74027777777778,2019-12-24,66.0,73.0,-5.7,-2.2,-4.0,0.0,0.0,0.0,11.0
FORT ST. JOHN A,56.23833333333334,-120.74027777777778,2019-12-25,55.0,75.0,-5.9,-2.5,-4.2,0.0,0.0,0.0,11.0
FORT ST. JOHN A,56.23833333333334,-120.74027777777778,2019-12-26,59.0,72.0,-6.8,-1.5,-4.2,0.0,0.0,0.0,10.0
FORT ST. JOHN A,56.23833333333334,-120.74027777777778,2019-12-27,52.0,72.0,-5.0,0.2,-2.4,0.0,0.0,0.0,10.0
FORT ST. JOHN A,56.23833333333334,-120.74027777777778,2019-12-28,62.0,77.0,-4.8,3.9,-0.5,0.0,0.0,0.0,10.0
FORT ST. JOHN A,56.23833333333334,-120.74027777777778,2019-12-29,66.0,86.0,-4.6,3.5,-0.6,0.0,0.0,0.0,10.0
FORT ST. JOHN A,56.23833333333334,-120.74027777777778,2019-12-30,65.0,87.0,-5.0,3.2,-0.9,0.0,0.0,0.0,9.0
FORT ST. JOHN A,56.23833333333334,-120.74027777777778,2019-12-31,68.0,88.0,-2.0,3.6,0.8,0.0,0.0,0.0,9.0
FORT ST. JOHN A,56.23833333333334,-120.74027777777778,2020-01-01,81.0,96.0,-9.8,-1.0,-5.4,0.0,0.0,0.0,9.0
FORT ST. JOHN A,56.23833333333334,-120.74027777777778,2020-01-02,44.0,91.0,-9.1,0.5,-4.3,2.8,0.0,2.8,11.0
FORT ST. JOHN A,56.23833333333334,-120.74027777777778,2020-01-03,60.0,92.0,-12.7,-8.0,-10.4,7.6,0.0,7.6,11.0
FORT ST. JOHN A,56.23833333333334,-120.74027777777778,2020-01-04,66.0,93.0,-21.9,-7.7,-14.8,0.8,0.0,0.8,15.0
FORT ST. JOHN A,56.23833333333334,-120.74027777777778,2020-01-05,68.0,84.0,-21.8,-3.9,-12.9,0.0,0.0,0.0,15.0
FORT ST. JOHN A,56.23833333333334,-120.74027777777778,2020-01-06,67.0,80.0,-24.9,-19.4,-22.2,0.0,0.0,0.0,15.0
FORT ST. JOHN A,56.23833333333334,-120.74027777777778,2020-01-07,75.0,82.0,-27.7,-23.3,-25.5,0.0,0.0,0.0,15.0
FORT ST. JOHN A,56.23833333333334,-120.74027777777778,2020-01-08,68.0,79.0,-24.9,-21.9,-23.4,2.8,0.0,2.8,15.0
FORT ST. JOHN A,56.23833333333334,-120.74027777777778,2020-01-09,68.0,78.0,-26.3,-22.9,-24.6,0.8,0.0,0.8,19.0
FORT ST. JOHN A,56.23833333333334,-120.74027777777778,2020-01-10,73.0,76.0,-26.9,-24.8,-25.9,7.6,0.0,7.6,19.0
FORT ST. JOHN A,56.23833333333334,-120.74027777777778,2020-01-11,66.0,74.0,-27.0,-25.2,-26.1,4.7,0.0,4.7,26.0
FORT ST. JOHN A,56.23833333333334,-120.74027777777778,2020-01-12,69.0,78.0,-31.3,-26.4,-28.9,0.0,0.0,0.0,29.0
FORT ST. JOHN A,56.23833333333334,-120.74027777777778,2020-01-13,71.0,75.0,-34.5,-28.0,-31.3,0.8,0.0,0.8,29.0
FORT ST. JOHN A,56.23833333333334,-120.74027777777778,2020-01-14,65.0,74.0,-29.7,-27.4,-28.6,1.7,0.0,1.7,28.0
FORT ST. JOHN A,56.23833333333334,-120.74027777777778,2020-01-15,66.0,75.0,-34.3,-29.5,-31.9,0.4,0.0,0.4,29.0
FORT ST. JOHN A,56.23833333333334,-120.74027777777778,2020-01-16,71.0,75.0,-33.9,-28.3,-31.1,2.6,0.0,2.6,29.0
FORT ST. JOHN A,56.23833333333334,-120.74027777777778,2020-01-17,68.0,77.0,-31.8,-26.9,-29.4,1.4,0.0,1.4,30.0
FORT ST. JOHN A,56.23833333333334,-120.74027777777778,2020-01-18,70.0,76.0,-36.1,-25.5,-30.8,0.0,0.0,0.0,28.0
FORT ST. JOHN A,56.23833333333334,-120.74027777777778,2020-01-19,75.0,84.0,-26.3,-18.2,-22.3,0.0,0.0,0.0,28.0
FORT ST. JOHN A,56.23833333333334,-120.74027777777778,2020-01-20,76.0,91.0,-19.0,-0.7,-9.9,0.0,0.0,0.0,28.0
FORT ST. JOHN A,56.23833333333334,-120.74027777777778,2020-01-21,82.0,94.0,-14.6,-0.4,-7.5,0.5,0.0,0.5,28.0
FORT ST. JOHN A,56.23833333333334,-120.74027777777778,2020-01-22,82.0,96.0,-13.1,-2.0,-7.6,1.2,0.0,1.2,30.0
FORT ST. JOHN A,56.23833333333334,-120.74027777777778,2020-01-23,79.0,91.0,-8.2,1.4,-3.4,0.0,0.0,0.0,29.0
FORT ST. JOHN A,56.23833333333334,-120.74027777777778,2020-01-24,88.0,96.0,-7.7,0.2,-3.8,0.0,0.0,0.0,29.0
FORT ST. JOHN A,56.23833333333334,-120.74027777777778,2020-01-25,69.0,95.0,-8.1,1.8,-3.2,0.0,0.0,0.0,25.0
FORT ST. JOHN A,56.23833333333334,-120.74027777777778,2020-01-26,72.0,89.0,-8.4,0.0,-4.2,0.0,0.0,0.0,22.0
FORT ST. JOHN A,56.23833333333334,-120.74027777777778,2020-01-27,53.0,92.0,-8.8,1.8,-3.5,0.0,0.0,0.0,19.0
FORT ST. JOHN A,56.23833333333334,-120.74027777777778,2020-01-28,67.0,83.0,-8.1,-0.7,-4.4,0.0,0.0,0.0,19.0
FORT ST. JOHN A,56.23833333333334,-120.74027777777778,2020-01-29,54.0,86.0,-8.1,4.4,-1.9,0.0,0.0,0.0,21.0
FORT ST. JOHN A,56.23833333333334,-120.74027777777778,2020-01-30,54.0,87.0,-3.8,4.3,0.3,0.0,0.0,0.0,20.0
FORT ST. JOHN A,56.23833333333334,-120.74027777777778,2020-01-31,55.0,96.0,-2.9,1.9,-0.5,2.0,0.0,2.0,20.0
FORT ST. JOHN A,56.23833333333334,-120.74027777777778,2020-02-01,42.0,95.0,-6.3,0.9,-2.7,1.2,0.0,1.2,23.0
FORT ST. JOHN A,56.23833333333334,-120.74027777777778,2020-02-02,61.0,85.0,-20.4,-5.9,-13.2,0.0,0.0,0.0,21.0
FORT ST. JOHN A,56.23833333333334,-120.74027777777778,2020-02-03,65.0,84.0,-24.7,-10.9,-17.8,0.0,0.0,0.0,21.0
FORT ST. JOHN A,56.23833333333334,-120.74027777777778,2020-02-04,60.0,73.0,-13.6,-0.6,-7.1,0.0,0.0,0.0,21.0
FORT ST. JOHN A,56.23833333333334,-120.74027777777778,2020-02-05,56.0,94.0,-5.5,3.4,-1.1,0.0,0.0,0.0,21.0
FORT ST. JOHN A,56.23833333333334,-120.74027777777778,2020-02-06,53.0,91.0,-4.3,1.6,-1.4,0.0,0.0,0.0,18.0
FORT ST. JOHN A,56.23833333333334,-120.74027777777778,2020-02-07,58.0,70.0,-6.7,-1.8,-4.3,0.0,0.0,0.0,16.0
FORT ST. JOHN A,56.23833333333334,-120.74027777777778,2020-02-08,46.0,87.0,-10.3,-0.6,-5.5,0.0,0.0,0.0,16.0
FORT ST. JOHN A,56.23833333333334,-120.74027777777778,2020-02-09,30.0,61.0,-4.3,4.2,-0.1,0.0,0.0,0.0,15.0
FORT ST. JOHN A,56.23833333333334,-120.74027777777778,2020-02-10,48.0,84.0,-6.6,1.8,-2.4,0.0,0.0,0.0,13.0
FORT ST. JOHN A,56.23833333333334,-120.74027777777778,2020-02-11,78.0,95.0,-14.1,0.2,-7.0,8.4,0.0,8.4,18.0
FORT ST. JOHN A,56.23833333333334,-120.74027777777778,2020-02-12,78.0,88.0,-17.1,-10.8,-14.0,1.0,0.0,1.0,22.0
FORT ST. JOHN A,56.23833333333334,-120.74027777777778,2020-02-13,52.0,91.0,-11.7,3.8,-4.0,6.4,0.0,6.4,23.0
FORT ST. JOHN A,56.23833333333334,-120.74027777777778,2020-02-14,60.0,81.0,-21.5,-11.7,-16.6,3.0,0.0,3.0,33.0
FORT ST. JOHN A,56.23833333333334,-120.74027777777778,2020-02-15,68.0,81.0,-21.1,-15.2,-18.2,1.2,0.0,1.2,30.0
FORT ST. JOHN A,56.23833333333334,-120.74027777777778,2020-02-16,65.0,77.0,-22.5,-19.8,-21.2,0.5,0.0,0.5,31.0
FORT ST. JOHN A,56.23833333333334,-120.74027777777778,2020-02-17,63.0,76.0,-24.2,-20.0,-22.1,0.7,0.0,0.7,31.0
FORT ST. JOHN A,56.23833333333334,-120.74027777777778,2020-02-18,62.0,79.0,-24.8,-14.6,-19.7,0.0,0.0,0.0,31.0
FORT ST. JOHN A,56.23833333333334,-120.74027777777778,2020-02-19,45.0,87.0,-20.4,3.8,-8.3,0.0,0.0,0.0,31.0
FORT ST. JOHN A,56.23833333333334,-120.74027777777778,2020-02-20,41.0,67.0,-2.9,2.4,-0.3,0.0,0.0,0.0,19.0
FORT ST. JOHN A,56.23833333333334,-120.74027777777778,2020-02-21,48.0,67.0,0.1,4.5,2.3,0.0,0.0,0.0,16.0
FORT ST. JOHN A,56.23833333333334,-120.74027777777778,2020-02-22,34.0,63.0,-3.4,2.2,-0.6,0.0,0.0,0.0,16.0
FORT ST. JOHN A,56.23833333333334,-120.74027777777778,2020-02-23,52.0,82.0,-10.8,-2.8,-6.8,0.0,0.0,0.0,14.0
FORT ST. JOHN A,56.23833333333334,-120.74027777777778,2020-02-24,60.0,90.0,-15.1,-4.3,-9.7,0.0,0.0,0.0,14.0
FORT ST. JOHN A,56.23833333333334,-120.74027777777778,2020-02-25,53.0,91.0,-6.8,-0.4,-3.6,1.4,0.0,1.4,14.0
FORT ST. JOHN A,56.23833333333334,-120.74027777777778,2020-02-26,48.0,74.0,-1.8,5.3,1.8,0.0,0.0,0.0,21.0
FORT ST. JOHN A,56.23833333333334,-120.74027777777778,2020-02-27,50.0,72.0,1.5,5.7,3.6,0.0,0.0,0.0,18.0
FORT ST. JOHN A,56.23833333333334,-120.74027777777778,2020-02-28,44.0,61.0,-2.0,3.5,0.8,0.0,0.0,0.0,16.0
FORT ST. JOHN A,56.23833333333334,-120.74027777777778,2020-02-29,64.0,77.0,-13.0,-1.0,-7.0,0.0,0.0,0.0,15.0
FORT ST. JOHN A,56.23833333333334,-120.74027777777778,2020-03-01,48.0,84.0,-14.2,0.4,-6.9,0.0,0.0,0.0,14.0
FORT ST. JOHN A,56.23833333333334,-120.74027777777778,2020-03-02,40.0,68.0,-1.7,4.0,1.2,0.0,0.0,0.0,12.0
FORT ST. JOHN A,56.23833333333334,-120.74027777777778,2020-03-03,40.0,88.0,-1.8,3.3,0.8,0.0,0.0,0.0,10.0
FORT ST. JOHN A,56.23833333333334,-120.74027777777778,2020-03-04,38.0,89.0,-5.6,2.3,-1.7,0.0,0.0,0.0,15.0
FORT ST. JOHN A,56.23833333333334,-120.74027777777778,2020-03-05,52.0,83.0,-16.7,-1.1,-8.9,0.0,0.0,0.0,11.0
FORT ST. JOHN A,56.23833333333334,-120.74027777777778,2020-03-06,55.0,79.0,-22.2,-16.7,-19.5,0.2,0.0,0.2,11.0
FORT ST. JOHN A,56.23833333333334,-120.74027777777778,2020-03-07,55.0,76.0,-24.9,-14.3,-19.6,0.0,0.0,0.0,11.0
FORT ST. JOHN A,56.23833333333334,-120.74027777777778,2020-03-08,58.0,82.0,-21.6,-8.1,-14.9,0.0,0.0,0.0,11.0
FORT ST. JOHN A,56.23833333333334,-120.74027777777778,2020-03-10,45.0,70.0,-1.5,4.8,1.7,0.0,0.0,0.0,10.0
FORT ST. JOHN A,56.23833333333334,-120.74027777777778,2020-03-11,59.0,96.0,-4.7,0.0,-2.4,8.2,0.0,8.2,10.0
FORT ST. JOHN A,56.23833333333334,-120.74027777777778,2020-03-12,48.0,92.0,-20.1,-3.6,-11.9,2.6,0.0,2.6,23.0
FORT ST. JOHN A,56.23833333333334,-120.74027777777778,2020-03-13,42.0,73.0,-25.8,-15.7,-20.8,0.0,0.0,0.0,23.0
FORT ST. JOHN A,56.23833333333334,-120.74027777777778,2020-03-14,48.0,81.0,-28.6,-15.3,-22.0,0.0,0.0,0.0,23.0
FORT ST. JOHN A,56.23833333333334,-120.74027777777778,2020-03-15,48.0,73.0,-21.6,-4.1,-12.9,0.0,0.0,0.0,13.0
FORT ST. JOHN A,56.23833333333334,-120.74027777777778,2020-03-16,44.0,88.0,-13.3,1.2,-6.1,0.0,0.0,0.0,13.0
FORT ST. JOHN A,56.23833333333334,-120.74027777777778,2020-03-17,52.0,75.0,-11.1,-2.0,-6.6,0.0,0.0,0.0,10.0
FORT ST. JOHN A,56.23833333333334,-120.74027777777778,2020-03-18,53.0,84.0,-13.7,-2.6,-8.2,0.0,0.0,0.0,9.0
FORT ST. JOHN A,56.23833333333334,-120.74027777777778,2020-03-19,60.0,89.0,-14.1,-4.3,-9.2,0.0,0.0,0.0,9.0
FORT ST. JOHN A,56.23833333333334,-120.74027777777778,2020-03-20,48.0,89.0,-14.9,2.4,-6.3,0.0,0.0,0.0,8.0
FORT ST. JOHN A,56.23833333333334,-120.74027777777778,2020-03-21,43.0,66.0,-3.8,3.0,-0.4,0.0,0.0,0.0,7.0
FORT ST. JOHN A,56.23833333333334,-120.74027777777778,2020-03-22,44.0,94.0,-5.9,0.5,-2.7,1.6,0.0,1.6,6.0
FORT ST. JOHN A,56.23833333333334,-120.74027777777778,2020-03-23,65.0,94.0,-12.4,-1.9,-7.2,4.4,0.0,4.4,10.0
FORT ST. JOHN A,56.23833333333334,-120.74027777777778,2020-03-24,53.0,79.0,-15.6,-6.5,-11.1,0.0,0.0,0.0,11.0
FORT ST. JOHN A,56.23833333333334,-120.74027777777778,2020-03-25,36.0,88.0,-13.4,3.6,-4.9,0.0,0.0,0.0,10.0
FORT ST. JOHN A,56.23833333333334,-120.74027777777778,2020-03-26,39.0,66.0,-2.6,6.7,2.1,0.0,0.0,0.0,8.0
FORT ST. JOHN A,56.23833333333334,-120.74027777777778,2020-03-27,61.0,85.0,-15.6,0.1,-7.8,5.2,0.0,5.2,6.0
FORT ST. JOHN A,56.23833333333334,-120.74027777777778,2020-03-28,72.0,82.0,-19.1,-15.6,-17.4,14.2,0.0,14.2,15.0
FORT ST. JOHN A,56.23833333333334,-120.74027777777778,2020-03-29,66.0,86.0,-17.0,-12.3,-14.7,2.0,0.0,2.0,26.0
FORT ST. JOHN A,56.23833333333334,-120.74027777777778,2020-03-30,70.0,84.0,-18.3,-13.4,-15.9,6.4,0.0,6.4,27.0
FORT ST. JOHN A,56.23833333333334,-120.74027777777778,2020-03-31,65.0,83.0,-16.6,-11.9,-14.3,1.2,0.0,1.2,33.0
FORT ST. JOHN A,56.23833333333334,-120.74027777777778,2020-04-01,45.0,83.0,-23.0,-10.0,-16.5,0.0,0.0,0.0,33.0
FORT ST. JOHN A,56.23833333333334,-120.74027777777778,2020-04-02,36.0,75.0,-18.5,-10.3,-14.4,0.0,0.0,0.0,33.0
FORT ST. JOHN A,56.23833333333334,-120.74027777777778,2020-04-03,44.0,83.0,-22.7,-7.7,-15.2,0.0,0.0,0.0,33.0
FORT ST. JOHN A,56.23833333333334,-120.74027777777778,2020-04-04,44.0,74.0,-17.6,-4.8,-11.2,0.0,0.0,0.0,31.0
FORT ST. JOHN A,56.23833333333334,-120.74027777777778,2020-04-05,36.0,69.0,-14.3,-2.4,-8.4,0.0,0.0,0.0,29.0
FORT ST. JOHN A,56.23833333333334,-120.74027777777778,2020-04-06,38.0,74.0,-13.7,4.4,-4.7,0.0,0.0,0.0,29.0
FORT ST. JOHN A,56.23833333333334,-120.74027777777778,2020-04-07,31.0,66.0,-3.5,2.9,-0.3,0.0,0.0,0.0,29.0
FORT ST. JOHN A,56.23833333333334,-120.74027777777778,2020-04-09,42.0,73.0,1.2,8.8,5.0,0.0,0.0,0.0,20.0
FORT ST. JOHN A,56.23833333333334,-120.74027777777778,2020-04-10,40.0,84.0,-5.8,1.5,-2.2,0.0,0.0,0.0,16.0
FORT ST. JOHN A,56.23833333333334,-120.74027777777778,2020-04-11,33.0,65.0,-9.7,1.4,-4.2,0.0,0.0,0.0,11.0
FORT ST. JOHN A,56.23833333333334,-120.74027777777778,2020-04-12,36.0,62.0,-9.3,2.7,-3.3,0.0,0.0,0.0,10.0
FORT ST. JOHN A,56.23833333333334,-120.74027777777778,2020-04-13,31.0,65.0,-5.1,8.0,1.5,0.0,0.0,0.0,9.0
FORT ST. JOHN A,56.23833333333334,-120.74027777777778,2020-04-14,53.0,82.0,2.1,6.7,4.4,1.4,1.4,0.0,8.0
FORT ST. JOHN A,56.23833333333334,-120.74027777777778,2020-04-15,43.0,82.0,0.1,7.6,3.9,0.0,0.0,0.0,5.0
FORT ST. JOHN A,56.23833333333334,-120.74027777777778,2020-04-16,31.0,70.0,-0.7,16.1,7.7,0.0,0.0,0.0,4.0
FORT ST. JOHN A,56.23833333333334,-120.74027777777778,2020-04-17,52.0,87.0,0.4,11.4,5.9,0.2,0.2,0.0,2.0
FORT ST. JOHN A,56.23833333333334,-120.74027777777778,2020-04-18,27.0,89.0,-3.5,13.5,5.0,0.0,0.0,0.0,1.0
FORT ST. JOHN A,56.23833333333334,-120.74027777777778,2020-04-19,29.0,63.0,2.6,18.4,10.5,0.0,0.0,0.0,1.0
FORT ST. JOHN A,56.23833333333334,-120.74027777777778,2020-04-20,24.0,65.0,3.4,20.7,12.1,0.0,0.0,0.0,1.0
FORT ST. JOHN A,56.23833333333334,-120.74027777777778,2020-04-26,35.0,93.0,-4.1,11.2,3.6,1.8,0.0,1.8,1.0
FORT ST. JOHN A,56.23833333333334,-120.74027777777778,2020-10-10,93.0,100.0,0.0,5.0,2.5,5.4,3.4,2.0,0.0
FORT ST. JOHN A,56.23833333333334,-120.74027777777778,2020-10-11,59.0,100.0,-0.8,8.5,3.9,0.0,0.0,0.0,1.0
FORT ST. JOHN A,56.23833333333334,-120.74027777777778,2020-10-19,72.0,88.0,-9.9,-3.0,-6.5,3.0,0.0,3.0,1.0
FORT ST. JOHN A,56.23833333333334,-120.74027777777778,2020-10-20,66.0,91.0,-10.6,-2.5,-6.6,2.0,0.0,0.2,3.0
FORT ST. JOHN A,56.23833333333334,-120.74027777777778,2020-10-21,63.0,79.0,-10.5,-6.1,-8.3,0.0,0.0,0.0,1.0
FORT ST. JOHN A,56.23833333333334,-120.74027777777778,2020-10-22,57.0,80.0,-9.2,-6.2,-7.7,0.0,0.0,0.0,1.0
FORT ST. JOHN A,56.23833333333334,-120.74027777777778,2020-10-23,66.0,90.0,-9.1,-6.6,-7.9,0.8,0.0,0.8,1.0
FORT ST. JOHN A,56.23833333333334,-120.74027777777778,2020-10-24,51.0,87.0,-13.0,-4.0,-8.5,0.0,0.0,0.0,2.0
FORT ST. JOHN A,56.23833333333334,-120.74027777777778,2020-10-26,47.0,96.0,-3.4,7.7,2.2,3.2,0.0,3.2,1.0
FORT ST. JOHN A,56.23833333333334,-120.74027777777778,2020-10-30,81.0,97.0,-8.2,-0.8,-4.5,15.4,0.0,15.4,4.0
FORT ST. JOHN A,56.23833333333334,-120.74027777777778,2020-10-31,67.0,91.0,-7.5,4.5,-1.5,0.0,0.0,0.0,13.0
FORT ST. JOHN A,56.23833333333334,-120.74027777777778,2020-11-01,60.0,76.0,3.9,11.4,7.7,0.0,0.0,0.0,11.0
FORT ST. JOHN A,56.23833333333334,-120.74027777777778,2020-11-04,73.0,90.0,-14.4,-6.3,-10.4,10.6,0.0,10.6,2.0
FORT ST. JOHN A,56.23833333333334,-120.74027777777778,2020-11-05,72.0,97.0,-12.2,-5.0,-8.6,2.4,0.0,2.4,10.0
FORT ST. JOHN A,56.23833333333334,-120.74027777777778,2020-11-06,66.0,82.0,-14.0,-9.5,-11.8,0.2,0.0,0.2,10.0
FORT ST. JOHN A,56.23833333333334,-120.74027777777778,2020-11-07,59.0,91.0,-12.1,-5.3,-8.7,0.0,0.0,0.0,10.0
FORT ST. JOHN A,56.23833333333334,-120.74027777777778,2020-11-09,55.0,65.0,-4.4,1.7,-1.4,0.0,0.0,0.0,10.0
FORT ST. JOHN A,56.23833333333334,-120.74027777777778,2020-11-10,68.0,97.0,-16.1,0.0,-8.1,4.5,0.0,4.5,9.0
FORT ST. JOHN A,56.23833333333334,-120.74027777777778,2020-11-11,72.0,88.0,-18.5,-3.5,-11.0,0.0,0.0,0.0,10.0
FORT ST. JOHN A,56.23833333333334,-120.74027777777778,2020-11-12,57.0,70.0,-3.4,0.2,-1.6,0.0,0.0,0.0,10.0
FORT ST. JOHN A,56.23833333333334,-120.74027777777778,2020-11-13,70.0,84.0,-6.1,-0.4,-3.3,0.0,0.0,0.0,10.0
FORT ST. JOHN A,56.23833333333334,-120.74027777777778,2020-11-14,76.0,94.0,-8.4,-2.7,-5.6,1.2,0.0,1.2,6.0
FORT ST. JOHN A,56.23833333333334,-120.74027777777778,2020-11-15,88.0,94.0,-14.3,-7.4,-10.9,5.8,0.0,5.8,4.0
FORT ST. JOHN A,56.23833333333334,-120.74027777777778,2020-11-16,88.0,92.0,-12.5,-7.9,-10.2,6.6,0.0,6.6,10.0
FORT ST. JOHN A,56.23833333333334,-120.74027777777778,2020-11-17,79.0,90.0,-14.8,-11.0,-12.9,10.8,0.0,10.8,14.0
FORT ST. JOHN A,56.23833333333334,-120.74027777777778,2020-11-18,72.0,86.0,-20.7,-14.4,-17.6,0.8,0.0,0.8,20.0
FORT ST. JOHN A,56.23833333333334,-120.74027777777778,2020-11-19,82.0,86.0,-20.7,-16.9,-18.8,0.0,0.0,0.0,20.0
FORT ST. JOHN A,56.23833333333334,-120.74027777777778,2020-11-20,81.0,91.0,-22.4,-8.6,-15.5,0.0,0.0,0.0,20.0
FORT ST. JOHN A,56.23833333333334,-120.74027777777778,2020-11-21,83.0,94.0,-19.7,-6.7,-13.2,0.0,0.0,0.0,19.0
FORT ST. JOHN A,56.23833333333334,-120.74027777777778,2020-11-22,82.0,94.0,-9.6,-2.3,-6.0,0.4,0.0,0.4,19.0
FORT ST. JOHN A,56.23833333333334,-120.74027777777778,2020-11-23,88.0,96.0,-12.9,-4.1,-8.5,0.0,0.0,0.0,18.0
FORT ST. JOHN A,56.23833333333334,-120.74027777777778,2020-12-11,88.0,95.0,-13.2,-8.5,-10.9,0.0,0.0,0.0,1.0
FORT ST. JOHN A,56.23833333333334,-120.74027777777778,2020-12-12,71.0,89.0,-20.6,-11.1,-15.9,0.4,0.0,0.4,1.0
FORT ST. JOHN A,56.23833333333334,-120.74027777777778,2020-12-13,78.0,83.0,-20.8,-18.0,-19.4,0.0,0.0,0.0,1.0
FORT ST. JOHN A,56.23833333333334,-120.74027777777778,2020-12-14,70.0,81.0,-18.7,-17.1,-17.9,0.8,0.0,0.8,2.0
FORT ST. JOHN A,56.23833333333334,-120.74027777777778,2020-12-15,78.0,86.0,-17.6,-15.4,-16.5,2.0,0.0,2.0,2.0
FORT ST. JOHN A,56.23833333333334,-120.74027777777778,2020-12-16,77.0,90.0,-17.7,-16.0,-16.9,2.6,0.0,2.6,3.0
FORT ST. JOHN A,56.23833333333334,-120.74027777777778,2020-12-17,67.0,84.0,-24.0,-17.0,-20.5,2.4,0.0,2.4,7.0
FORT ST. JOHN A,56.23833333333334,-120.74027777777778,2020-12-18,75.0,81.0,-22.3,-17.3,-19.8,1.4,0.0,1.4,9.0
FORT ST. JOHN A,56.23833333333334,-120.74027777777778,2020-12-19,64.0,92.0,-17.5,0.2,-8.7,1.4,0.0,1.4,10.0
FORT ST. JOHN A,56.23833333333334,-120.74027777777778,2020-12-20,57.0,97.0,-3.9,1.3,-1.3,1.3,0.0,1.3,11.0
FORT ST. JOHN A,56.23833333333334,-120.74027777777778,2020-12-21,61.0,90.0,-11.3,-0.9,-6.1,0.0,0.0,0.0,10.0
FORT ST. JOHN A,56.23833333333334,-120.74027777777778,2020-12-22,60.0,91.0,-16.6,-6.8,-11.7,0.0,0.0,0.0,9.0
FORT ST. JOHN A,56.23833333333334,-120.74027777777778,2020-12-23,45.0,66.0,-7.7,1.9,-2.9,0.0,0.0,0.0,9.0
FORT ST. JOHN A,56.23833333333334,-120.74027777777778,2020-12-24,44.0,78.0,-5.4,3.4,-1.0,0.0,0.0,0.0,9.0
FORT ST. JOHN A,56.23833333333334,-120.74027777777778,2020-12-25,76.0,87.0,-9.9,-2.5,-6.2,0.0,0.0,0.0,5.0
FORT ST. JOHN A,56.23833333333334,-120.74027777777778,2020-12-26,83.0,89.0,-17.3,-10.1,-13.7,0.0,0.0,0.0,5.0
FORT ST. JOHN A,56.23833333333334,-120.74027777777778,2020-12-27,88.0,91.0,-12.1,-8.6,-10.4,0.0,0.0,0.0,5.0
FORT ST. JOHN A,56.23833333333334,-120.74027777777778,2020-12-30,69.0,86.0,-10.9,-3.7,-7.3,0.0,0.0,0.0,5.0
FORT ST. JOHN A,56.23833333333334,-120.74027777777778,2020-12-31,78.0,91.0,-9.6,-4.0,-6.8,0.0,0.0,0.0,5.0
FORT ST. JOHN A,56.23833333333334,-120.74027777777778,2021-01-01,85.0,92.0,-10.6,-6.8,-8.7,11.2,0.0,11.2,5.0
FORT ST. JOHN A,56.23833333333334,-120.74027777777778,2021-01-02,82.0,95.0,-15.0,-7.2,-11.1,0.0,0.0,0.0,16.0
FORT ST. JOHN A,56.23833333333334,-120.74027777777778,2021-01-03,62.0,96.0,-16.6,1.0,-7.8,0.0,0.0,0.0,17.0
FORT ST. JOHN A,56.23833333333334,-120.74027777777778,2021-01-04,64.0,83.0,-8.3,0.9,-3.7,0.0,0.0,0.0,15.0
FORT ST. JOHN A,56.23833333333334,-120.74027777777778,2021-01-06,49.0,80.0,-4.4,3.8,-0.3,0.0,0.0,0.0,12.0
FORT ST. JOHN A,56.23833333333334,-120.74027777777778,2021-01-07,55.0,68.0,-3.9,1.1,-1.4,0.0,0.0,0.0,12.0
FORT ST. JOHN A,56.23833333333334,-120.74027777777778,2021-01-09,59.0,75.0,-6.6,-0.2,-3.4,0.0,0.0,0.0,12.0
FORT ST. JOHN A,56.23833333333334,-120.74027777777778,2021-01-10,64.0,83.0,-8.0,2.8,-2.6,0.0,0.0,0.0,12.0
FORT ST. JOHN A,56.23833333333334,-120.74027777777778,2021-01-11,60.0,83.0,-0.6,4.5,2.0,0.0,0.0,0.0,10.0
FORT ST. JOHN A,56.23833333333334,-120.74027777777778,2021-01-12,61.0,74.0,-4.4,1.9,-1.3,0.0,0.0,0.0,8.0
FORT ST. JOHN A,56.23833333333334,-120.74027777777778,2021-01-13,43.0,67.0,-5.4,1.3,-2.1,0.0,0.0,0.0,8.0
FORT ST. JOHN A,56.23833333333334,-120.74027777777778,2021-01-14,52.0,68.0,-6.7,-1.2,-4.0,0.0,0.0,0.0,7.0
FORT ST. JOHN A,56.23833333333334,-120.74027777777778,2021-01-15,50.0,73.0,-6.5,5.0,-0.8,0.0,0.0,0.0,6.0
FORT ST. JOHN A,56.23833333333334,-120.74027777777778,2021-01-16,52.0,74.0,-0.6,2.5,1.0,0.0,0.0,0.0,5.0
FORT ST. JOHN A,56.23833333333334,-120.74027777777778,2021-01-17,56.0,75.0,0.1,4.7,2.4,0.0,0.0,0.0,5.0
FORT ST. JOHN A,56.23833333333334,-120.74027777777778,2021-01-18,50.0,67.0,-2.2,1.8,-0.2,0.0,0.0,0.0,4.0
FORT ST. JOHN A,56.23833333333334,-120.74027777777778,2021-01-19,45.0,70.0,-0.6,5.9,2.7,0.0,0.0,0.0,4.0
FORT ST. JOHN A,56.23833333333334,-120.74027777777778,2021-01-20,46.0,59.0,-2.4,0.7,-0.9,0.0,0.0,0.0,2.0
FORT ST. JOHN A,56.23833333333334,-120.74027777777778,2021-01-21,60.0,76.0,-7.8,-2.4,-5.1,0.0,0.0,0.0,2.0
FORT ST. JOHN A,56.23833333333334,-120.74027777777778,2021-01-22,70.0,88.0,-13.3,-6.4,-9.9,0.0,0.0,0.0,1.0
FORT ST. JOHN A,56.23833333333334,-120.74027777777778,2021-01-23,78.0,90.0,-16.5,-7.8,-12.2,0.7,0.0,0.7,1.0
FORT ST. JOHN A,56.23833333333334,-120.74027777777778,2021-01-24,76.0,86.0,-16.4,-13.5,-15.0,1.6,0.0,1.6,7.0
FORT ST. JOHN A,56.23833333333334,-120.74027777777778,2021-01-25,77.0,86.0,-18.9,-14.4,-16.7,2.4,0.0,2.4,7.0
FORT ST. JOHN A,56.23833333333334,-120.74027777777778,2021-01-26,76.0,85.0,-19.8,-15.6,-17.7,2.0,0.0,2.0,7.0
FORT ST. JOHN A,56.23833333333334,-120.74027777777778,2021-01-27,69.0,80.0,-25.0,-19.9,-22.5,0.6,0.0,0.6,11.0
FORT ST. JOHN A,56.23833333333334,-120.74027777777778,2021-01-29,72.0,85.0,-25.8,-17.0,-21.4,0.0,0.0,0.0,8.0
FORT ST. JOHN A,56.23833333333334,-120.74027777777778,2021-01-30,75.0,85.0,-21.0,-12.3,-16.7,0.0,0.0,0.0,8.0
FORT ST. JOHN A,56.23833333333334,-120.74027777777778,2021-01-31,79.0,88.0,-16.0,-11.8,-13.9,1.6,0.0,1.6,8.0
FORT ST. JOHN A,56.23833333333334,-120.74027777777778,2021-02-01,78.0,86.0,-19.9,-15.2,-17.6,0.0,0.0,0.0,10.0
FORT ST. JOHN A,56.23833333333334,-120.74027777777778,2021-02-02,72.0,80.0,-23.4,-20.1,-21.8,8.4,0.0,8.4,13.0
FORT ST. JOHN A,56.23833333333334,-120.74027777777778,2021-02-03,63.0,78.0,-24.4,-19.5,-22.0,0.0,0.0,0.0,15.0
FORT ST. JOHN A,56.23833333333334,-120.74027777777778,2021-02-04,60.0,80.0,-22.4,-18.9,-20.7,0.0,0.0,0.0,15.0
FORT ST. JOHN A,56.23833333333334,-120.74027777777778,2021-02-05,64.0,81.0,-25.4,-20.0,-22.7,4.0,0.0,4.0,17.0
FORT ST. JOHN A,56.23833333333334,-120.74027777777778,2021-02-06,62.0,79.0,-30.7,-25.5,-28.1,0.0,0.0,0.0,20.0
FORT ST. JOHN A,56.23833333333334,-120.74027777777778,2021-02-09,60.0,73.0,-36.3,-28.3,-32.3,0.0,0.0,0.0,20.0
FORT ST. JOHN A,56.23833333333334,-120.74027777777778,2021-02-10,65.0,78.0,-29.6,-23.4,-26.5,0.6,0.0,0.6,20.0
FORT ST. JOHN A,56.23833333333334,-120.74027777777778,2021-02-11,61.0,75.0,-33.2,-22.7,-28.0,0.0,0.0,0.0,20.0
FORT ST. JOHN A,56.23833333333334,-120.74027777777778,2021-02-12,48.0,81.0,-22.9,-14.8,-18.9,0.0,0.0,0.0,19.0
FORT ST. JOHN A,56.23833333333334,-120.74027777777778,2021-02-13,65.0,83.0,-27.7,-19.7,-23.7,0.0,0.0,0.0,20.0
FORT ST. JOHN A,56.23833333333334,-120.74027777777778,2021-02-14,72.0,83.0,-27.3,-20.5,-23.9,0.0,0.0,0.0,20.0
FORT ST. JOHN A,56.23833333333334,-120.74027777777778,2021-02-15,76.0,83.0,-23.7,-15.9,-19.8,4.9,0.0,4.9,20.0
FORT ST. JOHN A,56.23833333333334,-120.74027777777778,2021-02-16,66.0,85.0,-20.7,-13.3,-17.0,0.8,0.0,0.8,25.0
FORT ST. JOHN A,56.23833333333334,-120.74027777777778,2021-02-17,58.0,89.0,-24.9,-8.3,-16.6,0.0,0.0,0.0,25.0
FORT ST. JOHN A,56.23833333333334,-120.74027777777778,2021-02-18,59.0,82.0,-12.7,-5.9,-9.3,0.0,0.0,0.0,25.0
FORT ST. JOHN A,56.23833333333334,-120.74027777777778,2021-02-19,51.0,82.0,-10.1,2.2,-4.0,0.0,0.0,0.0,25.0
FORT ST. JOHN A,56.23833333333334,-120.74027777777778,2021-02-21,47.0,74.0,-0.1,6.7,3.3,0.0,0.0,0.0,16.0
FORT ST. JOHN A,56.23833333333334,-120.74027777777778,2021-02-22,35.0,56.0,-0.5,4.3,1.9,0.0,0.0,0.0,6.0
FORT ST. JOHN A,56.23833333333334,-120.74027777777778,2021-02-23,36.0,67.0,-3.4,2.9,-0.3,0.0,0.0,0.0,2.0
FORT ST. JOHN A,56.23833333333334,-120.74027777777778,2021-02-24,40.0,72.0,-7.2,1.8,-2.7,0.0,0.0,0.0,1.0
FORT ST. JOHN A,56.23833333333334,-120.74027777777778,2021-02-25,43.0,91.0,-16.3,-0.6,-8.5,5.1,0.0,5.1,1.0
FORT ST. JOHN A,56.23833333333334,-120.74027777777778,2021-02-26,71.0,86.0,-20.6,-15.0,-17.8,1.4,0.0,1.4,6.0
FORT ST. JOHN A,56.23833333333334,-120.74027777777778,2021-02-27,68.0,89.0,-19.1,-6.7,-12.9,0.0,0.0,0.0,7.0
FORT ST. JOHN A,56.23833333333334,-120.74027777777778,2021-03-02,51.0,66.0,-3.4,1.9,-0.8,0.0,0.0,0.0,10.0
FORT ST. JOHN A,56.23833333333334,-120.74027777777778,2021-03-04,58.0,79.0,-6.7,-0.8,-3.8,0.0,0.0,0.0,7.0
FORT ST. JOHN A,56.23833333333334,-120.74027777777778,2021-03-05,71.0,91.0,-6.6,1.7,-2.5,0.0,0.0,0.0,6.0
FORT ST. JOHN A,56.23833333333334,-120.74027777777778,2021-03-06,50.0,95.0,-1.8,4.5,1.4,0.0,0.0,0.0,6.0
FORT ST. JOHN A,56.23833333333334,-120.74027777777778,2021-03-07,41.0,70.0,-5.0,3.5,-0.8,0.0,0.0,0.0,5.0
FORT ST. JOHN A,56.23833333333334,-120.74027777777778,2021-03-08,60.0,79.0,-5.6,0.4,-2.6,0.0,0.0,0.0,5.0
FORT ST. JOHN A,56.23833333333334,-120.74027777777778,2021-03-10,28.0,77.0,-16.0,-4.2,-10.1,0.0,0.0,0.0,5.0
FORT ST. JOHN A,56.23833333333334,-120.74027777777778,2021-03-11,32.0,63.0,-11.8,2.3,-4.8,0.0,0.0,0.0,5.0
FORT ST. JOHN A,56.23833333333334,-120.74027777777778,2021-03-12,56.0,92.0,-1.1,5.1,2.0,2.2,2.2,0.0,5.0
FORT ST. JOHN A,56.23833333333334,-120.74027777777778,2021-03-13,84.0,95.0,-10.8,1.3,-4.8,0.0,0.0,0.0,4.0
FORT ST. JOHN A,56.23833333333334,-120.74027777777778,2021-03-14,74.0,91.0,-15.7,-11.0,-13.4,2.2,0.0,2.2,4.0
FORT ST. JOHN A,56.23833333333334,-120.74027777777778,2021-03-15,41.0,87.0,-18.3,1.9,-8.2,0.0,0.0,0.0,6.0
FORT ST. JOHN A,56.23833333333334,-120.74027777777778,2021-03-16,42.0,55.0,-2.3,5.5,1.6,0.0,0.0,0.0,5.0
FORT ST. JOHN A,56.23833333333334,-120.74027777777778,2021-03-18,44.0,71.0,-2.2,7.7,2.8,0.0,0.0,0.0,1.0
FORT ST. JOHN A,56.23833333333334,-120.74027777777778,2021-03-19,36.0,76.0,0.8,7.6,4.2,0.0,0.0,0.0,0.0
FORT ST. JOHN A,56.23833333333334,-120.74027777777778,2021-03-20,52.0,87.0,-8.2,3.4,-2.4,1.8,0.0,1.8,0.0
FORT ST. JOHN A,56.23833333333334,-120.74027777777778,2021-03-21,67.0,87.0,-8.4,1.7,-3.4,0.0,0.0,0.0,0.0
FORT ST. JOHN A,56.23833333333334,-120.74027777777778,2021-03-22,63.0,86.0,-10.4,-2.3,-6.4,0.6,0.0,0.6,1.0
FORT ST. JOHN A,56.23833333333334,-120.74027777777778,2021-03-23,79.0,95.0,-9.8,-3.5,-6.7,3.2,0.0,3.2,0.0
FORT ST. JOHN A,56.23833333333334,-120.74027777777778,2021-03-24,65.0,95.0,-11.5,-4.5,-8.0,1.2,0.0,1.2,5.0
FORT ST. JOHN A,56.23833333333334,-120.74027777777778,2021-03-25,49.0,90.0,-9.8,-1.3,-5.6,0.0,0.0,0.0,9.0
FORT ST. JOHN A,56.23833333333334,-120.74027777777778,2021-03-26,37.0,85.0,-10.1,5.0,-2.6,0.0,0.0,0.0,8.0
FORT ST. JOHN A,56.23833333333334,-120.74027777777778,2021-03-27,56.0,76.0,-1.2,7.2,3.0,0.0,0.0,0.0,6.0
FORT ST. JOHN A,56.23833333333334,-120.74027777777778,2021-03-28,56.0,90.0,-13.1,3.6,-4.8,0.2,0.0,0.2,2.0
FORT ST. JOHN A,56.23833333333334,-120.74027777777778,2021-03-29,43.0,79.0,-14.7,-3.6,-9.2,0.0,0.0,0.0,1.0
FORT ST. JOHN A,56.23833333333334,-120.74027777777778,2021-03-30,38.0,80.0,-11.4,6.4,-2.5,0.0,0.0,0.0,1.0
FORT ST. JOHN A,56.23833333333334,-120.74027777777778,2021-04-01,32.0,71.0,-0.8,6.0,2.6,0.0,0.0,0.0,0.0
FORT ST. JOHN A,56.23833333333334,-120.74027777777778,2021-04-02,26.0,60.0,-1.6,6.0,2.2,0.0,0.0,0.0,0.0
FORT ST. JOHN A,56.23833333333334,-120.74027777777778,2021-04-03,34.0,77.0,-2.4,8.3,3.0,0.0,0.0,0.0,0.0
FORT ST. JOHN A,56.23833333333334,-120.74027777777778,2021-04-07,40.0,84.0,-8.6,6.9,-0.9,0.0,0.0,0.0,0.0
FORT ST. JOHN A,56.23833333333334,-120.74027777777778,2021-04-08,37.0,74.0,-10.6,4.2,-3.2,0.0,0.0,0.0,0.0
FORT ST. JOHN A,56.23833333333334,-120.74027777777778,2021-04-09,37.0,96.0,-1.6,7.1,2.8,0.0,0.0,0.0,0.0
FORT ST. JOHN A,56.23833333333334,-120.74027777777778,2021-04-10,60.0,94.0,-10.0,-0.7,-5.4,0.0,0.0,0.0,0.0
FORT ST. JOHN A,56.23833333333334,-120.74027777777778,2021-04-27,75.0,91.0,-9.5,-3.3,-6.4,8.4,0.0,8.4,1.0
FORT ST. JOHN A,56.23833333333334,-120.74027777777778,2021-04-28,70.0,89.0,-8.6,-0.8,-4.7,1.0,0.0,1.0,9.0
FORT ST. JOHN A,56.23833333333334,-120.74027777777778,2021-04-29,58.0,96.0,-2.4,12.7,5.2,1.8,1.8,0.0,2.0
FORT ST. JOHN A,56.23833333333334,-120.74027777777778,2021-05-25,48.0,99.0,0.0,12.2,6.1,13.2,7.2,6.0,0.0
FORT ST. JOHN A,56.23833333333334,-120.74027777777778,2021-07-21,67.0,100.0,7.8,19.1,13.5,8.3,8.3,0.0,0.0
FORT ST. JOHN A,56.23833333333334,-120.74027777777778,2021-10-05,49.0,98.0,-1.4,2.9,0.8,4.2,0.0,4.2,1.0
FORT ST. JOHN A,56.23833333333334,-120.74027777777778,2021-10-06,74.0,100.0,-1.1,2.9,0.9,4.0,0.0,4.0,3.0
FORT ST. JOHN A,56.23833333333334,-120.74027777777778,2021-11-05,100.0,100.0,-0.3,2.2,1.0,2.6,0.2,2.4,2.0
FORT ST. JOHN A,56.23833333333334,-120.74027777777778,2021-11-06,75.0,100.0,-4.1,2.8,-0.7,0.0,0.0,0.0,2.0
FORT ST. JOHN A,56.23833333333334,-120.74027777777778,2021-11-07,65.0,90.0,-4.4,2.2,-1.1,0.0,0.0,0.0,1.0
FORT ST. JOHN A,56.23833333333334,-120.74027777777778,2021-11-08,84.0,99.0,-9.0,-1.2,-5.1,0.0,0.0,0.0,0.0
FORT ST. JOHN A,56.23833333333334,-120.74027777777778,2021-11-09,79.0,99.0,-7.5,-2.6,-5.1,3.0,0.0,3.0,5.0
FORT ST. JOHN A,56.23833333333334,-120.74027777777778,2021-11-10,93.0,97.0,-9.2,-4.1,-6.7,0.0,0.0,0.0,5.0
FORT ST. JOHN A,56.23833333333334,-120.74027777777778,2021-11-11,90.0,97.0,-12.3,-4.4,-8.4,0.0,0.0,0.0,5.0
FORT ST. JOHN A,56.23833333333334,-120.74027777777778,2021-11-12,64.0,97.0,-6.0,5.2,-0.4,1.0,0.0,1.0,6.0
FORT ST. JOHN A,56.23833333333334,-120.74027777777778,2021-11-13,41.0,70.0,-3.6,4.7,0.6,0.0,0.0,0.0,2.0
FORT ST. JOHN A,56.23833333333334,-120.74027777777778,2021-11-14,60.0,97.0,-6.5,-1.3,-3.9,8.0,0.0,8.0,1.0
FORT ST. JOHN A,56.23833333333334,-120.74027777777778,2021-11-15,85.0,96.0,-9.8,-3.6,-6.7,1.4,0.0,1.4,11.0
FORT ST. JOHN A,56.23833333333334,-120.74027777777778,2021-11-17,70.0,91.0,-13.2,-0.5,-6.9,0.0,0.0,0.0,12.0
FORT ST. JOHN A,56.23833333333334,-120.74027777777778,2021-11-19,76.0,90.0,-14.8,-7.5,-11.2,5.0,0.0,5.0,8.0
FORT ST. JOHN A,56.23833333333334,-120.74027777777778,2021-11-20,75.0,86.0,-17.6,-13.7,-15.7,7.6,0.0,7.6,21.0
FORT ST. JOHN A,56.23833333333334,-120.74027777777778,2021-11-21,73.0,90.0,-13.9,3.1,-5.4,3.4,1.2,2.2,21.0
FORT ST. JOHN A,56.23833333333334,-120.74027777777778,2021-11-24,83.0,92.0,-19.7,-5.3,-12.5,0.0,0.0,0.0,18.0
FORT ST. JOHN A,56.23833333333334,-120.74027777777778,2021-11-26,38.0,68.0,-5.1,5.7,0.3,0.0,0.0,0.0,12.0
FORT ST. JOHN A,56.23833333333334,-120.74027777777778,2021-11-28,60.0,91.0,-5.8,6.2,0.2,0.0,0.0,0.0,10.0
FORT ST. JOHN A,56.23833333333334,-120.74027777777778,2021-11-29,53.0,95.0,-11.7,2.7,-4.5,1.5,0.0,1.5,8.0
FORT ST. JOHN A,56.23833333333334,-120.74027777777778,2021-11-30,62.0,95.0,-3.8,6.0,1.1,4.0,4.0,0.0,10.0
FORT ST. JOHN A,56.23833333333334,-120.74027777777778,2021-12-01,53.0,77.0,-2.1,4.3,1.1,0.0,0.0,0.0,4.0
FORT ST. JOHN A,56.23833333333334,-120.74027777777778,2021-12-02,40.0,77.0,-7.1,0.8,-3.2,0.0,0.0,0.0,3.0
FORT ST. JOHN A,56.23833333333334,-120.74027777777778,2021-12-03,58.0,81.0,-21.6,-4.6,-13.1,0.0,0.0,0.0,3.0
FORT ST. JOHN A,56.23833333333334,-120.74027777777778,2021-12-05,68.0,84.0,-24.7,-19.3,-22.0,0.0,0.0,0.0,3.0
FORT ST. JOHN A,56.23833333333334,-120.74027777777778,2021-12-07,61.0,78.0,-11.7,0.8,-5.5,0.0,0.0,0.0,3.0
FORT ST. JOHN A,56.23833333333334,-120.74027777777778,2021-12-08,46.0,79.0,-5.3,0.3,-2.5,0.0,0.0,0.0,3.0
FORT ST. JOHN A,56.23833333333334,-120.74027777777778,2021-12-09,53.0,65.0,-7.1,-2.6,-4.9,0.0,0.0,0.0,3.0
FORT ST. JOHN A,56.23833333333334,-120.74027777777778,2021-12-11,57.0,81.0,-7.6,-1.0,-4.3,0.0,0.0,0.0,2.0
FORT ST. JOHN A,56.23833333333334,-120.74027777777778,2021-12-12,68.0,89.0,-17.3,-6.0,-11.7,0.0,0.0,0.0,2.0
FORT ST. JOHN A,56.23833333333334,-120.74027777777778,2021-12-13,69.0,79.0,-19.7,-17.3,-18.5,0.6,0.0,0.6,3.0
FORT ST. JOHN A,56.23833333333334,-120.74027777777778,2021-12-14,73.0,83.0,-21.6,-19.0,-20.3,0.9,0.0,0.9,3.0
FORT ST. JOHN A,56.23833333333334,-120.74027777777778,2021-12-15,75.0,83.0,-23.8,-19.9,-21.9,1.6,0.0,1.6,3.0
FORT ST. JOHN A,56.23833333333334,-120.74027777777778,2021-12-16,62.0,76.0,-28.8,-23.8,-26.3,2.8,0.0,2.8,5.0
FORT ST. JOHN A,56.23833333333334,-120.74027777777778,2021-12-17,72.0,79.0,-29.2,-23.9,-26.6,0.0,0.0,0.0,6.0
FORT ST. JOHN A,56.23833333333334,-120.74027777777778,2021-12-18,70.0,84.0,-25.5,-14.9,-20.2,0.0,0.0,0.0,6.0
FORT ST. JOHN A,56.23833333333334,-120.74027777777778,2021-12-19,78.0,87.0,-21.9,-16.3,-19.1,0.0,0.0,0.0,6.0
FORT ST. JOHN A,56.23833333333334,-120.74027777777778,2021-12-20,63.0,84.0,-23.6,-9.8,-16.7,0.0,0.0,0.0,6.0
FORT ST. JOHN A,56.23833333333334,-120.74027777777778,2021-12-21,61.0,92.0,-9.8,-7.1,-8.5,8.4,0.0,8.4,6.0
FORT ST. JOHN A,56.23833333333334,-120.74027777777778,2021-12-22,85.0,92.0,-18.2,-7.1,-12.7,5.4,0.0,5.4,12.0
FORT ST. JOHN A,56.23833333333334,-120.74027777777778,2021-12-23,76.0,85.0,-23.5,-17.6,-20.6,1.0,0.0,1.0,17.0
FORT ST. JOHN A,56.23833333333334,-120.74027777777778,2021-12-24,70.0,79.0,-29.9,-23.5,-26.7,0.0,0.0,0.0,18.0
FORT ST. JOHN A,56.23833333333334,-120.74027777777778,2021-12-25,68.0,78.0,-32.6,-26.9,-29.8,1.2,0.0,1.2,19.0
FORT ST. JOHN A,56.23833333333334,-120.74027777777778,2021-12-26,72.0,75.0,-36.7,-31.5,-34.1,0.0,0.0,0.0,19.0
FORT ST. JOHN A,56.23833333333334,-120.74027777777778,2021-12-27,71.0,83.0,-36.4,-19.3,-27.9,1.2,0.0,1.2,19.0
FORT ST. JOHN A,56.23833333333334,-120.74027777777778,2021-12-28,60.0,84.0,-25.1,-17.9,-21.5,1.6,0.0,1.6,22.0
FORT ST. JOHN A,56.23833333333334,-120.74027777777778,2021-12-29,78.0,82.0,-29.6,-20.3,-25.0,4.8,0.0,4.8,20.0
FORT ST. JOHN A,56.23833333333334,-120.74027777777778,2021-12-31,74.0,79.0,-32.9,-27.1,-30.0,0.0,0.0,0.0,25.0
FORT ST. JOHN A,56.23833333333334,-120.74027777777778,2022-01-01,77.0,91.0,-27.4,-11.7,-19.6,1.8,0.0,1.8,25.0
FORT ST. JOHN A,56.23833333333334,-120.74027777777778,2022-01-02,65.0,80.0,-28.1,-23.3,-25.7,4.8,0.0,4.8,23.0
FORT ST. JOHN A,56.23833333333334,-120.74027777777778,2022-01-03,69.0,73.0,-32.3,-27.9,-30.1,7.3,0.0,7.3,26.0
FORT ST. JOHN A,56.23833333333334,-120.74027777777778,2022-01-04,63.0,71.0,-36.7,-32.3,-34.5,2.8,0.0,2.8,31.0
FORT ST. JOHN A,56.23833333333334,-120.74027777777778,2022-01-05,67.0,75.0,-37.1,-30.5,-33.8,0.0,0.0,0.0,31.0
FORT ST. JOHN A,56.23833333333334,-120.74027777777778,2022-01-06,71.0,75.0,-36.8,-29.2,-33.0,0.4,0.0,0.4,31.0
FORT ST. JOHN A,56.23833333333334,-120.74027777777778,2022-01-07,74.0,78.0,-30.7,-24.3,-27.5,1.4,0.0,1.4,31.0
FORT ST. JOHN A,56.23833333333334,-120.74027777777778,2022-01-08,75.0,78.0,-30.1,-25.0,-27.6,1.4,0.0,1.4,32.0
FORT ST. JOHN A,56.23833333333334,-120.74027777777778,2022-01-09,77.0,82.0,-26.6,-18.4,-22.5,8.4,0.0,8.4,35.0
FORT ST. JOHN A,56.23833333333334,-120.74027777777778,2022-01-10,76.0,84.0,-18.4,0.8,-8.8,0.0,0.0,0.0,45.0
FORT ST. JOHN A,56.23833333333334,-120.74027777777778,2022-01-11,70.0,90.0,-7.2,3.5,-1.9,0.0,0.0,0.0,45.0
FORT ST. JOHN A,56.23833333333334,-120.74027777777778,2022-01-12,66.0,81.0,-2.6,3.0,0.2,0.0,0.0,0.0,43.0
FORT ST. JOHN A,56.23833333333334,-120.74027777777778,2022-01-13,71.0,96.0,-10.1,-1.6,-5.9,0.0,0.0,0.0,43.0
FORT ST. JOHN A,56.23833333333334,-120.74027777777778,2022-01-14,74.0,93.0,-9.8,4.4,-2.7,0.0,0.0,0.0,43.0
FORT ST. JOHN A,56.23833333333334,-120.74027777777778,2022-01-15,52.0,74.0,0.3,5.0,2.7,0.0,0.0,0.0,40.0
FORT ST. JOHN A,56.23833333333334,-120.74027777777778,2022-01-16,67.0,100.0,-5.5,0.5,-2.5,3.4,0.0,3.4,38.0
FORT ST. JOHN A,56.23833333333334,-120.74027777777778,2022-01-17,68.0,96.0,-22.7,-2.1,-12.4,5.9,0.0,5.9,41.0
FORT ST. JOHN A,56.23833333333334,-120.74027777777778,2022-01-18,70.0,81.0,-25.8,-21.0,-23.4,0.0,0.0,0.0,28.0
FORT ST. JOHN A,56.23833333333334,-120.74027777777778,2022-01-20,68.0,96.0,-17.3,4.2,-6.6,0.0,0.0,0.0,28.0
FORT ST. JOHN A,56.23833333333334,-120.74027777777778,2022-01-21,64.0,85.0,-14.5,5.3,-4.6,0.0,0.0,0.0,28.0
FORT ST. JOHN A,56.23833333333334,-120.74027777777778,2022-01-22,48.0,67.0,4.9,6.4,5.7,0.0,0.0,0.0,25.0
FORT ST. JOHN A,56.23833333333334,-120.74027777777778,2022-01-23,47.0,67.0,0.7,7.0,3.9,0.0,0.0,0.0,20.0
FORT ST. JOHN A,56.23833333333334,-120.74027777777778,2022-01-24,58.0,88.0,-0.9,3.5,1.3,0.0,0.0,0.0,15.0
FORT ST. JOHN A,56.23833333333334,-120.74027777777778,2022-01-25,45.0,59.0,1.7,6.5,4.1,0.0,0.0,0.0,12.0
FORT ST. JOHN A,56.23833333333334,-120.74027777777778,2022-01-26,49.0,71.0,-2.8,3.4,0.3,0.0,0.0,0.0,5.0
FORT ST. JOHN A,56.23833333333334,-120.74027777777778,2022-01-27,37.0,69.0,-2.7,4.6,1.0,0.0,0.0,0.0,4.0
FORT ST. JOHN A,56.23833333333334,-120.74027777777778,2022-01-29,56.0,74.0,0.2,3.9,2.1,0.0,0.0,0.0,2.0
FORT ST. JOHN A,56.23833333333334,-120.74027777777778,2022-01-30,70.0,87.0,-17.4,2.0,-7.7,0.4,0.0,0.4,2.0
FORT ST. JOHN A,56.23833333333334,-120.74027777777778,2022-01-31,67.0,77.0,-20.7,-17.3,-19.0,1.0,0.0,1.0,2.0
FORT ST. JOHN A,56.23833333333334,-120.74027777777778,2022-02-01,68.0,81.0,-26.3,-18.9,-22.6,0.0,0.0,0.0,3.0
FORT ST. JOHN A,56.23833333333334,-120.74027777777778,2022-02-02,70.0,81.0,-25.3,-18.4,-21.9,4.0,0.0,4.0,3.0
FORT ST. JOHN A,56.23833333333334,-120.74027777777778,2022-02-03,68.0,79.0,-22.9,-19.8,-21.4,10.7,0.0,10.7,8.0
FORT ST. JOHN A,56.23833333333334,-120.74027777777778,2022-02-04,77.0,81.0,-21.4,-18.0,-19.7,10.9,0.0,10.9,18.0
FORT ST. JOHN A,56.23833333333334,-120.74027777777778,2022-02-05,59.0,85.0,-21.7,3.8,-9.0,0.0,0.0,0.0,31.0
FORT ST. JOHN A,56.23833333333334,-120.74027777777778,2022-02-09,51.0,72.0,2.5,9.8,6.2,0.0,0.0,0.0,4.0
FORT ST. JOHN A,56.23833333333334,-120.74027777777778,2022-02-10,25.0,49.0,-0.1,8.7,4.3,0.0,0.0,0.0,3.0
FORT ST. JOHN A,56.23833333333334,-120.74027777777778,2022-02-12,42.0,75.0,-6.0,7.6,0.8,0.0,0.0,0.0,1.0
FORT ST. JOHN A,56.23833333333334,-120.74027777777778,2022-02-14,61.0,87.0,-7.1,-1.5,-4.3,0.0,0.0,0.0,0.0
FORT ST. JOHN A,56.23833333333334,-120.74027777777778,2022-02-15,63.0,80.0,-15.3,-4.4,-9.9,0.0,0.0,0.0,1.0
FORT ST. JOHN A,56.23833333333334,-120.74027777777778,2022-02-16,70.0,85.0,-15.0,-8.7,-11.9,0.4,0.0,0.4,1.0
FORT ST. JOHN A,56.23833333333334,-120.74027777777778,2022-02-17,65.0,90.0,-17.0,2.5,-7.3,0.0,0.0,0.0,1.0
FORT ST. JOHN A,56.23833333333334,-120.74027777777778,2022-02-18,73.0,85.0,-19.2,0.1,-9.6,1.4,0.0,1.4,2.0
FORT ST. JOHN A,56.23833333333334,-120.74027777777778,2022-02-19,68.0,81.0,-19.2,3.8,-7.7,6.5,0.0,6.5,2.0
FORT ST. JOHN A,56.23833333333334,-120.74027777777778,2022-02-20,65.0,80.0,-24.9,-19.2,-22.1,1.6,0.0,1.6,9.0
FORT ST. JOHN A,56.23833333333334,-120.74027777777778,2022-02-23,53.0,87.0,-12.8,-5.2,-9.0,0.4,0.0,0.4,8.0
FORT ST. JOHN A,56.23833333333334,-120.74027777777778,2022-02-24,51.0,90.0,-12.2,-1.6,-6.9,0.0,0.0,0.0,8.0
FORT ST. JOHN A,56.23833333333334,-120.74027777777778,2022-02-25,45.0,73.0,-9.2,4.2,-2.5,0.0,0.0,0.0,7.0
FORT ST. JOHN A,56.23833333333334,-120.74027777777778,2022-02-26,45.0,82.0,-9.1,2.8,-3.2,0.0,0.0,0.0,6.0
FORT ST. JOHN A,56.23833333333334,-120.74027777777778,2022-02-28,76.0,91.0,-13.7,-7.8,-10.8,0.0,0.0,0.0,11.0
FORT ST. JOHN A,56.23833333333334,-120.74027777777778,2022-03-01,75.0,91.0,-10.3,-7.4,-8.9,9.8,0.0,9.8,15.0
FORT ST. JOHN A,56.23833333333334,-120.74027777777778,2022-03-02,80.0,93.0,-10.4,-7.9,-9.2,1.5,0.0,1.5,21.0
FORT ST. JOHN A,56.23833333333334,-120.74027777777778,2022-03-03,84.0,97.0,-8.6,-4.7,-6.7,1.3,0.0,1.3,22.0
FORT ST. JOHN A,56.23833333333334,-120.74027777777778,2022-03-04,68.0,96.0,-10.4,-1.9,-6.2,0.0,0.0,0.0,22.0
FORT ST. JOHN A,56.23833333333334,-120.74027777777778,2022-03-05,47.0,94.0,-12.4,0.8,-5.8,0.0,0.0,0.0,20.0
FORT ST. JOHN A,56.23833333333334,-120.74027777777778,2022-03-06,48.0,91.0,-11.2,6.7,-2.3,0.0,0.0,0.0,17.0
FORT ST. JOHN A,56.23833333333334,-120.74027777777778,2022-03-07,51.0,96.0,-9.1,4.2,-2.5,0.0,0.0,0.0,14.0
FORT ST. JOHN A,56.23833333333334,-120.74027777777778,2022-03-08,57.0,84.0,-15.0,-7.1,-11.1,0.4,0.0,0.4,13.0
FORT ST. JOHN A,56.23833333333334,-120.74027777777778,2022-03-09,32.0,90.0,-18.1,-0.9,-9.5,0.0,0.0,0.0,14.0
FORT ST. JOHN A,56.23833333333334,-120.74027777777778,2022-03-10,43.0,75.0,-14.2,-6.0,-10.1,0.0,0.0,0.0,12.0
FORT ST. JOHN A,56.23833333333334,-120.74027777777778,2022-03-11,59.0,87.0,-11.9,5.0,-3.5,0.7,0.0,0.7,15.0
FORT ST. JOHN A,56.23833333333334,-120.74027777777778,2022-03-13,67.0,83.0,-17.7,-11.7,-14.7,0.6,0.0,0.6,15.0
FORT ST. JOHN A,56.23833333333334,-120.74027777777778,2022-03-14,62.0,85.0,-18.2,-0.1,-9.2,0.8,0.0,0.8,16.0
FORT ST. JOHN A,56.23833333333334,-120.74027777777778,2022-03-15,45.0,97.0,-5.5,7.3,0.9,0.0,0.0,0.0,16.0
FORT ST. JOHN A,56.23833333333334,-120.74027777777778,2022-03-16,41.0,66.0,0.7,6.6,3.7,0.0,0.0,0.0,14.0
FORT ST. JOHN A,56.23833333333334,-120.74027777777778,2022-03-17,37.0,73.0,1.4,7.2,4.3,0.0,0.0,0.0,4.0
FORT ST. JOHN A,56.23833333333334,-120.74027777777778,2022-03-18,38.0,65.0,-0.6,7.2,3.3,0.0,0.0,0.0,0.0
FORT ST. JOHN A,56.23833333333334,-120.74027777777778,2022-03-19,60.0,94.0,-2.1,5.6,1.8,0.5,0.5,0.0,0.0
FORT ST. JOHN A,56.23833333333334,-120.74027777777778,2022-03-20,40.0,71.0,-1.2,4.6,1.7,0.0,0.0,0.0,0.0
FORT ST. JOHN A,56.23833333333334,-120.74027777777778,2022-03-21,40.0,80.0,-1.6,9.7,4.1,0.0,0.0,0.0,0.0
FORT ST. JOHN A,56.23833333333334,-120.74027777777778,2022-03-26,77.0,90.0,-5.6,-1.7,-3.7,0.0,0.0,0.0,0.0
FORT ST. JOHN A,56.23833333333334,-120.74027777777778,2022-03-27,67.0,99.0,-5.2,3.4,-0.9,0.0,0.0,0.0,0.0
FORT ST. JOHN A,56.23833333333334,-120.74027777777778,2022-03-29,29.0,84.0,-2.8,11.0,4.1,0.0,0.0,0.0,0.0
FORT ST. JOHN A,56.23833333333334,-120.74027777777778,2022-03-30,31.0,56.0,1.6,10.6,6.1,0.0,0.0,0.0,0.0
FORT ST. JOHN A,56.23833333333334,-120.74027777777778,2022-03-31,27.0,87.0,-1.4,9.7,4.2,0.0,0.0,0.0,0.0
FORT ST. JOHN A,56.23833333333334,-120.74027777777778,2022-04-01,46.0,99.0,-4.7,5.7,0.5,0.0,0.0,0.0,0.0
FORT ST. JOHN A,56.23833333333334,-120.74027777777778,2022-04-02,26.0,94.0,-9.2,8.9,-0.2,0.0,0.0,0.0,0.0
FORT ST. JOHN A,56.23833333333334,-120.74027777777778,2022-04-06,14.0,82.0,0.3,8.8,4.6,0.0,0.0,0.0,0.0
FORT ST. JOHN A,56.23833333333334,-120.74027777777778,2022-04-11,54.0,85.0,-10.6,-2.8,-6.7,4.6,0.0,4.6,0.0
FORT ST. JOHN A,56.23833333333334,-120.74027777777778,2022-04-12,49.0,82.0,-12.9,-7.8,-10.4,0.3,0.0,0.3,0.0
FORT ST. JOHN A,56.23833333333334,-120.74027777777778,2022-04-13,37.0,77.0,-12.7,-3.1,-7.9,0.0,0.0,0.0,0.0
FORT ST. JOHN A,56.23833333333334,-120.74027777777778,2022-04-14,25.0,66.0,-11.3,0.8,-5.3,0.0,0.0,0.0,0.0
FORT ST. JOHN A,56.23833333333334,-120.74027777777778,2022-04-16,44.0,83.0,-4.9,1.3,-1.8,0.0,0.0,0.0,0.0
FORT ST. JOHN A,56.23833333333334,-120.74027777777778,2022-04-17,68.0,92.0,-9.4,-2.4,-5.9,4.4,1.0,3.4,1.0
FORT ST. JOHN A,56.23833333333334,-120.74027777777778,2022-04-18,61.0,95.0,-11.2,-3.5,-7.4,5.2,0.0,17.0,3.0
FORT ST. JOHN A,56.23833333333334,-120.74027777777778,2022-04-19,81.0,96.0,-8.1,-3.3,-5.7,16.3,0.0,16.3,10.0
FORT ST. JOHN A,56.23833333333334,-120.74027777777778,2022-04-20,63.0,96.0,-5.5,-0.5,-3.0,0.0,0.0,0.0,16.0
FORT ST. JOHN A,56.23833333333334,-120.74027777777778,2022-04-21,57.0,84.0,-2.7,3.9,0.6,0.0,0.0,0.0,12.0
FORT ST. JOHN A,56.23833333333334,-120.74027777777778,2022-04-22,34.0,90.0,-4.3,11.7,3.7,0.0,0.0,0.0,6.0
FORT ST. JOHN A,56.23833333333334,-120.74027777777778,2022-04-23,31.0,84.0,-0.4,13.3,6.5,0.0,0.0,0.0,3.0
FORT ST. JOHN A,56.23833333333334,-120.74027777777778,2022-04-27,40.0,99.0,0.2,8.0,4.1,9.0,0.8,2.2,0.0
FORT ST. JOHN A,56.23833333333334,-120.74027777777778,2022-04-28,90.0,99.0,-0.1,1.4,0.7,18.7,0.0,18.7,2.0
FORT ST. JOHN A,56.23833333333334,-120.74027777777778,2022-04-29,74.0,99.0,-0.4,2.4,1.0,9.6,0.0,9.6,17.0
FORT ST. JOHN A,56.23833333333334,-120.74027777777778,2022-04-30,69.0,100.0,-0.6,5.1,2.3,0.0,0.0,0.0,12.0
FORT ST. JOHN A,56.23833333333334,-120.74027777777778,2022-05-02,79.0,94.0,1.8,6.0,3.9,3.8,3.8,0.0,0.0
FORT ST. JOHN A,56.23833333333334,-120.74027777777778,2022-05-08,77.0,98.0,-0.8,2.9,1.1,5.6,0.0,5.6,1.0
FORT ST. JOHN A,56.23833333333334,-120.74027777777778,2022-05-09,72.0,94.0,-4.6,-0.8,-2.7,7.7,0.0,7.7,1.0
FORT ST. JOHN A,56.23833333333334,-120.74027777777778,2022-05-10,54.0,99.0,-4.3,11.4,3.6,0.0,0.0,0.0,7.0
FORT ST. JOHN A,56.23833333333334,-120.74027777777778,2022-10-23,56.0,95.0,-8.6,4.2,-2.2,0.0,0.0,0.0,0.0
FORT ST. JOHN A,56.23833333333334,-120.74027777777778,2022-10-24,82.0,96.0,-3.0,2.7,-0.2,5.8,0.0,5.8,0.0
FORT ST. JOHN A,56.23833333333334,-120.74027777777778,2022-10-25,77.0,93.0,-6.5,-1.8,-4.2,2.8,0.0,2.8,6.0
FORT ST. JOHN A,56.23833333333334,-120.74027777777778,2022-10-26,66.0,98.0,-5.2,4.6,-0.3,0.0,0.0,0.0,6.0
FORT ST. JOHN A,56.23833333333334,-120.74027777777778,2022-11-01,64.0,82.0,-12.6,-1.4,-7.0,0.0,0.0,0.0,0.0
FORT ST. JOHN A,56.23833333333334,-120.74027777777778,2022-11-02,69.0,86.0,-15.0,-8.4,-11.7,0.0,0.0,0.0,0.0
FORT ST. JOHN A,56.23833333333334,-120.74027777777778,2022-11-05,62.0,77.0,-14.7,-9.8,-12.3,0.2,0.0,0.2,0.0
FORT ST. JOHN A,56.23833333333334,-120.74027777777778,2022-11-06,66.0,81.0,-18.7,-13.2,-16.0,0.3,0.0,0.3,0.0
FORT ST. JOHN A,56.23833333333334,-120.74027777777778,2022-11-07,71.0,81.0,-20.6,-16.8,-18.7,2.6,0.0,2.6,0.0
FORT ST. JOHN A,56.23833333333334,-120.74027777777778,2022-11-08,69.0,84.0,-23.3,-16.3,-19.8,0.2,0.0,0.2,1.0
FORT ST. JOHN A,56.23833333333334,-120.74027777777778,2022-11-09,65.0,80.0,-24.0,-13.0,-18.5,0.0,0.0,0.0,1.0
FORT ST. JOHN A,56.23833333333334,-120.74027777777778,2022-11-11,58.0,81.0,-9.5,2.0,-3.8,0.0,0.0,0.0,1.0
FORT ST. JOHN A,56.23833333333334,-120.74027777777778,2022-11-14,54.0,85.0,-3.4,4.9,0.8,0.0,0.0,0.0,0.0
FORT ST. JOHN A,56.23833333333334,-120.74027777777778,2022-11-15,53.0,75.0,-2.2,4.8,1.3,0.0,0.0,0.0,0.0
FORT ST. JOHN A,56.23833333333334,-120.74027777777778,2022-11-16,54.0,90.0,-11.9,1.3,-5.3,0.4,0.0,0.4,0.0
FORT ST. JOHN A,56.23833333333334,-120.74027777777778,2022-11-17,70.0,90.0,-16.3,-6.2,-11.3,0.0,0.0,0.0,0.0
FORT ST. JOHN A,56.23833333333334,-120.74027777777778,2022-11-18,56.0,84.0,-12.0,-4.1,-8.1,0.0,0.0,0.0,0.0
FORT ST. JOHN A,56.23833333333334,-120.74027777777778,2022-11-20,61.0,71.0,-0.9,3.4,1.3,0.0,0.0,0.0,0.0
FORT ST. JOHN A,56.23833333333334,-120.74027777777778,2022-11-26,60.0,85.0,-7.2,4.0,-1.6,1.2,0.0,1.2,1.0
FORT ST. JOHN A,56.23833333333334,-120.74027777777778,2022-11-27,71.0,86.0,-11.6,-7.0,-9.3,8.6,0.0,8.6,4.0
FORT ST. JOHN A,56.23833333333334,-120.74027777777778,2022-11-28,72.0,78.0,-18.5,-11.5,-15.0,0.0,0.0,0.0,5.0
FORT ST. JOHN A,56.23833333333334,-120.74027777777778,2022-11-29,73.0,76.0,-23.3,-18.5,-20.9,1.0,0.0,1.0,5.0
FORT ST. JOHN A,56.23833333333334,-120.74027777777778,2022-11-30,70.0,78.0,-30.1,-23.3,-26.7,0.4,0.0,0.4,5.0
FORT ST. JOHN A,56.23833333333334,-120.74027777777778,2022-12-01,73.0,78.0,-31.9,-26.5,-29.2,0.0,0.0,0.0,5.0
FORT ST. JOHN A,56.23833333333334,-120.74027777777778,2022-12-02,75.0,82.0,-28.4,-18.8,-23.6,0.0,0.0,0.0,0.0
FORT ST. JOHN A,56.23833333333334,-120.74027777777778,2022-12-03,58.0,81.0,-20.5,-5.5,-13.0,0.0,0.0,0.0,5.0
FORT ST. JOHN A,56.23833333333334,-120.74027777777778,2022-12-04,62.0,88.0,-9.4,-5.3,-7.4,0.8,0.0,0.8,5.0
FORT ST. JOHN A,56.23833333333334,-120.74027777777778,2022-12-05,50.0,87.0,-24.4,-9.4,-16.9,1.2,0.0,1.2,5.0
FORT ST. JOHN A,56.23833333333334,-120.74027777777778,2022-12-06,69.0,79.0,-30.7,-23.3,-27.0,0.0,0.0,0.0,5.0
FORT ST. JOHN A,56.23833333333334,-120.74027777777778,2022-12-07,67.0,83.0,-24.5,-0.6,-12.6,0.0,0.0,0.0,5.0
FORT ST. JOHN A,56.23833333333334,-120.74027777777778,2022-12-09,61.0,76.0,-8.7,-2.1,-5.4,0.0,0.0,0.0,5.0
FORT ST. JOHN A,56.23833333333334,-120.74027777777778,2022-12-10,73.0,87.0,-21.2,-6.7,-14.0,3.5,0.0,3.5,5.0
FORT ST. JOHN A,56.23833333333334,-120.74027777777778,2022-12-11,71.0,85.0,-22.6,-18.6,-20.6,0.8,0.0,0.8,6.0
FORT ST. JOHN A,56.23833333333334,-120.74027777777778,2022-12-12,79.0,86.0,-25.6,-14.2,-19.9,0.0,0.0,0.0,7.0
FORT ST. JOHN A,56.23833333333334,-120.74027777777778,2022-12-13,67.0,95.0,-14.6,-0.5,-7.6,1.2,0.0,1.2,7.0
FORT ST. JOHN A,56.23833333333334,-120.74027777777778,2022-12-14,63.0,85.0,-11.9,-2.8,-7.4,0.0,0.0,0.0,8.0
FORT ST. JOHN A,56.23833333333334,-120.74027777777778,2022-12-15,70.0,85.0,-7.6,-1.7,-4.7,0.0,0.0,0.0,8.0
FORT ST. JOHN A,56.23833333333334,-120.74027777777778,2022-12-16,67.0,88.0,-18.6,-0.1,-9.4,1.2,0.0,1.2,8.0
FORT ST. JOHN A,56.23833333333334,-120.74027777777778,2022-12-17,67.0,77.0,-21.5,-18.6,-20.1,3.9,0.0,3.9,9.0
FORT ST. JOHN A,56.23833333333334,-120.74027777777778,2022-12-18,70.0,75.0,-27.9,-21.5,-24.7,3.2,0.0,3.2,7.0
FORT ST. JOHN A,56.23833333333334,-120.74027777777778,2022-12-19,68.0,76.0,-33.1,-27.9,-30.5,0.7,0.0,0.7,11.0
FORT ST. JOHN A,56.23833333333334,-120.74027777777778,2022-12-20,68.0,74.0,-39.2,-31.1,-35.2,0.0,0.0,0.0,14.0
FORT ST. JOHN A,56.23833333333334,-120.74027777777778,2022-12-21,67.0,70.0,-40.2,-34.6,-37.4,0.0,0.0,0.0,14.0
FORT ST. JOHN A,56.23833333333334,-120.74027777777778,2022-12-22,68.0,69.0,-38.6,-34.8,-36.7,0.0,0.0,0.0,14.0
FORT ST. JOHN A,56.23833333333334,-120.74027777777778,2022-12-23,69.0,75.0,-36.3,-27.2,-31.8,3.0,0.0,3.0,14.0
FORT ST. JOHN A,56.23833333333334,-120.74027777777778,2022-12-24,73.0,77.0,-27.3,-23.5,-25.4,6.8,0.0,6.8,17.0
FORT ST. JOHN A,56.23833333333334,-120.74027777777778,2022-12-25,68.0,82.0,-28.1,-21.2,-24.7,4.0,0.0,4.0,23.0
FORT ST. JOHN A,56.23833333333334,-120.74027777777778,2022-12-26,76.0,84.0,-23.6,-20.3,-22.0,14.1,0.0,14.1,25.0
FORT ST. JOHN A,56.23833333333334,-120.74027777777778,2022-12-27,79.0,83.0,-23.3,-18.4,-20.9,3.6,0.0,3.6,35.0
FORT ST. JOHN A,56.23833333333334,-120.74027777777778,2022-12-28,82.0,85.0,-19.2,-15.7,-17.5,3.6,0.0,3.6,38.0
FORT ST. JOHN A,56.23833333333334,-120.74027777777778,2022-12-29,82.0,84.0,-19.2,-15.5,-17.4,0.0,0.0,0.0,38.0
FORT ST. JOHN A,56.23833333333334,-120.74027777777778,2022-12-30,84.0,88.0,-16.9,-10.9,-13.9,0.0,0.0,0.0,38.0
FORT ST. JOHN A,56.23833333333334,-120.74027777777778,2022-12-31,83.0,87.0,-18.6,-12.8,-15.7,0.0,0.0,0.0,38.0
FORT ST. JOHN A,56.23833333333334,-120.74027777777778,2023-01-01,69.0,96.0,-18.6,0.6,-9.0,0.0,0.0,0.0,38.0
FORT ST. JOHN A,56.23833333333334,-120.74027777777778,2023-01-03,77.0,95.0,-10.6,-1.9,-6.3,0.0,0.0,0.0,29.0
FORT ST. JOHN A,56.23833333333334,-120.74027777777778,2023-01-04,82.0,94.0,-14.4,-2.1,-8.3,0.0,0.0,0.0,29.0
FORT ST. JOHN A,56.23833333333334,-120.74027777777778,2023-01-07,84.0,94.0,-11.2,-1.0,-6.1,0.0,0.0,0.0,29.0
FORT ST. JOHN A,56.23833333333334,-120.74027777777778,2023-01-08,88.0,93.0,-11.5,-3.7,-7.6,0.0,0.0,0.0,29.0
FORT ST. JOHN A,56.23833333333334,-120.74027777777778,2023-01-09,91.0,94.0,-11.1,-5.5,-8.3,0.0,0.0,0.0,29.0
FORT ST. JOHN A,56.23833333333334,-120.74027777777778,2023-01-10,88.0,94.0,-8.7,-5.5,-7.1,2.9,0.0,2.9,29.0
FORT ST. JOHN A,56.23833333333334,-120.74027777777778,2023-01-11,92.0,95.0,-8.2,-6.8,-7.5,0.0,0.0,0.0,30.0
FORT ST. JOHN A,56.23833333333334,-120.74027777777778,2023-01-13,90.0,92.0,-10.6,-7.5,-9.1,11.7,0.0,11.7,30.0
FORT ST. JOHN A,56.23833333333334,-120.74027777777778,2023-01-14,89.0,91.0,-11.5,-9.1,-10.3,0.0,0.0,0.0,37.0
FORT ST. JOHN A,56.23833333333334,-120.74027777777778,2023-01-15,89.0,91.0,-10.9,-9.2,-10.1,0.0,0.0,0.0,37.0
FORT ST. JOHN A,56.23833333333334,-120.74027777777778,2023-01-16,91.0,93.0,-9.5,-7.1,-8.3,2.3,0.0,2.3,37.0
FORT ST. JOHN A,56.23833333333334,-120.74027777777778,2023-01-17,88.0,93.0,-12.6,-6.9,-9.8,0.0,0.0,0.0,40.0
FORT ST. JOHN A,56.23833333333334,-120.74027777777778,2023-01-18,92.0,95.0,-9.3,-3.8,-6.6,0.0,0.0,0.0,40.0
FORT ST. JOHN A,56.23833333333334,-120.74027777777778,2023-01-19,60.0,95.0,-5.7,0.3,-2.7,0.0,0.0,0.0,40.0
FORT ST. JOHN A,56.23833333333334,-120.74027777777778,2023-01-20,65.0,73.0,-0.8,4.4,1.8,0.0,0.0,0.0,40.0
FORT ST. JOHN A,56.23833333333334,-120.74027777777778,2023-01-21,65.0,77.0,2.0,4.9,3.5,0.0,0.0,0.0,35.0
FORT ST. JOHN A,56.23833333333334,-120.74027777777778,2023-01-22,53.0,75.0,-3.7,2.2,-0.8,0.0,0.0,0.0,35.0
FORT ST. JOHN A,56.23833333333334,-120.74027777777778,2023-01-23,53.0,95.0,-3.4,4.4,0.5,2.4,0.0,2.4,28.0
FORT ST. JOHN A,56.23833333333334,-120.74027777777778,2023-01-24,57.0,78.0,-1.6,2.9,0.7,0.0,0.0,0.0,28.0
FORT ST. JOHN A,56.23833333333334,-120.74027777777778,2023-01-25,63.0,73.0,-0.1,7.0,3.5,0.0,0.0,0.0,28.0
FORT ST. JOHN A,56.23833333333334,-120.74027777777778,2023-01-26,49.0,76.0,2.3,7.2,4.8,0.0,0.0,0.0,22.0
FORT ST. JOHN A,56.23833333333334,-120.74027777777778,2023-01-27,67.0,86.0,-15.8,3.8,-6.0,0.0,0.0,0.0,16.0
FORT ST. JOHN A,56.23833333333334,-120.74027777777778,2023-01-28,51.0,77.0,-21.1,-14.6,-17.9,0.0,0.0,0.0,16.0
FORT ST. JOHN A,56.23833333333334,-120.74027777777778,2023-01-29,55.0,81.0,-21.8,-8.2,-15.0,0.0,0.0,0.0,16.0
FORT ST. JOHN A,56.23833333333334,-120.74027777777778,2023-01-30,61.0,87.0,-14.3,-8.3,-11.3,1.0,0.0,1.0,12.0
FORT ST. JOHN A,56.23833333333334,-120.74027777777778,2023-01-31,82.0,88.0,-15.1,-9.9,-12.5,6.1,0.0,6.1,16.0
FORT ST. JOHN A,56.23833333333334,-120.74027777777778,2023-02-01,69.0,82.0,-20.2,-14.8,-17.5,6.9,0.0,6.9,22.0
FORT ST. JOHN A,56.23833333333334,-120.74027777777778,2023-02-02,75.0,85.0,-21.1,-11.8,-16.5,0.0,0.0,0.0,23.0
FORT ST. JOHN A,56.23833333333334,-120.74027777777778,2023-02-03,74.0,94.0,-13.7,2.8,-5.5,0.0,0.0,0.0,22.0
FORT ST. JOHN A,56.23833333333334,-120.74027777777778,2023-02-04,66.0,89.0,-1.1,4.2,1.6,0.0,0.0,0.0,22.0
FORT ST. JOHN A,56.23833333333334,-120.74027777777778,2023-02-05,50.0,89.0,-7.5,6.3,-0.6,1.2,0.0,1.2,22.0
FORT ST. JOHN A,56.23833333333334,-120.74027777777778,2023-02-06,55.0,83.0,-8.2,6.4,-0.9,0.0,0.0,0.0,22.0
FORT ST. JOHN A,56.23833333333334,-120.74027777777778,2023-02-07,45.0,87.0,-5.7,3.2,-1.3,0.0,0.0,0.0,15.0
FORT ST. JOHN A,56.23833333333334,-120.74027777777778,2023-02-08,56.0,84.0,-8.8,2.0,-3.4,0.0,0.0,0.0,13.0
FORT ST. JOHN A,56.23833333333334,-120.74027777777778,2023-02-09,64.0,95.0,-3.3,-0.2,-1.8,0.8,0.0,0.8,12.0
FORT ST. JOHN A,56.23833333333334,-120.74027777777778,2023-02-10,54.0,92.0,-2.8,5.4,1.3,0.0,0.0,0.0,15.0
FORT ST. JOHN A,56.23833333333334,-120.74027777777778,2023-02-11,45.0,66.0,-0.2,4.1,2.0,0.0,0.0,0.0,15.0
FORT ST. JOHN A,56.23833333333334,-120.74027777777778,2023-02-12,59.0,92.0,-0.1,6.0,3.0,0.4,0.4,0.0,15.0
FORT ST. JOHN A,56.23833333333334,-120.74027777777778,2023-02-13,61.0,93.0,-14.7,2.4,-6.2,4.0,0.0,4.0,12.0
FORT ST. JOHN A,56.23833333333334,-120.74027777777778,2023-02-14,70.0,80.0,-17.8,-14.4,-16.1,3.1,0.0,3.1,14.0
FORT ST. JOHN A,56.23833333333334,-120.74027777777778,2023-02-15,80.0,86.0,-19.8,-7.1,-13.5,0.0,0.0,0.0,14.0
FORT ST. JOHN A,56.23833333333334,-120.74027777777778,2023-02-16,57.0,96.0,-9.9,2.9,-3.5,0.0,0.0,0.0,14.0
FORT ST. JOHN A,56.23833333333334,-120.74027777777778,2023-02-17,51.0,86.0,-13.8,0.7,-6.6,0.0,0.0,0.0,14.0
FORT ST. JOHN A,56.23833333333334,-120.74027777777778,2023-02-18,69.0,84.0,-15.8,-7.3,-11.6,0.2,0.0,0.2,14.0
FORT ST. JOHN A,56.23833333333334,-120.74027777777778,2023-02-19,73.0,91.0,-15.3,-8.1,-11.7,0.7,0.0,0.7,15.0
FORT ST. JOHN A,56.23833333333334,-120.74027777777778,2023-02-20,56.0,85.0,-13.7,-8.6,-11.2,0.0,0.0,0.0,20.0
FORT ST. JOHN A,56.23833333333334,-120.74027777777778,2023-02-21,55.0,78.0,-25.1,-12.2,-18.7,0.0,0.0,0.0,20.0
FORT ST. JOHN A,56.23833333333334,-120.74027777777778,2023-02-22,57.0,79.0,-30.8,-21.4,-26.1,0.0,0.0,0.0,20.0
FORT ST. JOHN A,56.23833333333334,-120.74027777777778,2023-02-23,60.0,76.0,-27.1,-20.5,-23.8,0.0,0.0,0.0,20.0
FORT ST. JOHN A,56.23833333333334,-120.74027777777778,2023-02-24,58.0,83.0,-28.9,-12.9,-20.9,0.0,0.0,0.0,20.0
FORT ST. JOHN A,56.23833333333334,-120.74027777777778,2023-02-25,49.0,83.0,-15.9,-4.4,-10.2,0.0,0.0,0.0,20.0
FORT ST. JOHN A,56.23833333333334,-120.74027777777778,2023-02-26,69.0,89.0,-13.4,-9.6,-11.5,5.0,0.0,5.0,16.0
FORT ST. JOHN A,56.23833333333334,-120.74027777777778,2023-02-27,70.0,88.0,-16.9,-10.6,-13.8,0.0,0.0,0.0,22.0
FORT ST. JOHN A,56.23833333333334,-120.74027777777778,2023-02-28,68.0,90.0,-18.3,-12.2,-15.3,2.4,0.0,2.4,22.0
FORT ST. JOHN A,56.23833333333334,-120.74027777777778,2023-03-01,62.0,86.0,-19.7,-1.8,-10.8,0.0,0.0,0.0,22.0
FORT ST. JOHN A,56.23833333333334,-120.74027777777778,2023-03-02,38.0,76.0,-4.0,2.5,-0.8,0.0,0.0,0.0,21.0
FORT ST. JOHN A,56.23833333333334,-120.74027777777778,2023-03-03,60.0,93.0,-11.9,-2.7,-7.3,0.0,0.0,0.0,20.0
FORT ST. JOHN A,56.23833333333334,-120.74027777777778,2023-03-04,54.0,78.0,-17.6,-11.5,-14.6,0.0,0.0,0.0,20.0
FORT ST. JOHN A,56.23833333333334,-120.74027777777778,2023-03-05,55.0,75.0,-22.1,-17.6,-19.9,0.2,0.0,0.2,18.0
FORT ST. JOHN A,56.23833333333334,-120.74027777777778,2023-03-06,57.0,77.0,-24.9,-15.1,-20.0,0.0,0.0,0.0,18.0
FORT ST. JOHN A,56.23833333333334,-120.74027777777778,2023-03-07,72.0,88.0,-21.0,-11.8,-16.4,3.2,0.0,3.2,18.0
FORT ST. JOHN A,56.23833333333334,-120.74027777777778,2023-03-08,70.0,86.0,-17.5,-11.8,-14.7,0.2,0.0,0.2,21.0
FORT ST. JOHN A,56.23833333333334,-120.74027777777778,2023-03-09,63.0,87.0,-19.1,-12.2,-15.7,0.0,0.0,0.0,21.0
FORT ST. JOHN A,56.23833333333334,-120.74027777777778,2023-03-10,60.0,82.0,-19.4,-9.9,-14.7,0.4,0.0,0.4,21.0
FORT ST. JOHN A,56.23833333333334,-120.74027777777778,2023-03-11,60.0,85.0,-19.0,-13.4,-16.2,2.0,0.0,2.0,22.0
FORT ST. JOHN A,56.23833333333334,-120.74027777777778,2023-03-12,64.0,82.0,-19.4,-12.0,-15.7,0.9,0.0,0.9,21.0
FORT ST. JOHN A,56.23833333333334,-120.74027777777778,2023-03-13,79.0,91.0,-14.8,-10.6,-12.7,4.9,0.0,4.9,21.0
FORT ST. JOHN A,56.23833333333334,-120.74027777777778,2023-03-14,61.0,89.0,-21.3,-7.9,-14.6,0.0,0.0,0.0,27.0
FORT ST. JOHN A,56.23833333333334,-120.74027777777778,2023-03-15,72.0,89.0,-11.9,-5.4,-8.7,0.9,0.0,0.9,24.0
FORT ST. JOHN A,56.23833333333334,-120.74027777777778,2023-03-16,42.0,90.0,-11.6,5.5,-3.1,0.0,0.0,0.0,25.0
FORT ST. JOHN A,56.23833333333334,-120.74027777777778,2023-03-17,36.0,69.0,-6.2,6.7,0.3,0.0,0.0,0.0,20.0
FORT ST. JOHN A,56.23833333333334,-120.74027777777778,2023-03-18,33.0,82.0,-7.1,6.5,-0.3,0.0,0.0,0.0,20.0
FORT ST. JOHN A,56.23833333333334,-120.74027777777778,2023-03-19,38.0,80.0,-7.8,6.1,-0.9,0.0,0.0,0.0,15.0
FORT ST. JOHN A,56.23833333333334,-120.74027777777778,2023-03-20,41.0,78.0,-8.5,4.5,-2.0,0.0,0.0,0.0,13.0
FORT ST. JOHN A,56.23833333333334,-120.74027777777778,2023-03-21,57.0,86.0,-10.4,1.6,-4.4,0.0,0.0,0.0,12.0
FORT ST. JOHN A,56.23833333333334,-120.74027777777778,2023-03-22,36.0,89.0,-9.0,7.5,-0.8,0.0,0.0,0.0,11.0
FORT ST. JOHN A,56.23833333333334,-120.74027777777778,2023-03-23,47.0,70.0,-5.3,5.2,-0.1,0.0,0.0,0.0,10.0
FORT ST. JOHN A,56.23833333333334,-120.74027777777778,2023-03-24,59.0,77.0,-7.0,1.3,-2.9,0.0,0.0,0.0,10.0
FORT ST. JOHN A,56.23833333333334,-120.74027777777778,2023-03-25,53.0,93.0,-6.2,5.2,-0.5,0.0,0.0,0.0,10.0
FORT ST. JOHN A,56.23833333333334,-120.74027777777778,2023-03-26,54.0,97.0,-7.9,0.6,-3.7,2.3,0.0,2.3,15.0
FORT ST. JOHN A,56.23833333333334,-120.74027777777778,2023-03-27,36.0,71.0,-9.8,1.2,-4.3,0.0,0.0,0.0,15.0
FORT ST. JOHN A,56.23833333333334,-120.74027777777778,2023-03-28,28.0,76.0,-6.8,6.5,-0.2,0.0,0.0,0.0,15.0
FORT ST. JOHN A,56.23833333333334,-120.74027777777778,2023-03-29,49.0,97.0,-1.8,2.5,0.4,1.0,0.0,1.0,13.0
FORT ST. JOHN A,56.23833333333334,-120.74027777777778,2023-03-30,72.0,92.0,-2.1,2.0,-0.1,0.0,0.0,0.0,13.0
FORT ST. JOHN A,56.23833333333334,-120.74027777777778,2023-03-31,47.0,90.0,-4.5,6.5,1.0,0.0,0.0,0.0,13.0
FORT ST. JOHN A,56.23833333333334,-120.74027777777778,2023-04-01,66.0,94.0,-2.4,2.9,0.3,0.8,0.0,0.8,12.0
FORT ST. JOHN A,56.23833333333334,-120.74027777777778,2023-04-02,59.0,92.0,-6.2,-0.7,-3.5,3.0,0.0,3.0,15.0
FORT ST. JOHN A,56.23833333333334,-120.74027777777778,2023-04-03,54.0,93.0,-8.6,3.2,-2.7,0.0,0.0,0.0,10.0
FORT ST. JOHN A,56.23833333333334,-120.74027777777778,2023-04-04,60.0,95.0,-4.6,1.7,-1.5,2.0,0.0,2.0,4.0
FORT ST. JOHN A,56.23833333333334,-120.74027777777778,2023-04-05,37.0,83.0,-5.8,6.9,0.6,0.0,0.0,0.0,3.0
FORT ST. JOHN A,56.23833333333334,-120.74027777777778,2023-04-06,36.0,70.0,-1.9,11.7,4.9,0.0,0.0,0.0,3.0
FORT ST. JOHN A,56.23833333333334,-120.74027777777778,2023-04-07,41.0,74.0,0.6,12.3,6.5,0.0,0.0,0.0,0.0
FORT ST. JOHN A,56.23833333333334,-120.74027777777778,2023-04-08,36.0,72.0,-0.5,11.3,5.4,0.0,0.0,0.0,3.0
FORT ST. JOHN A,56.23833333333334,-120.74027777777778,2023-04-09,60.0,86.0,-0.1,9.1,4.5,1.6,1.6,0.0,1.0
FORT ST. JOHN A,56.23833333333334,-120.74027777777778,2023-04-10,30.0,65.0,1.5,9.3,5.4,0.0,0.0,0.0,1.0
FORT ST. JOHN A,56.23833333333334,-120.74027777777778,2023-04-11,20.0,80.0,-2.9,9.9,3.5,0.0,0.0,0.0,1.0
FORT ST. JOHN A,56.23833333333334,-120.74027777777778,2023-10-22,69.0,96.0,-7.2,-1.1,-4.2,7.1,0.0,6.4,5.0
FORT ST. JOHN A,56.23833333333334,-120.74027777777778,2023-10-23,73.0,90.0,-8.9,-6.7,-7.8,4.0,0.0,4.0,4.0
FORT ST. JOHN A,56.23833333333334,-120.74027777777778,2023-10-24,55.0,84.0,-15.4,-6.6,-11.0,0.0,0.0,0.0,12.0
FORT ST. JOHN A,56.23833333333334,-120.74027777777778,2023-10-25,60.0,92.0,-17.6,-5.2,-11.4,0.2,0.0,0.2,12.0
FORT ST. JOHN A,56.23833333333334,-120.74027777777778,2023-10-26,67.0,87.0,-7.2,-2.1,-4.7,0.0,0.0,0.0,12.0
FORT ST. JOHN A,56.23833333333334,-120.74027777777778,2023-10-27,64.0,92.0,-12.2,-1.8,-7.0,0.0,0.0,0.0,9.0
FORT ST. JOHN A,56.23833333333334,-120.74027777777778,2023-10-30,45.0,79.0,-2.5,5.3,1.4,0.0,0.0,0.0,7.0
FORT ST. JOHN A,56.23833333333334,-120.74027777777778,2023-10-31,58.0,84.0,-2.3,4.2,1.0,0.0,0.0,0.0,6.0
FORT ST. JOHN A,56.23833333333334,-120.74027777777778,2023-11-01,66.0,91.0,-3.6,4.4,0.4,0.0,0.0,0.0,4.0
FORT ST. JOHN A,56.23833333333334,-120.74027777777778,2023-11-02,76.0,94.0,-1.7,1.6,-0.1,0.0,0.0,0.0,2.0
FORT ST. JOHN A,56.23833333333334,-120.74027777777778,2023-11-03,76.0,93.0,-1.3,2.5,0.6,0.0,0.0,0.0,0.0
FORT ST. JOHN A,56.23833333333334,-120.74027777777778,2023-11-04,83.0,97.0,-1.6,0.8,-0.4,10.8,0.0,10.8,0.0
FORT ST. JOHN A,56.23833333333334,-120.74027777777778,2023-11-05,97.0,99.0,-1.6,-0.1,-0.9,3.0,0.0,3.0,13.0
FORT ST. JOHN A,56.23833333333334,-120.74027777777778,2023-11-06,98.0,99.0,-2.6,-0.8,-1.7,0.0,0.0,0.0,10.0
FORT ST. JOHN A,56.23833333333334,-120.74027777777778,2023-11-07,76.0,98.0,-4.2,1.5,-1.4,3.7,0.0,3.7,14.0
FORT ST. JOHN A,56.23833333333334,-120.74027777777778,2023-11-08,64.0,81.0,-4.1,3.8,-0.2,0.0,0.0,0.0,10.0
FORT ST. JOHN A,56.23833333333334,-120.74027777777778,2023-11-11,61.0,83.0,-0.6,5.5,2.5,0.0,0.0,0.0,10.0
FORT ST. JOHN A,56.23833333333334,-120.74027777777778,2023-11-12,54.0,78.0,-3.3,3.6,0.2,0.0,0.0,0.0,7.0
FORT ST. JOHN A,56.23833333333334,-120.74027777777778,2023-11-13,81.0,95.0,-8.8,-2.6,-5.7,4.1,0.2,3.9,5.0
FORT ST. JOHN A,56.23833333333334,-120.74027777777778,2023-11-14,61.0,80.0,-4.1,2.1,-1.0,0.0,0.0,0.0,10.0
FORT ST. JOHN A,56.23833333333334,-120.74027777777778,2023-11-15,65.0,92.0,-9.5,-0.1,-4.8,0.0,0.0,0.0,9.0
FORT ST. JOHN A,56.23833333333334,-120.74027777777778,2023-11-16,58.0,69.0,-4.1,4.0,-0.1,0.0,0.0,0.0,7.0
FORT ST. JOHN A,56.23833333333334,-120.74027777777778,2023-11-17,57.0,74.0,3.5,9.5,6.5,0.0,0.0,0.0,1.0
FORT ST. JOHN A,56.23833333333334,-120.74027777777778,2023-11-19,57.0,98.0,-3.9,6.7,1.4,2.8,0.0,2.8,3.0
FORT ST. JOHN A,56.23833333333334,-120.74027777777778,2023-11-20,70.0,92.0,-9.6,-3.6,-6.6,1.5,0.0,1.5,3.0
FORT ST. JOHN A,56.23833333333334,-120.74027777777778,2023-11-21,72.0,89.0,-10.6,-1.2,-5.9,0.0,0.0,0.0,4.0
FORT ST. JOHN A,56.23833333333334,-120.74027777777778,2023-11-22,81.0,94.0,-10.8,-6.1,-8.5,0.0,0.0,0.0,4.0
FORT ST. JOHN A,56.23833333333334,-120.74027777777778,2023-11-23,68.0,93.0,-13.1,0.7,-6.2,0.0,0.0,0.0,4.0
FORT ST. JOHN A,56.23833333333334,-120.74027777777778,2023-11-24,68.0,77.0,-0.7,3.6,1.5,0.0,0.0,0.0,3.0
FORT ST. JOHN A,56.23833333333334,-120.74027777777778,2023-11-25,75.0,94.0,-1.4,3.7,1.2,0.0,0.0,0.0,3.0
FORT ST. JOHN A,56.23833333333334,-120.74027777777778,2023-11-26,68.0,85.0,-1.8,2.1,0.2,0.0,0.0,0.0,1.0
FORT ST. JOHN A,56.23833333333334,-120.74027777777778,2023-11-27,56.0,72.0,-0.9,5.8,2.5,0.0,0.0,0.0,1.0
FORT ST. JOHN A,56.23833333333334,-120.74027777777778,2023-11-28,57.0,73.0,-0.5,5.1,2.3,0.0,0.0,0.0,0.0
FORT ST. JOHN A,56.23833333333334,-120.74027777777778,2023-11-30,65.0,92.0,-13.6,-6.6,-10.1,0.0,0.0,0.0,0.0
FORT ST. JOHN A,56.23833333333334,-120.74027777777778,2023-12-02,83.0,90.0,-13.2,-8.5,-10.9,0.0,0.0,0.0,0.0
FORT ST. JOHN A,56.23833333333334,-120.74027777777778,2023-12-03,82.0,95.0,-14.5,-0.6,-7.6,1.4,0.0,1.4,1.0
FORT ST. JOHN A,56.23833333333334,-120.74027777777778,2023-12-04,62.0,86.0,-4.0,4.0,0.0,0.0,0.0,0.0,2.0
FORT ST. JOHN A,56.23833333333334,-120.74027777777778,2023-12-05,54.0,92.0,-1.1,7.3,3.1,0.0,0.0,0.0,0.0
FORT ST. JOHN A,56.23833333333334,-120.74027777777778,2023-12-06,51.0,72.0,-3.3,4.4,0.6,0.0,0.0,0.0,0.0
FORT ST. JOHN A,56.23833333333334,-120.74027777777778,2023-12-07,65.0,82.0,-8.2,-1.8,-5.0,0.0,0.0,0.0,0.0
FORT ST. JOHN A,56.23833333333334,-120.74027777777778,2023-12-19,74.0,93.0,-8.0,-4.8,-6.4,8.0,2.2,5.8,0.0
FORT ST. JOHN A,56.23833333333334,-120.74027777777778,2023-12-20,60.0,95.0,-10.8,4.1,-3.4,0.0,0.0,0.0,5.0
FORT ST. JOHN A,56.23833333333334,-120.74027777777778,2023-12-25,62.0,71.0,-4.6,-0.9,-2.8,0.0,0.0,0.0,0.0
HOPE AIRPORT,49.36983333333333,-121.49347222222222,2013-01-04,81.0,96.0,-2.5,1.5,-0.5,7.3,0.0,4.0,7.0
KAMLOOPS A,50.7025,-120.4486111111111,2018-11-09,72.0,89.0,-1.9,3.9,1.0,0.3,0.0,0.3,0.0
KAMLOOPS A,50.7025,-120.4486111111111,2018-11-29,91.0,97.0,-1.7,2.5,0.4,6.5,4.7,3.0,0.0
KAMLOOPS A,50.7025,-120.4486111111111,2018-12-26,75.0,95.0,-0.7,0.7,0.0,5.8,0.8,6.2,0.0
KAMLOOPS A,50.7025,-120.4486111111111,2018-12-27,81.0,96.0,-5.0,0.6,-2.2,0.0,0.0,0.0,6.0
KAMLOOPS A,50.7025,-120.4486111111111,2018-12-28,81.0,94.0,-5.1,-0.8,-3.0,9.2,0.0,9.6,4.0
KAMLOOPS A,50.7025,-120.4486111111111,2018-12-29,78.0,93.0,-1.1,3.1,1.0,3.8,0.2,4.2,18.0
KAMLOOPS A,50.7025,-120.4486111111111,2018-12-30,49.0,96.0,-2.8,3.8,0.5,0.0,0.0,0.0,10.0
KAMLOOPS A,50.7025,-120.4486111111111,2019-01-01,72.0,91.0,-4.2,-1.1,-2.7,1.4,0.0,1.6,8.0
KAMLOOPS A,50.7025,-120.4486111111111,2019-01-02,70.0,87.0,-4.0,2.5,-0.8,0.0,0.0,0.0,9.0
KAMLOOPS A,50.7025,-120.4486111111111,2019-01-03,68.0,82.0,1.3,5.3,3.3,0.0,0.0,0.0,7.0
KAMLOOPS A,50.7025,-120.4486111111111,2019-01-04,41.0,85.0,3.0,12.0,7.5,0.0,0.0,0.0,2.0
KAMLOOPS A,50.7025,-120.4486111111111,2019-01-08,57.0,85.0,-8.9,-2.0,-5.5,0.0,0.0,0.0,0.0
KAMLOOPS A,50.7025,-120.4486111111111,2019-01-09,79.0,93.0,-3.1,1.3,-0.9,2.2,0.0,2.2,0.0
KAMLOOPS A,50.7025,-120.4486111111111,2019-01-10,77.0,88.0,-0.4,5.7,2.7,0.0,0.0,0.0,1.0
KAMLOOPS A,50.7025,-120.4486111111111,2019-01-14,78.0,92.0,-1.8,-0.2,-1.0,0.0,0.0,0.0,0.0
KAMLOOPS A,50.7025,-120.4486111111111,2019-01-15,72.0,80.0,-2.8,-1.4,-2.1,0.0,0.0,0.0,0.0
KAMLOOPS A,50.7025,-120.4486111111111,2019-01-16,68.0,78.0,-2.9,-0.7,-1.8,0.0,0.0,0.0,0.0
KAMLOOPS A,50.7025,-120.4486111111111,2019-01-17,77.0,91.0,-3.1,0.3,-1.4,1.2,0.0,1.2,0.0
KAMLOOPS A,50.7025,-120.4486111111111,2019-01-18,75.0,93.0,-2.4,5.3,1.5,0.0,0.0,0.0,1.0
KAMLOOPS A,50.7025,-120.4486111111111,2019-01-22,70.0,90.0,-3.6,1.7,-1.0,0.5,0.0,0.8,0.0
KAMLOOPS A,50.7025,-120.4486111111111,2019-01-23,60.0,92.0,-2.3,5.5,1.6,0.0,0.0,0.4,0.0
KAMLOOPS A,50.7025,-120.4486111111111,2019-02-03,43.0,66.0,-18.3,-11.4,-14.9,0.0,0.0,0.0,0.0
KAMLOOPS A,50.7025,-120.4486111111111,2019-02-04,40.0,54.0,-18.7,-12.3,-15.5,0.0,0.0,0.0,0.0
KAMLOOPS A,50.7025,-120.4486111111111,2019-02-05,47.0,69.0,-21.9,-13.4,-17.7,0.0,0.0,0.0,0.0
KAMLOOPS A,50.7025,-120.4486111111111,2019-02-06,45.0,75.0,-18.9,-9.9,-14.4,0.0,0.0,0.0,0.0
KAMLOOPS A,50.7025,-120.4486111111111,2019-02-07,59.0,85.0,-16.0,-7.9,-12.0,0.6,0.0,0.8,0.0
KAMLOOPS A,50.7025,-120.4486111111111,2019-02-08,50.0,85.0,-13.6,-5.0,-9.3,0.2,0.0,0.4,1.0
KAMLOOPS A,50.7025,-120.4486111111111,2019-02-09,41.0,55.0,-16.1,-10.1,-13.1,0.0,0.0,0.0,1.0
KAMLOOPS A,50.7025,-120.4486111111111,2019-02-11,43.0,76.0,-19.2,-10.0,-14.6,0.0,0.0,0.0,0.0
KAMLOOPS A,50.7025,-120.4486111111111,2019-02-12,63.0,87.0,-13.8,-9.2,-11.5,2.8,0.0,5.0,1.0
KAMLOOPS A,50.7025,-120.4486111111111,2019-02-13,50.0,86.0,-15.0,-6.8,-10.9,0.0,0.0,0.0,4.0
KAMLOOPS A,50.7025,-120.4486111111111,2019-02-14,61.0,89.0,-18.0,-7.2,-12.6,2.2,0.0,2.3,4.0
KAMLOOPS A,50.7025,-120.4486111111111,2019-02-15,64.0,92.0,-8.3,-1.7,-5.0,1.6,0.0,2.2,6.0
KAMLOOPS A,50.7025,-120.4486111111111,2019-02-16,65.0,88.0,-4.6,0.8,-1.9,0.0,0.0,0.0,6.0
KAMLOOPS A,50.7025,-120.4486111111111,2019-02-17,48.0,64.0,-11.2,-0.4,-5.8,0.0,0.0,0.0,5.0
KAMLOOPS A,50.7025,-120.4486111111111,2019-02-18,48.0,78.0,-16.2,-4.7,-10.5,0.0,0.0,0.0,5.0
KAMLOOPS A,50.7025,-120.4486111111111,2019-02-19,63.0,93.0,-10.8,-4.4,-7.6,2.4,0.0,3.2,5.0
KAMLOOPS A,50.7025,-120.4486111111111,2019-02-20,59.0,93.0,-10.2,0.6,-4.8,0.0,0.0,0.0,6.0
KAMLOOPS A,50.7025,-120.4486111111111,2019-02-21,40.0,67.0,-5.1,1.4,-1.9,0.0,0.0,0.0,5.0
KAMLOOPS A,50.7025,-120.4486111111111,2019-02-22,63.0,95.0,-4.1,-1.2,-2.7,2.6,0.0,3.0,4.0
KAMLOOPS A,50.7025,-120.4486111111111,2019-02-23,65.0,95.0,-3.8,0.9,-1.5,0.0,0.0,0.0,6.0
KAMLOOPS A,50.7025,-120.4486111111111,2019-02-24,49.0,83.0,-7.3,-0.2,-3.8,0.0,0.0,0.0,6.0
KAMLOOPS A,50.7025,-120.4486111111111,2019-02-25,40.0,57.0,-9.8,-4.9,-7.4,0.0,0.0,0.0,6.0
KAMLOOPS A,50.7025,-120.4486111111111,2019-02-26,32.0,70.0,-17.4,-3.1,-10.3,0.0,0.0,0.0,6.0
KAMLOOPS A,50.7025,-120.4486111111111,2019-02-27,43.0,80.0,-17.9,-3.9,-10.9,0.0,0.0,0.0,4.0
KAMLOOPS A,50.7025,-120.4486111111111,2019-02-28,59.0,93.0,-6.9,-2.2,-4.6,1.4,0.0,1.6,3.0
KAMLOOPS A,50.7025,-120.4486111111111,2019-03-01,44.0,87.0,-5.4,0.2,-2.6,0.0,0.0,0.0,5.0
KAMLOOPS A,50.7025,-120.4486111111111,2019-03-02,31.0,46.0,-11.2,-3.2,-7.2,0.0,0.0,0.0,5.0
KAMLOOPS A,50.7025,-120.4486111111111,2019-03-03,28.0,69.0,-17.9,-3.8,-10.9,0.0,0.0,0.0,4.0
KAMLOOPS A,50.7025,-120.4486111111111,2019-03-04,35.0,74.0,-18.1,-2.2,-10.2,0.0,0.0,0.0,3.0
KAMLOOPS A,50.7025,-120.4486111111111,2019-03-05,43.0,77.0,-17.8,-2.6,-10.2,0.0,0.0,0.0,1.0
KAMLOOPS A,50.7025,-120.4486111111111,2019-03-06,53.0,95.0,-4.6,1.4,-1.6,0.4,0.0,0.4,1.0
KAMLOOPS A,50.7025,-120.4486111111111,2019-03-07,82.0,96.0,-5.7,2.3,-1.7,2.8,0.0,4.0,2.0
KAMLOOPS A,50.7025,-120.4486111111111,2019-03-08,56.0,88.0,-7.0,2.4,-2.3,0.0,0.0,0.0,6.0
KAMLOOPS A,50.7025,-120.4486111111111,2019-03-09,51.0,86.0,-4.1,4.1,0.0,0.0,0.0,0.0,5.0
KAMLOOPS A,50.7025,-120.4486111111111,2019-03-10,47.0,87.0,-9.0,5.3,-1.9,0.0,0.0,0.0,2.0
KAMLOOPS A,50.7025,-120.4486111111111,2019-03-11,41.0,62.0,1.8,6.5,4.2,0.0,0.0,0.0,1.0
KAMLOOPS A,50.7025,-120.4486111111111,2019-11-12,90.0,97.0,0.1,2.4,1.3,12.7,6.5,6.2,0.0
KAMLOOPS A,50.7025,-120.4486111111111,2019-11-26,66.0,90.0,-3.9,-0.1,-2.0,0.0,0.0,0.0,0.0
KAMLOOPS A,50.7025,-120.4486111111111,2019-12-01,69.0,91.0,-9.6,-4.3,-7.0,2.1,0.0,2.1,2.0
KAMLOOPS A,50.7025,-120.4486111111111,2019-12-02,79.0,93.0,-6.2,-1.1,-3.7,0.0,0.0,0.0,2.0
KAMLOOPS A,50.7025,-120.4486111111111,2019-12-04,67.0,93.0,-1.8,4.3,1.3,0.0,0.0,0.0,1.0
KAMLOOPS A,50.7025,-120.4486111111111,2019-12-05,73.0,86.0,-6.9,-0.2,-3.6,0.0,0.0,0.0,0.0
KAMLOOPS A,50.7025,-120.4486111111111,2019-12-17,69.0,80.0,-0.7,3.5,1.4,0.0,0.0,0.0,1.0
KAMLOOPS A,50.7025,-120.4486111111111,2019-12-18,63.0,80.0,1.5,3.2,2.4,0.0,0.0,0.0,0.0
KAMLOOPS A,50.7025,-120.4486111111111,2019-12-19,61.0,97.0,0.2,4.6,2.4,3.6,0.0,3.6,0.0
KAMLOOPS A,50.7025,-120.4486111111111,2019-12-21,88.0,98.0,0.0,1.9,1.0,5.1,3.8,2.0,1.0
KAMLOOPS A,50.7025,-120.4486111111111,2019-12-22,85.0,94.0,-0.8,1.5,0.4,0.0,0.0,0.0,1.0
KAMLOOPS A,50.7025,-120.4486111111111,2019-12-23,72.0,82.0,-3.0,-0.1,-1.6,0.0,0.0,0.0,0.0
KAMLOOPS A,50.7025,-120.4486111111111,2019-12-25,73.0,83.0,-2.9,-1.6,-2.3,0.0,0.0,0.0,0.0
KAMLOOPS A,50.7025,-120.4486111111111,2019-12-28,66.0,91.0,-1.9,1.9,0.0,0.0,0.0,0.0,0.0
KAMLOOPS A,50.7025,-120.4486111111111,2019-12-29,76.0,91.0,-0.3,2.5,1.1,0.0,0.0,0.0,0.0
KAMLOOPS A,50.7025,-120.4486111111111,2019-12-31,85.0,95.0,0.8,2.4,1.6,1.8,1.8,0.0,0.0
KAMLOOPS A,50.7025,-120.4486111111111,2020-01-01,77.0,96.0,0.0,4.5,2.3,0.0,0.0,0.0,0.0
KAMLOOPS A,50.7025,-120.4486111111111,2020-01-02,68.0,96.0,-1.6,3.2,0.8,3.4,0.2,3.2,0.0
KAMLOOPS A,50.7025,-120.4486111111111,2020-01-03,66.0,85.0,-0.4,6.7,3.2,0.0,0.0,0.0,8.0
KAMLOOPS A,50.7025,-120.4486111111111,2020-01-05,44.0,96.0,-1.7,7.5,2.9,2.4,2.4,0.0,1.0
KAMLOOPS A,50.7025,-120.4486111111111,2020-01-06,82.0,94.0,-6.0,-0.2,-3.1,0.4,0.4,0.0,1.0
KAMLOOPS A,50.7025,-120.4486111111111,2020-01-07,80.0,95.0,-1.7,2.5,0.4,3.8,0.5,4.0,3.0
KAMLOOPS A,50.7025,-120.4486111111111,2020-01-08,56.0,90.0,-8.8,3.4,-2.7,0.0,0.0,0.0,4.0
KAMLOOPS A,50.7025,-120.4486111111111,2020-01-09,70.0,84.0,-9.6,-3.2,-6.4,0.0,0.0,0.0,4.0
KAMLOOPS A,50.7025,-120.4486111111111,2020-01-10,68.0,90.0,-6.5,0.3,-3.1,0.6,0.0,0.6,4.0
KAMLOOPS A,50.7025,-120.4486111111111,2020-01-11,84.0,97.0,-2.6,0.2,-1.2,4.3,0.0,4.3,8.0
KAMLOOPS A,50.7025,-120.4486111111111,2020-01-12,53.0,95.0,-16.9,-0.7,-8.8,1.1,0.0,1.1,12.0
KAMLOOPS A,50.7025,-120.4486111111111,2020-01-13,45.0,69.0,-23.9,-16.8,-20.4,0.0,0.0,0.0,6.0
KAMLOOPS A,50.7025,-120.4486111111111,2020-01-14,57.0,75.0,-21.9,-19.4,-20.7,0.0,0.0,0.0,6.0
KAMLOOPS A,50.7025,-120.4486111111111,2020-01-15,60.0,79.0,-23.4,-19.1,-21.3,3.6,0.0,3.6,6.0
KAMLOOPS A,50.7025,-120.4486111111111,2020-01-17,62.0,79.0,-19.5,-13.1,-16.3,0.0,0.0,0.0,12.0
KAMLOOPS A,50.7025,-120.4486111111111,2020-01-19,70.0,81.0,-4.1,3.8,-0.2,0.0,0.0,0.0,11.0
KAMLOOPS A,50.7025,-120.4486111111111,2020-01-20,74.0,84.0,1.5,4.6,3.1,0.0,0.0,0.0,9.0
KAMLOOPS A,50.7025,-120.4486111111111,2020-01-22,80.0,94.0,-2.2,3.2,0.5,0.0,0.0,0.0,0.0
KAMLOOPS A,50.7025,-120.4486111111111,2020-02-04,63.0,88.0,-7.3,-3.0,-5.2,1.1,0.0,1.0,1.0
KAMLOOPS A,50.7025,-120.4486111111111,2020-02-05,82.0,96.0,-4.5,-2.3,-3.4,11.2,0.0,13.8,3.0
KAMLOOPS A,50.7025,-120.4486111111111,2020-02-06,86.0,96.0,-3.2,-0.5,-1.9,0.8,0.0,3.0,15.0
KAMLOOPS A,50.7025,-120.4486111111111,2020-02-07,86.0,97.0,-3.7,0.7,-1.5,2.8,0.0,7.0,15.0
KAMLOOPS A,50.7025,-120.4486111111111,2020-02-08,58.0,97.0,-3.2,3.0,-0.1,1.0,0.0,1.2,18.0
KAMLOOPS A,50.7025,-120.4486111111111,2020-02-09,70.0,87.0,-8.2,-0.9,-4.6,0.0,0.0,0.0,15.0
KAMLOOPS A,50.7025,-120.4486111111111,2020-02-10,68.0,90.0,-7.2,2.2,-2.5,0.0,0.0,0.0,15.0
KAMLOOPS A,50.7025,-120.4486111111111,2020-02-11,75.0,96.0,-5.4,1.8,-1.8,0.0,0.0,0.0,14.0
KAMLOOPS A,50.7025,-120.4486111111111,2020-02-13,73.0,94.0,-5.5,3.0,-1.3,0.0,0.0,0.0,12.0
KAMLOOPS A,50.7025,-120.4486111111111,2020-02-14,66.0,97.0,-4.8,3.8,-0.5,0.0,0.0,0.0,10.0
KAMLOOPS A,50.7025,-120.4486111111111,2020-02-15,70.0,92.0,-4.0,3.8,-0.1,0.0,0.0,0.0,9.0
KAMLOOPS A,50.7025,-120.4486111111111,2020-02-16,57.0,93.0,-4.0,5.4,0.7,0.0,0.0,0.0,9.0
KAMLOOPS A,50.7025,-120.4486111111111,2020-02-17,47.0,88.0,-3.9,4.7,0.4,0.0,0.0,0.0,9.0
KAMLOOPS A,50.7025,-120.4486111111111,2020-02-18,41.0,77.0,-3.1,5.4,1.2,0.0,0.0,0.0,9.0
KAMLOOPS A,50.7025,-120.4486111111111,2020-02-19,53.0,84.0,-8.1,2.3,-2.9,0.0,0.0,0.0,8.0
KAMLOOPS A,50.7025,-120.4486111111111,2020-02-20,46.0,78.0,-5.6,5.2,-0.2,0.0,0.0,0.0,8.0
KAMLOOPS A,50.7025,-120.4486111111111,2020-02-21,56.0,83.0,-5.8,2.8,-1.5,0.0,0.0,0.0,7.0
KAMLOOPS A,50.7025,-120.4486111111111,2020-02-22,58.0,85.0,-3.0,4.9,1.0,0.0,0.0,0.0,7.0
KAMLOOPS A,50.7025,-120.4486111111111,2020-02-23,66.0,93.0,-1.8,2.6,0.4,0.4,0.2,0.2,7.0
KAMLOOPS A,50.7025,-120.4486111111111,2020-02-24,55.0,97.0,-1.6,3.6,1.0,2.8,0.0,3.3,8.0
KAMLOOPS A,50.7025,-120.4486111111111,2020-02-26,59.0,90.0,-4.2,6.1,1.0,0.0,0.0,0.0,7.0
KAMLOOPS A,50.7025,-120.4486111111111,2020-02-27,62.0,88.0,0.8,8.2,4.5,0.2,0.2,0.0,6.0
KAMLOOPS A,50.7025,-120.4486111111111,2020-02-28,38.0,87.0,1.4,13.4,7.4,0.0,0.0,0.0,4.0
KAMLOOPS A,50.7025,-120.4486111111111,2020-04-03,35.0,93.0,-2.6,3.9,0.7,2.5,2.5,0.0,3.0
KAMLOOPS A,50.7025,-120.4486111111111,2020-04-04,34.0,73.0,-8.0,5.3,-1.4,0.0,0.0,0.0,0.0
KAMLOOPS A,50.7025,-120.4486111111111,2020-10-23,68.0,97.0,-0.7,1.6,0.5,10.1,0.7,10.6,9.0
KAMLOOPS A,50.7025,-120.4486111111111,2020-10-25,59.0,78.0,-11.4,-2.4,-6.9,0.0,0.0,0.0,4.0
KAMLOOPS A,50.7025,-120.4486111111111,2020-10-26,70.0,93.0,-4.0,0.6,-1.7,1.8,0.0,2.6,5.0
KAMLOOPS A,50.7025,-120.4486111111111,2020-10-27,64.0,88.0,-2.5,4.7,1.1,0.0,0.0,0.0,8.0
KAMLOOPS A,50.7025,-120.4486111111111,2020-10-28,80.0,96.0,1.6,5.5,3.6,1.3,1.3,0.0,3.0
KAMLOOPS A,50.7025,-120.4486111111111,2020-11-09,48.0,92.0,-7.9,0.8,-3.6,0.9,0.0,1.8,1.0
KAMLOOPS A,50.7025,-120.4486111111111,2020-11-10,79.0,97.0,-1.8,1.6,-0.1,6.1,0.0,6.4,6.0
KAMLOOPS A,50.7025,-120.4486111111111,2020-11-11,52.0,92.0,-3.3,4.1,0.4,0.0,0.0,0.0,7.0
KAMLOOPS A,50.7025,-120.4486111111111,2020-11-12,67.0,85.0,-3.2,2.7,-0.3,0.0,0.0,0.0,6.0
KAMLOOPS A,50.7025,-120.4486111111111,2020-11-13,69.0,96.0,-0.4,2.6,1.1,6.1,0.7,6.0,4.0
KAMLOOPS A,50.7025,-120.4486111111111,2020-11-14,77.0,94.0,-6.3,1.9,-2.2,0.0,0.0,0.0,5.0
KAMLOOPS A,50.7025,-120.4486111111111,2020-11-15,36.0,90.0,1.3,11.3,6.3,0.0,0.0,0.0,6.0
KAMLOOPS A,50.7025,-120.4486111111111,2020-12-13,65.0,89.0,-1.6,2.7,0.6,0.0,0.0,0.0,0.0
KAMLOOPS A,50.7025,-120.4486111111111,2020-12-21,75.0,98.0,-0.6,2.0,0.7,14.1,2.0,12.1,0.0
KAMLOOPS A,50.7025,-120.4486111111111,2020-12-22,48.0,76.0,-7.2,2.5,-2.4,0.0,0.0,0.0,10.0
KAMLOOPS A,50.7025,-120.4486111111111,2020-12-23,73.0,90.0,-11.1,-4.3,-7.7,0.0,0.0,0.0,8.0
KAMLOOPS A,50.7025,-120.4486111111111,2020-12-25,68.0,80.0,-4.1,0.6,-1.8,0.0,0.0,0.0,6.0
KAMLOOPS A,50.7025,-120.4486111111111,2020-12-26,76.0,92.0,-0.6,2.2,0.8,0.4,0.0,0.4,6.0
KAMLOOPS A,50.7025,-120.4486111111111,2020-12-27,82.0,95.0,-5.6,1.8,-1.9,0.0,0.0,0.0,5.0
KAMLOOPS A,50.7025,-120.4486111111111,2020-12-28,80.0,97.0,-2.6,0.1,-1.3,2.8,0.0,3.2,7.0
KAMLOOPS A,50.7025,-120.4486111111111,2020-12-29,79.0,96.0,-5.6,-1.0,-3.3,0.0,0.0,0.0,8.0
KAMLOOPS A,50.7025,-120.4486111111111,2020-12-30,78.0,95.0,-1.6,1.0,-0.3,4.8,4.4,1.0,10.0
KAMLOOPS A,50.7025,-120.4486111111111,2020-12-31,85.0,96.0,-3.0,1.4,-0.8,1.9,0.0,4.4,16.0
KAMLOOPS A,50.7025,-120.4486111111111,2021-01-01,71.0,90.0,-0.4,5.4,2.5,0.0,0.0,0.0,16.0
KAMLOOPS A,50.7025,-120.4486111111111,2021-01-02,51.0,80.0,3.3,10.4,6.9,0.0,0.0,0.0,6.0
KAMLOOPS A,50.7025,-120.4486111111111,2021-01-16,83.0,94.0,-6.0,0.1,-3.0,0.5,0.0,1.0,1.0
KAMLOOPS A,50.7025,-120.4486111111111,2021-01-17,80.0,95.0,-3.2,2.7,-0.3,0.0,0.0,0.0,1.0
KAMLOOPS A,50.7025,-120.4486111111111,2021-01-24,71.0,92.0,-5.5,-2.4,-4.0,2.0,0.0,2.6,1.0
KAMLOOPS A,50.7025,-120.4486111111111,2021-01-25,75.0,92.0,-4.4,0.0,-2.2,0.8,0.0,0.8,3.0
KAMLOOPS A,50.7025,-120.4486111111111,2021-01-26,69.0,94.0,-9.2,-0.5,-4.9,0.0,0.0,0.0,3.0
KAMLOOPS A,50.7025,-120.4486111111111,2021-01-27,68.0,92.0,-1.8,2.0,0.1,0.0,0.0,0.0,3.0
KAMLOOPS A,50.7025,-120.4486111111111,2021-01-28,71.0,94.0,-3.3,0.1,-1.6,0.0,0.0,0.0,2.0
KAMLOOPS A,50.7025,-120.4486111111111,2021-01-29,61.0,88.0,-6.0,-0.1,-3.1,0.0,0.0,0.0,3.0
KAMLOOPS A,50.7025,-120.4486111111111,2021-01-30,75.0,90.0,-6.0,2.3,-1.9,0.0,0.0,0.0,3.0
KAMLOOPS A,50.7025,-120.4486111111111,2021-01-31,56.0,85.0,1.1,9.6,5.4,0.0,0.0,0.0,1.0
KAMLOOPS A,50.7025,-120.4486111111111,2021-02-04,75.0,95.0,-3.7,0.3,-1.7,0.5,0.3,0.6,1.0
KAMLOOPS A,50.7025,-120.4486111111111,2021-02-06,48.0,97.0,-1.6,5.6,2.0,1.5,0.0,1.5,6.0
KAMLOOPS A,50.7025,-120.4486111111111,2021-02-07,48.0,65.0,-4.7,-1.1,-2.9,0.0,0.0,0.0,2.0
KAMLOOPS A,50.7025,-120.4486111111111,2021-02-08,31.0,53.0,-13.4,-5.0,-9.2,0.0,0.0,0.0,2.0
KAMLOOPS A,50.7025,-120.4486111111111,2021-02-09,43.0,66.0,-18.2,-9.2,-13.7,0.0,0.0,0.0,2.0
KAMLOOPS A,50.7025,-120.4486111111111,2021-02-10,39.0,61.0,-19.2,-10.9,-15.1,0.0,0.0,0.0,2.0
KAMLOOPS A,50.7025,-120.4486111111111,2021-02-11,40.0,59.0,-20.4,-12.4,-16.4,0.0,0.0,0.0,1.0
KAMLOOPS A,50.7025,-120.4486111111111,2021-02-12,44.0,64.0,-19.8,-11.8,-15.8,0.0,0.0,0.0,1.0
KAMLOOPS A,50.7025,-120.4486111111111,2021-02-13,54.0,71.0,-14.9,-9.0,-12.0,0.0,0.0,0.0,1.0
KAMLOOPS A,50.7025,-120.4486111111111,2021-02-14,45.0,79.0,-14.6,-0.8,-7.7,0.0,0.0,0.0,1.0
KAMLOOPS A,50.7025,-120.4486111111111,2021-02-15,59.0,87.0,-6.3,-0.8,-3.6,0.6,0.0,0.6,2.0
KAMLOOPS A,50.7025,-120.4486111111111,2021-02-16,62.0,96.0,-6.7,0.6,-3.1,1.2,0.0,1.5,1.0
KAMLOOPS A,50.7025,-120.4486111111111,2021-02-17,41.0,93.0,-5.1,4.0,-0.6,0.0,0.0,0.0,3.0
KAMLOOPS A,50.7025,-120.4486111111111,2021-02-18,59.0,90.0,-7.1,-1.0,-4.1,0.2,0.0,0.2,2.0
KAMLOOPS A,50.7025,-120.4486111111111,2021-02-19,67.0,90.0,-7.1,2.2,-2.5,0.0,0.0,0.0,0.0
KAMLOOPS A,50.7025,-120.4486111111111,2021-02-20,58.0,93.0,-6.8,4.2,-1.3,0.0,0.0,0.0,0.0
KAMLOOPS A,50.7025,-120.4486111111111,2021-02-21,39.0,71.0,2.6,13.2,7.9,0.0,0.0,0.0,0.0
KAMLOOPS A,50.7025,-120.4486111111111,2021-02-28,57.0,92.0,0.0,4.4,2.2,0.9,0.0,0.9,1.0
KAMLOOPS A,50.7025,-120.4486111111111,2021-11-18,68.0,97.0,-1.5,0.4,-0.6,3.1,0.0,3.8,2.0
KAMLOOPS A,50.7025,-120.4486111111111,2021-11-19,68.0,96.0,-6.9,1.7,-2.6,0.0,0.0,0.0,2.0
KAMLOOPS A,50.7025,-120.4486111111111,2021-11-20,76.0,96.0,-6.8,0.8,-3.0,0.0,0.0,0.0,2.0
KAMLOOPS A,50.7025,-120.4486111111111,2021-11-21,82.0,98.0,-2.4,3.6,0.6,1.6,1.2,0.4,6.0
KAMLOOPS A,50.7025,-120.4486111111111,2021-11-22,51.0,83.0,1.8,9.6,5.7,0.0,0.0,0.0,3.0
KAMLOOPS A,50.7025,-120.4486111111111,2021-12-04,75.0,96.0,-6.7,-0.9,-3.8,2.1,0.0,3.2,2.0
KAMLOOPS A,50.7025,-120.4486111111111,2021-12-06,66.0,89.0,-6.3,-3.1,-4.7,1.4,0.0,3.6,5.0
KAMLOOPS A,50.7025,-120.4486111111111,2021-12-07,72.0,83.0,-5.1,-0.7,-2.9,0.0,0.0,0.0,7.0
KAMLOOPS A,50.7025,-120.4486111111111,2021-12-08,63.0,96.0,-6.5,3.6,-1.5,1.5,0.0,1.3,7.0
KAMLOOPS A,50.7025,-120.4486111111111,2021-12-09,86.0,95.0,-10.4,-3.6,-7.0,0.0,0.0,0.0,7.0
KAMLOOPS A,50.7025,-120.4486111111111,2021-12-10,70.0,90.0,-6.6,1.5,-2.6,0.0,0.0,0.0,7.0
KAMLOOPS A,50.7025,-120.4486111111111,2021-12-11,44.0,81.0,1.5,8.0,4.8,0.0,0.0,0.0,7.0
KAMLOOPS A,50.7025,-120.4486111111111,2021-12-12,42.0,65.0,-2.0,5.2,1.6,0.0,0.0,0.0,7.0
KAMLOOPS A,50.7025,-120.4486111111111,2021-12-13,59.0,97.0,-2.2,4.4,1.1,3.7,3.7,0.0,7.0
KAMLOOPS A,50.7025,-120.4486111111111,2021-12-15,76.0,87.0,-10.6,-5.0,-7.8,0.0,0.0,0.0,12.0
KAMLOOPS A,50.7025,-120.4486111111111,2021-12-16,46.0,94.0,-8.9,-1.6,-5.3,2.6,0.0,2.6,7.0
KAMLOOPS A,50.7025,-120.4486111111111,2021-12-17,60.0,83.0,-16.8,-8.2,-12.5,0.0,0.0,0.0,10.0
KAMLOOPS A,50.7025,-120.4486111111111,2021-12-18,83.0,91.0,-9.1,-2.7,-5.9,6.4,0.0,7.8,18.0
KAMLOOPS A,50.7025,-120.4486111111111,2021-12-19,51.0,92.0,-11.7,-1.0,-6.4,0.0,0.0,0.0,16.0
KAMLOOPS A,50.7025,-120.4486111111111,2021-12-20,61.0,78.0,-9.3,-6.6,-8.0,0.0,0.0,0.0,16.0
KAMLOOPS A,50.7025,-120.4486111111111,2021-12-22,68.0,81.0,-8.6,0.7,-4.0,0.0,0.0,0.0,16.0
KAMLOOPS A,50.7025,-120.4486111111111,2021-12-23,53.0,81.0,-5.6,0.4,-2.6,1.5,0.0,1.5,13.0
KAMLOOPS A,50.7025,-120.4486111111111,2021-12-24,56.0,92.0,-11.2,-5.5,-8.4,0.5,0.0,1.1,14.0
KAMLOOPS A,50.7025,-120.4486111111111,2021-12-25,50.0,73.0,-18.2,-11.1,-14.7,0.4,0.0,0.4,13.0
KAMLOOPS A,50.7025,-120.4486111111111,2021-12-26,41.0,60.0,-23.5,-18.1,-20.8,0.0,0.0,0.0,13.0
KAMLOOPS A,50.7025,-120.4486111111111,2021-12-27,47.0,73.0,-28.3,-21.6,-25.0,0.0,0.0,0.0,13.0
KAMLOOPS A,50.7025,-120.4486111111111,2021-12-28,67.0,80.0,-22.7,-17.5,-20.1,0.4,0.0,0.4,13.0
KAMLOOPS A,50.7025,-120.4486111111111,2021-12-29,58.0,79.0,-23.9,-16.5,-20.2,0.0,0.0,0.0,14.0
KAMLOOPS A,50.7025,-120.4486111111111,2021-12-30,67.0,85.0,-21.3,-14.6,-18.0,5.0,0.0,5.0,15.0
KAMLOOPS A,50.7025,-120.4486111111111,2021-12-31,67.0,84.0,-27.1,-16.6,-21.9,0.0,0.0,0.0,18.0
KAMLOOPS A,50.7025,-120.4486111111111,2022-01-02,60.0,69.0,-7.8,-2.9,-5.4,3.3,3.3,0.0,16.0
KAMLOOPS A,50.7025,-120.4486111111111,2022-01-03,60.0,80.0,-8.5,0.8,-3.9,0.0,0.0,0.0,16.0
KAMLOOPS A,50.7025,-120.4486111111111,2022-01-04,51.0,62.0,-14.3,-8.5,-11.4,0.0,0.0,0.0,13.0
KAMLOOPS A,50.7025,-120.4486111111111,2022-01-05,51.0,76.0,-18.6,-14.2,-16.4,0.0,0.0,0.0,13.0
KAMLOOPS A,50.7025,-120.4486111111111,2022-01-06,65.0,81.0,-17.4,-12.8,-15.1,3.4,2.9,1.0,17.0
KAMLOOPS A,50.7025,-120.4486111111111,2022-01-07,57.0,86.0,-13.1,-7.8,-10.5,0.0,0.0,0.0,20.0
KAMLOOPS A,50.7025,-120.4486111111111,2022-01-08,60.0,85.0,-17.9,-7.7,-12.8,0.0,0.0,0.0,20.0
KAMLOOPS A,50.7025,-120.4486111111111,2022-01-09,75.0,84.0,-11.8,-5.2,-8.5,0.0,0.0,0.0,20.0
KAMLOOPS A,50.7025,-120.4486111111111,2022-01-10,72.0,88.0,-7.3,1.2,-3.1,0.0,0.0,0.0,18.0
KAMLOOPS A,50.7025,-120.4486111111111,2022-01-11,73.0,92.0,-0.1,3.6,1.8,0.4,0.4,0.0,16.0
KAMLOOPS A,50.7025,-120.4486111111111,2022-01-12,86.0,95.0,0.6,3.1,1.9,3.2,3.2,0.0,16.0
KAMLOOPS A,50.7025,-120.4486111111111,2022-01-13,90.0,97.0,0.8,3.6,2.2,0.0,0.0,0.0,11.0
KAMLOOPS A,50.7025,-120.4486111111111,2022-01-14,87.0,98.0,0.8,3.6,2.2,0.0,0.0,0.0,7.0
KAMLOOPS A,50.7025,-120.4486111111111,2022-01-15,80.0,97.0,-2.5,4.4,1.0,0.0,0.0,0.0,1.0
KAMLOOPS A,50.7025,-120.4486111111111,2022-01-16,87.0,97.0,-2.2,2.7,0.3,0.0,0.0,0.0,1.0
KAMLOOPS A,50.7025,-120.4486111111111,2022-01-17,80.0,96.0,-2.5,3.2,0.4,0.0,0.0,0.0,1.0
KAMLOOPS A,50.7025,-120.4486111111111,2022-01-18,55.0,93.0,-1.2,5.2,2.0,0.3,0.3,0.0,1.0
KAMLOOPS A,50.7025,-120.4486111111111,2022-01-19,68.0,96.0,-2.8,0.4,-1.2,4.6,0.0,2.8,1.0
KAMLOOPS A,50.7025,-120.4486111111111,2022-01-20,82.0,95.0,-1.8,2.1,0.2,0.2,0.0,0.2,4.0
KAMLOOPS A,50.7025,-120.4486111111111,2022-01-21,74.0,98.0,-4.5,3.2,-0.7,0.0,0.0,0.0,2.0
KAMLOOPS A,50.7025,-120.4486111111111,2022-01-22,91.0,98.0,-8.7,-1.4,-5.1,0.0,0.0,0.0,3.0
KAMLOOPS A,50.7025,-120.4486111111111,2022-01-23,84.0,94.0,-2.4,0.0,-1.2,0.0,0.0,0.0,3.0
KAMLOOPS A,50.7025,-120.4486111111111,2022-01-24,76.0,95.0,-5.7,1.3,-2.2,0.0,0.0,0.0,3.0
KAMLOOPS A,50.7025,-120.4486111111111,2022-01-25,79.0,95.0,-5.2,-0.2,-2.7,0.0,0.0,0.0,3.0
KAMLOOPS A,50.7025,-120.4486111111111,2022-01-26,75.0,84.0,-2.6,-0.6,-1.6,0.0,0.0,0.0,3.0
KAMLOOPS A,50.7025,-120.4486111111111,2022-01-27,66.0,82.0,-6.0,-0.6,-3.3,0.0,0.0,0.0,3.0
KAMLOOPS A,50.7025,-120.4486111111111,2022-01-28,71.0,85.0,-8.2,-1.7,-5.0,0.0,0.0,0.0,2.0
KAMLOOPS A,50.7025,-120.4486111111111,2022-01-29,65.0,82.0,-5.1,0.4,-2.4,0.0,0.0,0.0,2.0
KAMLOOPS A,50.7025,-120.4486111111111,2022-01-30,72.0,85.0,-1.3,2.1,0.4,0.0,0.0,0.0,2.0
KAMLOOPS A,50.7025,-120.4486111111111,2022-01-31,48.0,98.0,-4.5,4.5,0.0,2.6,2.6,5.0,4.0
KAMLOOPS A,50.7025,-120.4486111111111,2022-02-01,39.0,93.0,-7.9,1.1,-3.4,0.0,0.0,0.0,3.0
KAMLOOPS A,50.7025,-120.4486111111111,2022-02-02,48.0,90.0,-12.5,-7.6,-10.1,2.4,0.0,5.1,3.0
KAMLOOPS A,50.7025,-120.4486111111111,2022-02-03,73.0,90.0,-10.3,-2.7,-6.5,0.7,0.0,2.4,12.0
KAMLOOPS A,50.7025,-120.4486111111111,2022-02-04,75.0,86.0,-5.8,1.4,-2.2,0.0,0.0,0.0,11.0
KAMLOOPS A,50.7025,-120.4486111111111,2022-02-05,72.0,96.0,-7.1,3.6,-1.8,0.0,0.0,0.0,11.0
KAMLOOPS A,50.7025,-120.4486111111111,2022-02-06,69.0,96.0,-3.0,5.3,1.2,0.0,0.0,0.0,10.0
KAMLOOPS A,50.7025,-120.4486111111111,2022-02-09,79.0,98.0,-1.3,5.4,2.1,0.0,0.0,0.0,3.0
KAMLOOPS A,50.7025,-120.4486111111111,2022-02-10,75.0,97.0,-2.0,6.1,2.1,0.0,0.0,0.0,2.0
KAMLOOPS A,50.7025,-120.4486111111111,2022-02-11,43.0,93.0,-2.9,5.5,1.3,0.0,0.0,0.0,1.0
KAMLOOPS A,50.7025,-120.4486111111111,2022-02-13,56.0,89.0,-6.7,4.1,-1.3,0.0,0.0,0.0,1.0
KAMLOOPS A,50.7025,-120.4486111111111,2022-02-14,64.0,84.0,-1.0,3.9,1.5,0.0,0.0,0.0,1.0
KAMLOOPS A,50.7025,-120.4486111111111,2022-02-15,49.0,90.0,1.1,7.4,4.3,0.5,0.5,0.0,1.0
KAMLOOPS A,50.7025,-120.4486111111111,2022-02-16,41.0,95.0,-0.7,9.6,4.5,0.0,0.0,0.0,0.0
KAMLOOPS A,50.7025,-120.4486111111111,2022-02-17,79.0,95.0,-1.7,5.1,1.7,0.0,0.0,0.0,0.0
KAMLOOPS A,50.7025,-120.4486111111111,2022-02-23,36.0,81.0,-13.6,-5.5,-9.6,0.4,0.0,0.4,0.0
KAMLOOPS A,50.7025,-120.4486111111111,2022-02-24,50.0,90.0,-13.0,-0.9,-7.0,0.0,0.0,0.0,0.0
KAMLOOPS A,50.7025,-120.4486111111111,2022-11-03,59.0,96.0,-8.4,0.5,-4.0,2.3,0.5,1.8,0.0
KAMLOOPS A,50.7025,-120.4486111111111,2022-11-04,84.0,97.0,0.2,4.2,2.2,6.3,4.4,2.0,1.0
KAMLOOPS A,50.7025,-120.4486111111111,2022-11-05,50.0,96.0,-0.9,6.7,2.9,3.5,2.6,0.7,0.0
KAMLOOPS A,50.7025,-120.4486111111111,2022-11-06,75.0,95.0,-2.1,1.3,-0.4,2.4,0.0,2.8,0.0
KAMLOOPS A,50.7025,-120.4486111111111,2022-11-07,52.0,89.0,-8.9,-0.1,-4.5,1.5,0.0,2.0,3.0
KAMLOOPS A,50.7025,-120.4486111111111,2022-11-08,53.0,79.0,-12.1,-6.7,-9.4,0.0,0.0,0.0,3.0
KAMLOOPS A,50.7025,-120.4486111111111,2022-11-10,67.0,83.0,-13.4,-6.3,-9.9,0.0,0.0,0.0,2.0
KAMLOOPS A,50.7025,-120.4486111111111,2022-11-11,68.0,83.0,-9.0,-2.9,-6.0,0.0,0.0,0.0,2.0
KAMLOOPS A,50.7025,-120.4486111111111,2022-11-12,67.0,85.0,-6.0,-0.2,-3.1,0.0,0.0,0.0,2.0
KAMLOOPS A,50.7025,-120.4486111111111,2022-11-13,75.0,89.0,-6.0,-0.2,-3.1,0.0,0.0,0.0,2.0
KAMLOOPS A,50.7025,-120.4486111111111,2022-11-14,73.0,94.0,-5.5,0.0,-2.8,0.0,0.0,0.0,2.0
KAMLOOPS A,50.7025,-120.4486111111111,2022-11-15,81.0,98.0,-2.2,0.8,-0.7,0.0,0.0,0.0,2.0
KAMLOOPS A,50.7025,-120.4486111111111,2022-11-16,80.0,94.0,-3.3,0.2,-1.6,0.0,0.0,0.0,2.0
KAMLOOPS A,50.7025,-120.4486111111111,2022-11-17,64.0,95.0,-9.7,-1.2,-5.5,0.0,0.0,0.0,2.0
KAMLOOPS A,50.7025,-120.4486111111111,2022-11-18,69.0,90.0,-9.9,-4.9,-7.4,0.0,0.0,0.0,2.0
KAMLOOPS A,50.7025,-120.4486111111111,2022-11-19,63.0,81.0,-8.0,-3.2,-5.6,0.0,0.0,0.0,2.0
KAMLOOPS A,50.7025,-120.4486111111111,2022-11-20,65.0,83.0,-7.5,-0.7,-4.1,0.0,0.0,0.0,1.0
KAMLOOPS A,50.7025,-120.4486111111111,2022-11-21,69.0,94.0,-5.7,1.9,-1.9,0.0,0.0,0.0,1.0
KAMLOOPS A,50.7025,-120.4486111111111,2022-11-22,71.0,98.0,-1.2,2.5,0.7,5.2,0.0,5.2,1.0
KAMLOOPS A,50.7025,-120.4486111111111,2022-11-23,87.0,98.0,0.0,2.2,1.1,0.0,0.0,0.0,3.0
KAMLOOPS A,50.7025,-120.4486111111111,2022-11-24,67.0,88.0,1.3,6.0,3.7,0.0,0.0,0.0,1.0
KAMLOOPS A,50.7025,-120.4486111111111,2022-11-25,72.0,98.0,-1.9,4.6,1.4,1.9,1.9,0.0,1.0
KAMLOOPS A,50.7025,-120.4486111111111,2022-11-26,63.0,98.0,-2.5,7.7,2.6,0.0,0.0,0.0,0.0
KAMLOOPS A,50.7025,-120.4486111111111,2022-11-27,48.0,86.0,-2.2,6.5,2.2,0.4,0.4,0.0,0.0
KAMLOOPS A,50.7025,-120.4486111111111,2022-11-29,61.0,91.0,-13.1,-6.7,-9.9,1.0,0.0,1.0,0.0
KAMLOOPS A,50.7025,-120.4486111111111,2022-11-30,51.0,85.0,-10.8,0.3,-5.3,3.0,0.0,3.0,4.0
KAMLOOPS A,50.7025,-120.4486111111111,2022-12-01,45.0,62.0,-18.8,-10.8,-14.8,0.0,0.0,0.0,3.0
KAMLOOPS A,50.7025,-120.4486111111111,2022-12-02,62.0,83.0,-20.1,-13.3,-16.7,0.0,0.0,0.0,3.0
KAMLOOPS A,50.7025,-120.4486111111111,2022-12-03,65.0,80.0,-15.2,-8.8,-12.0,0.2,0.0,0.2,3.0
KAMLOOPS A,50.7025,-120.4486111111111,2022-12-04,70.0,88.0,-12.3,-6.0,-9.2,0.0,0.0,0.0,3.0
KAMLOOPS A,50.7025,-120.4486111111111,2022-12-05,64.0,83.0,-11.0,-6.6,-8.8,0.0,0.0,0.0,3.0
KAMLOOPS A,50.7025,-120.4486111111111,2022-12-06,69.0,88.0,-10.6,-4.7,-7.7,0.0,0.0,0.0,3.0
KAMLOOPS A,50.7025,-120.4486111111111,2022-12-07,69.0,87.0,-10.9,-2.5,-6.7,0.0,0.0,0.0,2.0
KAMLOOPS A,50.7025,-120.4486111111111,2022-12-08,70.0,83.0,-4.1,1.7,-1.2,0.0,0.0,0.0,2.0
KAMLOOPS A,50.7025,-120.4486111111111,2022-12-09,72.0,93.0,-10.7,-0.6,-5.7,0.0,0.0,0.0,2.0
KAMLOOPS A,50.7025,-120.4486111111111,2022-12-10,78.0,96.0,-0.7,2.0,0.7,1.8,0.5,1.4,3.0
KAMLOOPS A,50.7025,-120.4486111111111,2022-12-11,62.0,99.0,-0.5,2.5,1.0,1.6,1.6,0.0,2.0
KAMLOOPS A,50.7025,-120.4486111111111,2022-12-12,59.0,72.0,-5.0,-0.5,-2.8,0.0,0.0,0.0,1.0
KAMLOOPS A,50.7025,-120.4486111111111,2022-12-13,66.0,91.0,-4.3,-1.4,-2.9,0.6,0.0,0.6,1.0
KAMLOOPS A,50.7025,-120.4486111111111,2022-12-14,88.0,96.0,-9.9,-2.4,-6.2,0.0,0.0,0.0,2.0
KAMLOOPS A,50.7025,-120.4486111111111,2022-12-15,73.0,91.0,-9.8,-2.2,-6.0,0.0,0.0,0.0,2.0
KAMLOOPS A,50.7025,-120.4486111111111,2022-12-16,78.0,91.0,-9.6,-4.1,-6.9,0.0,0.0,0.0,2.0
KAMLOOPS A,50.7025,-120.4486111111111,2022-12-17,53.0,96.0,-10.6,-2.4,-6.5,0.9,0.0,1.6,2.0
KAMLOOPS A,50.7025,-120.4486111111111,2022-12-18,44.0,70.0,-20.5,-10.5,-15.5,0.0,0.0,0.0,3.0
KAMLOOPS A,50.7025,-120.4486111111111,2022-12-19,46.0,69.0,-23.7,-19.1,-21.4,0.0,0.0,0.0,3.0
KAMLOOPS A,50.7025,-120.4486111111111,2022-12-20,48.0,78.0,-23.4,-19.9,-21.7,2.0,0.0,2.0,3.0
KAMLOOPS A,50.7025,-120.4486111111111,2022-12-21,47.0,70.0,-26.8,-19.9,-23.4,0.0,0.0,0.0,4.0
KAMLOOPS A,50.7025,-120.4486111111111,2022-12-22,58.0,73.0,-30.3,-22.2,-26.3,0.0,0.0,0.0,4.0
KAMLOOPS A,50.7025,-120.4486111111111,2022-12-23,70.0,79.0,-22.2,-9.5,-15.9,1.6,0.0,1.6,7.0
KAMLOOPS A,50.7025,-120.4486111111111,2022-12-24,69.0,82.0,-10.5,-3.2,-6.9,0.0,0.0,0.0,7.0
KAMLOOPS A,50.7025,-120.4486111111111,2022-12-25,77.0,91.0,-8.6,-0.9,-4.8,0.2,0.2,0.0,7.0
KAMLOOPS A,50.7025,-120.4486111111111,2022-12-26,63.0,86.0,-1.3,9.8,4.3,0.0,0.0,0.0,7.0
KAMLOOPS A,50.7025,-120.4486111111111,2022-12-27,88.0,97.0,1.6,4.5,3.1,6.8,6.8,0.0,0.0
KAMLOOPS A,50.7025,-120.4486111111111,2022-12-29,84.0,98.0,-4.0,0.4,-1.8,0.4,0.0,0.4,0.0
KAMLOOPS A,50.7025,-120.4486111111111,2022-12-30,89.0,98.0,-0.2,2.3,1.1,2.4,0.0,4.6,0.0
KAMLOOPS A,50.7025,-120.4486111111111,2022-12-31,88.0,95.0,0.0,1.9,1.0,0.0,0.0,0.0,4.0
KAMLOOPS A,50.7025,-120.4486111111111,2023-01-01,88.0,97.0,-1.2,1.8,0.3,0.0,0.0,0.0,3.0
KAMLOOPS A,50.7025,-120.4486111111111,2023-01-02,73.0,89.0,-4.3,1.6,-1.4,0.0,0.0,0.0,3.0
KAMLOOPS A,50.7025,-120.4486111111111,2023-01-03,75.0,90.0,-7.9,-2.3,-5.1,0.0,0.0,0.0,3.0
KAMLOOPS A,50.7025,-120.4486111111111,2023-01-21,69.0,94.0,-3.7,1.8,-1.0,0.3,0.0,0.3,0.0
KAMLOOPS A,50.7025,-120.4486111111111,2023-01-22,58.0,97.0,-6.3,2.1,-2.1,0.0,0.0,0.0,0.0
KAMLOOPS A,50.7025,-120.4486111111111,2023-01-23,77.0,92.0,-4.5,1.3,-1.6,0.0,0.0,0.0,0.0
KAMLOOPS A,50.7025,-120.4486111111111,2023-01-24,78.0,96.0,-4.2,1.6,-1.3,0.3,0.3,0.0,0.0
KAMLOOPS A,50.7025,-120.4486111111111,2023-01-25,67.0,97.0,-1.3,7.5,3.1,0.0,0.0,0.0,0.0
KAMLOOPS A,50.7025,-120.4486111111111,2023-01-31,66.0,89.0,-7.6,-4.2,-5.9,0.3,0.0,0.8,0.0
KAMLOOPS A,50.7025,-120.4486111111111,2023-02-01,75.0,93.0,-4.6,-1.2,-2.9,2.4,0.0,3.4,2.0
KAMLOOPS A,50.7025,-120.4486111111111,2023-02-02,72.0,91.0,-2.3,0.9,-0.7,0.2,0.0,0.4,4.0
KAMLOOPS A,50.7025,-120.4486111111111,2023-02-03,73.0,81.0,-1.2,2.6,0.7,0.0,0.0,0.0,4.0
KAMLOOPS A,50.7025,-120.4486111111111,2023-02-04,68.0,80.0,0.6,5.1,2.9,0.0,0.0,0.0,3.0
KAMLOOPS A,50.7025,-120.4486111111111,2023-02-05,78.0,95.0,-0.6,6.4,2.9,0.3,0.3,0.0,0.0
KAMLOOPS A,50.7025,-120.4486111111111,2023-02-19,77.0,99.0,-1.1,3.6,1.3,25.1,10.7,14.4,0.0
KAMLOOPS A,50.7025,-120.4486111111111,2023-02-20,84.0,98.0,-0.4,4.1,1.9,2.2,2.2,0.0,5.0
KAMLOOPS A,50.7025,-120.4486111111111,2023-02-21,53.0,98.0,-7.6,3.1,-2.3,4.6,4.0,1.0,2.0
KAMLOOPS A,50.7025,-120.4486111111111,2023-02-22,51.0,61.0,-13.1,-7.6,-10.4,0.0,0.0,0.0,2.0
KAMLOOPS A,50.7025,-120.4486111111111,2023-02-23,46.0,58.0,-14.8,-9.4,-12.1,0.0,0.0,0.0,2.0
KAMLOOPS A,50.7025,-120.4486111111111,2023-02-24,42.0,59.0,-16.6,-7.8,-12.2,0.0,0.0,0.0,2.0
KAMLOOPS A,50.7025,-120.4486111111111,2023-02-25,60.0,86.0,-10.7,-3.2,-7.0,1.0,0.0,1.7,2.0
KAMLOOPS A,50.7025,-120.4486111111111,2023-02-26,73.0,96.0,-9.3,-1.2,-5.3,3.5,0.0,11.0,3.0
KAMLOOPS A,50.7025,-120.4486111111111,2023-02-27,70.0,95.0,-9.3,-1.3,-5.3,0.0,0.0,0.0,14.0
KAMLOOPS A,50.7025,-120.4486111111111,2023-02-28,66.0,92.0,-2.7,1.6,-0.6,0.0,0.0,0.0,10.0
KAMLOOPS A,50.7025,-120.4486111111111,2023-03-01,60.0,79.0,-4.8,2.4,-1.2,0.0,0.0,0.0,7.0
KAMLOOPS A,50.7025,-120.4486111111111,2023-03-02,35.0,66.0,0.0,7.5,3.8,0.0,0.0,0.0,5.0
KAMLOOPS A,50.7025,-120.4486111111111,2023-03-03,27.0,75.0,-2.6,6.7,2.1,0.0,0.0,0.0,1.0
KAMLOOPS A,50.7025,-120.4486111111111,2023-03-04,55.0,71.0,-3.7,3.2,-0.3,0.0,0.0,0.0,1.0
KAMLOOPS A,50.7025,-120.4486111111111,2023-03-05,43.0,76.0,-1.5,4.4,1.5,0.0,0.0,0.0,0.0
KAMLOOPS A,50.7025,-120.4486111111111,2023-03-06,54.0,78.0,-3.3,3.6,0.2,0.0,0.0,0.0,0.0
KAMLOOPS A,50.7025,-120.4486111111111,2023-03-07,42.0,83.0,-5.5,7.7,1.1,0.0,0.0,0.0,0.0
KAMLOOPS A,50.7025,-120.4486111111111,2023-08-30,33.0,62.0,18.7,27.9,23.3,0.0,0.0,0.0,0.0
KAMLOOPS A,50.7025,-120.4486111111111,2023-12-01,59.0,83.0,-2.2,1.0,-0.6,0.0,0.0,0.0,0.0
KAMLOOPS A,50.7025,-120.4486111111111,2023-12-10,74.0,98.0,0.0,3.9,2.0,2.6,1.9,0.5,0.0
KAMLOOPS A,50.7025,-120.4486111111111,2023-12-11,84.0,98.0,0.2,2.5,1.4,0.0,0.0,0.0,0.0
PENTICTON A,49.4625,-119.60222222222222,2018-11-27,75.0,87.0,5.4,8.1,6.8,0.8,0.8,0.0,19.0
PENTICTON A,49.4625,-119.60222222222222,2018-11-29,83.0,94.0,3.7,6.2,5.0,0.0,0.0,0.0,19.0
PENTICTON A,49.4625,-119.60222222222222,2018-12-11,77.0,94.0,0.4,2.9,1.7,1.8,1.0,0.8,1.0
PENTICTON A,49.4625,-119.60222222222222,2018-12-26,75.0,95.0,-0.6,0.8,0.1,2.0,0.0,3.2,0.0
PENTICTON A,49.4625,-119.60222222222222,2018-12-27,87.0,97.0,-3.5,1.2,-1.2,0.4,0.0,0.4,3.0
PENTICTON A,49.4625,-119.60222222222222,2018-12-28,82.0,93.0,-4.2,-0.5,-2.4,4.8,0.0,6.8,0.0
PENTICTON A,49.4625,-119.60222222222222,2018-12-29,81.0,94.0,-2.9,3.2,0.2,0.4,0.0,1.0,9.0
PENTICTON A,49.4625,-119.60222222222222,2018-12-30,39.0,91.0,-0.2,5.2,2.5,0.2,0.2,0.0,2.0
PENTICTON A,49.4625,-119.60222222222222,2018-12-31,52.0,79.0,-6.4,1.1,-2.7,0.0,0.0,0.0,2.0
PENTICTON A,49.4625,-119.60222222222222,2019-01-02,64.0,75.0,-0.2,1.4,0.6,0.0,0.0,0.0,0.0
PENTICTON A,49.4625,-119.60222222222222,2019-01-08,55.0,83.0,-8.6,-0.7,-4.7,0.0,0.0,0.2,0.0
PENTICTON A,49.4625,-119.60222222222222,2019-01-17,77.0,97.0,-0.8,1.4,0.3,2.8,0.0,3.2,0.0
PENTICTON A,49.4625,-119.60222222222222,2019-01-22,68.0,98.0,-5.3,2.8,-1.3,6.0,0.0,6.0,0.0
PENTICTON A,49.4625,-119.60222222222222,2019-01-23,84.0,99.0,-6.4,2.7,-1.9,13.6,0.0,13.6,6.0
PENTICTON A,49.4625,-119.60222222222222,2019-01-24,92.0,98.0,-6.6,-1.3,-4.0,0.0,0.0,0.0,14.0
PENTICTON A,49.4625,-119.60222222222222,2019-01-25,85.0,96.0,-4.2,0.7,-1.8,0.0,0.0,0.0,12.0
PENTICTON A,49.4625,-119.60222222222222,2019-01-26,94.0,98.0,-3.7,0.1,-1.8,0.0,0.0,0.0,11.0
PENTICTON A,49.4625,-119.60222222222222,2019-01-29,72.0,91.0,-8.9,-1.2,-5.1,0.0,0.0,0.0,8.0
PENTICTON A,49.4625,-119.60222222222222,2019-01-30,71.0,86.0,-6.2,-0.2,-3.2,0.0,0.0,0.0,7.0
PENTICTON A,49.4625,-119.60222222222222,2019-02-01,75.0,82.0,0.0,2.4,1.2,0.0,0.0,0.0,7.0
PENTICTON A,49.4625,-119.60222222222222,2019-02-02,65.0,89.0,-3.3,2.8,-0.3,0.0,0.0,0.0,3.0
PENTICTON A,49.4625,-119.60222222222222,2019-02-03,55.0,66.0,-12.7,0.4,-6.2,0.0,0.0,0.0,1.0
PENTICTON A,49.4625,-119.60222222222222,2019-02-04,49.0,69.0,-14.2,-10.5,-12.4,0.8,0.0,0.8,1.0
PENTICTON A,49.4625,-119.60222222222222,2019-02-06,50.0,73.0,-13.8,-6.8,-10.3,0.0,0.0,0.0,1.0
PENTICTON A,49.4625,-119.60222222222222,2019-02-07,55.0,80.0,-15.9,-4.9,-10.4,0.0,0.0,0.0,0.0
PENTICTON A,49.4625,-119.60222222222222,2019-02-08,55.0,92.0,-7.6,-2.6,-5.1,2.2,0.0,4.0,2.0
PENTICTON A,49.4625,-119.60222222222222,2019-02-09,49.0,72.0,-10.1,-5.5,-7.8,0.2,0.0,0.4,4.0
PENTICTON A,49.4625,-119.60222222222222,2019-02-10,51.0,84.0,-14.8,-8.7,-11.8,0.2,0.0,0.2,4.0
PENTICTON A,49.4625,-119.60222222222222,2019-02-11,54.0,88.0,-12.8,-7.8,-10.3,1.8,0.0,2.0,5.0
PENTICTON A,49.4625,-119.60222222222222,2019-02-12,73.0,92.0,-12.1,-6.0,-9.1,6.0,0.0,8.0,8.0
PENTICTON A,49.4625,-119.60222222222222,2019-02-13,57.0,90.0,-11.2,-3.7,-7.5,1.2,0.0,1.8,15.0
PENTICTON A,49.4625,-119.60222222222222,2019-02-14,74.0,91.0,-13.4,-5.6,-9.5,1.4,0.0,2.6,15.0
PENTICTON A,49.4625,-119.60222222222222,2019-02-15,74.0,94.0,-6.2,0.3,-3.0,1.6,0.0,2.2,18.0
PENTICTON A,49.4625,-119.60222222222222,2019-02-16,64.0,95.0,-3.2,2.7,-0.3,0.0,0.0,0.0,15.0
PENTICTON A,49.4625,-119.60222222222222,2019-02-17,47.0,90.0,-5.7,0.9,-2.4,0.0,0.0,0.0,15.0
PENTICTON A,49.4625,-119.60222222222222,2019-02-18,46.0,73.0,-12.2,-1.8,-7.0,0.0,0.0,0.0,14.0
PENTICTON A,49.4625,-119.60222222222222,2019-02-19,60.0,88.0,-13.4,-2.7,-8.1,0.2,0.0,0.2,10.0
PENTICTON A,49.4625,-119.60222222222222,2019-02-20,66.0,90.0,-8.8,0.4,-4.2,0.4,0.0,0.4,11.0
PENTICTON A,49.4625,-119.60222222222222,2019-02-22,62.0,91.0,-7.2,-0.8,-4.0,1.0,0.0,1.0,9.0
PENTICTON A,49.4625,-119.60222222222222,2019-02-23,69.0,94.0,-10.6,-0.5,-5.6,0.0,0.0,0.0,10.0
PENTICTON A,49.4625,-119.60222222222222,2019-02-24,45.0,86.0,-5.4,2.4,-1.5,0.0,0.0,0.0,9.0
PENTICTON A,49.4625,-119.60222222222222,2019-02-25,46.0,65.0,-5.4,-0.6,-3.0,0.0,0.0,0.0,9.0
PENTICTON A,49.4625,-119.60222222222222,2019-02-26,41.0,64.0,-11.6,-2.6,-7.1,0.0,0.0,0.0,8.0
PENTICTON A,49.4625,-119.60222222222222,2019-02-27,55.0,79.0,-12.2,-3.9,-8.1,0.0,0.0,0.0,8.0
PENTICTON A,49.4625,-119.60222222222222,2019-02-28,67.0,94.0,-5.1,0.4,-2.4,5.0,2.4,5.6,10.0
PENTICTON A,49.4625,-119.60222222222222,2019-03-01,56.0,85.0,-7.2,2.3,-2.5,0.0,0.0,0.0,11.0
PENTICTON A,49.4625,-119.60222222222222,2019-03-02,43.0,90.0,-8.6,0.2,-4.2,0.0,0.0,0.0,8.0
PENTICTON A,49.4625,-119.60222222222222,2019-03-03,44.0,63.0,-10.9,-2.5,-6.7,0.0,0.0,0.0,6.0
PENTICTON A,49.4625,-119.60222222222222,2019-03-04,47.0,69.0,-15.1,-2.4,-8.8,0.0,0.0,0.0,8.0
PENTICTON A,49.4625,-119.60222222222222,2019-03-05,49.0,73.0,-13.7,-2.0,-7.9,0.0,0.0,0.0,7.0
PENTICTON A,49.4625,-119.60222222222222,2019-03-06,65.0,98.0,-3.3,0.7,-1.3,1.6,0.0,1.8,7.0
PENTICTON A,49.4625,-119.60222222222222,2019-03-07,70.0,99.0,-1.8,2.4,0.3,6.0,0.0,7.4,13.0
PENTICTON A,49.4625,-119.60222222222222,2019-03-08,63.0,94.0,-6.1,1.9,-2.1,0.0,0.0,0.0,12.0
PENTICTON A,49.4625,-119.60222222222222,2019-03-09,62.0,85.0,-5.0,1.8,-1.6,0.0,0.0,0.0,10.0
PENTICTON A,49.4625,-119.60222222222222,2019-03-10,51.0,93.0,-11.8,4.2,-3.8,0.0,0.0,0.0,9.0
PENTICTON A,49.4625,-119.60222222222222,2019-03-11,66.0,78.0,-2.3,0.1,-1.1,0.0,0.0,0.0,9.0
PENTICTON A,49.4625,-119.60222222222222,2019-03-12,73.0,95.0,-5.2,2.2,-1.5,1.2,0.0,1.6,10.0
PENTICTON A,49.4625,-119.60222222222222,2019-03-13,57.0,97.0,-10.1,4.9,-2.6,0.0,0.0,0.0,9.0
PENTICTON A,49.4625,-119.60222222222222,2019-03-14,54.0,90.0,-5.8,6.2,0.2,0.0,0.0,0.0,3.0
PENTICTON A,49.4625,-119.60222222222222,2019-03-15,53.0,75.0,1.7,8.6,5.2,0.0,0.0,0.0,0.0
PENTICTON A,49.4625,-119.60222222222222,2019-12-01,76.0,89.0,-12.1,-0.3,-6.2,0.4,0.0,0.4,0.0
PENTICTON A,49.4625,-119.60222222222222,2019-12-02,73.0,81.0,-0.7,1.6,0.5,0.0,0.0,0.0,0.0
PENTICTON A,49.4625,-119.60222222222222,2019-12-10,75.0,95.0,-2.9,0.4,-1.3,1.6,0.0,2.0,2.0
PENTICTON A,49.4625,-119.60222222222222,2019-12-11,79.0,91.0,-0.2,1.6,0.7,0.2,0.0,0.2,2.0
PENTICTON A,49.4625,-119.60222222222222,2019-12-12,77.0,96.0,0.9,3.0,2.0,1.2,1.0,0.2,1.0
PENTICTON A,49.4625,-119.60222222222222,2019-12-15,80.0,92.0,-1.2,1.3,0.1,0.6,0.0,0.6,0.0
PENTICTON A,49.4625,-119.60222222222222,2019-12-16,76.0,83.0,-2.6,-0.4,-1.5,0.2,0.0,0.2,0.0
PENTICTON A,49.4625,-119.60222222222222,2019-12-19,64.0,96.0,0.1,2.1,1.1,3.8,0.8,3.0,3.0
PENTICTON A,49.4625,-119.60222222222222,2019-12-20,82.0,98.0,1.6,4.1,2.9,8.0,7.4,0.6,0.0
PENTICTON A,49.4625,-119.60222222222222,2019-12-24,77.0,95.0,-0.3,1.7,0.7,0.2,0.2,0.0,0.0
PENTICTON A,49.4625,-119.60222222222222,2019-12-27,64.0,87.0,-4.2,2.7,-0.8,0.6,0.0,0.6,0.0
PENTICTON A,49.4625,-119.60222222222222,2019-12-28,69.0,84.0,-3.5,0.6,-1.5,0.0,0.0,0.0,0.0
PENTICTON A,49.4625,-119.60222222222222,2020-01-06,48.0,99.0,0.1,5.5,2.8,5.4,0.0,4.8,1.0
PENTICTON A,49.4625,-119.60222222222222,2020-01-09,61.0,88.0,-7.1,0.3,-3.4,0.0,0.0,0.0,0.0
PENTICTON A,49.4625,-119.60222222222222,2020-01-10,65.0,92.0,-6.8,2.0,-2.4,2.2,0.0,4.4,2.0
PENTICTON A,49.4625,-119.60222222222222,2020-01-11,82.0,94.0,-0.9,2.0,0.6,1.0,0.0,1.4,3.0
PENTICTON A,49.4625,-119.60222222222222,2020-01-12,54.0,87.0,-11.2,2.5,-4.4,0.2,0.0,0.2,0.0
PENTICTON A,49.4625,-119.60222222222222,2020-01-13,44.0,57.0,-15.1,-11.2,-13.2,0.0,0.0,0.0,1.0
PENTICTON A,49.4625,-119.60222222222222,2020-01-14,54.0,61.0,-15.2,-12.8,-14.0,0.0,0.0,0.0,1.0
PENTICTON A,49.4625,-119.60222222222222,2020-01-15,57.0,83.0,-15.1,-13.3,-14.2,3.8,0.0,8.2,2.0
PENTICTON A,49.4625,-119.60222222222222,2020-01-16,79.0,88.0,-13.4,-6.3,-9.9,6.2,0.0,9.4,15.0
PENTICTON A,49.4625,-119.60222222222222,2020-01-17,78.0,86.0,-10.8,-4.4,-7.6,0.0,0.0,0.0,15.0
PENTICTON A,49.4625,-119.60222222222222,2020-01-18,80.0,92.0,-5.7,1.0,-2.4,1.0,0.0,1.0,15.0
PENTICTON A,49.4625,-119.60222222222222,2020-01-19,81.0,89.0,0.5,4.0,2.3,0.0,0.0,0.0,14.0
PENTICTON A,49.4625,-119.60222222222222,2020-01-20,71.0,96.0,0.9,5.2,3.1,0.0,0.0,0.0,4.0
PENTICTON A,49.4625,-119.60222222222222,2020-01-21,78.0,94.0,0.2,4.2,2.2,1.2,0.8,0.4,0.0
PENTICTON A,49.4625,-119.60222222222222,2020-02-03,28.0,90.0,-5.0,2.5,-1.3,0.0,0.0,0.0,0.0
PENTICTON A,49.4625,-119.60222222222222,2020-02-04,54.0,88.0,-8.7,-1.5,-5.1,1.4,0.0,1.0,1.0
PENTICTON A,49.4625,-119.60222222222222,2020-02-05,79.0,94.0,-2.1,0.2,-1.0,5.2,0.0,7.6,2.0
PENTICTON A,49.4625,-119.60222222222222,2020-02-06,89.0,98.0,-1.8,1.3,-0.3,6.1,0.0,6.6,9.0
PENTICTON A,49.4625,-119.60222222222222,2020-02-07,86.0,98.0,-0.1,3.8,1.9,3.6,2.0,1.6,3.0
PENTICTON A,49.4625,-119.60222222222222,2020-02-08,60.0,98.0,0.4,4.4,2.4,0.6,0.4,0.4,1.0
PENTICTON A,49.4625,-119.60222222222222,2020-02-09,58.0,81.0,-6.2,2.1,-2.1,0.0,0.0,0.0,2.0
PENTICTON A,49.4625,-119.60222222222222,2020-10-23,72.0,98.0,-0.4,2.8,1.2,16.3,12.0,4.3,3.0
PENTICTON A,49.4625,-119.60222222222222,2020-10-25,49.0,81.0,-4.5,1.0,-1.8,0.0,0.0,0.0,0.0
PENTICTON A,49.4625,-119.60222222222222,2020-10-26,56.0,89.0,-4.5,3.6,-0.5,0.2,0.0,0.2,0.0
PENTICTON A,49.4625,-119.60222222222222,2020-11-09,46.0,94.0,-9.4,2.5,-3.5,0.6,0.0,1.6,2.0
PENTICTON A,49.4625,-119.60222222222222,2020-11-10,83.0,93.0,0.2,3.5,1.9,1.1,0.0,1.0,1.0
PENTICTON A,49.4625,-119.60222222222222,2020-11-16,75.0,99.0,0.1,4.8,2.5,10.4,5.8,2.8,0.0
PENTICTON A,49.4625,-119.60222222222222,2020-12-21,65.0,99.0,0.1,5.3,2.7,17.0,1.8,13.6,3.0
PENTICTON A,49.4625,-119.60222222222222,2020-12-22,48.0,94.0,-6.3,3.6,-1.4,0.0,0.0,0.0,8.0
PENTICTON A,49.4625,-119.60222222222222,2020-12-23,71.0,87.0,-10.5,-2.8,-6.7,0.0,0.0,0.0,7.0
PENTICTON A,49.4625,-119.60222222222222,2020-12-25,68.0,89.0,-5.0,-0.6,-2.8,0.2,0.0,0.2,6.0
PENTICTON A,49.4625,-119.60222222222222,2020-12-26,78.0,96.0,-1.6,2.6,0.5,0.8,0.0,1.0,7.0
PENTICTON A,49.4625,-119.60222222222222,2020-12-27,71.0,92.0,-0.7,2.1,0.7,0.0,0.0,0.0,6.0
PENTICTON A,49.4625,-119.60222222222222,2020-12-28,85.0,97.0,-0.2,1.6,0.7,0.2,0.0,0.4,6.0
PENTICTON A,49.4625,-119.60222222222222,2020-12-29,77.0,91.0,-8.2,1.1,-3.6,0.0,0.0,0.0,4.0
PENTICTON A,49.4625,-119.60222222222222,2020-12-30,72.0,91.0,-0.1,1.2,0.6,2.0,0.0,2.0,2.0
PENTICTON A,49.4625,-119.60222222222222,2020-12-31,78.0,97.0,-2.0,1.8,-0.1,1.4,0.0,1.4,6.0
PENTICTON A,49.4625,-119.60222222222222,2021-01-01,80.0,95.0,1.0,4.7,2.9,1.8,1.8,0.0,2.0
PENTICTON A,49.4625,-119.60222222222222,2021-01-24,69.0,97.0,-10.2,-0.5,-5.4,1.4,0.0,0.8,0.0
PENTICTON A,49.4625,-119.60222222222222,2021-01-25,83.0,96.0,-4.2,-0.2,-2.2,2.0,0.0,1.8,2.0
PENTICTON A,49.4625,-119.60222222222222,2021-01-26,66.0,95.0,-5.5,1.2,-2.2,0.0,0.0,0.0,0.0
PENTICTON A,49.4625,-119.60222222222222,2021-01-27,71.0,97.0,-1.8,1.2,-0.3,1.2,0.0,1.6,0.0
PENTICTON A,49.4625,-119.60222222222222,2021-01-28,86.0,97.0,0.0,2.4,1.2,0.8,0.0,1.0,1.0
PENTICTON A,49.4625,-119.60222222222222,2021-01-29,78.0,96.0,-1.6,3.5,1.0,0.0,0.0,0.0,0.0
PENTICTON A,49.4625,-119.60222222222222,2021-02-07,42.0,95.0,-2.9,3.0,0.1,0.2,0.0,0.2,0.0
PENTICTON A,49.4625,-119.60222222222222,2021-02-08,30.0,87.0,-6.9,-0.8,-3.9,0.0,0.0,0.0,0.0
PENTICTON A,49.4625,-119.60222222222222,2021-02-10,35.0,72.0,-11.6,-6.7,-9.2,0.0,0.0,0.0,0.0
PENTICTON A,49.4625,-119.60222222222222,2021-02-12,50.0,67.0,-14.2,-8.7,-11.5,0.0,0.0,0.0,0.0
PENTICTON A,49.4625,-119.60222222222222,2021-02-13,64.0,90.0,-11.2,-5.8,-8.5,3.0,0.0,3.8,0.0
PENTICTON A,49.4625,-119.60222222222222,2021-02-14,48.0,84.0,-5.9,-2.0,-4.0,0.2,0.0,0.4,4.0
PENTICTON A,49.4625,-119.60222222222222,2021-02-15,72.0,90.0,-6.2,-1.9,-4.1,1.2,0.0,1.2,3.0
PENTICTON A,49.4625,-119.60222222222222,2021-02-16,64.0,89.0,-4.0,-0.3,-2.2,0.4,0.0,0.8,2.0
PENTICTON A,49.4625,-119.60222222222222,2021-02-17,50.0,92.0,-5.9,3.8,-1.1,0.0,0.0,0.0,4.0
PENTICTON A,49.4625,-119.60222222222222,2021-02-19,71.0,87.0,-1.2,2.6,0.7,0.0,0.0,0.0,2.0
PENTICTON A,49.4625,-119.60222222222222,2021-02-20,63.0,80.0,-0.3,3.0,1.4,0.0,0.0,0.0,1.0
PENTICTON A,49.4625,-119.60222222222222,2021-02-27,22.0,95.0,-1.5,7.3,2.9,0.0,0.0,0.0,0.0
PENTICTON A,49.4625,-119.60222222222222,2021-11-18,60.0,95.0,-2.6,3.4,0.4,0.3,0.3,0.0,0.0
PENTICTON A,49.4625,-119.60222222222222,2021-11-19,63.0,94.0,-3.3,5.3,1.0,0.6,0.6,0.0,0.0
PENTICTON A,49.4625,-119.60222222222222,2021-12-04,77.0,96.0,-3.2,2.0,-0.6,6.4,0.0,6.6,1.0
PENTICTON A,49.4625,-119.60222222222222,2021-12-05,37.0,95.0,-8.0,1.1,-3.5,0.0,0.0,0.0,2.0
PENTICTON A,49.4625,-119.60222222222222,2021-12-08,78.0,90.0,-5.5,2.5,-1.5,1.0,0.0,1.0,20.0
PENTICTON A,49.4625,-119.60222222222222,2021-12-09,64.0,92.0,-7.5,1.8,-2.9,0.0,0.0,0.0,10.0
PENTICTON A,49.4625,-119.60222222222222,2021-12-10,72.0,92.0,-8.8,2.2,-3.3,0.0,0.0,0.0,10.0
PENTICTON A,49.4625,-119.60222222222222,2021-12-11,47.0,87.0,1.2,7.6,4.4,1.9,1.9,0.0,10.0
PENTICTON A,49.4625,-119.60222222222222,2021-12-16,48.0,89.0,-5.3,1.0,-2.2,0.2,0.0,0.2,0.0
PENTICTON A,49.4625,-119.60222222222222,2021-12-18,71.0,89.0,-7.0,-0.7,-3.9,3.4,0.0,3.4,3.0
PENTICTON A,49.4625,-119.60222222222222,2021-12-19,49.0,87.0,-7.3,0.9,-3.2,0.2,0.0,0.2,3.0
PENTICTON A,49.4625,-119.60222222222222,2021-12-20,56.0,69.0,-9.7,-3.0,-6.4,0.0,0.0,0.0,3.0
PENTICTON A,49.4625,-119.60222222222222,2021-12-21,62.0,81.0,-13.7,-4.6,-9.2,0.2,0.0,0.2,3.0
PENTICTON A,49.4625,-119.60222222222222,2021-12-22,73.0,84.0,-5.0,1.2,-1.9,0.4,0.0,0.7,3.0
PENTICTON A,49.4625,-119.60222222222222,2021-12-23,77.0,87.0,-0.2,3.2,1.5,0.4,0.4,0.0,2.0
PENTICTON A,49.4625,-119.60222222222222,2021-12-24,59.0,92.0,-4.2,-0.3,-2.3,1.6,0.0,2.4,1.0
PENTICTON A,49.4625,-119.60222222222222,2021-12-25,62.0,75.0,-11.5,-4.2,-7.9,0.2,0.0,1.0,1.0
PENTICTON A,49.4625,-119.60222222222222,2021-12-26,47.0,72.0,-18.2,-11.5,-14.9,1.4,0.0,4.0,4.0
PENTICTON A,49.4625,-119.60222222222222,2021-12-27,48.0,57.0,-20.6,-16.9,-18.8,0.0,0.0,0.0,4.0
PENTICTON A,49.4625,-119.60222222222222,2021-12-28,57.0,76.0,-17.1,-13.5,-15.3,0.8,0.0,1.8,4.0
PENTICTON A,49.4625,-119.60222222222222,2021-12-30,59.0,80.0,-17.9,-9.2,-13.6,2.0,0.0,3.0,10.0
PENTICTON A,49.4625,-119.60222222222222,2021-12-31,47.0,65.0,-15.7,-9.9,-12.8,0.0,0.0,0.0,10.0
PENTICTON A,49.4625,-119.60222222222222,2022-01-01,61.0,71.0,-16.0,-8.5,-12.3,0.0,0.0,0.0,10.0
PENTICTON A,49.4625,-119.60222222222222,2022-01-02,59.0,83.0,-9.2,-3.5,-6.4,0.4,0.0,0.4,9.0
PENTICTON A,49.4625,-119.60222222222222,2022-01-03,70.0,88.0,-4.2,0.4,-1.9,1.4,0.0,1.8,7.0
PENTICTON A,49.4625,-119.60222222222222,2022-01-04,68.0,90.0,-4.8,-1.8,-3.3,0.6,0.0,0.6,6.0
PENTICTON A,49.4625,-119.60222222222222,2022-01-05,58.0,88.0,-10.2,-4.7,-7.5,2.0,0.0,2.0,9.0
PENTICTON A,49.4625,-119.60222222222222,2022-01-06,71.0,85.0,-11.8,-3.5,-7.7,11.4,0.0,14.4,19.0
PENTICTON A,49.4625,-119.60222222222222,2022-01-07,68.0,90.0,-3.7,2.4,-0.7,0.2,0.0,0.2,20.0
PENTICTON A,49.4625,-119.60222222222222,2022-01-08,61.0,79.0,-10.9,-0.6,-5.8,0.0,0.0,0.0,12.0
PENTICTON A,49.4625,-119.60222222222222,2022-01-09,66.0,78.0,-4.4,1.7,-1.4,0.0,0.0,0.0,11.0
PENTICTON A,49.4625,-119.60222222222222,2022-01-10,67.0,90.0,-9.5,0.4,-4.6,0.0,0.0,0.0,11.0
PENTICTON A,49.4625,-119.60222222222222,2022-01-11,71.0,89.0,-1.2,2.8,0.8,0.2,0.0,0.2,8.0
PENTICTON A,49.4625,-119.60222222222222,2022-01-12,81.0,92.0,1.7,3.9,2.8,3.1,3.1,0.0,6.0
PENTICTON A,49.4625,-119.60222222222222,2022-01-13,77.0,95.0,0.5,6.2,3.4,0.0,0.0,0.0,2.0
PENTICTON A,49.4625,-119.60222222222222,2022-01-14,83.0,97.0,1.0,2.9,2.0,0.4,0.4,0.0,0.0
PENTICTON A,49.4625,-119.60222222222222,2022-01-15,81.0,91.0,2.0,4.1,3.1,0.0,0.0,0.0,1.0
PENTICTON A,49.4625,-119.60222222222222,2022-01-16,75.0,89.0,1.4,2.6,2.0,0.0,0.0,0.0,1.0
PENTICTON A,49.4625,-119.60222222222222,2022-01-31,74.0,87.0,-2.3,1.3,-0.5,0.2,0.0,0.2,0.0
PENTICTON A,49.4625,-119.60222222222222,2022-02-02,36.0,78.0,-10.4,-3.4,-6.9,0.4,0.0,0.4,0.0
PENTICTON A,49.4625,-119.60222222222222,2022-02-14,58.0,96.0,-0.3,2.4,1.1,2.3,0.5,1.8,0.0
PENTICTON A,49.4625,-119.60222222222222,2022-02-23,37.0,78.0,-12.1,-4.5,-8.3,0.4,0.0,0.6,0.0
PENTICTON A,49.4625,-119.60222222222222,2022-02-24,50.0,85.0,-10.8,-0.6,-5.7,1.0,0.0,1.2,2.0
PENTICTON A,49.4625,-119.60222222222222,2022-11-03,47.0,92.0,-9.8,4.0,-2.9,4.1,4.1,0.0,0.0
PENTICTON A,49.4625,-119.60222222222222,2022-11-06,77.0,96.0,-4.5,0.4,-2.1,7.6,0.0,7.0,0.0
PENTICTON A,49.4625,-119.60222222222222,2022-11-07,69.0,97.0,-4.8,0.5,-2.2,13.0,4.6,8.0,12.0
PENTICTON A,49.4625,-119.60222222222222,2022-11-09,64.0,72.0,-6.7,-2.6,-4.7,0.0,0.0,0.0,14.0
PENTICTON A,49.4625,-119.60222222222222,2022-11-10,68.0,75.0,-5.0,-3.2,-4.1,0.0,0.0,0.0,14.0
PENTICTON A,49.4625,-119.60222222222222,2022-11-11,71.0,84.0,-4.7,-1.6,-3.2,0.0,0.0,0.0,13.0
PENTICTON A,49.4625,-119.60222222222222,2022-11-12,63.0,83.0,-2.5,1.9,-0.3,0.0,0.0,0.0,12.0
PENTICTON A,49.4625,-119.60222222222222,2022-11-13,71.0,84.0,-4.4,2.6,-0.9,0.0,0.0,0.0,12.0
PENTICTON A,49.4625,-119.60222222222222,2022-11-14,77.0,84.0,-2.6,1.3,-0.7,0.0,0.0,0.0,12.0
PENTICTON A,49.4625,-119.60222222222222,2022-11-15,71.0,82.0,-0.2,2.2,1.0,0.0,0.0,0.0,12.0
PENTICTON A,49.4625,-119.60222222222222,2022-11-16,72.0,81.0,0.4,2.2,1.3,0.0,0.0,0.0,10.0
PENTICTON A,49.4625,-119.60222222222222,2022-11-18,61.0,69.0,-2.6,-0.1,-1.4,0.0,0.0,0.0,10.0
PENTICTON A,49.4625,-119.60222222222222,2022-11-19,60.0,84.0,-8.3,-1.5,-4.9,0.0,0.0,0.0,8.0
PENTICTON A,49.4625,-119.60222222222222,2022-11-20,66.0,87.0,-9.4,-1.5,-5.5,0.0,0.0,0.0,6.0
PENTICTON A,49.4625,-119.60222222222222,2022-11-22,62.0,83.0,0.1,2.2,1.2,0.0,0.0,0.0,6.0
PENTICTON A,49.4625,-119.60222222222222,2022-11-23,71.0,88.0,-1.6,2.6,0.5,0.0,0.0,0.0,6.0
PENTICTON A,49.4625,-119.60222222222222,2022-11-24,69.0,82.0,-0.1,5.4,2.7,0.0,0.0,0.0,8.0
PENTICTON A,49.4625,-119.60222222222222,2022-11-27,61.0,91.0,-1.8,3.3,0.8,2.7,1.4,2.0,0.0
PENTICTON A,49.4625,-119.60222222222222,2022-11-28,45.0,91.0,-7.4,-0.5,-4.0,0.6,0.0,0.6,1.0
PENTICTON A,49.4625,-119.60222222222222,2022-11-29,52.0,84.0,-8.6,-4.6,-6.6,2.4,0.0,2.4,1.0
PENTICTON A,49.4625,-119.60222222222222,2022-11-30,70.0,88.0,-5.0,1.3,-1.9,2.4,0.0,2.4,3.0
PENTICTON A,49.4625,-119.60222222222222,2022-12-01,55.0,85.0,-10.0,0.1,-5.0,0.2,0.0,1.0,6.0
PENTICTON A,49.4625,-119.60222222222222,2022-12-02,56.0,75.0,-10.8,-7.5,-9.2,0.0,0.0,0.0,6.0
PENTICTON A,49.4625,-119.60222222222222,2022-12-03,64.0,74.0,-7.7,-3.7,-5.7,0.0,0.0,0.0,6.0
PENTICTON A,49.4625,-119.60222222222222,2022-12-04,63.0,76.0,-8.3,-3.1,-5.7,0.0,0.0,0.0,5.0
PENTICTON A,49.4625,-119.60222222222222,2022-12-05,62.0,79.0,-7.4,-2.1,-4.8,0.0,0.0,0.0,4.0
PENTICTON A,49.4625,-119.60222222222222,2022-12-06,69.0,82.0,-8.1,-3.6,-5.9,0.0,0.0,0.0,4.0
PENTICTON A,49.4625,-119.60222222222222,2022-12-08,72.0,82.0,-3.3,-0.9,-2.1,0.0,0.0,0.0,4.0
PENTICTON A,49.4625,-119.60222222222222,2022-12-09,73.0,87.0,-2.7,-0.5,-1.6,0.8,0.0,1.0,4.0
PENTICTON A,49.4625,-119.60222222222222,2022-12-10,79.0,96.0,-2.5,1.9,-0.3,2.3,0.9,1.4,5.0
PENTICTON A,49.4625,-119.60222222222222,2022-12-11,87.0,97.0,0.4,3.4,1.9,0.3,0.3,0.0,0.0
PENTICTON A,49.4625,-119.60222222222222,2022-12-13,67.0,91.0,-3.7,0.7,-1.5,0.2,0.0,0.2,0.0
PENTICTON A,49.4625,-119.60222222222222,2022-12-14,67.0,91.0,-5.6,1.9,-1.9,0.6,0.0,0.6,1.0
PENTICTON A,49.4625,-119.60222222222222,2022-12-15,71.0,87.0,-6.8,1.0,-2.9,0.0,0.0,0.0,0.0
PENTICTON A,49.4625,-119.60222222222222,2022-12-16,76.0,85.0,-6.3,-2.3,-4.3,0.0,0.0,0.0,0.0
PENTICTON A,49.4625,-119.60222222222222,2022-12-17,62.0,81.0,-5.0,-2.7,-3.9,0.2,0.0,0.2,0.0
PENTICTON A,49.4625,-119.60222222222222,2022-12-19,47.0,56.0,-16.1,-14.6,-15.4,0.0,0.0,0.0,0.0
PENTICTON A,49.4625,-119.60222222222222,2022-12-20,56.0,76.0,-15.8,-13.8,-14.8,7.3,0.0,11.8,0.0
PENTICTON A,49.4625,-119.60222222222222,2022-12-21,47.0,64.0,-20.6,-15.4,-18.0,0.0,0.0,0.0,11.0
PENTICTON A,49.4625,-119.60222222222222,2022-12-22,52.0,69.0,-22.3,-16.9,-19.6,0.0,0.0,0.0,11.0
PENTICTON A,49.4625,-119.60222222222222,2022-12-23,59.0,76.0,-17.3,-8.9,-13.1,1.8,0.0,2.6,11.0
PENTICTON A,49.4625,-119.60222222222222,2022-12-24,62.0,79.0,-9.2,-4.6,-6.9,1.8,0.0,2.2,8.0
PENTICTON A,49.4625,-119.60222222222222,2022-12-25,76.0,90.0,-5.5,-3.6,-4.6,2.4,0.0,2.4,8.0
PENTICTON A,49.4625,-119.60222222222222,2022-12-26,82.0,95.0,-4.0,4.1,0.1,2.1,2.1,0.0,10.0
PENTICTON A,49.4625,-119.60222222222222,2022-12-27,87.0,97.0,0.2,4.7,2.5,6.3,6.3,0.0,0.0
PENTICTON A,49.4625,-119.60222222222222,2022-12-29,80.0,95.0,-4.3,-0.6,-2.5,4.6,0.0,8.2,0.0
PENTICTON A,49.4625,-119.60222222222222,2022-12-30,79.0,96.0,-1.4,3.5,1.1,2.6,0.0,2.8,8.0
PENTICTON A,49.4625,-119.60222222222222,2022-12-31,80.0,87.0,1.0,3.1,2.1,0.0,0.0,0.0,5.0
PENTICTON A,49.4625,-119.60222222222222,2023-01-02,75.0,88.0,-2.5,0.1,-1.2,0.0,0.0,0.0,0.0
PENTICTON A,49.4625,-119.60222222222222,2023-01-05,86.0,94.0,-2.8,0.2,-1.3,0.2,0.0,1.0,1.0
PENTICTON A,49.4625,-119.60222222222222,2023-01-06,75.0,94.0,-5.1,4.4,-0.4,0.0,0.0,0.0,0.0
PENTICTON A,49.4625,-119.60222222222222,2023-01-21,73.0,93.0,-4.0,0.8,-1.6,0.6,0.0,0.6,0.0
PENTICTON A,49.4625,-119.60222222222222,2023-01-22,46.0,95.0,-4.0,5.6,0.8,1.2,0.0,1.2,2.0
PENTICTON A,49.4625,-119.60222222222222,2023-01-23,62.0,78.0,-3.3,3.0,-0.2,0.0,0.0,0.0,0.0
PENTICTON A,49.4625,-119.60222222222222,2023-02-01,56.0,87.0,-4.8,-0.6,-2.7,1.8,0.0,2.2,1.0
PENTICTON A,49.4625,-119.60222222222222,2023-02-02,62.0,78.0,-3.1,2.0,-0.6,0.0,0.0,0.0,1.0
PENTICTON A,49.4625,-119.60222222222222,2023-02-27,49.0,93.0,-8.3,1.7,-3.3,0.2,0.0,0.2,0.0
PENTICTON A,49.4625,-119.60222222222222,2023-02-28,88.0,96.0,-1.9,0.3,-0.8,5.1,0.0,5.6,0.0
PENTICTON A,49.4625,-119.60222222222222,2023-03-01,69.0,96.0,-5.6,1.7,-2.0,0.0,0.0,0.0,4.0
PENTICTON A,49.4625,-119.60222222222222,2023-12-01,73.0,91.0,-0.8,0.6,-0.1,1.5,0.0,1.5,0.0
PENTICTON A,49.4625,-119.60222222222222,2023-12-02,70.0,88.0,-1.0,3.8,1.4,0.6,0.0,0.6,0.0
PENTICTON A,49.4625,-119.60222222222222,2023-12-03,74.0,92.0,-0.9,4.2,1.7,0.7,0.2,0.5,0.0
PORT HARDY A,50.68055555555556,-127.36666666666666,2018-12-14,89.0,95.0,0.3,9.4,4.9,61.8,61.4,0.4,0.0
PORT HARDY A,50.68055555555556,-127.36666666666666,2019-02-03,49.0,87.0,-5.9,0.1,-2.9,4.8,0.0,4.8,0.0
PORT HARDY A,50.68055555555556,-127.36666666666666,2019-02-04,46.0,85.0,-10.9,-0.2,-5.6,0.0,0.0,0.0,0.0
PORT HARDY A,50.68055555555556,-127.36666666666666,2019-02-05,46.0,90.0,-7.4,3.5,-2.0,0.0,0.0,0.0,0.0
PORT HARDY A,50.68055555555556,-127.36666666666666,2019-02-15,91.0,95.0,0.2,3.4,1.8,14.4,12.6,1.8,0.0
PORT HARDY A,50.68055555555556,-127.36666666666666,2019-03-03,47.0,91.0,-3.7,2.0,-0.9,2.4,0.0,2.4,1.0
PORT HARDY A,50.68055555555556,-127.36666666666666,2019-03-04,39.0,90.0,-4.0,5.8,0.9,1.0,0.0,1.0,1.0
PORT HARDY A,50.68055555555556,-127.36666666666666,2020-01-05,86.0,98.0,0.0,5.5,2.8,20.2,15.0,5.2,5.0
PORT HARDY A,50.68055555555556,-127.36666666666666,2020-01-09,87.0,96.0,-1.0,3.4,1.2,0.2,0.2,0.0,0.0
PORT HARDY A,50.68055555555556,-127.36666666666666,2020-01-14,57.0,77.0,-8.1,-3.1,-5.6,0.0,0.0,0.0,2.0
PORT HARDY A,50.68055555555556,-127.36666666666666,2020-01-15,72.0,86.0,-6.1,-2.8,-4.5,1.6,0.0,3.0,0.0
PORT HARDY A,50.68055555555556,-127.36666666666666,2020-01-16,71.0,98.0,-3.2,0.4,-1.4,4.4,1.4,5.2,5.0
PORT HARDY A,50.68055555555556,-127.36666666666666,2020-01-17,78.0,95.0,-5.7,1.6,-2.1,0.6,0.0,1.0,5.0
PORT HARDY A,50.68055555555556,-127.36666666666666,2020-01-18,87.0,95.0,0.4,5.6,3.0,21.0,15.9,1.0,4.0
PORT HARDY A,50.68055555555556,-127.36666666666666,2020-02-02,83.0,99.0,-0.3,3.2,1.5,5.6,5.6,0.0,0.0
PORT HARDY A,50.68055555555556,-127.36666666666666,2020-02-03,64.0,95.0,-3.6,4.4,0.4,0.0,0.0,0.0,0.0
PORT HARDY A,50.68055555555556,-127.36666666666666,2020-02-04,86.0,97.0,0.8,3.2,2.0,18.8,18.8,0.0,0.0
PORT HARDY A,50.68055555555556,-127.36666666666666,2020-03-06,76.0,99.0,-1.1,5.5,2.2,10.4,1.2,3.4,3.0
PORT HARDY A,50.68055555555556,-127.36666666666666,2020-03-07,77.0,99.0,-1.9,4.7,1.4,6.4,3.6,2.8,3.0
PORT HARDY A,50.68055555555556,-127.36666666666666,2020-03-08,69.0,98.0,-1.6,5.6,2.0,0.0,0.0,0.0,0.0
PORT HARDY A,50.68055555555556,-127.36666666666666,2020-03-10,72.0,99.0,1.2,6.2,3.7,41.0,41.0,0.0,0.0
PORT HARDY A,50.68055555555556,-127.36666666666666,2021-02-12,41.0,88.0,-3.0,0.0,-1.5,0.6,0.0,0.6,1.0
PORT HARDY A,50.68055555555556,-127.36666666666666,2021-02-13,82.0,95.0,-2.4,1.2,-0.6,6.8,0.0,5.0,2.0
PORT HARDY A,50.68055555555556,-127.36666666666666,2021-02-14,77.0,93.0,0.6,3.0,1.8,2.6,0.0,1.6,5.0
PORT HARDY A,50.68055555555556,-127.36666666666666,2021-02-15,79.0,98.0,2.3,6.2,4.3,0.6,0.6,0.0,4.0
PORT HARDY A,50.68055555555556,-127.36666666666666,2021-02-17,67.0,97.0,-1.8,6.0,2.1,0.0,0.0,0.0,2.0
PORT HARDY A,50.68055555555556,-127.36666666666666,2021-02-18,67.0,99.0,1.3,5.8,3.6,4.9,4.9,0.0,2.0
PORT HARDY A,50.68055555555556,-127.36666666666666,2021-02-19,87.0,99.0,0.3,5.6,3.0,7.0,7.0,0.0,1.0
PORT HARDY A,50.68055555555556,-127.36666666666666,2021-03-14,63.0,98.0,0.0,6.4,3.2,30.4,17.4,13.0,6.0
PORT HARDY A,50.68055555555556,-127.36666666666666,2021-03-15,56.0,96.0,-1.8,5.9,2.1,0.0,0.0,0.0,7.0
PORT HARDY A,50.68055555555556,-127.36666666666666,2021-04-10,50.0,95.0,0.2,7.8,4.0,2.4,0.5,1.9,0.0
PORT HARDY A,50.68055555555556,-127.36666666666666,2021-12-05,77.0,97.0,-3.1,2.1,-0.5,4.6,0.0,3.6,3.0
PORT HARDY A,50.68055555555556,-127.36666666666666,2021-12-06,86.0,97.0,0.4,4.1,2.3,9.3,1.6,6.4,3.0
PORT HARDY A,50.68055555555556,-127.36666666666666,2021-12-11,87.0,97.0,-0.4,5.4,2.5,8.6,8.6,0.0,0.0
PORT HARDY A,50.68055555555556,-127.36666666666666,2021-12-12,87.0,98.0,-1.9,1.8,-0.1,6.1,0.0,6.1,3.0
PORT HARDY A,50.68055555555556,-127.36666666666666,2021-12-13,79.0,98.0,-0.9,4.9,2.0,0.8,0.8,0.0,2.0
PORT HARDY A,50.68055555555556,-127.36666666666666,2021-12-22,93.0,98.0,0.1,3.1,1.6,20.5,9.1,2.6,3.0
PORT HARDY A,50.68055555555556,-127.36666666666666,2021-12-23,78.0,98.0,-0.1,2.0,1.0,1.0,0.0,0.2,0.0
PORT HARDY A,50.68055555555556,-127.36666666666666,2021-12-24,73.0,96.0,-1.0,2.2,0.6,5.0,0.0,5.0,1.0
PORT HARDY A,50.68055555555556,-127.36666666666666,2021-12-25,73.0,92.0,-5.6,-1.0,-3.3,8.2,0.0,8.4,1.0
PORT HARDY A,50.68055555555556,-127.36666666666666,2021-12-26,42.0,85.0,-11.5,-5.2,-8.4,3.8,0.0,8.0,13.0
PORT HARDY A,50.68055555555556,-127.36666666666666,2021-12-27,66.0,88.0,-11.7,-4.4,-8.1,3.2,0.0,6.3,14.0
PORT HARDY A,50.68055555555556,-127.36666666666666,2021-12-28,79.0,92.0,-5.9,-2.9,-4.4,0.0,0.0,0.0,14.0
PORT HARDY A,50.68055555555556,-127.36666666666666,2021-12-29,77.0,92.0,-7.8,-1.0,-4.4,1.0,0.0,2.0,11.0
PORT HARDY A,50.68055555555556,-127.36666666666666,2021-12-30,82.0,96.0,-2.6,1.4,-0.6,6.1,0.0,3.5,15.0
PORT HARDY A,50.68055555555556,-127.36666666666666,2021-12-31,76.0,95.0,-8.1,0.7,-3.7,0.0,0.0,0.0,12.0
PORT HARDY A,50.68055555555556,-127.36666666666666,2022-01-01,77.0,97.0,-0.2,2.2,1.0,18.6,18.6,0.0,11.0
PORT HARDY A,50.68055555555556,-127.36666666666666,2022-01-02,86.0,98.0,0.2,3.8,2.0,8.1,8.1,0.0,9.0
PORT HARDY A,50.68055555555556,-127.36666666666666,2022-01-04,83.0,98.0,-1.9,2.0,0.1,4.6,0.0,4.2,7.0
PORT HARDY A,50.68055555555556,-127.36666666666666,2022-01-05,82.0,97.0,-1.1,-0.1,-0.6,5.4,0.0,5.4,9.0
PORT HARDY A,50.68055555555556,-127.36666666666666,2022-01-06,81.0,95.0,-0.8,1.9,0.6,5.0,0.8,4.0,12.0
PORT HARDY A,50.68055555555556,-127.36666666666666,2022-01-07,67.0,97.0,-4.2,1.9,-1.2,0.6,0.6,0.0,10.0
PORT HARDY A,50.68055555555556,-127.36666666666666,2022-01-08,81.0,95.0,-2.9,3.3,0.2,2.0,0.2,1.8,8.0
PORT HARDY A,50.68055555555556,-127.36666666666666,2022-01-09,75.0,85.0,3.2,6.7,5.0,0.0,0.0,0.0,7.0
PORT HARDY A,50.68055555555556,-127.36666666666666,2022-01-10,75.0,95.0,5.8,7.4,6.6,9.5,9.5,0.0,3.0
PORT HARDY A,50.68055555555556,-127.36666666666666,2022-01-11,87.0,98.0,4.4,8.9,6.7,7.3,7.3,0.0,1.0
PORT HARDY A,50.68055555555556,-127.36666666666666,2022-01-12,91.0,98.0,5.4,8.8,7.1,13.7,13.7,0.0,0.0
PORT HARDY A,50.68055555555556,-127.36666666666666,2022-01-13,85.0,98.0,1.0,9.2,5.1,0.6,0.6,0.0,0.0
PORT HARDY A,50.68055555555556,-127.36666666666666,2022-01-14,81.0,99.0,1.1,9.4,5.3,1.0,1.0,0.0,0.0
PORT HARDY A,50.68055555555556,-127.36666666666666,2022-03-27,85.0,98.0,5.9,9.4,7.7,5.9,5.9,0.0,0.0
PORT HARDY A,50.68055555555556,-127.36666666666666,2022-11-06,69.0,100.0,0.0,4.8,2.4,17.2,7.8,1.6,1.0
PORT HARDY A,50.68055555555556,-127.36666666666666,2022-11-29,84.0,100.0,-1.9,1.1,-0.4,13.6,2.0,9.0,2.0
PORT HARDY A,50.68055555555556,-127.36666666666666,2022-11-30,68.0,98.0,-3.5,1.0,-1.3,0.5,0.5,0.0,5.0
PORT HARDY A,50.68055555555556,-127.36666666666666,2022-12-02,78.0,93.0,-2.3,2.1,-0.1,0.0,0.0,0.0,2.0
PORT HARDY A,50.68055555555556,-127.36666666666666,2022-12-03,70.0,99.0,-3.1,4.2,0.6,0.0,0.0,0.0,2.0
PORT HARDY A,50.68055555555556,-127.36666666666666,2022-12-06,96.0,100.0,0.4,4.1,2.3,2.3,2.3,0.0,0.0
PORT HARDY A,50.68055555555556,-127.36666666666666,2022-12-18,56.0,92.0,-6.0,0.7,-2.7,1.8,0.0,2.0,0.0
PORT HARDY A,50.68055555555556,-127.36666666666666,2022-12-19,62.0,77.0,-7.5,-3.7,-5.6,0.0,0.0,0.0,2.0
PORT HARDY A,50.68055555555556,-127.36666666666666,2022-12-20,62.0,93.0,-6.8,-2.5,-4.7,0.0,0.0,0.0,2.0
PORT HARDY A,50.68055555555556,-127.36666666666666,2022-12-21,50.0,86.0,-9.8,-3.2,-6.5,0.0,0.0,0.0,2.0
PORT HARDY A,50.68055555555556,-127.36666666666666,2022-12-22,63.0,93.0,-4.3,-2.3,-3.3,6.7,0.0,5.0,1.0
PORT HARDY A,50.68055555555556,-127.36666666666666,2022-12-23,82.0,93.0,-2.8,3.0,0.1,15.3,15.3,0.0,5.0
PORT HARDY A,50.68055555555556,-127.36666666666666,2022-12-24,84.0,100.0,1.7,8.7,5.2,16.8,16.8,0.0,1.0
PORT HARDY A,50.68055555555556,-127.36666666666666,2022-12-25,89.0,100.0,1.7,8.4,5.1,28.0,28.0,0.0,0.0
PORT HARDY A,50.68055555555556,-127.36666666666666,2023-02-13,80.0,99.0,-0.9,5.2,2.2,16.8,16.8,0.0,0.0
PORT HARDY A,50.68055555555556,-127.36666666666666,2023-02-25,79.0,100.0,-2.1,0.7,-0.7,20.5,0.0,20.0,3.0
PORT HARDY A,50.68055555555556,-127.36666666666666,2023-02-26,86.0,100.0,-2.3,3.0,0.4,2.9,0.4,2.5,10.0
PORT HARDY A,50.68055555555556,-127.36666666666666,2023-02-27,69.0,100.0,-2.2,4.0,0.9,0.2,0.0,0.2,10.0
PORT HARDY A,50.68055555555556,-127.36666666666666,2023-02-28,63.0,100.0,-3.8,4.1,0.2,0.0,0.0,0.0,8.0
PORT HARDY A,50.68055555555556,-127.36666666666666,2023-03-01,81.0,99.0,-1.9,3.5,0.8,4.3,3.5,0.8,6.0
PORT HARDY A,50.68055555555556,-127.36666666666666,2023-03-02,79.0,100.0,-0.2,5.4,2.6,7.2,4.8,0.0,4.0
PORT HARDY A,50.68055555555556,-127.36666666666666,2023-03-03,82.0,99.0,0.1,4.9,2.5,1.1,0.0,0.0,0.0
PORT HARDY A,50.68055555555556,-127.36666666666666,2023-03-04,59.0,89.0,2.3,8.0,5.2,0.0,0.0,0.0,0.0
PORT HARDY A,50.68055555555556,-127.36666666666666,2023-03-05,65.0,95.0,0.2,7.9,4.1,0.3,0.3,0.0,0.0
PORT HARDY A,50.68055555555556,-127.36666666666666,2023-11-08,84.0,95.0,7.1,9.8,8.5,1.3,1.3,0.0,0.0
REVELSTOKE A,50.96111111111111,-118.18333333333334,2013-01-04,74.0,93.0,-6.7,-3.8,-5.3,3.7,0.0,5.0,27.0
REVELSTOKE A,50.96111111111111,-118.18333333333334,2013-01-05,78.0,95.0,-6.0,-3.3,-4.7,3.2,0.0,3.0,30.0
REVELSTOKE A,50.96111111111111,-118.18333333333334,2013-01-06,94.0,98.0,-3.5,0.4,-1.6,10.4,0.0,11.0,41.0
REVELSTOKE A,50.96111111111111,-118.18333333333334,2013-01-07,83.0,99.0,-1.0,0.5,-0.3,6.3,0.0,11.0,44.0
REVELSTOKE A,50.96111111111111,-118.18333333333334,2013-01-08,91.0,99.0,-4.0,0.5,-1.8,13.9,0.0,7.0,53.0
TERRACE A,54.466388888888886,-128.5775,2013-01-01,84.0,100.0,-5.8,0.0,-2.9,0.0,0.0,0.0,4.0
TERRACE A,54.466388888888886,-128.5775,2013-01-02,91.0,99.0,-8.1,2.1,-3.0,4.2,3.6,0.6,4.0
TERRACE A,54.466388888888886,-128.5775,2013-01-03,94.0,100.0,-0.1,2.1,1.0,2.6,2.6,0.0,4.0
TERRACE A,54.466388888888886,-128.5775,2013-01-04,94.0,100.0,-0.4,1.9,0.8,1.8,0.2,0.6,2.0
TERRACE A,54.466388888888886,-128.5775,2013-01-05,78.0,100.0,-2.5,0.9,-0.8,3.1,0.0,3.8,1.0
TERRACE A,54.466388888888886,-128.5775,2013-01-06,91.0,100.0,-2.0,-0.3,-1.2,3.8,0.0,3.6,8.0
TERRACE A,54.466388888888886,-128.5775,2013-01-07,92.0,100.0,-2.0,1.8,-0.1,6.0,0.0,5.6,11.0
TERRACE A,54.466388888888886,-128.5775,2013-01-08,85.0,100.0,-1.3,1.4,0.1,1.2,0.0,1.0,15.0
TERRACE A,54.466388888888886,-128.5775,2013-01-09,69.0,81.0,-4.4,-0.9,-2.7,0.0,0.0,0.0,15.0
TERRACE A,54.466388888888886,-128.5775,2013-01-10,79.0,87.0,-11.3,-4.2,-7.8,0.0,0.0,0.0,14.0
TERRACE A,54.466388888888886,-128.5775,2013-01-11,76.0,85.0,-14.0,-10.7,-12.4,0.0,0.0,0.0,14.0
TERRACE A,54.466388888888886,-128.5775,2013-01-12,71.0,80.0,-13.0,-10.4,-11.7,0.0,0.0,0.0,14.0
TERRACE A,54.466388888888886,-128.5775,2013-01-13,77.0,98.0,-13.2,-6.6,-9.9,0.4,0.0,0.4,14.0
TERRACE A,54.466388888888886,-128.5775,2013-01-14,94.0,100.0,-6.6,1.9,-2.4,0.0,0.0,0.0,10.0
TERRACE A,54.466388888888886,-128.5775,2013-01-15,81.0,100.0,1.1,4.3,2.7,1.6,1.6,0.0,10.0
TERRACE A,54.466388888888886,-128.5775,2013-01-16,93.0,99.0,2.9,4.5,3.7,0.2,0.2,0.0,0.0
TERRACE A,54.46861111111111,-128.57833333333335,2018-11-08,86.0,98.0,-1.5,1.8,0.2,0.6,0.6,0.0,0.0
TERRACE A,54.46861111111111,-128.57833333333335,2018-12-08,65.0,94.0,-5.7,-1.9,-3.8,1.0,0.0,1.0,1.0
TERRACE A,54.46861111111111,-128.57833333333335,2018-12-09,70.0,98.0,-6.7,2.5,-2.1,10.6,3.6,5.8,3.0
TERRACE A,54.46861111111111,-128.57833333333335,2018-12-10,83.0,98.0,0.2,3.6,1.9,4.8,3.8,1.0,4.0
TERRACE A,54.46861111111111,-128.57833333333335,2018-12-11,93.0,98.0,0.1,3.3,1.7,30.2,27.2,3.0,2.0
TERRACE A,54.46861111111111,-128.57833333333335,2018-12-12,86.0,99.0,0.0,3.0,1.5,25.2,15.2,10.0,0.0
TERRACE A,54.46861111111111,-128.57833333333335,2018-12-13,84.0,98.0,-1.4,2.8,0.7,12.4,10.9,1.5,6.0
TERRACE A,54.46861111111111,-128.57833333333335,2018-12-14,90.0,98.0,-1.3,0.2,-0.6,12.3,0.0,14.0,4.0
TERRACE A,54.46861111111111,-128.57833333333335,2018-12-15,81.0,98.0,-3.5,1.5,-1.0,0.0,0.0,0.0,16.0
TERRACE A,54.46861111111111,-128.57833333333335,2018-12-16,88.0,99.0,-0.5,1.3,0.4,7.2,3.8,2.2,15.0
TERRACE A,54.46861111111111,-128.57833333333335,2018-12-17,88.0,99.0,0.0,3.3,1.7,6.5,6.5,0.0,12.0
TERRACE A,54.46861111111111,-128.57833333333335,2018-12-18,93.0,98.0,0.3,3.0,1.7,10.2,10.2,0.0,9.0
TERRACE A,54.46861111111111,-128.57833333333335,2018-12-19,91.0,99.0,0.0,2.6,1.3,6.2,4.4,1.4,6.0
TERRACE A,54.46861111111111,-128.57833333333335,2018-12-20,80.0,99.0,-3.4,0.6,-1.4,1.6,0.0,1.4,7.0
TERRACE A,54.46861111111111,-128.57833333333335,2018-12-21,86.0,98.0,-7.3,-0.5,-3.9,0.0,0.0,0.0,6.0
TERRACE A,54.46861111111111,-128.57833333333335,2018-12-22,75.0,94.0,-4.3,-2.6,-3.5,3.2,0.0,1.6,6.0
TERRACE A,54.46861111111111,-128.57833333333335,2018-12-23,80.0,98.0,-3.4,-0.4,-1.9,3.5,0.0,4.2,5.0
TERRACE A,54.46861111111111,-128.57833333333335,2018-12-24,96.0,99.0,-1.2,1.5,0.2,0.2,0.0,1.0,6.0
TERRACE A,54.46861111111111,-128.57833333333335,2018-12-25,88.0,100.0,-2.2,0.8,-0.7,0.0,0.0,0.0,3.0
TERRACE A,54.46861111111111,-128.57833333333335,2018-12-26,91.0,99.0,-1.9,0.2,-0.9,1.1,0.0,1.4,2.0
TERRACE A,54.46861111111111,-128.57833333333335,2018-12-27,93.0,99.0,-1.2,-0.5,-0.9,2.6,0.0,2.6,3.0
TERRACE A,54.46861111111111,-128.57833333333335,2018-12-28,97.0,99.0,-0.9,0.5,-0.2,9.0,0.2,5.2,8.0
TERRACE A,54.46861111111111,-128.57833333333335,2018-12-29,86.0,99.0,-0.4,3.4,1.5,19.4,2.6,15.8,25.0
TERRACE A,54.46861111111111,-128.57833333333335,2018-12-30,94.0,99.0,-3.1,1.4,-0.9,0.0,0.0,0.0,26.0
TERRACE A,54.46861111111111,-128.57833333333335,2018-12-31,94.0,99.0,-2.1,0.7,-0.7,3.4,1.2,0.4,26.0
TERRACE A,54.46861111111111,-128.57833333333335,2019-01-01,92.0,99.0,0.3,5.0,2.7,1.0,1.0,0.0,14.0
TERRACE A,54.46861111111111,-128.57833333333335,2019-01-02,93.0,100.0,-1.2,5.2,2.0,11.6,11.6,0.0,1.0
TERRACE A,54.46861111111111,-128.57833333333335,2019-01-03,78.0,100.0,-2.4,-0.5,-1.5,0.4,0.0,0.4,0.0
TERRACE A,54.46861111111111,-128.57833333333335,2019-01-04,72.0,91.0,-1.8,0.6,-0.6,1.0,0.0,1.4,1.0
TERRACE A,54.46861111111111,-128.57833333333335,2019-01-05,87.0,97.0,-2.1,-0.5,-1.3,8.7,0.0,10.2,7.0
TERRACE A,54.46861111111111,-128.57833333333335,2019-01-06,74.0,95.0,-2.8,-1.2,-2.0,15.6,0.0,17.8,9.0
TERRACE A,54.46861111111111,-128.57833333333335,2019-01-07,77.0,96.0,-11.2,-2.1,-6.7,1.6,0.0,3.6,12.0
TERRACE A,54.46861111111111,-128.57833333333335,2019-01-08,71.0,95.0,-7.0,-4.9,-6.0,0.2,0.0,0.4,15.0
TERRACE A,54.46861111111111,-128.57833333333335,2019-01-09,81.0,93.0,-5.7,-1.8,-3.8,6.9,0.0,9.0,4.0
TERRACE A,54.46861111111111,-128.57833333333335,2019-01-10,83.0,99.0,-2.7,0.2,-1.3,16.6,9.8,7.0,8.0
TERRACE A,54.46861111111111,-128.57833333333335,2019-01-11,98.0,99.0,0.0,1.3,0.7,43.4,41.6,1.8,8.0
TERRACE A,54.46861111111111,-128.57833333333335,2019-01-12,94.0,99.0,0.0,2.2,1.1,25.2,4.2,21.0,13.0
TERRACE A,54.46861111111111,-128.57833333333335,2019-01-13,96.0,100.0,0.1,2.1,1.1,2.9,2.9,0.0,9.0
TERRACE A,54.46861111111111,-128.57833333333335,2019-01-14,88.0,100.0,0.4,4.1,2.3,6.7,6.7,0.0,6.0
TERRACE A,54.46861111111111,-128.57833333333335,2019-01-15,75.0,92.0,1.2,3.8,2.5,0.0,0.0,0.0,5.0
TERRACE A,54.46861111111111,-128.57833333333335,2019-01-16,57.0,82.0,-0.7,2.7,1.0,0.0,0.0,0.0,3.0
TERRACE A,54.46861111111111,-128.57833333333335,2019-01-17,59.0,73.0,-0.9,2.1,0.6,0.0,0.0,0.0,3.0
TERRACE A,54.46861111111111,-128.57833333333335,2019-01-18,59.0,98.0,-2.5,0.4,-1.1,6.0,0.0,7.6,2.0
TERRACE A,54.46861111111111,-128.57833333333335,2019-01-19,74.0,97.0,-2.1,2.5,0.2,6.0,2.8,3.2,4.0
TERRACE A,54.46861111111111,-128.57833333333335,2019-01-20,89.0,97.0,1.3,3.2,2.3,0.0,0.0,0.0,2.0
TERRACE A,54.46861111111111,-128.57833333333335,2019-01-21,91.0,99.0,0.3,2.6,1.5,1.2,1.0,0.2,1.0
TERRACE A,54.46861111111111,-128.57833333333335,2019-01-22,89.0,99.0,0.1,2.5,1.3,5.9,3.5,1.4,1.0
TERRACE A,54.46861111111111,-128.57833333333335,2019-01-23,92.0,99.0,0.3,3.0,1.7,0.2,0.2,0.0,0.0
TERRACE A,54.46861111111111,-128.57833333333335,2019-01-24,98.0,100.0,0.3,1.9,1.1,1.2,1.2,0.0,0.0
TERRACE A,54.46861111111111,-128.57833333333335,2019-01-25,94.0,100.0,0.3,5.2,2.8,4.4,4.4,0.0,0.0
TERRACE A,54.46861111111111,-128.57833333333335,2019-01-26,85.0,99.0,4.1,7.0,5.6,10.5,10.5,0.0,0.0
TERRACE A,54.46861111111111,-128.57833333333335,2019-01-29,66.0,97.0,-2.8,-0.2,-1.5,2.5,0.0,3.0,0.0
TERRACE A,54.46861111111111,-128.57833333333335,2019-01-30,85.0,98.0,-2.4,0.9,-0.8,0.5,0.0,0.0,2.0
TERRACE A,54.46861111111111,-128.57833333333335,2019-01-31,98.0,99.0,-0.1,0.8,0.4,15.1,10.3,3.6,0.0
TERRACE A,54.46861111111111,-128.57833333333335,2019-02-01,79.0,99.0,-7.4,0.6,-3.4,2.5,0.2,1.4,2.0
TERRACE A,54.46861111111111,-128.57833333333335,2019-02-02,47.0,85.0,-16.3,-7.1,-11.7,0.4,0.0,0.4,4.0
TERRACE A,54.46861111111111,-128.57833333333335,2019-02-03,46.0,57.0,-16.8,-11.0,-13.9,0.0,0.0,0.0,4.0
TERRACE A,54.46861111111111,-128.57833333333335,2019-02-04,60.0,72.0,-17.0,-12.2,-14.6,0.0,0.0,0.0,4.0
TERRACE A,54.46861111111111,-128.57833333333335,2019-02-05,60.0,71.0,-15.2,-9.8,-12.5,0.0,0.0,0.0,4.0
TERRACE A,54.46861111111111,-128.57833333333335,2019-02-06,68.0,79.0,-11.2,-6.5,-8.9,0.0,0.0,0.0,4.0
TERRACE A,54.46861111111111,-128.57833333333335,2019-02-07,73.0,86.0,-7.7,-4.0,-5.9,0.0,0.0,0.0,4.0
TERRACE A,54.46861111111111,-128.57833333333335,2019-02-10,51.0,66.0,-12.1,-3.6,-7.9,0.0,0.0,0.0,4.0
TERRACE A,54.46861111111111,-128.57833333333335,2019-02-11,44.0,71.0,-8.6,-2.6,-5.6,0.0,0.0,0.0,3.0
TERRACE A,54.46861111111111,-128.57833333333335,2019-02-12,40.0,73.0,-10.0,-4.5,-7.3,0.0,0.0,0.0,2.0
TERRACE A,54.46861111111111,-128.57833333333335,2019-02-13,49.0,75.0,-13.2,-6.8,-10.0,0.0,0.0,0.0,2.0
TERRACE A,54.46861111111111,-128.57833333333335,2019-02-14,38.0,63.0,-8.4,-0.8,-4.6,0.0,0.0,0.0,2.0
TERRACE A,54.46861111111111,-128.57833333333335,2019-02-15,37.0,57.0,-5.7,-1.9,-3.8,0.0,0.0,0.0,2.0
TERRACE A,54.46861111111111,-128.57833333333335,2019-02-16,42.0,68.0,-9.2,-3.3,-6.3,0.0,0.0,0.0,2.0
TERRACE A,54.46861111111111,-128.57833333333335,2019-02-17,39.0,61.0,-9.9,-3.5,-6.7,0.0,0.0,0.0,2.0
TERRACE A,54.46861111111111,-128.57833333333335,2019-02-18,45.0,79.0,-12.3,-1.9,-7.1,0.0,0.0,0.0,1.0
TERRACE A,54.46861111111111,-128.57833333333335,2019-02-19,66.0,96.0,-5.2,0.4,-2.4,0.6,0.0,1.0,0.0
TERRACE A,54.46861111111111,-128.57833333333335,2019-02-20,65.0,98.0,-4.8,3.9,-0.5,0.0,0.0,0.0,0.0
TERRACE A,54.46861111111111,-128.57833333333335,2019-02-21,82.0,98.0,-6.3,0.2,-3.1,2.8,0.0,3.0,0.0
TERRACE A,54.46861111111111,-128.57833333333335,2019-02-22,88.0,98.0,-1.0,0.7,-0.2,5.0,0.0,6.6,4.0
TERRACE A,54.46861111111111,-128.57833333333335,2019-02-23,45.0,89.0,-6.6,0.6,-3.0,0.0,0.0,0.0,9.0
TERRACE A,54.46861111111111,-128.57833333333335,2019-02-24,45.0,69.0,-10.6,-3.7,-7.2,0.0,0.0,0.0,6.0
TERRACE A,54.46861111111111,-128.57833333333335,2019-02-25,37.0,65.0,-11.7,-2.0,-6.9,0.0,0.0,0.0,5.0
TERRACE A,54.46861111111111,-128.57833333333335,2019-02-26,39.0,67.0,-9.5,0.5,-4.5,0.0,0.0,0.0,4.0
TERRACE A,54.46861111111111,-128.57833333333335,2019-02-27,43.0,66.0,-6.4,3.1,-1.7,0.0,0.0,0.0,4.0
TERRACE A,54.46861111111111,-128.57833333333335,2019-02-28,40.0,78.0,-3.6,5.7,1.1,0.0,0.0,0.0,2.0
TERRACE A,54.46861111111111,-128.57833333333335,2019-03-01,49.0,93.0,-7.7,3.9,-1.9,0.0,0.0,0.0,0.0
TERRACE A,54.46861111111111,-128.57833333333335,2019-03-02,23.0,52.0,-9.1,-2.4,-5.8,0.0,0.0,0.0,0.0
TERRACE A,54.46861111111111,-128.57833333333335,2019-03-03,23.0,46.0,-11.4,-1.0,-6.2,0.0,0.0,0.0,0.0
TERRACE A,54.46861111111111,-128.57833333333335,2019-03-04,27.0,52.0,-9.9,1.4,-4.3,0.0,0.0,0.0,0.0
TERRACE A,54.46861111111111,-128.57833333333335,2019-03-05,25.0,57.0,-8.1,3.5,-2.3,0.0,0.0,0.0,0.0
TERRACE A,54.46861111111111,-128.57833333333335,2019-03-06,25.0,57.0,-7.0,4.3,-1.4,0.0,0.0,0.0,0.0
TERRACE A,54.46861111111111,-128.57833333333335,2019-03-10,67.0,96.0,-7.1,1.0,-3.1,9.8,0.2,6.8,3.0
TERRACE A,54.46861111111111,-128.57833333333335,2019-03-11,92.0,99.0,-0.3,1.7,0.7,4.6,0.6,3.0,4.0
TERRACE A,54.46861111111111,-128.57833333333335,2019-03-12,80.0,99.0,-0.4,4.3,2.0,0.0,0.0,0.0,4.0
TERRACE A,54.46861111111111,-128.57833333333335,2019-03-14,89.0,99.0,0.1,4.5,2.3,7.7,5.1,4.0,3.0
TERRACE A,54.46861111111111,-128.57833333333335,2019-04-04,50.0,96.0,4.0,8.4,6.2,0.8,0.8,0.0,0.0
TERRACE A,54.46861111111111,-128.57833333333335,2019-04-05,64.0,99.0,4.2,11.7,8.0,5.2,5.2,0.0,0.0
TERRACE A,54.46861111111111,-128.57833333333335,2019-04-06,67.0,98.0,2.0,9.3,5.7,0.2,0.2,0.0,0.0
TERRACE A,54.46861111111111,-128.57833333333335,2019-04-07,86.0,95.0,2.8,7.4,5.1,7.9,7.9,0.0,0.0
TERRACE A,54.46861111111111,-128.57833333333335,2019-11-11,66.0,93.0,-2.4,-0.4,-1.4,6.6,2.2,4.0,3.0
TERRACE A,54.46861111111111,-128.57833333333335,2019-11-12,91.0,99.0,-1.7,0.3,-0.7,3.2,3.2,0.0,4.0
TERRACE A,54.46861111111111,-128.57833333333335,2019-11-13,97.0,99.0,0.1,3.0,1.6,0.2,0.2,0.0,3.0
TERRACE A,54.46861111111111,-128.57833333333335,2019-11-25,92.0,99.0,-0.2,2.4,1.1,1.6,0.7,0.7,0.0
TERRACE A,54.46861111111111,-128.57833333333335,2019-11-26,70.0,97.0,-1.6,1.6,0.0,0.0,0.0,0.0,0.0
TERRACE A,54.46861111111111,-128.57833333333335,2019-11-30,58.0,82.0,-8.6,-2.6,-5.6,0.0,0.0,0.0,0.0
TERRACE A,54.46861111111111,-128.57833333333335,2019-12-02,85.0,95.0,-4.4,4.1,-0.2,2.0,0.6,2.0,2.0
TERRACE A,54.46861111111111,-128.57833333333335,2019-12-03,93.0,99.0,0.0,3.8,1.9,2.6,1.4,1.2,0.0
TERRACE A,54.46861111111111,-128.57833333333335,2019-12-04,91.0,99.0,-1.4,1.7,0.2,0.4,0.2,0.2,1.0
TERRACE A,54.46861111111111,-128.57833333333335,2019-12-05,83.0,97.0,-3.2,0.4,-1.4,0.0,0.0,0.0,0.0
TERRACE A,54.46861111111111,-128.57833333333335,2019-12-09,72.0,84.0,-7.8,-4.3,-6.1,0.0,0.0,0.0,0.0
TERRACE A,54.46861111111111,-128.57833333333335,2019-12-10,73.0,91.0,-6.8,-2.2,-4.5,0.0,0.0,0.0,0.0
TERRACE A,54.46861111111111,-128.57833333333335,2019-12-11,80.0,93.0,-2.8,-1.5,-2.2,0.6,0.4,0.2,0.0
TERRACE A,54.46861111111111,-128.57833333333335,2019-12-12,85.0,98.0,-1.9,0.1,-0.9,7.0,0.0,8.0,2.0
TERRACE A,54.46861111111111,-128.57833333333335,2019-12-13,97.0,99.0,-0.5,0.3,-0.1,0.4,0.2,0.2,7.0
TERRACE A,54.46861111111111,-128.57833333333335,2019-12-14,88.0,98.0,-3.3,-0.1,-1.7,0.0,0.0,0.0,5.0
TERRACE A,54.46861111111111,-128.57833333333335,2019-12-15,89.0,93.0,-5.2,-1.8,-3.5,0.0,0.0,0.0,5.0
TERRACE A,54.46861111111111,-128.57833333333335,2019-12-16,85.0,96.0,-5.1,-2.4,-3.8,16.8,0.0,18.0,10.0
TERRACE A,54.46861111111111,-128.57833333333335,2019-12-17,88.0,99.0,-2.8,3.9,0.6,38.3,22.9,10.6,33.0
TERRACE A,54.46861111111111,-128.57833333333335,2019-12-18,99.0,99.0,0.0,2.0,1.0,4.8,4.8,0.0,23.0
TERRACE A,54.46861111111111,-128.57833333333335,2019-12-19,97.0,99.0,-0.8,1.5,0.4,5.2,5.2,0.0,14.0
TERRACE A,54.46861111111111,-128.57833333333335,2019-12-20,97.0,99.0,-2.4,1.1,-0.7,2.8,1.2,1.6,13.0
TERRACE A,54.46861111111111,-128.57833333333335,2019-12-21,98.0,100.0,0.0,1.1,0.6,2.4,2.4,0.0,13.0
TERRACE A,54.46861111111111,-128.57833333333335,2019-12-22,92.0,100.0,-1.0,0.5,-0.3,0.0,0.0,0.0,13.0
TERRACE A,54.46861111111111,-128.57833333333335,2019-12-23,94.0,99.0,-1.6,2.0,0.2,0.8,0.6,0.2,13.0
TERRACE A,54.46861111111111,-128.57833333333335,2019-12-24,92.0,99.0,-1.7,1.7,0.0,10.5,1.1,9.4,16.0
TERRACE A,54.46861111111111,-128.57833333333335,2019-12-25,90.0,99.0,-5.2,-0.3,-2.8,0.2,0.0,0.2,18.0
TERRACE A,54.46861111111111,-128.57833333333335,2019-12-26,90.0,98.0,-4.2,1.0,-1.6,11.5,0.3,12.0,20.0
TERRACE A,54.46861111111111,-128.57833333333335,2019-12-27,92.0,99.0,0.0,1.9,1.0,2.8,2.2,0.6,26.0
TERRACE A,54.46861111111111,-128.57833333333335,2019-12-28,90.0,99.0,0.6,4.5,2.6,25.6,25.6,0.0,23.0
TERRACE A,54.46861111111111,-128.57833333333335,2019-12-29,95.0,99.0,0.3,3.6,2.0,0.8,0.8,0.0,20.0
TERRACE A,54.46861111111111,-128.57833333333335,2019-12-30,93.0,99.0,0.4,3.1,1.8,22.4,22.4,0.0,15.0
TERRACE A,54.46861111111111,-128.57833333333335,2019-12-31,92.0,100.0,0.2,2.9,1.6,5.2,5.2,0.0,7.0
TERRACE A,54.46861111111111,-128.57833333333335,2020-01-01,80.0,99.0,-1.2,3.2,1.0,4.8,4.4,0.6,3.0
TERRACE A,54.46861111111111,-128.57833333333335,2020-01-02,75.0,95.0,-4.5,-0.5,-2.5,0.4,0.0,0.4,2.0
TERRACE A,54.46861111111111,-128.57833333333335,2020-01-03,89.0,97.0,-3.2,0.6,-1.3,48.8,0.0,58.4,15.0
TERRACE A,54.46861111111111,-128.57833333333335,2020-01-04,87.0,98.0,-1.3,1.1,-0.1,3.5,0.1,3.4,37.0
TERRACE A,54.46861111111111,-128.57833333333335,2020-01-05,91.0,98.0,-1.6,1.0,-0.3,22.6,0.0,22.8,47.0
TERRACE A,54.46861111111111,-128.57833333333335,2020-01-06,88.0,99.0,-5.1,0.1,-2.5,0.2,0.0,0.2,49.0
TERRACE A,54.46861111111111,-128.57833333333335,2020-01-07,75.0,90.0,-6.6,-4.2,-5.4,0.0,0.0,0.0,49.0
TERRACE A,54.46861111111111,-128.57833333333335,2020-01-08,88.0,97.0,-9.9,-5.3,-7.6,1.0,0.0,1.2,49.0
TERRACE A,54.46861111111111,-128.57833333333335,2020-01-09,86.0,95.0,-6.9,-5.6,-6.3,6.4,0.0,18.0,43.0
TERRACE A,54.46861111111111,-128.57833333333335,2020-01-10,81.0,93.0,-6.5,-3.4,-5.0,20.8,0.0,25.0,58.0
TERRACE A,54.46861111111111,-128.57833333333335,2020-01-11,79.0,93.0,-8.2,-2.7,-5.5,2.0,0.0,2.0,42.0
TERRACE A,54.46861111111111,-128.57833333333335,2020-01-12,46.0,85.0,-16.6,-7.7,-12.2,0.0,0.0,0.0,37.0
TERRACE A,54.46861111111111,-128.57833333333335,2020-01-14,58.0,66.0,-21.3,-18.4,-19.9,0.0,0.0,0.0,40.0
TERRACE A,54.46861111111111,-128.57833333333335,2020-01-15,41.0,62.0,-21.8,-16.0,-18.9,0.0,0.0,0.0,40.0
TERRACE A,54.46861111111111,-128.57833333333335,2020-01-16,45.0,61.0,-16.8,-11.9,-14.4,0.0,0.0,0.0,40.0
TERRACE A,54.46861111111111,-128.57833333333335,2020-01-17,51.0,65.0,-14.5,-12.2,-13.4,0.2,0.0,0.2,35.0
TERRACE A,54.46861111111111,-128.57833333333335,2020-01-18,61.0,86.0,-14.1,-7.9,-11.0,9.6,0.0,12.8,35.0
TERRACE A,54.46861111111111,-128.57833333333335,2020-01-19,81.0,94.0,-8.5,-5.7,-7.1,27.4,0.0,39.0,40.0
TERRACE A,54.46861111111111,-128.57833333333335,2020-01-20,93.0,96.0,-6.4,-0.7,-3.6,20.4,0.0,22.4,70.0
TERRACE A,54.46861111111111,-128.57833333333335,2020-01-21,83.0,98.0,-2.8,0.0,-1.4,3.2,0.0,3.8,59.0
TERRACE A,54.46861111111111,-128.57833333333335,2020-01-22,90.0,99.0,-5.6,1.4,-2.1,3.0,3.0,0.0,58.0
TERRACE A,54.46861111111111,-128.57833333333335,2020-01-23,97.0,99.0,0.0,2.0,1.0,8.2,7.8,0.4,57.0
TERRACE A,54.46861111111111,-128.57833333333335,2020-01-24,97.0,100.0,0.1,3.5,1.8,7.6,7.6,0.0,54.0
TERRACE A,54.46861111111111,-128.57833333333335,2020-01-25,93.0,99.0,0.2,3.8,2.0,9.2,9.2,0.0,49.0
TERRACE A,54.46861111111111,-128.57833333333335,2020-01-26,82.0,100.0,-1.8,2.6,0.4,5.0,5.0,0.0,40.0
TERRACE A,54.46861111111111,-128.57833333333335,2020-01-27,90.0,98.0,0.5,2.8,1.7,2.9,2.9,0.0,34.0
TERRACE A,54.46861111111111,-128.57833333333335,2020-01-28,96.0,99.0,-0.4,1.3,0.5,1.4,0.8,0.8,28.0
TERRACE A,54.46861111111111,-128.57833333333335,2020-01-29,90.0,98.0,0.3,3.0,1.7,24.0,24.0,0.0,32.0
TERRACE A,54.46861111111111,-128.57833333333335,2020-01-30,91.0,98.0,0.1,2.3,1.2,37.2,26.6,10.6,29.0
TERRACE A,54.46861111111111,-128.57833333333335,2020-01-31,94.0,99.0,-0.1,2.1,1.0,11.4,2.0,9.4,28.0
TERRACE A,54.46861111111111,-128.57833333333335,2020-02-04,93.0,98.0,-3.9,2.8,-0.6,10.8,0.0,13.8,52.0
TERRACE A,54.46861111111111,-128.57833333333335,2020-02-05,90.0,99.0,0.9,4.5,2.7,2.8,2.8,0.0,41.0
TERRACE A,54.46861111111111,-128.57833333333335,2020-02-06,92.0,99.0,0.5,3.2,1.9,0.8,0.8,0.0,36.0
TERRACE A,54.46861111111111,-128.57833333333335,2020-02-07,73.0,100.0,-1.0,1.6,0.3,0.0,0.0,0.0,28.0
TERRACE A,54.46861111111111,-128.57833333333335,2020-02-08,69.0,90.0,-4.9,0.7,-2.1,0.0,0.0,0.0,28.0
TERRACE A,54.46861111111111,-128.57833333333335,2020-02-09,76.0,95.0,-0.8,4.1,1.7,0.0,0.0,0.0,28.0
TERRACE A,54.46861111111111,-128.57833333333335,2020-02-10,81.0,97.0,1.5,4.2,2.9,0.4,0.4,0.0,22.0
TERRACE A,54.46861111111111,-128.57833333333335,2020-02-11,73.0,98.0,0.8,5.2,3.0,3.2,3.2,0.0,19.0
TERRACE A,54.46861111111111,-128.57833333333335,2020-02-12,81.0,99.0,-1.0,2.5,0.8,1.6,1.6,0.0,10.0
TERRACE A,54.46861111111111,-128.57833333333335,2020-02-13,92.0,98.0,0.4,1.7,1.1,5.6,4.8,1.0,6.0
TERRACE A,54.46861111111111,-128.57833333333335,2020-02-14,84.0,98.0,0.4,2.5,1.5,1.6,1.4,0.2,6.0
TERRACE A,54.46861111111111,-128.57833333333335,2020-02-15,80.0,97.0,0.6,3.8,2.2,0.6,0.2,0.4,5.0
TERRACE A,54.46861111111111,-128.57833333333335,2020-02-16,82.0,98.0,0.1,3.2,1.7,0.3,0.1,0.2,3.0
TERRACE A,54.46861111111111,-128.57833333333335,2020-02-17,73.0,95.0,-0.6,4.0,1.7,0.0,0.0,0.0,2.0
TERRACE A,54.46861111111111,-128.57833333333335,2020-02-18,77.0,98.0,-3.9,1.8,-1.1,0.0,0.0,0.0,3.0
TERRACE A,54.46861111111111,-128.57833333333335,2020-02-19,77.0,98.0,-7.0,1.1,-3.0,0.4,0.0,0.4,2.0
TERRACE A,54.46861111111111,-128.57833333333335,2020-02-20,84.0,99.0,-0.8,2.8,1.0,4.0,2.0,2.0,3.0
TERRACE A,54.46861111111111,-128.57833333333335,2020-02-21,84.0,97.0,0.4,2.9,1.7,7.8,6.6,1.2,1.0
TERRACE A,54.46861111111111,-128.57833333333335,2020-02-22,83.0,96.0,-1.3,3.0,0.9,0.0,0.0,0.0,1.0
TERRACE A,54.46861111111111,-128.57833333333335,2020-02-23,55.0,89.0,-0.4,4.4,2.0,0.5,0.1,0.4,1.0
TERRACE A,54.46861111111111,-128.57833333333335,2020-02-24,59.0,90.0,-4.0,1.7,-1.2,0.0,0.0,0.0,1.0
TERRACE A,54.46861111111111,-128.57833333333335,2020-02-25,86.0,98.0,-2.1,0.7,-0.7,6.3,0.0,7.0,1.0
TERRACE A,54.46861111111111,-128.57833333333335,2020-02-26,86.0,98.0,0.4,4.5,2.5,6.2,6.2,0.0,7.0
TERRACE A,54.46861111111111,-128.57833333333335,2020-02-27,88.0,99.0,2.0,5.4,3.7,8.8,8.8,0.0,0.0
TERRACE A,54.46861111111111,-128.57833333333335,2020-03-01,86.0,96.0,0.3,2.4,1.4,1.4,0.0,1.4,0.0
TERRACE A,54.46861111111111,-128.57833333333335,2020-03-02,85.0,96.0,0.6,4.2,2.4,5.4,5.2,0.2,0.0
TERRACE A,54.46861111111111,-128.57833333333335,2020-03-03,88.0,98.0,-0.1,3.0,1.5,13.4,4.6,8.8,6.0
TERRACE A,54.46861111111111,-128.57833333333335,2020-03-04,72.0,94.0,-1.3,1.9,0.3,0.8,0.4,0.4,0.0
TERRACE A,54.46861111111111,-128.57833333333335,2020-03-05,77.0,98.0,-1.2,3.0,0.9,7.4,0.2,12.2,1.0
TERRACE A,54.46861111111111,-128.57833333333335,2020-03-06,47.0,98.0,-6.7,3.5,-1.6,1.2,0.0,2.0,3.0
TERRACE A,54.46861111111111,-128.57833333333335,2020-03-11,54.0,95.0,-1.4,4.0,1.3,0.4,0.2,0.2,2.0
TERRACE A,54.46861111111111,-128.57833333333335,2020-03-12,49.0,96.0,-3.6,4.0,0.2,0.0,0.0,0.0,1.0
TERRACE A,54.46861111111111,-128.57833333333335,2020-03-13,29.0,74.0,-5.7,-0.5,-3.1,0.0,0.0,0.0,0.0
TERRACE A,54.46861111111111,-128.57833333333335,2020-03-18,33.0,78.0,-1.5,10.1,4.3,0.0,0.0,0.0,0.0
TERRACE A,54.46861111111111,-128.57833333333335,2020-03-22,65.0,98.0,1.5,5.3,3.4,1.6,1.6,0.0,0.0
TERRACE A,54.46861111111111,-128.57833333333335,2020-03-28,83.0,96.0,1.7,6.4,4.1,2.8,2.8,0.0,0.0
TERRACE A,54.46861111111111,-128.57833333333335,2020-03-29,61.0,97.0,1.4,7.2,4.3,1.8,1.8,0.0,0.0
TERRACE A,54.46861111111111,-128.57833333333335,2020-03-30,42.0,96.0,-1.3,5.3,2.0,0.0,0.0,0.0,0.0
TERRACE A,54.46861111111111,-128.57833333333335,2020-03-31,31.0,44.0,-3.9,2.1,-0.9,0.0,0.0,0.0,0.0
TERRACE A,54.46861111111111,-128.57833333333335,2020-04-01,26.0,48.0,-6.4,3.7,-1.4,0.0,0.0,0.0,0.0
TERRACE A,54.46861111111111,-128.57833333333335,2020-10-18,65.0,97.0,0.3,4.4,2.4,3.0,2.0,0.6,0.0
TERRACE A,54.46861111111111,-128.57833333333335,2020-10-19,92.0,98.0,0.2,5.6,2.9,2.8,1.8,1.0,0.0
TERRACE A,54.46861111111111,-128.57833333333335,2020-10-22,63.0,100.0,-1.6,4.0,1.2,1.0,0.0,0.6,0.0
TERRACE A,54.46861111111111,-128.57833333333335,2020-10-23,41.0,93.0,-1.9,2.2,0.2,0.4,0.0,0.4,0.0
TERRACE A,54.46861111111111,-128.57833333333335,2020-10-26,98.0,100.0,-1.3,9.5,4.1,21.4,20.9,0.5,1.0
TERRACE A,54.46861111111111,-128.57833333333335,2020-10-29,81.0,99.0,-0.5,2.8,1.2,6.8,5.8,1.0,1.0
TERRACE A,54.46861111111111,-128.57833333333335,2020-10-30,84.0,98.0,0.0,4.9,2.5,5.2,0.0,5.2,10.0
TERRACE A,54.46861111111111,-128.57833333333335,2020-10-31,94.0,99.0,1.2,5.2,3.2,19.8,19.8,0.0,0.0
TERRACE A,54.46861111111111,-128.57833333333335,2020-11-01,57.0,100.0,3.2,11.2,7.2,1.8,1.8,0.0,0.0
TERRACE A,54.46861111111111,-128.57833333333335,2020-11-02,84.0,99.0,5.2,9.7,7.5,41.4,41.4,0.0,0.0
TERRACE A,54.46861111111111,-128.57833333333335,2020-11-03,90.0,99.0,2.9,9.4,6.2,19.6,19.6,0.0,0.0
TERRACE A,54.46861111111111,-128.57833333333335,2020-11-09,88.0,100.0,-1.1,1.4,0.2,5.4,0.6,5.4,2.0
TERRACE A,54.46861111111111,-128.57833333333335,2020-11-11,82.0,99.0,-4.4,0.2,-2.1,0.0,0.0,0.0,0.0
TERRACE A,54.46861111111111,-128.57833333333335,2020-11-12,94.0,100.0,-0.9,1.2,0.2,6.4,2.2,4.2,0.0
TERRACE A,54.46861111111111,-128.57833333333335,2020-11-13,96.0,100.0,-0.3,1.4,0.6,2.0,0.0,2.0,3.0
TERRACE A,54.46861111111111,-128.57833333333335,2020-11-14,78.0,99.0,0.1,2.5,1.3,1.0,0.4,0.6,1.0
TERRACE A,54.46861111111111,-128.57833333333335,2020-11-15,73.0,99.0,0.4,2.6,1.5,0.8,0.8,0.0,0.0
TERRACE A,54.46861111111111,-128.57833333333335,2020-11-17,67.0,98.0,-1.1,1.5,0.2,34.0,0.0,38.0,3.0
TERRACE A,54.46861111111111,-128.57833333333335,2020-11-18,85.0,99.0,-1.0,1.0,0.0,4.0,0.0,3.0,25.0
TERRACE A,54.46861111111111,-128.57833333333335,2020-11-19,78.0,99.0,-2.6,-0.2,-1.4,1.5,0.0,1.7,24.0
TERRACE A,54.46861111111111,-128.57833333333335,2020-11-20,77.0,97.0,-3.4,-1.8,-2.6,2.2,0.0,2.2,24.0
TERRACE A,54.46861111111111,-128.57833333333335,2020-11-21,93.0,99.0,-2.8,0.1,-1.4,7.2,4.0,3.2,23.0
TERRACE A,54.46861111111111,-128.57833333333335,2020-11-22,97.0,100.0,-0.4,0.5,0.1,4.2,3.8,0.4,22.0
TERRACE A,54.46861111111111,-128.57833333333335,2020-11-23,94.0,100.0,-1.0,2.1,0.6,8.8,7.0,1.8,22.0
TERRACE A,54.46861111111111,-128.57833333333335,2020-12-13,60.0,82.0,-2.0,0.0,-1.0,0.4,0.0,0.4,0.0
TERRACE A,54.46861111111111,-128.57833333333335,2020-12-14,84.0,98.0,-2.6,-1.2,-1.9,1.8,0.0,1.8,1.0
TERRACE A,54.46861111111111,-128.57833333333335,2020-12-15,81.0,99.0,-2.0,0.4,-0.8,8.6,0.0,9.2,2.0
TERRACE A,54.46861111111111,-128.57833333333335,2020-12-16,92.0,100.0,-0.3,2.3,1.0,14.2,7.0,7.2,10.0
TERRACE A,54.46861111111111,-128.57833333333335,2020-12-17,96.0,100.0,-0.1,1.8,0.9,3.0,3.0,0.0,4.0
TERRACE A,54.46861111111111,-128.57833333333335,2020-12-18,92.0,100.0,-0.1,2.4,1.2,18.8,13.3,4.5,5.0
TERRACE A,54.46861111111111,-128.57833333333335,2020-12-19,92.0,100.0,-0.2,2.7,1.3,23.0,17.0,6.0,2.0
TERRACE A,54.46861111111111,-128.57833333333335,2020-12-20,84.0,99.0,0.4,3.0,1.7,4.2,4.2,0.0,7.0
TERRACE A,54.46861111111111,-128.57833333333335,2020-12-21,93.0,99.0,-2.6,1.4,-0.6,6.6,2.6,3.0,3.0
TERRACE A,54.46861111111111,-128.57833333333335,2020-12-22,96.0,99.0,-5.2,-1.2,-3.2,0.0,0.0,0.0,2.0
TERRACE A,54.46861111111111,-128.57833333333335,2020-12-23,91.0,98.0,-3.7,2.2,-0.8,3.4,0.8,3.0,1.0
TERRACE A,54.46861111111111,-128.57833333333335,2020-12-24,95.0,100.0,-0.2,1.4,0.6,9.6,9.4,0.2,0.0
TERRACE A,54.46861111111111,-128.57833333333335,2020-12-25,79.0,98.0,0.5,3.0,1.8,0.0,0.0,0.0,0.0
TERRACE A,54.46861111111111,-128.57833333333335,2020-12-27,99.0,100.0,-0.6,0.3,-0.2,3.0,0.0,3.0,1.0
TERRACE A,54.46861111111111,-128.57833333333335,2020-12-28,96.0,100.0,-0.9,-0.1,-0.5,0.0,0.0,0.0,3.0
TERRACE A,54.46861111111111,-128.57833333333335,2020-12-29,83.0,98.0,-2.7,-0.9,-1.8,0.2,0.0,0.2,2.0
TERRACE A,54.46861111111111,-128.57833333333335,2020-12-30,77.0,92.0,-1.8,-0.5,-1.2,1.6,0.0,1.8,2.0
TERRACE A,54.46861111111111,-128.57833333333335,2021-01-01,96.0,100.0,-1.5,-0.6,-1.1,30.4,0.0,30.2,10.0
TERRACE A,54.46861111111111,-128.57833333333335,2021-01-02,93.0,99.0,-0.9,2.2,0.7,17.4,12.2,5.2,30.0
TERRACE A,54.46861111111111,-128.57833333333335,2021-01-03,90.0,96.0,-0.2,3.1,1.5,3.2,3.2,0.0,15.0
TERRACE A,54.46861111111111,-128.57833333333335,2021-01-04,73.0,99.0,-1.4,2.0,0.3,16.1,10.0,5.1,2.0
TERRACE A,54.46861111111111,-128.57833333333335,2021-01-05,85.0,100.0,-0.3,2.8,1.3,23.4,6.4,16.0,2.0
TERRACE A,54.46861111111111,-128.57833333333335,2021-01-06,95.0,100.0,-0.2,1.6,0.7,12.8,7.8,5.0,17.0
TERRACE A,54.46861111111111,-128.57833333333335,2021-01-07,81.0,100.0,-0.2,2.5,1.2,5.8,4.8,1.0,12.0
TERRACE A,54.46861111111111,-128.57833333333335,2021-01-08,69.0,97.0,-0.1,3.3,1.6,1.8,1.8,0.0,10.0
TERRACE A,54.46861111111111,-128.57833333333335,2021-01-09,85.0,100.0,-0.9,1.3,0.2,2.2,1.0,1.2,9.0
TERRACE A,54.46861111111111,-128.57833333333335,2021-01-10,97.0,100.0,-0.4,2.8,1.2,25.0,17.6,7.4,15.0
TERRACE A,54.46861111111111,-128.57833333333335,2021-01-11,94.0,100.0,-0.4,2.3,1.0,9.2,8.2,0.8,8.0
TERRACE A,54.46861111111111,-128.57833333333335,2021-01-13,90.0,100.0,-2.9,1.9,-0.5,0.0,0.0,0.0,4.0
TERRACE A,54.46861111111111,-128.57833333333335,2021-01-14,94.0,100.0,-0.9,0.9,0.0,13.0,8.8,6.0,4.0
TERRACE A,54.46861111111111,-128.57833333333335,2021-01-15,85.0,98.0,1.4,4.8,3.1,10.8,10.8,0.0,2.0
TERRACE A,54.46861111111111,-128.57833333333335,2021-01-16,96.0,99.0,1.8,3.2,2.5,7.2,7.2,0.0,0.0
TERRACE A,54.46861111111111,-128.57833333333335,2021-01-19,79.0,100.0,0.8,5.7,3.3,17.0,16.8,0.2,0.0
TERRACE A,54.46861111111111,-128.57833333333335,2021-01-23,78.0,94.0,-10.3,-4.5,-7.4,2.0,0.0,2.0,2.0
TERRACE A,54.46861111111111,-128.57833333333335,2021-01-24,83.0,93.0,-6.5,-4.3,-5.4,6.6,0.0,8.2,6.0
TERRACE A,54.46861111111111,-128.57833333333335,2021-01-25,72.0,92.0,-6.8,-2.6,-4.7,0.4,0.0,0.4,6.0
TERRACE A,54.46861111111111,-128.57833333333335,2021-01-26,67.0,85.0,-6.5,-2.4,-4.5,0.0,0.0,0.0,6.0
TERRACE A,54.46861111111111,-128.57833333333335,2021-01-27,56.0,84.0,-6.2,-0.8,-3.5,0.0,0.0,0.0,5.0
TERRACE A,54.46861111111111,-128.57833333333335,2021-01-30,62.0,93.0,-8.2,-3.4,-5.8,0.2,0.0,0.5,5.0
TERRACE A,54.46861111111111,-128.57833333333335,2021-01-31,72.0,91.0,-4.6,-1.8,-3.2,0.2,0.0,0.4,2.0
TERRACE A,54.46861111111111,-128.57833333333335,2021-02-01,68.0,91.0,-4.6,0.1,-2.3,0.2,0.0,0.4,4.0
TERRACE A,54.46861111111111,-128.57833333333335,2021-02-02,73.0,98.0,-2.9,0.5,-1.2,1.4,0.0,1.4,3.0
TERRACE A,54.46861111111111,-128.57833333333335,2021-02-03,79.0,97.0,-7.5,-0.5,-4.0,0.0,0.0,0.0,1.0
TERRACE A,54.46861111111111,-128.57833333333335,2021-02-04,95.0,100.0,-1.8,0.6,-0.6,4.2,0.0,6.5,2.0
TERRACE A,54.46861111111111,-128.57833333333335,2021-02-05,92.0,100.0,-0.8,1.5,0.4,4.2,0.6,3.5,10.0
TERRACE A,54.46861111111111,-128.57833333333335,2021-02-06,89.0,100.0,-3.5,0.0,-1.8,4.0,0.0,4.0,12.0
TERRACE A,54.46861111111111,-128.57833333333335,2021-02-07,67.0,93.0,-8.8,-2.0,-5.4,0.2,0.0,1.0,10.0
TERRACE A,54.46861111111111,-128.57833333333335,2021-02-08,61.0,78.0,-11.9,-8.7,-10.3,0.3,0.0,0.3,10.0
TERRACE A,54.46861111111111,-128.57833333333335,2021-02-09,51.0,83.0,-16.9,-11.3,-14.1,2.6,0.0,2.6,12.0
TERRACE A,54.46861111111111,-128.57833333333335,2021-02-11,33.0,60.0,-16.3,-10.6,-13.5,0.0,0.0,0.0,10.0
TERRACE A,54.46861111111111,-128.57833333333335,2021-02-12,38.0,65.0,-15.7,-4.1,-9.9,0.0,0.0,0.0,10.0
TERRACE A,54.46861111111111,-128.57833333333335,2021-02-13,37.0,62.0,-7.9,-2.0,-5.0,0.0,0.0,0.0,10.0
TERRACE A,54.46861111111111,-128.57833333333335,2021-02-14,55.0,88.0,-8.7,-5.5,-7.1,3.8,0.0,5.0,9.0
TERRACE A,54.46861111111111,-128.57833333333335,2021-02-15,76.0,91.0,-6.2,-3.6,-4.9,2.2,0.0,2.0,7.0
TERRACE A,54.46861111111111,-128.57833333333335,2021-02-16,68.0,96.0,-4.7,1.7,-1.5,0.8,0.0,1.0,6.0
TERRACE A,54.46861111111111,-128.57833333333335,2021-02-17,73.0,98.0,-5.9,1.2,-2.4,0.0,0.0,0.0,6.0
TERRACE A,54.46861111111111,-128.57833333333335,2021-02-18,85.0,99.0,-4.0,0.9,-1.6,13.8,0.0,17.8,5.0
TERRACE A,54.46861111111111,-128.57833333333335,2021-02-19,86.0,98.0,0.1,2.2,1.2,4.8,2.0,2.6,23.0
TERRACE A,54.46861111111111,-128.57833333333335,2021-02-20,89.0,98.0,0.5,1.4,1.0,8.6,6.6,2.0,13.0
TERRACE A,54.46861111111111,-128.57833333333335,2021-02-21,92.0,98.0,0.5,4.8,2.7,30.4,18.4,6.0,6.0
TERRACE A,54.46861111111111,-128.57833333333335,2021-02-22,82.0,96.0,0.6,3.7,2.2,2.0,2.0,0.0,1.0
TERRACE A,54.46861111111111,-128.57833333333335,2021-02-23,65.0,98.0,-1.5,3.5,1.0,2.2,0.0,0.2,1.0
TERRACE A,54.46861111111111,-128.57833333333335,2021-02-24,72.0,99.0,-3.3,0.5,-1.4,15.4,0.0,17.2,1.0
TERRACE A,54.46861111111111,-128.57833333333335,2021-02-25,83.0,98.0,-0.5,3.6,1.6,5.0,0.2,5.0,21.0
TERRACE A,54.46861111111111,-128.57833333333335,2021-02-26,56.0,93.0,-2.5,4.7,1.1,0.0,0.0,0.0,10.0
TERRACE A,54.46861111111111,-128.57833333333335,2021-02-27,86.0,98.0,-4.0,1.7,-1.2,1.2,1.0,0.2,0.0
TERRACE A,54.46861111111111,-128.57833333333335,2021-02-28,94.0,99.0,0.0,4.1,2.1,20.2,15.2,3.0,0.0
TERRACE A,54.46861111111111,-128.57833333333335,2021-03-01,81.0,100.0,-0.3,2.6,1.2,8.0,0.0,5.4,9.0
TERRACE A,54.46861111111111,-128.57833333333335,2021-03-02,92.0,97.0,0.3,1.4,0.9,6.0,0.4,4.0,8.0
TERRACE A,54.46861111111111,-128.57833333333335,2021-03-03,97.0,100.0,-0.2,0.5,0.2,20.8,0.0,11.4,7.0
TERRACE A,54.46861111111111,-128.57833333333335,2021-03-05,80.0,99.0,-1.8,3.0,0.6,1.0,0.8,0.2,7.0
TERRACE A,54.46861111111111,-128.57833333333335,2021-03-06,76.0,100.0,-1.8,3.5,0.9,3.4,1.0,2.4,8.0
TERRACE A,54.46861111111111,-128.57833333333335,2021-03-07,62.0,99.0,-3.4,3.9,0.3,0.0,0.0,0.0,5.0
TERRACE A,54.46861111111111,-128.57833333333335,2021-03-10,32.0,93.0,-3.7,6.6,1.5,0.0,0.0,0.0,0.0
TERRACE A,54.46861111111111,-128.57833333333335,2021-03-11,67.0,98.0,-4.2,2.6,-0.8,2.8,2.2,0.6,0.0
TERRACE A,54.46861111111111,-128.57833333333335,2021-03-12,93.0,99.0,0.1,3.6,1.9,23.8,9.2,10.6,1.0
TERRACE A,54.46861111111111,-128.57833333333335,2021-03-13,93.0,99.0,0.0,4.0,2.0,76.8,70.4,6.4,8.0
TERRACE A,54.46861111111111,-128.57833333333335,2021-03-14,53.0,98.0,-2.1,2.2,0.1,1.2,0.0,1.2,8.0
TERRACE A,54.46861111111111,-128.57833333333335,2021-03-15,67.0,96.0,-4.1,1.3,-1.4,0.0,0.0,0.0,8.0
TERRACE A,54.46861111111111,-128.57833333333335,2021-03-16,90.0,98.0,0.2,3.3,1.8,1.0,1.0,0.0,6.0
TERRACE A,54.46861111111111,-128.57833333333335,2021-03-17,80.0,99.0,0.4,4.9,2.7,2.8,2.8,0.0,0.0
TERRACE A,54.46861111111111,-128.57833333333335,2021-03-18,88.0,100.0,0.5,5.0,2.8,4.8,4.8,0.0,0.0
TERRACE A,54.46861111111111,-128.57833333333335,2021-03-21,92.0,98.0,-0.1,3.4,1.7,6.4,1.0,4.4,1.0
TERRACE A,54.46861111111111,-128.57833333333335,2021-03-27,93.0,98.0,0.3,4.8,2.6,29.2,20.6,5.0,4.0
TERRACE A,54.46861111111111,-128.57833333333335,2021-03-28,49.0,94.0,-0.5,6.0,2.8,0.0,0.0,0.0,2.0
TERRACE A,54.46861111111111,-128.57833333333335,2021-03-29,55.0,98.0,-5.9,4.5,-0.7,0.0,0.0,0.0,0.0
TERRACE A,54.46861111111111,-128.57833333333335,2021-03-30,66.0,91.0,1.5,7.9,4.7,0.0,0.0,0.0,0.0
TERRACE A,54.46861111111111,-128.57833333333335,2021-04-01,85.0,98.0,-0.1,3.5,1.7,15.0,9.0,4.6,3.0
TERRACE A,54.46861111111111,-128.57833333333335,2021-04-02,91.0,99.0,-0.6,3.9,1.7,11.4,9.4,2.0,1.0
TERRACE A,54.46861111111111,-128.57833333333335,2021-04-03,86.0,99.0,-0.1,2.9,1.4,12.6,4.2,4.6,1.0
TERRACE A,54.46861111111111,-128.57833333333335,2021-04-04,55.0,99.0,-2.2,6.8,2.3,0.2,0.2,0.0,0.0
TERRACE A,54.46861111111111,-128.57833333333335,2021-04-08,58.0,97.0,-1.1,4.5,1.7,10.0,0.0,6.2,0.0
TERRACE A,54.46861111111111,-128.57833333333335,2021-04-09,89.0,99.0,-1.2,2.6,0.7,12.0,0.6,6.0,8.0
TERRACE A,54.46861111111111,-128.57833333333335,2021-04-10,59.0,97.0,-3.9,4.2,0.2,0.0,0.0,0.0,4.0
TERRACE A,54.46861111111111,-128.57833333333335,2021-04-12,32.0,82.0,-1.5,11.5,5.0,0.0,0.0,0.0,0.0
TERRACE A,54.46861111111111,-128.57833333333335,2021-11-08,74.0,100.0,-1.5,2.7,0.6,1.4,1.2,0.2,0.0
TERRACE A,54.46861111111111,-128.57833333333335,2021-11-09,82.0,99.0,0.4,4.4,2.4,9.2,8.8,0.4,0.0
TERRACE A,54.46861111111111,-128.57833333333335,2021-11-19,91.0,98.0,0.8,3.8,2.3,4.0,3.8,0.2,0.0
TERRACE A,54.46861111111111,-128.57833333333335,2021-11-24,94.0,100.0,0.1,2.1,1.1,39.0,35.8,3.2,2.0
TERRACE A,54.46861111111111,-128.57833333333335,2021-11-26,82.0,97.0,-1.5,3.1,0.8,0.8,0.6,0.2,1.0
TERRACE A,54.46861111111111,-128.57833333333335,2021-11-27,91.0,100.0,-1.2,1.1,-0.1,11.0,2.8,11.0,8.0
TERRACE A,54.46861111111111,-128.57833333333335,2021-11-28,69.0,100.0,-0.1,5.5,2.7,11.2,11.2,0.0,4.0
TERRACE A,54.46861111111111,-128.57833333333335,2021-11-29,94.0,100.0,-3.2,1.9,-0.7,24.4,2.4,16.0,0.0
TERRACE A,54.46861111111111,-128.57833333333335,2021-11-30,88.0,100.0,1.6,7.0,4.3,10.4,10.4,0.0,8.0
TERRACE A,54.46861111111111,-128.57833333333335,2021-12-02,89.0,98.0,-1.3,0.6,-0.4,4.8,0.0,2.8,0.0
TERRACE A,54.46861111111111,-128.57833333333335,2021-12-03,93.0,100.0,-0.9,0.9,0.0,3.2,0.0,3.4,3.0
TERRACE A,54.46861111111111,-128.57833333333335,2021-12-04,78.0,100.0,-8.7,0.5,-4.1,3.2,0.0,3.2,4.0
TERRACE A,54.46861111111111,-128.57833333333335,2021-12-05,81.0,97.0,-7.8,-4.1,-6.0,0.0,0.0,0.0,8.0
TERRACE A,54.46861111111111,-128.57833333333335,2021-12-06,72.0,88.0,-7.9,-4.8,-6.4,0.0,0.0,0.0,8.0
TERRACE A,54.46861111111111,-128.57833333333335,2021-12-07,75.0,96.0,-8.2,-4.3,-6.3,4.8,0.0,6.0,4.0
TERRACE A,54.46861111111111,-128.57833333333335,2021-12-08,92.0,99.0,-4.8,0.4,-2.2,1.0,0.0,1.6,12.0
TERRACE A,54.46861111111111,-128.57833333333335,2021-12-09,94.0,99.0,-1.7,0.4,-0.7,1.2,0.0,1.4,12.0
TERRACE A,54.46861111111111,-128.57833333333335,2021-12-10,86.0,100.0,-2.8,0.8,-1.0,25.6,0.0,26.6,10.0
TERRACE A,54.46861111111111,-128.57833333333335,2021-12-11,89.0,100.0,-4.7,0.1,-2.3,10.0,0.0,12.6,38.0
TERRACE A,54.46861111111111,-128.57833333333335,2021-12-12,82.0,99.0,-9.0,-2.0,-5.5,1.4,0.0,1.4,32.0
TERRACE A,54.46861111111111,-128.57833333333335,2021-12-13,77.0,87.0,-7.2,-3.5,-5.4,0.0,0.0,0.0,24.0
TERRACE A,54.46861111111111,-128.57833333333335,2021-12-14,69.0,83.0,-9.0,-5.6,-7.3,0.0,0.0,0.0,25.0
TERRACE A,54.46861111111111,-128.57833333333335,2021-12-15,73.0,82.0,-9.9,-7.8,-8.9,0.0,0.0,0.0,24.0
TERRACE A,54.46861111111111,-128.57833333333335,2021-12-16,72.0,83.0,-12.5,-9.6,-11.1,0.0,0.0,0.0,24.0
TERRACE A,54.46861111111111,-128.57833333333335,2021-12-17,70.0,88.0,-15.5,-10.1,-12.8,2.4,0.0,1.4,25.0
TERRACE A,54.46861111111111,-128.57833333333335,2021-12-18,66.0,82.0,-11.0,-8.0,-9.5,0.4,0.0,0.4,22.0
TERRACE A,54.46861111111111,-128.57833333333335,2021-12-19,68.0,78.0,-13.7,-10.4,-12.1,0.0,0.0,0.0,22.0
TERRACE A,54.46861111111111,-128.57833333333335,2021-12-20,68.0,79.0,-15.8,-12.6,-14.2,0.0,0.0,0.0,21.0
TERRACE A,54.46861111111111,-128.57833333333335,2021-12-21,77.0,91.0,-15.8,-7.9,-11.9,5.6,0.0,8.0,20.0
TERRACE A,54.46861111111111,-128.57833333333335,2021-12-22,68.0,87.0,-9.5,-4.7,-7.1,0.8,0.0,0.8,20.0
TERRACE A,54.46861111111111,-128.57833333333335,2021-12-23,70.0,83.0,-12.5,-9.1,-10.8,0.0,0.0,0.0,20.0
TERRACE A,54.46861111111111,-128.57833333333335,2021-12-24,51.0,72.0,-14.2,-10.7,-12.5,0.0,0.0,0.0,18.0
TERRACE A,54.46861111111111,-128.57833333333335,2021-12-25,43.0,62.0,-19.2,-13.7,-16.5,0.0,0.0,0.0,18.0
TERRACE A,54.46861111111111,-128.57833333333335,2021-12-26,50.0,62.0,-21.9,-18.6,-20.3,0.0,0.0,0.0,18.0
TERRACE A,54.46861111111111,-128.57833333333335,2021-12-27,62.0,79.0,-21.8,-17.5,-19.7,1.8,0.0,3.0,18.0
TERRACE A,54.46861111111111,-128.57833333333335,2021-12-28,62.0,71.0,-19.8,-14.4,-17.1,0.0,0.0,0.0,18.0
TERRACE A,54.46861111111111,-128.57833333333335,2021-12-29,67.0,85.0,-17.9,-13.9,-15.9,2.6,0.0,3.6,18.0
TERRACE A,54.46861111111111,-128.57833333333335,2021-12-30,67.0,79.0,-16.8,-13.8,-15.3,0.4,0.0,0.8,20.0
TERRACE A,54.46861111111111,-128.57833333333335,2022-01-01,87.0,100.0,-14.1,0.3,-6.9,23.8,0.0,21.0,23.0
TERRACE A,54.46861111111111,-128.57833333333335,2022-01-02,67.0,100.0,-4.3,0.0,-2.2,4.2,0.0,5.0,35.0
TERRACE A,54.46861111111111,-128.57833333333335,2022-01-03,46.0,74.0,-14.5,-0.7,-7.6,0.0,0.0,0.0,36.0
TERRACE A,54.46861111111111,-128.57833333333335,2022-01-04,45.0,57.0,-17.6,-14.0,-15.8,0.0,0.0,0.0,35.0
TERRACE A,54.46861111111111,-128.57833333333335,2022-01-05,52.0,60.0,-19.7,-17.4,-18.6,0.0,0.0,0.0,35.0
TERRACE A,54.46861111111111,-128.57833333333335,2022-01-06,57.0,74.0,-18.4,-16.5,-17.5,0.6,0.0,1.0,34.0
TERRACE A,54.46861111111111,-128.57833333333335,2022-01-07,66.0,77.0,-19.5,-16.4,-18.0,0.0,0.0,0.0,33.0
TERRACE A,54.46861111111111,-128.57833333333335,2022-01-08,78.0,87.0,-16.6,-11.8,-14.2,19.4,0.0,24.6,33.0
TERRACE A,54.46861111111111,-128.57833333333335,2022-01-09,84.0,97.0,-12.5,-3.8,-8.2,12.0,5.2,11.0,50.0
TERRACE A,54.46861111111111,-128.57833333333335,2022-01-10,94.0,100.0,-8.2,3.6,-2.3,8.0,8.0,0.0,49.0
TERRACE A,54.46861111111111,-128.57833333333335,2022-01-11,94.0,100.0,-0.1,4.0,2.0,10.0,10.0,0.0,48.0
TERRACE A,54.46861111111111,-128.57833333333335,2022-01-12,96.0,100.0,0.2,2.5,1.4,4.6,4.6,0.0,40.0
TERRACE A,54.46861111111111,-128.57833333333335,2022-01-13,93.0,100.0,-1.4,1.7,0.2,0.8,0.8,0.0,37.0
TERRACE A,54.46861111111111,-128.57833333333335,2022-01-14,91.0,100.0,0.0,4.5,2.3,23.6,23.6,0.0,35.0
TERRACE A,54.46861111111111,-128.57833333333335,2022-01-15,87.0,99.0,1.5,4.5,3.0,4.2,4.2,0.0,31.0
TERRACE A,54.46861111111111,-128.57833333333335,2022-01-16,98.0,100.0,-0.2,2.5,1.2,17.6,11.6,3.6,24.0
TERRACE A,54.46861111111111,-128.57833333333335,2022-01-17,75.0,100.0,0.2,4.6,2.4,2.4,2.4,0.0,16.0
TERRACE A,54.46861111111111,-128.57833333333335,2022-01-18,68.0,95.0,-3.6,0.7,-1.5,0.0,0.0,0.0,16.0
TERRACE A,54.46861111111111,-128.57833333333335,2022-01-19,68.0,98.0,-4.7,-1.5,-3.1,17.0,0.0,18.2,15.0
TERRACE A,54.46861111111111,-128.57833333333335,2022-01-20,95.0,100.0,-3.8,4.6,0.4,6.9,6.9,0.0,30.0
TERRACE A,54.46861111111111,-128.57833333333335,2022-01-21,83.0,98.0,3.0,4.7,3.9,0.2,0.2,0.0,24.0
TERRACE A,54.46861111111111,-128.57833333333335,2022-01-22,62.0,99.0,-0.8,5.0,2.1,0.0,0.0,0.0,3.0
TERRACE A,54.46861111111111,-128.57833333333335,2022-01-23,73.0,100.0,0.8,3.9,2.4,0.8,0.8,0.0,1.0
TERRACE A,54.46861111111111,-128.57833333333335,2022-01-24,88.0,100.0,-1.9,3.6,0.9,0.3,0.3,0.0,1.0
TERRACE A,54.46861111111111,-128.57833333333335,2022-01-25,98.0,100.0,-2.8,3.1,0.2,0.6,0.6,0.0,1.0
TERRACE A,54.46861111111111,-128.57833333333335,2022-01-31,82.0,100.0,-1.5,2.8,0.7,0.0,0.0,0.0,0.0
TERRACE A,54.46861111111111,-128.57833333333335,2022-02-01,54.0,99.0,-4.5,0.1,-2.2,0.0,0.0,0.0,0.0
TERRACE A,54.46861111111111,-128.57833333333335,2022-02-02,62.0,94.0,-7.8,-4.2,-6.0,14.2,0.0,17.2,3.0
TERRACE A,54.46861111111111,-128.57833333333335,2022-02-03,90.0,100.0,-7.6,2.3,-2.7,2.8,1.6,1.6,15.0
TERRACE A,54.46861111111111,-128.57833333333335,2022-02-04,94.0,100.0,1.7,4.5,3.1,21.8,21.8,0.0,7.0
TERRACE A,54.46861111111111,-128.57833333333335,2022-02-15,80.0,100.0,-0.5,3.8,1.7,0.0,0.0,0.0,0.0
TERRACE A,54.46861111111111,-128.57833333333335,2022-02-23,51.0,97.0,-6.2,-2.7,-4.5,4.0,0.0,6.0,3.0
TERRACE A,54.46861111111111,-128.57833333333335,2022-02-24,72.0,98.0,-8.3,-0.9,-4.6,0.0,0.0,0.0,6.0
TERRACE A,54.46861111111111,-128.57833333333335,2022-02-25,73.0,98.0,-9.5,2.1,-3.7,0.0,0.0,0.0,5.0
TERRACE A,54.46861111111111,-128.57833333333335,2022-02-26,83.0,100.0,-2.9,-0.2,-1.6,3.4,0.0,3.4,1.0
TERRACE A,54.46861111111111,-128.57833333333335,2022-02-27,96.0,100.0,-1.7,3.3,0.8,1.6,1.6,0.0,4.0
TERRACE A,54.46861111111111,-128.57833333333335,2022-02-28,87.0,100.0,0.4,3.4,1.9,4.0,4.0,0.0,0.0
TERRACE A,54.46861111111111,-128.57833333333335,2022-03-10,63.0,99.0,-2.7,2.0,-0.4,2.2,2.2,0.0,0.0
TERRACE A,54.46861111111111,-128.57833333333335,2022-03-11,94.0,100.0,0.1,4.5,2.3,7.8,7.8,0.0,0.0
TERRACE A,54.46861111111111,-128.57833333333335,2022-03-20,84.0,100.0,-1.2,1.6,0.2,5.0,3.2,1.8,0.0
TERRACE A,54.46861111111111,-128.57833333333335,2022-03-21,85.0,100.0,0.6,8.2,4.4,3.4,3.0,0.4,0.0
TERRACE A,54.46861111111111,-128.57833333333335,2022-03-22,93.0,100.0,1.3,7.8,4.6,47.0,47.0,0.0,0.0
TERRACE A,54.46861111111111,-128.57833333333335,2022-04-02,91.0,99.0,0.6,4.8,2.7,13.6,12.8,0.0,0.0
TERRACE A,54.46861111111111,-128.57833333333335,2022-04-06,66.0,100.0,-0.7,4.6,2.0,5.2,2.6,2.6,0.0
TERRACE A,54.46861111111111,-128.57833333333335,2022-04-07,100.0,100.0,-0.1,0.6,0.3,41.0,10.8,17.6,0.0
TERRACE A,54.46861111111111,-128.57833333333335,2022-04-08,82.0,100.0,-0.1,5.7,2.8,17.4,11.4,5.0,6.0
TERRACE A,54.46861111111111,-128.57833333333335,2022-04-09,43.0,98.0,-0.7,7.4,3.4,0.2,0.0,0.0,1.0
TERRACE A,54.46861111111111,-128.57833333333335,2022-10-31,81.0,96.0,0.0,4.3,2.2,6.1,3.6,1.4,1.0
TERRACE A,54.46861111111111,-128.57833333333335,2022-11-10,53.0,89.0,-7.4,-3.9,-5.7,0.4,0.0,0.4,0.0
TERRACE A,54.46861111111111,-128.57833333333335,2022-11-11,80.0,92.0,-4.7,-1.3,-3.0,5.0,0.0,5.0,4.0
TERRACE A,54.46861111111111,-128.57833333333335,2022-11-13,91.0,96.0,-4.7,0.5,-2.1,0.0,0.0,0.0,0.0
TERRACE A,54.46861111111111,-128.57833333333335,2022-11-14,85.0,96.0,-1.6,1.0,-0.3,0.0,0.0,0.0,1.0
TERRACE A,54.46861111111111,-128.57833333333335,2022-11-15,74.0,90.0,-1.4,1.2,-0.1,0.0,0.0,0.0,1.0
TERRACE A,54.46861111111111,-128.57833333333335,2022-11-18,57.0,70.0,-6.6,-1.7,-4.2,0.0,0.0,0.0,0.0
TERRACE A,54.46861111111111,-128.57833333333335,2022-11-19,62.0,72.0,-7.4,-3.4,-5.4,0.0,0.0,0.0,0.0
TERRACE A,54.46861111111111,-128.57833333333335,2022-11-20,64.0,95.0,-4.0,-1.4,-2.7,3.8,0.0,3.9,4.0
TERRACE A,54.46861111111111,-128.57833333333335,2022-11-21,92.0,96.0,-1.9,4.5,1.3,13.2,13.2,0.0,5.0
TERRACE A,54.46861111111111,-128.57833333333335,2022-11-22,93.0,96.0,0.7,3.2,2.0,3.5,3.5,0.0,0.0
TERRACE A,54.46861111111111,-128.57833333333335,2022-11-23,94.0,97.0,0.3,4.2,2.3,73.4,67.4,3.0,0.0
TERRACE A,54.46861111111111,-128.57833333333335,2022-11-24,88.0,96.0,0.3,6.5,3.4,48.2,48.2,0.0,1.0
TERRACE A,54.46861111111111,-128.57833333333335,2022-11-25,90.0,96.0,1.4,4.0,2.7,4.8,4.8,0.0,0.0
TERRACE A,54.46861111111111,-128.57833333333335,2022-11-30,27.0,42.0,-11.3,-7.9,-9.6,0.0,0.0,0.0,0.0
TERRACE A,54.46861111111111,-128.57833333333335,2022-12-02,49.0,70.0,-12.3,-9.1,-10.7,0.0,0.0,0.0,0.0
TERRACE A,54.46861111111111,-128.57833333333335,2022-12-06,71.0,92.0,-10.9,-1.9,-6.4,0.2,0.0,0.2,0.0
TERRACE A,54.46861111111111,-128.57833333333335,2022-12-07,90.0,96.0,-2.9,2.3,-0.3,0.4,0.4,0.0,0.0
TERRACE A,54.46861111111111,-128.57833333333335,2022-12-08,83.0,96.0,-2.0,1.6,-0.2,3.0,0.0,3.7,2.0
TERRACE A,54.46861111111111,-128.57833333333335,2022-12-09,78.0,95.0,-2.0,-0.3,-1.2,1.4,0.0,2.0,1.0
TERRACE A,54.46861111111111,-128.57833333333335,2022-12-10,60.0,78.0,-3.4,-0.5,-2.0,0.0,0.0,0.0,3.0
TERRACE A,54.46861111111111,-128.57833333333335,2022-12-13,73.0,94.0,-7.0,-2.2,-4.6,1.2,0.0,1.6,1.0
TERRACE A,54.46861111111111,-128.57833333333335,2022-12-14,92.0,95.0,-8.2,-4.0,-6.1,0.0,0.0,0.0,2.0
TERRACE A,54.46861111111111,-128.57833333333335,2022-12-15,88.0,94.0,-9.2,-3.7,-6.5,0.0,0.0,0.0,2.0
TERRACE A,54.46861111111111,-128.57833333333335,2022-12-16,93.0,95.0,-4.6,-2.6,-3.6,0.5,0.0,0.5,2.0
TERRACE A,54.46861111111111,-128.57833333333335,2022-12-17,39.0,95.0,-10.6,-2.1,-6.4,0.2,0.0,0.0,2.0
TERRACE A,54.46861111111111,-128.57833333333335,2022-12-21,47.0,54.0,-22.5,-19.1,-20.8,0.0,0.0,0.0,2.0
TERRACE A,54.46861111111111,-128.57833333333335,2022-12-22,45.0,61.0,-19.8,-15.6,-17.7,0.0,0.0,0.0,2.0
TERRACE A,54.46861111111111,-128.57833333333335,2022-12-23,66.0,76.0,-16.5,-11.6,-14.1,12.4,0.0,12.4,3.0
TERRACE A,54.46861111111111,-128.57833333333335,2022-12-24,71.0,88.0,-12.4,-7.6,-10.0,32.4,0.0,36.2,5.0
TERRACE A,54.46861111111111,-128.57833333333335,2022-12-25,87.0,96.0,-8.5,-0.3,-4.4,10.8,6.4,7.0,37.0
TERRACE A,54.46861111111111,-128.57833333333335,2022-12-26,92.0,96.0,-1.4,3.1,0.9,10.2,10.2,0.0,35.0
TERRACE A,54.46861111111111,-128.57833333333335,2022-12-27,79.0,96.0,-1.6,2.9,0.7,0.0,0.0,0.0,22.0
TERRACE A,54.46861111111111,-128.57833333333335,2022-12-28,90.0,96.0,-2.7,1.7,-0.5,1.2,0.0,0.2,20.0
TERRACE A,54.46861111111111,-128.57833333333335,2022-12-29,78.0,96.0,-3.0,-0.3,-1.7,2.4,0.0,1.4,19.0
TERRACE A,54.46861111111111,-128.57833333333335,2022-12-30,72.0,86.0,-1.4,-0.1,-0.8,0.8,0.0,0.8,18.0
TERRACE A,54.46861111111111,-128.57833333333335,2022-12-31,79.0,96.0,-4.2,-0.8,-2.5,0.0,0.0,0.0,18.0
TERRACE A,54.46861111111111,-128.57833333333335,2023-01-01,93.0,96.0,-5.3,0.1,-2.6,0.0,0.0,0.0,17.0
TERRACE A,54.46861111111111,-128.57833333333335,2023-01-02,91.0,96.0,-5.2,1.9,-1.7,3.8,3.6,0.2,24.0
TERRACE A,54.46861111111111,-128.57833333333335,2023-01-03,85.0,96.0,-2.9,1.4,-0.8,0.4,0.2,0.2,20.0
TERRACE A,54.46861111111111,-128.57833333333335,2023-01-04,67.0,96.0,-5.9,1.2,-2.4,0.2,0.0,0.2,15.0
TERRACE A,54.46861111111111,-128.57833333333335,2023-01-05,59.0,90.0,-1.3,1.4,0.1,0.0,0.0,0.0,15.0
TERRACE A,54.46861111111111,-128.57833333333335,2023-01-06,86.0,96.0,-0.9,2.3,0.7,10.0,4.4,5.8,18.0
TERRACE A,54.46861111111111,-128.57833333333335,2023-01-07,85.0,96.0,-0.4,2.3,1.0,2.4,2.4,0.0,15.0
TERRACE A,54.46861111111111,-128.57833333333335,2023-01-08,71.0,96.0,-0.3,2.8,1.3,0.0,0.0,0.0,15.0
TERRACE A,54.46861111111111,-128.57833333333335,2023-01-09,72.0,93.0,-1.2,3.2,1.0,0.0,0.0,0.0,13.0
TERRACE A,54.46861111111111,-128.57833333333335,2023-01-10,78.0,92.0,-0.5,2.9,1.2,0.4,0.4,0.0,13.0
TERRACE A,54.46861111111111,-128.57833333333335,2023-01-11,68.0,96.0,-3.1,3.8,0.4,0.2,0.2,0.0,17.0
TERRACE A,54.46861111111111,-128.57833333333335,2023-01-12,70.0,96.0,0.2,2.8,1.5,2.0,1.8,0.2,16.0
TERRACE A,54.46861111111111,-128.57833333333335,2023-01-13,81.0,96.0,0.6,2.6,1.6,5.6,5.6,0.0,15.0
TERRACE A,54.46861111111111,-128.57833333333335,2023-01-15,92.0,96.0,0.4,2.2,1.3,4.6,4.6,0.0,8.0
TERRACE A,54.46861111111111,-128.57833333333335,2023-01-16,96.0,96.0,0.1,2.2,1.2,2.0,2.0,0.0,7.0
TERRACE A,54.46861111111111,-128.57833333333335,2023-01-17,94.0,96.0,0.4,2.2,1.3,16.7,16.7,0.0,7.0
TERRACE A,54.46861111111111,-128.57833333333335,2023-01-18,84.0,96.0,-0.3,2.8,1.3,5.0,4.2,0.8,3.0
TERRACE A,54.46861111111111,-128.57833333333335,2023-01-19,86.0,95.0,0.6,2.4,1.5,3.2,3.2,0.0,3.0
TERRACE A,54.46861111111111,-128.57833333333335,2023-01-20,87.0,96.0,1.2,4.8,3.0,2.5,2.5,0.0,4.0
TERRACE A,54.46861111111111,-128.57833333333335,2023-01-22,90.0,96.0,-0.3,1.2,0.5,7.4,0.0,7.4,6.0
TERRACE A,54.46861111111111,-128.57833333333335,2023-01-23,91.0,97.0,0.4,4.4,2.4,5.0,3.4,1.6,6.0
TERRACE A,54.46861111111111,-128.57833333333335,2023-01-24,93.0,97.0,1.2,4.5,2.9,5.8,5.8,0.0,0.0
TERRACE A,54.46861111111111,-128.57833333333335,2023-01-25,93.0,97.0,3.7,5.9,4.8,13.2,13.2,0.0,0.0
TERRACE A,54.46861111111111,-128.57833333333335,2023-01-26,95.0,97.0,2.9,5.9,4.4,10.6,10.6,0.0,0.0
TERRACE A,54.46861111111111,-128.57833333333335,2023-01-27,95.0,97.0,0.4,3.6,2.0,1.0,1.0,0.0,0.0
TERRACE A,54.46861111111111,-128.57833333333335,2023-01-28,34.0,96.0,-4.7,2.9,-0.9,0.0,0.0,0.0,0.0
TERRACE A,54.46861111111111,-128.57833333333335,2023-01-30,69.0,93.0,-8.7,-4.1,-6.4,1.8,0.0,2.0,2.0
TERRACE A,54.46861111111111,-128.57833333333335,2023-01-31,93.0,96.0,-4.5,0.5,-2.0,4.0,0.0,5.0,3.0
TERRACE A,54.46861111111111,-128.57833333333335,2023-02-01,96.0,96.0,-1.3,0.7,-0.3,9.6,3.2,6.0,6.0
TERRACE A,54.46861111111111,-128.57833333333335,2023-02-02,92.0,96.0,-0.2,2.0,0.9,29.9,29.9,0.0,8.0
TERRACE A,54.46861111111111,-128.57833333333335,2023-02-03,95.0,96.0,0.0,1.5,0.8,8.2,8.2,0.0,2.0
TERRACE A,54.46861111111111,-128.57833333333335,2023-02-04,96.0,97.0,0.4,4.6,2.5,19.6,19.6,0.0,2.0
TERRACE A,54.46861111111111,-128.57833333333335,2023-02-05,78.0,96.0,1.4,4.9,3.2,2.6,2.6,0.0,0.0
TERRACE A,54.46861111111111,-128.57833333333335,2023-02-06,94.0,96.0,-0.3,1.6,0.7,30.4,28.0,2.5,3.0
TERRACE A,54.46861111111111,-128.57833333333335,2023-02-07,87.0,96.0,-1.3,0.1,-0.6,7.0,0.0,9.2,3.0
TERRACE A,54.46861111111111,-128.57833333333335,2023-02-08,86.0,96.0,-0.5,2.5,1.0,3.4,0.0,3.4,12.0
TERRACE A,54.46861111111111,-128.57833333333335,2023-02-09,95.0,96.0,-0.3,0.9,0.3,36.4,16.7,13.2,21.0
TERRACE A,54.46861111111111,-128.57833333333335,2023-02-10,89.0,97.0,-0.1,2.6,1.3,1.0,1.0,0.0,17.0
TERRACE A,54.46861111111111,-128.57833333333335,2023-02-11,81.0,94.0,0.3,3.3,1.8,3.7,0.6,2.0,16.0
TERRACE A,54.46861111111111,-128.57833333333335,2023-02-12,85.0,95.0,0.7,3.9,2.3,21.6,21.6,0.0,14.0
TERRACE A,54.46861111111111,-128.57833333333335,2023-02-13,58.0,95.0,-3.3,2.5,-0.4,1.1,1.1,0.0,0.0
TERRACE A,54.46861111111111,-128.57833333333335,2023-02-14,69.0,93.0,-6.4,-1.0,-3.7,0.0,0.0,0.0,0.0
TERRACE A,54.46861111111111,-128.57833333333335,2023-02-15,89.0,95.0,-3.0,1.3,-0.9,6.6,3.0,4.4,3.0
TERRACE A,54.46861111111111,-128.57833333333335,2023-02-16,84.0,96.0,-0.5,2.5,1.0,2.8,1.8,1.2,1.0
TERRACE A,54.46861111111111,-128.57833333333335,2023-02-17,92.0,96.0,-0.6,1.5,0.5,3.2,2.2,0.6,0.0
TERRACE A,54.46861111111111,-128.57833333333335,2023-02-18,80.0,96.0,0.9,4.6,2.8,4.2,4.2,0.0,0.0
TERRACE A,54.46861111111111,-128.57833333333335,2023-02-19,83.0,96.0,0.6,5.0,2.8,4.6,4.4,0.0,0.0
TERRACE A,54.46861111111111,-128.57833333333335,2023-02-20,89.0,96.0,-0.2,2.0,0.9,14.8,0.0,14.8,6.0
TERRACE A,54.46861111111111,-128.57833333333335,2023-02-21,35.0,85.0,-7.3,1.1,-3.1,1.0,0.0,1.0,12.0
TERRACE A,54.46861111111111,-128.57833333333335,2023-02-22,28.0,59.0,-10.7,-6.3,-8.5,0.0,0.0,0.0,11.0
TERRACE A,54.46861111111111,-128.57833333333335,2023-02-23,29.0,45.0,-13.1,-9.1,-11.1,0.0,0.0,0.0,10.0
TERRACE A,54.46861111111111,-128.57833333333335,2023-02-24,47.0,85.0,-14.1,-9.8,-12.0,3.0,0.0,3.2,9.0
TERRACE A,54.46861111111111,-128.57833333333335,2023-02-25,73.0,85.0,-11.1,-8.5,-9.8,15.0,0.0,20.4,17.0
TERRACE A,54.46861111111111,-128.57833333333335,2023-02-26,71.0,87.0,-9.2,-4.4,-6.8,0.6,0.0,0.6,25.0
TERRACE A,54.46861111111111,-128.57833333333335,2023-02-27,78.0,89.0,-7.2,-1.9,-4.6,3.0,0.0,3.6,28.0
TERRACE A,54.46861111111111,-128.57833333333335,2023-02-28,53.0,83.0,-6.8,0.5,-3.2,0.0,0.0,0.0,26.0
TERRACE A,54.46861111111111,-128.57833333333335,2023-03-01,83.0,95.0,-5.7,0.8,-2.5,12.8,0.0,9.2,21.0
TERRACE A,54.46861111111111,-128.57833333333335,2023-03-02,77.0,95.0,-0.8,1.4,0.3,5.4,0.0,5.8,20.0
TERRACE A,54.46861111111111,-128.57833333333335,2023-03-03,71.0,96.0,-2.9,2.4,-0.3,0.4,0.0,0.4,21.0
TERRACE A,54.46861111111111,-128.57833333333335,2023-03-04,47.0,96.0,-7.3,4.3,-1.5,0.0,0.0,0.0,15.0
TERRACE A,54.46861111111111,-128.57833333333335,2023-03-05,27.0,64.0,-7.1,-0.4,-3.8,0.0,0.0,0.0,17.0
TERRACE A,54.46861111111111,-128.57833333333335,2023-03-06,40.0,53.0,-10.3,-4.3,-7.3,0.0,0.0,0.0,16.0
TERRACE A,54.46861111111111,-128.57833333333335,2023-03-07,48.0,75.0,-8.9,-5.7,-7.3,0.2,0.2,0.0,16.0
TERRACE A,54.46861111111111,-128.57833333333335,2023-03-09,44.0,71.0,-5.4,2.8,-1.3,0.0,0.0,0.0,17.0
TERRACE A,54.46861111111111,-128.57833333333335,2023-03-10,36.0,70.0,-5.4,3.8,-0.8,0.0,0.0,0.0,10.0
TERRACE A,54.46861111111111,-128.57833333333335,2023-03-11,34.0,57.0,-4.8,1.6,-1.6,0.0,0.0,0.0,9.0
TERRACE A,54.46861111111111,-128.57833333333335,2023-03-12,45.0,80.0,-6.0,-1.9,-4.0,1.2,0.0,1.2,9.0
TERRACE A,54.46861111111111,-128.57833333333335,2023-03-13,66.0,92.0,-5.0,-0.4,-2.7,1.4,0.0,1.4,10.0
TERRACE A,54.46861111111111,-128.57833333333335,2023-03-14,69.0,95.0,-3.5,1.6,-1.0,2.0,0.0,3.6,13.0
TERRACE A,54.46861111111111,-128.57833333333335,2023-03-15,74.0,96.0,-2.6,2.9,0.2,1.2,0.4,1.8,8.0
TERRACE A,54.46861111111111,-128.57833333333335,2023-03-31,78.0,96.0,0.6,5.4,3.0,3.6,3.6,0.0,0.0
TERRACE A,54.46861111111111,-128.57833333333335,2023-04-01,61.0,96.0,-1.0,5.4,2.2,3.0,3.0,0.0,0.0
TERRACE A,54.46861111111111,-128.57833333333335,2023-10-23,42.0,80.0,-0.8,4.0,1.6,0.3,0.0,0.6,1.0
TERRACE A,54.46861111111111,-128.57833333333335,2023-11-10,88.0,97.0,0.0,4.6,2.3,33.6,32.6,1.0,0.0
TERRACE A,54.46861111111111,-128.57833333333335,2023-11-11,88.0,98.0,0.4,5.7,3.1,8.2,8.2,0.0,0.0
TERRACE A,54.46861111111111,-128.57833333333335,2023-11-14,86.0,97.0,0.2,4.6,2.4,8.0,6.8,1.2,0.0
TERRACE A,54.46861111111111,-128.57833333333335,2023-11-15,88.0,97.0,-0.7,2.6,1.0,0.6,0.2,0.4,0.0
TERRACE A,54.46861111111111,-128.57833333333335,2023-11-16,93.0,97.0,0.9,4.2,2.6,13.4,12.9,0.5,0.0
TERRACE A,54.46861111111111,-128.57833333333335,2023-11-17,85.0,98.0,2.5,8.1,5.3,5.8,5.8,0.0,0.0
TERRACE A,54.46861111111111,-128.57833333333335,2023-11-20,95.0,98.0,0.0,4.1,2.1,26.2,25.2,0.5,0.0
TERRACE A,54.46861111111111,-128.57833333333335,2023-11-21,89.0,98.0,2.8,6.5,4.7,10.8,10.8,0.0,0.0
TERRACE A,54.46861111111111,-128.57833333333335,2023-11-22,90.0,98.0,2.6,4.8,3.7,0.6,0.6,0.0,0.0
TERRACE A,54.46861111111111,-128.57833333333335,2023-11-23,95.0,98.0,2.0,3.6,2.8,0.0,0.0,0.0,0.0
TERRACE A,54.46861111111111,-128.57833333333335,2023-11-24,96.0,98.0,1.1,2.8,2.0,0.0,0.0,0.0,0.0
TERRACE A,54.46861111111111,-128.57833333333335,2023-11-25,96.0,98.0,0.4,2.6,1.5,0.0,0.0,0.0,0.0
TERRACE A,54.46861111111111,-128.57833333333335,2023-11-26,90.0,97.0,1.2,2.8,2.0,0.0,0.0,0.0,0.0
TERRACE A,54.46861111111111,-128.57833333333335,2023-11-27,97.0,97.0,1.0,3.5,2.3,1.8,1.8,0.0,0.0
TERRACE A,54.46861111111111,-128.57833333333335,2023-11-28,93.0,98.0,2.3,5.8,4.1,1.2,1.2,0.0,0.0
TERRACE A,54.46861111111111,-128.57833333333335,2023-11-30,72.0,97.0,-0.2,1.8,0.8,0.4,0.0,0.4,0.0
TERRACE A,54.46861111111111,-128.57833333333335,2023-12-01,76.0,97.0,-1.7,0.8,-0.5,5.0,0.2,4.8,0.0
TERRACE A,54.46861111111111,-128.57833333333335,2023-12-02,93.0,97.0,-0.7,0.2,-0.3,9.3,0.2,11.8,12.0
TERRACE A,54.46861111111111,-128.57833333333335,2023-12-03,95.0,97.0,-0.2,2.8,1.3,14.3,3.6,7.6,11.0
TERRACE A,54.46861111111111,-128.57833333333335,2023-12-04,94.0,98.0,0.9,3.6,2.3,14.4,14.4,0.0,2.0
TERRACE A,54.46861111111111,-128.57833333333335,2023-12-05,88.0,98.0,1.8,5.8,3.8,22.9,22.9,0.0,0.0
TERRACE A,54.46861111111111,-128.57833333333335,2023-12-06,93.0,97.0,1.3,3.7,2.5,0.8,0.8,0.0,0.0
TERRACE A,54.46861111111111,-128.57833333333335,2023-12-07,83.0,97.0,-1.6,2.0,0.2,0.0,0.0,0.0,0.0
TERRACE A,54.46861111111111,-128.57833333333335,2023-12-08,88.0,97.0,-2.6,2.0,-0.3,0.0,0.0,0.0,0.0
TERRACE A,54.46861111111111,-128.57833333333335,2023-12-09,86.0,97.0,-1.4,0.3,-0.6,9.8,0.0,12.8,0.0
TERRACE A,54.46861111111111,-128.57833333333335,2023-12-10,97.0,97.0,-0.1,1.1,0.5,0.2,0.2,0.0,15.0
TERRACE A,54.46861111111111,-128.57833333333335,2023-12-11,94.0,97.0,-6.0,0.2,-2.9,0.0,0.0,0.0,7.0
TERRACE A,54.46861111111111,-128.57833333333335,2023-12-12,86.0,97.0,-3.0,4.0,0.5,2.2,2.2,0.0,6.0
TERRACE A,54.46861111111111,-128.57833333333335,2023-12-13,93.0,97.0,0.3,4.1,2.2,26.5,22.5,1.0,0.0
TERRACE A,54.46861111111111,-128.57833333333335,2023-12-14,93.0,97.0,-5.2,1.3,-2.0,0.0,0.0,0.0,0.0
TERRACE A,54.46861111111111,-128.57833333333335,2023-12-15,96.0,97.0,-5.6,-0.5,-3.1,0.6,0.0,0.6,0.0
TERRACE A,54.46861111111111,-128.57833333333335,2023-12-16,93.0,97.0,-2.9,0.2,-1.4,0.0,0.0,0.0,0.0
TERRACE A,54.46861111111111,-128.57833333333335,2023-12-17,88.0,95.0,-2.9,-1.9,-2.4,0.2,0.0,0.2,0.0
TERRACE A,54.46861111111111,-128.57833333333335,2023-12-18,75.0,91.0,-2.2,0.2,-1.0,0.7,0.0,0.0,0.0
TERRACE A,54.46861111111111,-128.57833333333335,2023-12-19,85.0,97.0,-0.6,0.4,-0.1,5.1,0.0,5.8,1.0
TERRACE A,54.46861111111111,-128.57833333333335,2023-12-20,95.0,98.0,-0.1,3.8,1.9,0.4,0.4,0.0,10.0
TERRACE A,54.46861111111111,-128.57833333333335,2023-12-21,96.0,98.0,0.4,3.1,1.8,25.5,25.5,0.0,0.0
TERRACE A,54.46861111111111,-128.57833333333335,2023-12-22,90.0,97.0,0.2,2.8,1.5,14.4,14.4,0.0,0.0
TERRACE A,54.46861111111111,-128.57833333333335,2023-12-23,80.0,97.0,0.4,4.1,2.3,0.2,0.0,0.2,0.0
TERRACE A,54.46861111111111,-128.57833333333335,2023-12-24,92.0,97.0,-2.5,2.5,0.0,4.5,3.7,0.8,0.0
TERRACE A,54.46861111111111,-128.57833333333335,2023-12-25,89.0,97.0,-0.3,1.1,0.4,31.2,28.2,3.0,0.0
TERRACE A,54.46861111111111,-128.57833333333335,2023-12-26,87.0,97.0,-2.0,3.5,0.8,4.8,4.8,0.0,0.0
TERRACE A,54.46861111111111,-128.57833333333335,2023-12-27,83.0,97.0,-1.1,2.0,0.5,9.4,0.4,6.8,1.0
TERRACE A,54.46861111111111,-128.57833333333335,2023-12-28,81.0,97.0,0.1,2.5,1.3,3.2,3.2,0.0,3.0
TERRACE A,54.46861111111111,-128.57833333333335,2023-12-29,90.0,98.0,1.3,5.3,3.3,5.7,5.7,0.0,0.0
TERRACE A,54.46861111111111,-128.57833333333335,2023-12-30,95.0,98.0,1.2,6.7,4.0,3.8,3.8,0.0,0.0
VANCOUVER INTL A,49.19472222222223,-123.18388888888887,2019-02-03,70.0,89.0,-4.0,4.2,0.1,0.4,0.2,0.2,0.0
VANCOUVER INTL A,49.19472222222223,-123.18388888888887,2019-02-04,49.0,81.0,-6.2,0.7,-2.8,0.6,0.0,1.4,1.0
VANCOUVER INTL A,49.19472222222223,-123.18388888888887,2019-02-10,38.0,95.0,-8.8,-1.5,-5.2,4.8,0.0,10.0,3.0
VANCOUVER INTL A,49.19472222222223,-123.18388888888887,2019-02-11,60.0,97.0,-6.9,-1.4,-4.2,5.6,0.0,5.6,9.0
VANCOUVER INTL A,49.19472222222223,-123.18388888888887,2019-02-12,91.0,97.0,-3.2,-0.9,-2.1,6.8,0.0,7.4,14.0
VANCOUVER INTL A,49.19472222222223,-123.18388888888887,2019-02-13,67.0,98.0,-4.1,1.6,-1.3,2.4,0.0,2.4,20.0
VANCOUVER INTL A,49.19472222222223,-123.18388888888887,2019-02-14,68.0,99.0,-8.5,2.3,-3.1,6.2,0.0,4.0,10.0
VANCOUVER INTL A,49.19472222222223,-123.18388888888887,2019-02-15,91.0,97.0,1.1,3.5,2.3,13.4,13.4,0.0,9.0
VANCOUVER INTL A,49.19472222222223,-123.18388888888887,2019-02-16,82.0,99.0,-0.6,5.4,2.4,0.2,0.2,0.0,5.0
VANCOUVER INTL A,49.19472222222223,-123.18388888888887,2019-02-17,74.0,96.0,-0.8,6.3,2.8,0.0,0.0,0.0,4.0
VANCOUVER INTL A,49.19472222222223,-123.18388888888887,2019-02-18,55.0,93.0,-1.9,3.7,0.9,0.0,0.0,0.0,1.0
VANCOUVER INTL A,49.19472222222223,-123.18388888888887,2019-02-19,65.0,97.0,0.4,2.8,1.6,5.2,2.0,0.0,1.0
VANCOUVER INTL A,49.19472222222223,-123.18388888888887,2020-01-10,87.0,96.0,0.3,4.5,2.4,22.8,10.8,8.6,1.0
VANCOUVER INTL A,49.19472222222223,-123.18388888888887,2020-01-12,68.0,96.0,-2.5,4.4,1.0,12.6,8.0,4.4,2.0
VANCOUVER INTL A,49.19472222222223,-123.18388888888887,2020-01-13,65.0,87.0,-6.2,-2.4,-4.3,0.8,0.0,1.6,3.0
VANCOUVER INTL A,49.19472222222223,-123.18388888888887,2020-01-14,63.0,88.0,-8.0,-6.2,-7.1,1.8,0.0,4.8,3.0
VANCOUVER INTL A,49.19472222222223,-123.18388888888887,2020-01-15,74.0,91.0,-7.5,0.1,-3.7,11.4,0.0,15.0,6.0
VANCOUVER INTL A,49.19472222222223,-123.18388888888887,2020-01-16,69.0,96.0,-4.4,2.4,-1.0,0.2,0.2,0.2,14.0
VANCOUVER INTL A,49.19472222222223,-123.18388888888887,2020-01-17,73.0,96.0,-4.7,3.2,-0.8,0.0,0.0,0.0,12.0
VANCOUVER INTL A,49.19472222222223,-123.18388888888887,2020-01-18,81.0,94.0,0.8,5.9,3.4,9.2,9.2,0.0,11.0
VANCOUVER INTL A,49.19472222222223,-123.18388888888887,2020-01-19,80.0,97.0,4.3,9.0,6.7,4.6,4.6,0.0,2.0
VANCOUVER INTL A,49.19472222222223,-123.18388888888887,2020-02-04,80.0,97.0,-0.5,1.5,0.5,13.0,2.2,10.8,3.0
VANCOUVER INTL A,49.19472222222223,-123.18388888888887,2020-02-05,94.0,97.0,0.6,4.8,2.7,14.0,14.0,0.0,2.0
VANCOUVER INTL A,49.19472222222223,-123.18388888888887,2021-02-14,72.0,98.0,-1.0,1.1,0.1,2.1,0.2,3.8,4.0
VANCOUVER INTL A,49.19472222222223,-123.18388888888887,2021-12-06,86.0,98.0,0.1,3.8,2.0,6.2,3.8,2.4,1.0
VANCOUVER INTL A,49.19472222222223,-123.18388888888887,2021-12-24,91.0,98.0,0.1,3.6,1.9,8.7,5.1,6.9,1.0
VANCOUVER INTL A,49.19472222222223,-123.18388888888887,2021-12-25,73.0,97.0,-5.8,0.6,-2.6,1.6,0.0,2.2,0.0
VANCOUVER INTL A,49.19472222222223,-123.18388888888887,2021-12-26,55.0,90.0,-10.8,-5.7,-8.3,3.0,0.0,4.0,2.0
VANCOUVER INTL A,49.19472222222223,-123.18388888888887,2021-12-27,57.0,85.0,-15.3,-7.8,-11.6,0.8,0.0,1.0,1.0
VANCOUVER INTL A,49.19472222222223,-123.18388888888887,2021-12-28,67.0,91.0,-12.8,-4.4,-8.6,0.0,0.0,0.0,1.0
VANCOUVER INTL A,49.19472222222223,-123.18388888888887,2021-12-29,48.0,88.0,-11.7,-4.1,-7.9,0.0,0.0,0.2,3.0
VANCOUVER INTL A,49.19472222222223,-123.18388888888887,2022-01-02,68.0,96.0,0.5,5.0,2.8,8.6,4.9,3.7,7.0
VANCOUVER INTL A,49.19472222222223,-123.18388888888887,2022-01-03,73.0,96.0,1.6,5.4,3.5,7.6,7.6,0.0,2.0
VANCOUVER INTL A,49.19472222222223,-123.18388888888887,2022-01-04,71.0,98.0,0.2,4.9,2.6,7.0,5.6,0.4,0.0
VANCOUVER INTL A,49.19472222222223,-123.18388888888887,2022-01-05,82.0,99.0,-3.4,0.8,-1.3,0.9,0.0,0.9,0.0
VANCOUVER INTL A,49.19472222222223,-123.18388888888887,2022-01-06,95.0,99.0,-3.5,3.9,0.2,16.4,6.8,12.0,12.0
VANCOUVER INTL A,49.19472222222223,-123.18388888888887,2022-01-07,58.0,99.0,1.3,4.6,3.0,7.6,7.6,0.0,2.0
VANCOUVER INTL A,49.19472222222223,-123.18388888888887,2022-02-23,30.0,84.0,-6.8,1.5,-2.7,0.0,0.0,0.0,0.0
VANCOUVER INTL A,49.19472222222223,-123.18388888888887,2022-11-07,52.0,100.0,0.2,4.8,2.5,2.2,1.0,1.2,1.0
VANCOUVER INTL A,49.19472222222223,-123.18388888888887,2022-11-08,57.0,100.0,-1.4,5.5,2.1,1.0,0.0,0.8,2.0
VANCOUVER INTL A,49.19472222222223,-123.18388888888887,2022-11-29,51.0,100.0,-4.3,1.3,-1.5,10.0,0.0,10.0,2.0
VANCOUVER INTL A,49.19472222222223,-123.18388888888887,2022-11-30,57.0,100.0,-1.9,4.3,1.2,1.2,1.2,0.0,4.0
VANCOUVER INTL A,49.19472222222223,-123.18388888888887,2022-12-01,63.0,97.0,-4.7,-0.4,-2.6,0.0,0.0,0.0,3.0
VANCOUVER INTL A,49.19472222222223,-123.18388888888887,2022-12-02,66.0,95.0,-5.7,2.7,-1.5,0.0,0.0,0.0,2.0
VANCOUVER INTL A,49.19472222222223,-123.18388888888887,2022-12-03,62.0,87.0,-2.8,4.2,0.7,0.0,0.0,0.0,1.0
VANCOUVER INTL A,49.19472222222223,-123.18388888888887,2022-12-04,68.0,97.0,-5.6,3.8,-0.9,0.0,0.0,0.0,0.0
VANCOUVER INTL A,49.19472222222223,-123.18388888888887,2022-12-18,68.0,100.0,-6.4,3.2,-1.6,8.8,3.4,5.4,2.0
VANCOUVER INTL A,49.19472222222223,-123.18388888888887,2022-12-19,66.0,94.0,-8.1,-6.2,-7.2,4.0,0.0,4.0,3.0
VANCOUVER INTL A,49.19472222222223,-123.18388888888887,2022-12-20,77.0,96.0,-8.4,-6.8,-7.6,24.2,0.0,24.2,18.0
VANCOUVER INTL A,49.19472222222223,-123.18388888888887,2022-12-21,49.0,79.0,-12.9,-7.0,-10.0,0.2,0.0,0.2,22.0
VANCOUVER INTL A,49.19472222222223,-123.18388888888887,2022-12-22,49.0,68.0,-13.5,-6.8,-10.2,0.0,0.0,0.0,18.0
VANCOUVER INTL A,49.19472222222223,-123.18388888888887,2022-12-23,63.0,100.0,-8.0,2.0,-3.0,11.9,3.9,8.0,16.0
VANCOUVER INTL A,49.19472222222223,-123.18388888888887,2022-12-24,100.0,100.0,0.8,7.3,4.1,28.2,28.2,0.0,7.0
VANCOUVER INTL A,49.19472222222223,-123.18388888888887,2022-12-25,100.0,100.0,2.6,8.4,5.5,16.1,16.1,0.0,2.0
VANCOUVER INTL A,49.19472222222223,-123.18388888888887,2023-01-31,55.0,100.0,-1.2,1.8,0.3,3.3,0.0,2.8,2.0
VANCOUVER INTL A,49.19472222222223,-123.18388888888887,2023-02-22,40.0,93.0,-2.3,2.9,0.3,0.2,0.0,0.2,0.0
VANCOUVER INTL A,49.19472222222223,-123.18388888888887,2023-02-23,24.0,61.0,-4.4,2.2,-1.1,0.0,0.0,0.0,0.0
VANCOUVER INTL A,49.19472222222223,-123.18388888888887,2023-02-25,45.0,100.0,-4.4,2.0,-1.2,6.0,2.0,4.0,0.0
VANCOUVER INTL A,49.19472222222223,-123.18388888888887,2023-02-26,61.0,100.0,0.2,6.1,3.2,6.9,0.2,6.7,9.0
VANCOUVER INTL A,49.19472222222223,-123.18388888888887,2023-02-27,70.0,100.0,0.1,3.7,1.9,3.3,1.0,2.3,2.0
VANCOUVER INTL A,49.19472222222223,-123.18388888888887,2023-02-28,71.0,100.0,0.0,3.7,1.9,14.8,2.2,12.6,1.0
VANCOUVER INTL A,49.19472222222223,-123.18388888888887,2023-03-04,67.0,100.0,1.5,5.9,3.7,4.5,4.2,0.3,0.0
VANCOUVER INTL A,49.19472222222223,-123.18388888888887,2023-03-25,69.0,100.0,1.3,7.7,4.5,2.9,2.9,0.0,0.0
VICTORIA INT'L A,48.647225,-123.42583333333332,2013-01-01,72.0,97.0,0.1,4.6,2.4,0.0,0.0,0.0,0.0
VICTORIA INT'L A,48.647225,-123.42583333333332,2013-01-02,70.0,98.0,-1.5,6.2,2.4,0.0,0.0,0.0,0.0
VICTORIA INT'L A,48.647225,-123.42583333333332,2013-01-03,68.0,99.0,-2.8,5.5,1.4,3.4,3.4,0.0,0.0
VICTORIA INT'L A,48.647225,-123.42583333333332,2013-01-04,97.0,99.0,1.3,4.7,3.0,5.2,5.2,0.0,0.0
VICTORIA INT'L A,48.647225,-123.42583333333332,2013-01-05,76.0,99.0,2.5,7.4,5.0,4.6,4.6,0.0,0.0
VICTORIA INT'L A,48.647225,-123.42583333333332,2013-01-06,73.0,95.0,2.9,6.8,4.9,5.0,5.0,0.0,0.0
VICTORIA INT'L A,48.647225,-123.42583333333332,2013-01-07,64.0,95.0,3.7,11.4,7.6,9.8,9.8,0.0,0.0
VICTORIA INT'L A,48.647225,-123.42583333333332,2013-01-08,90.0,98.0,2.9,9.9,6.4,52.8,52.8,0.0,0.0
VICTORIA INT'L A,48.647225,-123.42583333333332,2013-01-09,61.0,90.0,0.0,9.7,4.9,5.0,5.0,0.0,0.0
VICTORIA INT'L A,48.647225,-123.42583333333332,2013-01-10,56.0,96.0,-1.6,6.1,2.3,0.0,0.0,0.0,0.0
VICTORIA INT'L A,48.647225,-123.42583333333332,2013-01-11,51.0,88.0,-3.4,4.4,0.5,1.2,0.0,1.2,0.0
VICTORIA INT'L A,48.647225,-123.42583333333332,2013-01-12,59.0,92.0,-4.3,3.6,-0.4,0.0,0.0,0.0,0.0
VICTORIA INT'L A,48.647225,-123.42583333333332,2013-01-13,69.0,95.0,-3.3,3.0,-0.2,0.0,0.0,0.0,0.0
VICTORIA INT'L A,48.647225,-123.42583333333332,2013-01-14,85.0,98.0,0.7,3.7,2.2,1.0,1.0,0.0,0.0
VICTORIA INT'L A,48.647225,-123.42583333333332,2013-01-15,81.0,98.0,2.1,5.1,3.6,0.4,0.4,0.0,0.0
VICTORIA INT'L A,48.647225,-123.42583333333332,2013-01-16,80.0,92.0,2.2,4.0,3.1,0.0,0.0,0.0,0.0
VICTORIA INT'L A,48.647225,-123.42583333333332,2013-01-17,73.0,96.0,0.5,6.6,3.6,0.0,0.0,0.0,0.0
VICTORIA INT'L A,48.647225,-123.42583333333332,2013-01-18,82.0,98.0,1.2,4.8,3.0,0.0,0.0,0.0,0.0
VICTORIA INT'L A,48.647225,-123.42583333333332,2013-01-19,84.0,95.0,-0.3,4.9,2.3,0.0,0.0,0.0,0.0
VICTORIA INT'L A,48.647225,-123.42583333333332,2013-01-20,73.0,100.0,-2.9,6.7,1.9,0.0,0.0,0.0,0.0
VICTORIA INT'L A,48.647225,-123.42583333333332,2013-01-21,96.0,99.0,-0.6,2.6,1.0,0.0,0.0,0.0,0.0
VICTORIA INT'L A,48.647225,-123.42583333333332,2013-01-22,92.0,99.0,-0.3,3.0,1.4,0.0,0.0,0.0,0.0
VICTORIA INT'L A,48.647225,-123.42583333333332,2013-01-23,90.0,100.0,1.5,5.7,3.6,3.2,3.2,0.0,0.0
VICTORIA INT'L A,48.647225,-123.42583333333332,2013-01-24,78.0,99.0,-2.1,6.6,2.3,5.8,5.8,0.0,0.0
VICTORIA INT'L A,48.647225,-123.42583333333332,2013-01-25,76.0,99.0,0.8,9.6,5.2,0.4,0.4,0.0,0.0
VICTORIA INT'L A,48.647225,-123.42583333333332,2013-01-26,85.0,99.0,1.2,7.4,4.3,2.0,2.0,0.0,0.0
VICTORIA INT'L A,48.647225,-123.42583333333332,2013-01-27,78.0,99.0,-0.8,6.3,2.8,0.4,0.4,0.0,0.0
VICTORIA INT'L A,48.647225,-123.42583333333332,2013-01-28,77.0,99.0,0.4,6.3,3.4,0.2,0.2,0.0,0.0
VICTORIA INT'L A,48.647225,-123.42583333333332,2013-01-29,77.0,97.0,2.8,7.7,5.3,1.0,1.0,0.0,0.0
VICTORIA INT'L A,48.647225,-123.42583333333332,2013-01-30,91.0,98.0,4.8,7.3,6.1,0.4,0.4,0.0,0.0
VICTORIA INT'L A,48.647225,-123.42583333333332,2013-01-31,79.0,99.0,2.7,10.0,6.4,0.8,0.8,0.0,0.0
VICTORIA INT'L A,48.647225,-123.42583333333332,2013-02-01,82.0,96.0,2.0,8.1,5.1,0.2,0.2,0.0,0.0
VICTORIA INT'L A,48.647225,-123.42583333333332,2013-02-02,75.0,97.0,0.8,8.4,4.6,0.0,0.0,0.0,0.0
VICTORIA INT'L A,48.647225,-123.42583333333332,2013-02-03,85.0,94.0,4.4,7.6,6.0,1.6,1.6,0.0,0.0
VICTORIA INT'L A,48.647225,-123.42583333333332,2013-02-04,77.0,93.0,4.5,8.4,6.5,0.2,0.2,0.0,0.0
VICTORIA INT'L A,48.647225,-123.42583333333332,2013-02-05,73.0,94.0,5.0,9.3,7.2,5.1,5.1,0.0,0.0
VICTORIA INT'L A,48.647225,-123.42583333333332,2013-02-06,71.0,89.0,4.8,8.4,6.6,2.6,2.6,0.0,0.0
VICTORIA INT'L A,48.647225,-123.42583333333332,2013-02-07,57.0,93.0,0.2,9.1,4.7,0.2,0.2,0.0,0.0
VICTORIA INT'L A,48.647225,-123.42583333333332,2013-02-08,63.0,92.0,-1.6,8.4,3.4,0.0,0.0,0.0,0.0
VICTORIA INT'L A,48.647225,-123.42583333333332,2013-02-09,77.0,95.0,0.1,7.0,3.6,0.0,0.0,0.0,0.0
VICTORIA INT'L A,48.647225,-123.42583333333332,2013-02-10,72.0,95.0,4.0,7.6,5.8,0.0,0.0,0.0,0.0
VICTORIA INT'L A,48.647225,-123.42583333333332,2013-02-11,79.0,95.0,2.5,8.2,5.4,0.0,0.0,0.0,0.0
VICTORIA INT'L A,48.647225,-123.42583333333332,2013-02-12,68.0,96.0,4.0,11.0,7.5,0.0,0.0,0.0,0.0
VICTORIA INT'L A,48.647225,-123.42583333333332,2013-02-13,57.0,83.0,3.9,10.5,7.2,0.0,0.0,0.0,0.0
VICTORIA INT'L A,48.647225,-123.42583333333332,2013-02-14,78.0,95.0,4.3,7.5,5.9,5.0,5.0,0.0,0.0
VICTORIA INT'L A,48.647225,-123.42583333333332,2013-02-15,74.0,95.0,5.0,8.9,7.0,0.2,0.2,0.0,0.0
VICTORIA INT'L A,48.647225,-123.42583333333332,2013-02-16,60.0,99.0,2.1,10.7,6.4,0.0,0.0,0.0,0.0
VICTORIA INT'L A,48.647225,-123.42583333333332,2013-02-17,75.0,93.0,1.1,6.6,3.9,4.8,4.8,0.0,0.0
VICTORIA INT'L A,48.647225,-123.42583333333332,2013-02-18,70.0,94.0,2.3,6.9,4.6,7.2,7.2,0.0,0.0
VICTORIA INT'L A,48.647225,-123.42583333333332,2013-02-19,58.0,92.0,0.4,9.5,5.0,0.6,0.6,0.0,0.0
VICTORIA INT'L A,48.647225,-123.42583333333332,2013-02-20,72.0,94.0,-1.4,7.0,2.8,1.4,1.4,0.0,0.0
VICTORIA INT'L A,48.647225,-123.42583333333332,2013-02-21,65.0,92.0,3.9,9.4,6.7,0.4,0.4,0.0,0.0
VICTORIA INT'L A,48.647225,-123.42583333333332,2013-02-22,57.0,90.0,3.1,10.5,6.8,11.2,11.2,0.0,0.0
VICTORIA INT'L A,48.647225,-123.42583333333332,2013-02-23,50.0,86.0,0.3,10.5,5.4,0.2,0.2,0.0,0.0
VICTORIA INT'L A,48.647225,-123.42583333333332,2013-02-24,63.0,91.0,4.8,7.4,6.1,1.8,1.8,0.0,0.0
VICTORIA INT'L A,48.647225,-123.42583333333332,2013-02-25,49.0,90.0,1.4,9.8,5.6,5.6,5.6,0.0,0.0
VICTORIA INT'L A,48.647225,-123.42583333333332,2013-02-26,70.0,87.0,-0.3,7.2,3.5,0.4,0.4,0.0,0.0
VICTORIA INT'L A,48.647225,-123.42583333333332,2013-02-27,61.0,93.0,-0.7,8.2,3.8,0.6,0.6,0.0,0.0
VICTORIA INT'L A,48.647225,-123.42583333333332,2013-02-28,88.0,95.0,2.7,7.6,5.2,12.2,12.2,0.0,0.0
VICTORIA INT'L A,48.647225,-123.42583333333332,2013-03-01,79.0,94.0,7.2,13.0,10.1,14.2,14.2,0.0,0.0
VICTORIA INT'L A,48.647225,-123.42583333333332,2013-03-02,60.0,95.0,3.5,11.9,7.7,6.4,6.4,0.0,0.0
VICTORIA INT'L A,48.647225,-123.42583333333332,2013-03-03,49.0,90.0,-1.4,10.0,4.3,0.0,0.0,0.0,0.0
VICTORIA INT'L A,48.647225,-123.42583333333332,2013-03-04,57.0,91.0,-1.2,8.5,3.7,0.0,0.0,0.0,0.0
VICTORIA INT'L A,48.647225,-123.42583333333332,2013-03-05,53.0,90.0,1.1,8.2,4.7,3.2,3.2,0.0,0.0
VICTORIA INT'L A,48.647225,-123.42583333333332,2013-03-06,82.0,94.0,3.7,6.7,5.2,4.6,4.6,0.0,0.0
VICTORIA INT'L A,48.647225,-123.42583333333332,2013-03-07,76.0,95.0,1.5,9.3,5.4,2.2,2.2,0.0,0.0
VICTORIA INT'L A,48.647225,-123.42583333333332,2013-03-08,57.0,94.0,1.2,11.0,6.1,0.0,0.0,0.0,0.0
VICTORIA INT'L A,48.647225,-123.42583333333332,2013-03-09,64.0,96.0,-0.9,10.5,4.8,0.0,0.0,0.0,0.0
VICTORIA INT'L A,48.647225,-123.42583333333332,2013-03-10,69.0,90.0,1.8,8.6,5.2,0.2,0.2,0.0,0.0
VICTORIA INT'L A,48.647225,-123.42583333333332,2013-03-11,67.0,93.0,0.2,9.6,4.9,4.6,4.6,0.0,0.0
VICTORIA INT'L A,48.647225,-123.42583333333332,2013-03-12,71.0,93.0,5.5,13.0,9.3,14.6,14.6,0.0,0.0
VICTORIA INT'L A,48.647225,-123.42583333333332,2013-03-13,89.0,93.0,8.6,10.9,9.8,5.6,5.6,0.0,0.0
VICTORIA INT'L A,48.647225,-123.42583333333332,2013-03-14,83.0,94.0,6.6,11.5,9.1,5.4,5.4,0.0,0.0
VICTORIA INT'L A,48.647225,-123.42583333333332,2013-03-15,68.0,90.0,6.7,13.5,10.1,1.8,1.8,0.0,0.0
VICTORIA INT'L A,48.647225,-123.42583333333332,2013-03-16,59.0,92.0,3.6,11.3,7.5,0.0,0.0,0.0,0.0
VICTORIA INT'L A,48.647225,-123.42583333333332,2013-03-17,42.0,69.0,1.8,10.3,6.1,0.0,0.0,0.0,0.0
VICTORIA INT'L A,48.647225,-123.42583333333332,2013-03-18,45.0,87.0,0.8,10.7,5.8,4.4,4.4,0.0,0.0
VICTORIA INT'L A,48.647225,-123.42583333333332,2013-03-19,53.0,86.0,-0.3,8.1,3.9,3.6,3.6,0.0,0.0
VICTORIA INT'L A,48.647225,-123.42583333333332,2013-03-20,52.0,90.0,4.3,10.6,7.5,5.6,5.6,0.0,0.0
VICTORIA INT'L A,48.647225,-123.42583333333332,2013-03-21,48.0,79.0,1.5,9.7,5.6,0.2,0.2,0.0,0.0
VICTORIA INT'L A,48.647225,-123.42583333333332,2013-03-22,41.0,88.0,-1.9,8.2,3.2,0.0,0.0,0.0,0.0
VICTORIA INT'L A,48.647225,-123.42583333333332,2013-03-23,47.0,86.0,-0.3,8.1,3.9,0.0,0.0,0.0,0.0
VICTORIA INT'L A,48.647225,-123.42583333333332,2013-03-24,42.0,86.0,-0.2,9.8,4.8,0.0,0.0,0.0,0.0
VICTORIA INT'L A,48.647225,-123.42583333333332,2013-03-25,35.0,84.0,0.4,13.3,6.9,0.0,0.0,0.0,0.0
VICTORIA INT'L A,48.647225,-123.42583333333332,2013-03-26,49.0,84.0,3.0,13.6,8.3,0.0,0.0,0.0,0.0
VICTORIA INT'L A,48.647225,-123.42583333333332,2013-03-27,56.0,89.0,3.5,14.4,9.0,0.0,0.0,0.0,0.0
VICTORIA INT'L A,48.647225,-123.42583333333332,2013-03-28,56.0,91.0,3.3,14.3,8.8,0.0,0.0,0.0,0.0
VICTORIA INT'L A,48.647225,-123.42583333333332,2013-03-29,57.0,94.0,2.8,15.0,8.9,0.0,0.0,0.0,0.0
VICTORIA INT'L A,48.647225,-123.42583333333332,2013-03-30,51.0,91.0,3.3,16.3,9.8,0.0,0.0,0.0,0.0
VICTORIA INT'L A,48.647225,-123.42583333333332,2013-03-31,44.0,86.0,3.6,17.7,10.7,0.0,0.0,0.0,0.0
VICTORIA INT'L A,48.647225,-123.42583333333332,2013-04-01,70.0,86.0,3.8,12.9,8.4,0.0,0.0,0.0,0.0
VICTORIA INT'L A,48.647225,-123.42583333333332,2013-04-02,61.0,89.0,4.8,12.6,8.7,0.0,0.0,0.0,0.0
VICTORIA INT'L A,48.647225,-123.42583333333332,2013-04-03,53.0,85.0,7.9,14.8,11.4,0.0,0.0,0.0,0.0
VICTORIA INT'L A,48.647225,-123.42583333333332,2013-04-04,77.0,91.0,7.7,10.6,9.2,9.8,9.8,0.0,0.0
VICTORIA INT'L A,48.647225,-123.42583333333332,2013-04-05,70.0,92.0,9.1,13.8,11.5,3.2,3.2,0.0,0.0
VICTORIA INT'L A,48.647225,-123.42583333333332,2013-04-06,45.0,87.0,5.6,14.2,9.9,3.4,3.4,0.0,0.0
VICTORIA INT'L A,48.647225,-123.42583333333332,2013-04-07,73.0,88.0,6.0,10.2,8.1,9.7,9.7,0.0,0.0
VICTORIA INT'L A,48.647225,-123.42583333333332,2013-04-08,61.0,93.0,2.3,13.0,7.7,0.0,0.0,0.0,0.0
VICTORIA INT'L A,48.647225,-123.42583333333332,2013-04-09,74.0,90.0,3.8,9.3,6.6,1.0,1.0,0.0,0.0
VICTORIA INT'L A,48.647225,-123.42583333333332,2013-04-10,55.0,91.0,7.5,15.3,11.4,10.0,10.0,0.0,0.0
VICTORIA INT'L A,48.647225,-123.42583333333332,2013-04-11,50.0,81.0,3.3,12.0,7.7,0.0,0.0,0.0,0.0
VICTORIA INT'L A,48.647225,-123.42583333333332,2013-04-12,61.0,86.0,1.7,7.0,4.4,4.6,4.6,0.0,0.0
VICTORIA INT'L A,48.647225,-123.42583333333332,2013-04-13,61.0,93.0,1.8,10.1,6.0,2.0,2.0,0.0,0.0
VICTORIA INT'L A,48.647225,-123.42583333333332,2013-04-14,52.0,89.0,-0.1,10.9,5.4,0.0,0.0,0.0,0.0
VICTORIA INT'L A,48.647225,-123.42583333333332,2013-04-15,55.0,89.0,1.9,12.8,7.4,4.2,4.2,0.0,0.0
VICTORIA INT'L A,48.647225,-123.42583333333332,2013-04-16,30.0,90.0,1.9,15.0,8.5,0.0,0.0,0.0,0.0
VICTORIA INT'L A,48.647225,-123.42583333333332,2013-04-17,34.0,83.0,4.1,15.9,10.0,0.0,0.0,0.0,0.0
VICTORIA INT'L A,48.647225,-123.42583333333332,2013-04-18,73.0,90.0,6.0,9.1,7.6,2.8,2.8,0.0,0.0
VICTORIA INT'L A,48.647225,-123.42583333333332,2013-04-19,75.0,89.0,8.6,13.5,11.1,9.8,9.8,0.0,0.0
VICTORIA INT'L A,48.647225,-123.42583333333332,2013-04-20,56.0,86.0,6.9,15.7,11.3,0.0,0.0,0.0,0.0
VICTORIA INT'L A,48.647225,-123.42583333333332,2013-04-21,56.0,86.0,4.4,12.2,8.3,2.2,2.2,0.0,0.0
VICTORIA INT'L A,48.647225,-123.42583333333332,2013-04-22,25.0,87.0,1.2,15.8,8.5,0.0,0.0,0.0,0.0
VICTORIA INT'L A,48.647225,-123.42583333333332,2013-04-23,38.0,81.0,2.5,15.4,9.0,0.0,0.0,0.0,0.0
VICTORIA INT'L A,48.647225,-123.42583333333332,2013-04-24,44.0,83.0,3.4,17.2,10.3,0.0,0.0,0.0,0.0
VICTORIA INT'L A,48.647225,-123.42583333333332,2013-04-25,52.0,85.0,4.8,17.1,11.0,0.0,0.0,0.0,0.0
VICTORIA INT'L A,48.647225,-123.42583333333332,2013-04-26,44.0,89.0,4.3,17.4,10.9,0.0,0.0,0.0,0.0
VICTORIA INT'L A,48.647225,-123.42583333333332,2013-04-27,46.0,77.0,9.1,14.0,11.6,0.0,0.0,0.0,0.0
VICTORIA INT'L A,48.647225,-123.42583333333332,2013-04-28,42.0,76.0,3.1,15.3,9.2,0.4,0.4,0.0,0.0
VICTORIA INT'L A,48.647225,-123.42583333333332,2013-04-29,40.0,81.0,4.6,12.7,8.7,1.0,1.0,0.0,0.0
VICTORIA INT'L A,48.647225,-123.42583333333332,2013-04-30,44.0,85.0,1.4,12.5,7.0,0.2,0.2,0.0,0.0
VICTORIA INT'L A,48.647225,-123.42583333333332,2013-05-01,30.0,82.0,1.2,15.1,8.2,0.0,0.0,0.0,0.0
VICTORIA INT'L A,48.647225,-123.42583333333332,2013-05-02,46.0,87.0,3.7,16.5,10.1,0.0,0.0,0.0,0.0
VICTORIA INT'L A,48.647225,-123.42583333333332,2013-05-03,42.0,89.0,5.3,21.2,13.3,0.0,0.0,0.0,0.0
VICTORIA INT'L A,48.647225,-123.42583333333332,2013-05-04,32.0,83.0,6.6,25.2,15.9,0.0,0.0,0.0,0.0
VICTORIA INT'L A,48.647225,-123.42583333333332,2013-05-05,28.0,80.0,8.0,28.1,18.1,0.0,0.0,0.0,0.0
VICTORIA INT'L A,48.647225,-123.42583333333332,2013-05-06,36.0,79.0,10.6,25.0,17.8,0.0,0.0,0.0,0.0
VICTORIA INT'L A,48.647225,-123.42583333333332,2013-05-07,59.0,87.0,8.0,18.3,13.2,0.0,0.0,0.0,0.0
VICTORIA INT'L A,48.647225,-123.42583333333332,2013-05-08,66.0,91.0,7.7,15.8,11.8,0.0,0.0,0.0,0.0
VICTORIA INT'L A,48.647225,-123.42583333333332,2013-05-09,54.0,91.0,6.7,19.4,13.1,0.0,0.0,0.0,0.0
VICTORIA INT'L A,48.647225,-123.42583333333332,2013-05-10,57.0,88.0,7.3,19.2,13.3,0.0,0.0,0.0,0.0
VICTORIA INT'L A,48.647225,-123.42583333333332,2013-05-11,53.0,85.0,9.3,19.0,14.2,1.3,1.3,0.0,0.0
VICTORIA INT'L A,48.647225,-123.42583333333332,2013-05-12,76.0,90.0,12.0,17.4,14.7,3.7,3.7,0.0,0.0
VICTORIA INT'L A,48.647225,-123.42583333333332,2013-05-13,59.0,90.0,10.0,15.6,12.8,2.3,2.3,0.0,0.0
VICTORIA INT'L A,48.647225,-123.42583333333332,2013-05-14,50.0,74.0,9.6,15.2,12.4,0.0,0.0,0.0,0.0
VICTORIA INT'L A,48.647225,-123.42583333333332,2013-05-15,49.0,87.0,9.1,17.4,13.3,1.4,1.4,0.0,0.0
VICTORIA INT'L A,48.647225,-123.42583333333332,2013-05-16,57.0,89.0,9.2,18.4,13.8,0.2,0.2,0.0,0.0
VICTORIA INT'L A,48.647225,-123.42583333333332,2013-05-17,64.0,87.0,9.1,15.4,12.3,3.0,3.0,0.0,0.0
VICTORIA INT'L A,48.647225,-123.42583333333332,2013-05-18,71.0,86.0,8.9,14.5,11.7,3.6,3.6,0.0,0.0
VICTORIA INT'L A,48.647225,-123.42583333333332,2013-05-19,53.0,85.0,9.1,17.1,13.1,0.0,0.0,0.0,0.0
VICTORIA INT'L A,48.647225,-123.42583333333332,2013-05-20,58.0,87.0,6.4,16.2,11.3,4.2,4.2,0.0,0.0
VICTORIA INT'L A,48.647225,-123.42583333333332,2013-05-21,68.0,86.0,6.7,11.8,9.3,4.4,4.4,0.0,0.0
VICTORIA INT'L A,48.647225,-123.42583333333332,2013-05-22,49.0,86.0,4.7,16.0,10.4,2.0,2.0,0.0,0.0
VICTORIA INT'L A,48.647225,-123.42583333333332,2013-05-23,55.0,84.0,7.1,15.1,11.1,6.4,6.4,0.0,0.0
VICTORIA INT'L A,48.647225,-123.42583333333332,2013-05-24,52.0,85.0,5.3,16.6,11.0,0.0,0.0,0.0,0.0
VICTORIA INT'L A,48.647225,-123.42583333333332,2013-05-25,53.0,84.0,10.2,15.5,12.9,0.4,0.4,0.0,0.0
VICTORIA INT'L A,48.647225,-123.42583333333332,2013-05-26,68.0,88.0,9.2,15.3,12.3,2.4,2.4,0.0,0.0
VICTORIA INT'L A,48.647225,-123.42583333333332,2013-05-27,75.0,88.0,10.2,13.1,11.7,9.2,9.2,0.0,0.0
VICTORIA INT'L A,48.647225,-123.42583333333332,2013-05-28,72.0,89.0,9.9,14.3,12.1,3.6,3.6,0.0,0.0
VICTORIA INT'L A,48.647225,-123.42583333333332,2013-05-29,66.0,87.0,9.8,13.6,11.7,4.9,4.9,0.0,0.0
VICTORIA INT'L A,48.647225,-123.42583333333332,2013-05-30,61.0,81.0,7.6,14.7,11.2,3.9,3.9,0.0,0.0
VICTORIA INT'L A,48.647225,-123.42583333333332,2013-05-31,47.0,84.0,9.0,17.2,13.1,0.0,0.0,0.0,0.0
VICTORIA INT'L A,48.647225,-123.42583333333332,2013-06-01,59.0,82.0,8.9,19.0,14.0,0.0,0.0,0.0,0.0
VICTORIA INT'L A,48.647225,-123.42583333333332,2013-06-02,53.0,81.0,10.5,18.8,14.7,0.0,0.0,0.0,0.0
VICTORIA INT'L A,48.647225,-123.42583333333332,2013-06-03,53.0,87.0,8.4,19.3,13.9,0.0,0.0,0.0,0.0
VICTORIA INT'L A,48.647225,-123.42583333333332,2013-06-04,43.0,84.0,9.7,22.6,16.2,0.0,0.0,0.0,0.0
VICTORIA INT'L A,48.647225,-123.42583333333332,2013-06-05,51.0,77.0,11.8,21.4,16.6,0.0,0.0,0.0,0.0
VICTORIA INT'L A,48.647225,-123.42583333333332,2013-06-06,49.0,86.0,10.0,21.2,15.6,0.0,0.0,0.0,0.0
VICTORIA INT'L A,48.647225,-123.42583333333332,2013-06-07,44.0,79.0,12.1,21.8,17.0,1.0,1.0,0.0,0.0
VICTORIA INT'L A,48.647225,-123.42583333333332,2013-06-08,51.0,70.0,10.6,18.6,14.6,0.0,0.0,0.0,0.0
VICTORIA INT'L A,48.647225,-123.42583333333332,2013-06-09,42.0,77.0,9.7,20.6,15.2,0.0,0.0,0.0,0.0
VICTORIA INT'L A,48.647225,-123.42583333333332,2013-06-10,39.0,80.0,7.7,21.3,14.5,0.0,0.0,0.0,0.0
VICTORIA INT'L A,48.647225,-123.42583333333332,2013-06-11,43.0,60.0,11.2,18.2,14.7,0.0,0.0,0.0,0.0
VICTORIA INT'L A,48.647225,-123.42583333333332,2013-06-12,55.0,85.0,9.2,16.9,13.1,4.6,4.6,0.0,0.0
VICTORIA INT'L A,48.647225,-123.42583333333332,2013-06-13,47.0,85.0,9.1,20.4,14.8,0.0,0.0,0.0,0.0
VICTORIA INT'L A,48.647225,-123.42583333333332,2013-06-14,53.0,79.0,10.6,18.1,14.4,0.0,0.0,0.0,0.0
VICTORIA INT'L A,48.647225,-123.42583333333332,2013-06-15,44.0,85.0,8.9,21.2,15.1,0.0,0.0,0.0,0.0
VICTORIA INT'L A,48.647225,-123.42583333333332,2013-06-16,47.0,82.0,10.2,22.2,16.2,0.0,0.0,0.0,0.0
VICTORIA INT'L A,48.647225,-123.42583333333332,2013-06-17,49.0,80.0,10.4,20.7,15.6,0.2,0.2,0.0,0.0
VICTORIA INT'L A,48.647225,-123.42583333333332,2013-06-18,39.0,82.0,12.2,21.2,16.7,0.6,0.6,0.0,0.0
VICTORIA INT'L A,48.647225,-123.42583333333332,2013-06-19,45.0,77.0,11.4,21.4,16.4,0.0,0.0,0.0,0.0
VICTORIA INT'L A,48.647225,-123.42583333333332,2013-06-20,60.0,78.0,12.5,16.0,14.3,2.6,2.6,0.0,0.0
VICTORIA INT'L A,48.647225,-123.42583333333332,2013-06-21,55.0,82.0,11.0,19.1,15.1,0.0,0.0,0.0,0.0
VICTORIA INT'L A,48.647225,-123.42583333333332,2013-06-22,46.0,82.0,9.7,22.0,15.9,0.0,0.0,0.0,0.0
VICTORIA INT'L A,48.647225,-123.42583333333332,2013-06-23,61.0,86.0,11.8,18.9,15.4,1.2,1.2,0.0,0.0
VICTORIA INT'L A,48.647225,-123.42583333333332,2013-06-24,69.0,90.0,12.4,17.1,14.8,2.4,2.4,0.0,0.0
VICTORIA INT'L A,48.647225,-123.42583333333332,2013-06-25,55.0,82.0,12.1,20.6,16.4,1.5,1.5,0.0,0.0
VICTORIA INT'L A,48.647225,-123.42583333333332,2013-06-26,60.0,85.0,11.7,19.9,15.8,2.0,2.0,0.0,0.0
VICTORIA INT'L A,48.647225,-123.42583333333332,2013-06-27,69.0,83.0,13.7,19.5,16.6,3.0,3.0,0.0,0.0
VICTORIA INT'L A,48.647225,-123.42583333333332,2013-06-28,55.0,85.0,14.3,24.1,19.2,0.0,0.0,0.0,0.0
VICTORIA INT'L A,48.647225,-123.42583333333332,2013-06-29,53.0,83.0,14.6,25.2,19.9,0.0,0.0,0.0,0.0
VICTORIA INT'L A,48.647225,-123.42583333333332,2013-06-30,40.0,81.0,12.5,30.8,21.7,0.0,0.0,0.0,0.0
VICTORIA INT'L A,48.647225,-123.42583333333332,2013-07-01,46.0,76.0,14.3,28.4,21.4,0.0,0.0,0.0,0.0
VICTORIA INT'L A,48.647225,-123.42583333333332,2013-07-02,41.0,77.0,13.1,26.1,19.6,0.0,0.0,0.0,0.0
VICTORIA INT'L A,48.647225,-123.42583333333332,2013-07-03,31.0,70.0,9.6,23.9,16.8,0.0,0.0,0.0,0.0
VICTORIA INT'L A,48.647225,-123.42583333333332,2013-07-04,45.0,75.0,12.2,21.8,17.0,0.0,0.0,0.0,0.0
VICTORIA INT'L A,48.647225,-123.42583333333332,2013-07-05,50.0,81.0,10.2,21.7,16.0,0.0,0.0,0.0,0.0
VICTORIA INT'L A,48.647225,-123.42583333333332,2013-07-06,44.0,82.0,10.1,24.9,17.5,0.0,0.0,0.0,0.0
VICTORIA INT'L A,48.647225,-123.42583333333332,2013-07-07,47.0,81.0,11.1,23.3,17.2,0.0,0.0,0.0,0.0
VICTORIA INT'L A,48.647225,-123.42583333333332,2013-07-08,50.0,82.0,12.1,23.0,17.6,0.0,0.0,0.0,0.0
VICTORIA INT'L A,48.647225,-123.42583333333332,2013-07-09,42.0,82.0,11.3,25.1,18.2,0.0,0.0,0.0,0.0
VICTORIA INT'L A,48.647225,-123.42583333333332,2013-07-10,35.0,79.0,11.6,23.7,17.7,0.0,0.0,0.0,0.0
VICTORIA INTL A,48.64722222222223,-123.42583333333332,2019-02-04,56.0,83.0,-4.9,-0.5,-2.7,0.6,0.0,0.6,1.0
VICTORIA INTL A,48.64722222222223,-123.42583333333332,2019-02-05,56.0,90.0,-7.1,1.8,-2.7,0.0,0.0,0.0,0.0
VICTORIA INTL A,48.64722222222223,-123.42583333333332,2019-02-08,46.0,97.0,-2.0,1.3,-0.4,5.2,0.0,5.2,3.0
VICTORIA INTL A,48.64722222222223,-123.42583333333332,2019-02-09,40.0,55.0,-2.9,0.5,-1.2,0.2,0.0,0.2,4.0
VICTORIA INTL A,48.64722222222223,-123.42583333333332,2019-02-10,45.0,95.0,-6.8,1.1,-2.9,16.0,0.0,16.0,2.0
VICTORIA INTL A,48.64722222222223,-123.42583333333332,2019-02-11,62.0,96.0,-3.2,-1.1,-2.2,26.9,0.0,26.4,21.0
VICTORIA INTL A,48.64722222222223,-123.42583333333332,2019-02-12,88.0,97.0,-1.3,1.7,0.2,9.9,0.0,9.5,47.0
VICTORIA INTL A,48.64722222222223,-123.42583333333332,2019-02-13,69.0,99.0,-6.1,3.6,-1.3,2.4,0.0,2.4,46.0
VICTORIA INTL A,48.64722222222223,-123.42583333333332,2019-02-14,81.0,100.0,-7.2,2.1,-2.6,10.5,1.5,8.0,37.0
VICTORIA INTL A,48.64722222222223,-123.42583333333332,2019-02-15,80.0,100.0,-0.6,6.1,2.8,2.2,2.0,0.2,37.0
VICTORIA INTL A,48.64722222222223,-123.42583333333332,2019-02-16,71.0,100.0,-1.1,8.3,3.6,0.2,0.2,0.0,25.0
VICTORIA INTL A,48.64722222222223,-123.42583333333332,2019-02-17,66.0,100.0,-1.7,5.3,1.8,0.0,0.0,0.0,20.0
VICTORIA INTL A,48.64722222222223,-123.42583333333332,2019-02-18,61.0,99.0,-2.4,5.2,1.4,0.0,0.0,0.0,15.0
VICTORIA INTL A,48.64722222222223,-123.42583333333332,2019-02-19,77.0,100.0,-0.1,6.9,3.4,0.2,0.2,0.0,14.0
VICTORIA INTL A,48.64722222222223,-123.42583333333332,2019-02-20,68.0,100.0,-1.1,5.5,2.2,0.0,0.0,0.0,11.0
VICTORIA INTL A,48.64722222222223,-123.42583333333332,2019-02-21,33.0,96.0,-2.6,6.1,1.8,0.0,0.0,0.0,9.0
VICTORIA INTL A,48.64722222222223,-123.42583333333332,2019-02-22,52.0,93.0,-0.2,7.4,3.6,2.8,2.8,0.0,8.0
VICTORIA INTL A,48.64722222222223,-123.42583333333332,2019-02-23,72.0,97.0,-1.7,5.8,2.1,4.8,4.8,0.0,4.0
VICTORIA INTL A,48.64722222222223,-123.42583333333332,2019-02-24,43.0,98.0,1.5,7.2,4.4,1.2,1.2,0.0,2.0
VICTORIA INTL A,48.64722222222223,-123.42583333333332,2019-02-26,26.0,37.0,-0.7,4.3,1.8,0.0,0.0,0.0,0.0
VICTORIA INTL A,48.64722222222223,-123.42583333333332,2019-02-27,32.0,67.0,1.2,5.9,3.6,0.0,0.0,0.0,0.0
VICTORIA INTL A,48.64722222222223,-123.42583333333332,2019-02-28,51.0,92.0,-2.7,6.6,2.0,0.0,0.0,0.0,0.0
VICTORIA INTL A,48.64722222222223,-123.42583333333332,2019-03-01,55.0,89.0,-2.0,7.2,2.6,0.0,0.0,0.0,0.0
VICTORIA INTL A,48.64722222222223,-123.42583333333332,2020-01-12,75.0,100.0,-1.5,6.1,2.3,12.3,9.8,2.5,3.0
VICTORIA INTL A,48.64722222222223,-123.42583333333332,2020-01-13,66.0,83.0,-5.1,-0.5,-2.8,2.3,0.0,2.3,3.0
VICTORIA INTL A,48.64722222222223,-123.42583333333332,2020-01-14,62.0,100.0,-5.5,-3.9,-4.7,4.5,0.0,4.5,4.0
VICTORIA INTL A,48.64722222222223,-123.42583333333332,2020-01-15,65.0,99.0,-5.1,5.6,0.3,19.4,0.0,20.0,25.0
VICTORIA INTL A,48.64722222222223,-123.42583333333332,2020-01-16,59.0,94.0,-2.4,5.5,1.6,0.0,0.0,0.0,16.0
VICTORIA INTL A,48.64722222222223,-123.42583333333332,2020-01-17,78.0,100.0,-6.2,4.3,-1.0,0.0,0.0,0.0,7.0
VICTORIA INTL A,48.64722222222223,-123.42583333333332,2020-01-18,68.0,100.0,3.6,7.9,5.8,3.1,3.1,0.0,4.0
VICTORIA INTL A,48.64722222222223,-123.42583333333332,2020-12-21,72.0,98.0,0.1,6.3,3.2,52.8,41.8,8.0,2.0
VICTORIA INTL A,48.64722222222223,-123.42583333333332,2020-12-22,60.0,98.0,-1.8,5.5,1.9,0.0,0.0,0.0,2.0
VICTORIA INTL A,48.64722222222223,-123.42583333333332,2020-12-23,69.0,98.0,-2.5,4.7,1.1,0.0,0.0,0.0,1.0
VICTORIA INTL A,48.64722222222223,-123.42583333333332,2020-12-24,77.0,98.0,-4.0,3.1,-0.5,0.0,0.0,0.0,0.0
VICTORIA INTL A,48.64722222222223,-123.42583333333332,2021-02-10,62.0,95.0,-5.2,1.0,-2.1,1.0,0.0,1.0,1.0
VICTORIA INTL A,48.64722222222223,-123.42583333333332,2021-02-11,34.0,67.0,-3.2,-1.2,-2.2,0.0,0.0,0.0,1.0
VICTORIA INTL A,48.64722222222223,-123.42583333333332,2021-02-12,34.0,82.0,-3.9,-0.7,-2.3,0.0,0.0,0.0,1.0
VICTORIA INTL A,48.64722222222223,-123.42583333333332,2021-02-13,82.0,98.0,-2.8,0.4,-1.2,12.2,7.0,16.0,7.0
VICTORIA INTL A,48.64722222222223,-123.42583333333332,2021-02-14,69.0,100.0,-0.8,1.4,0.3,11.4,3.4,8.0,15.0
VICTORIA INTL A,48.64722222222223,-123.42583333333332,2021-02-15,95.0,100.0,-0.5,3.0,1.3,11.8,11.8,0.0,10.0
VICTORIA INTL A,48.64722222222223,-123.42583333333332,2021-02-16,63.0,100.0,-0.4,8.1,3.9,0.0,0.0,0.0,4.0
VICTORIA INTL A,48.64722222222223,-123.42583333333332,2021-02-17,55.0,100.0,-3.1,6.3,1.6,0.0,0.0,0.0,3.0
VICTORIA INTL A,48.64722222222223,-123.42583333333332,2021-02-18,66.0,100.0,0.3,5.8,3.1,4.8,4.8,0.0,3.0
VICTORIA INTL A,48.64722222222223,-123.42583333333332,2021-02-19,61.0,99.0,-0.1,8.8,4.4,0.6,0.6,0.0,1.0
VICTORIA INTL A,48.64722222222223,-123.42583333333332,2021-10-26,67.0,100.0,8.7,13.4,11.1,0.8,0.8,0.0,0.0
VICTORIA INTL A,48.64722222222223,-123.42583333333332,2021-12-06,100.0,100.0,0.0,3.9,2.0,13.6,13.6,0.0,0.0
VICTORIA INTL A,48.64722222222223,-123.42583333333332,2021-12-24,80.0,100.0,0.1,5.2,2.7,4.3,2.3,2.0,2.0
VICTORIA INTL A,48.64722222222223,-123.42583333333332,2021-12-25,62.0,100.0,-4.2,3.4,-0.4,1.0,0.0,1.0,3.0
VICTORIA INTL A,48.64722222222223,-123.42583333333332,2021-12-26,59.0,93.0,-7.9,-4.0,-6.0,0.0,0.0,0.0,1.0
VICTORIA INTL A,48.64722222222223,-123.42583333333332,2021-12-27,58.0,99.0,-9.3,-5.3,-7.3,4.2,0.0,4.2,0.0
VICTORIA INTL A,48.64722222222223,-123.42583333333332,2021-12-29,43.0,94.0,-7.0,-1.7,-4.4,1.0,0.0,1.0,11.0
VICTORIA INTL A,48.64722222222223,-123.42583333333332,2021-12-30,76.0,100.0,-6.3,0.6,-2.9,13.0,0.0,13.0,16.0
VICTORIA INTL A,48.64722222222223,-123.42583333333332,2021-12-31,41.0,100.0,-11.8,-0.8,-6.3,0.0,0.0,0.0,21.0
VICTORIA INTL A,48.64722222222223,-123.42583333333332,2022-01-01,70.0,100.0,-12.4,3.5,-4.5,0.0,0.0,0.0,19.0
VICTORIA INTL A,48.64722222222223,-123.42583333333332,2022-01-02,80.0,100.0,2.5,7.1,4.8,10.2,10.2,0.0,10.0
VICTORIA INTL A,48.64722222222223,-123.42583333333332,2022-01-05,82.0,100.0,-1.1,2.0,0.5,7.0,0.0,7.0,0.0
VICTORIA INTL A,48.64722222222223,-123.42583333333332,2022-01-06,100.0,100.0,-1.2,6.9,2.9,35.5,14.5,21.0,26.0
VICTORIA INTL A,48.64722222222223,-123.42583333333332,2022-01-07,77.0,100.0,-2.7,5.9,1.6,3.9,3.9,0.0,11.0
VICTORIA INTL A,48.64722222222223,-123.42583333333332,2022-01-09,73.0,100.0,-1.3,6.9,2.8,0.0,0.0,0.0,4.0
VICTORIA INTL A,48.64722222222223,-123.42583333333332,2022-01-10,91.0,100.0,-1.4,8.9,3.8,0.8,0.8,0.0,3.0
VICTORIA INTL A,48.64722222222223,-123.42583333333332,2022-02-24,45.0,100.0,-2.5,4.3,0.9,2.8,0.0,1.0,1.0
VICTORIA INTL A,48.64722222222223,-123.42583333333332,2022-11-07,57.0,99.0,-0.1,4.4,2.2,4.0,2.3,2.0,2.0
VICTORIA INTL A,48.64722222222223,-123.42583333333332,2022-11-08,57.0,94.0,-0.4,5.5,2.6,0.0,0.0,0.0,1.0
VICTORIA INTL A,48.64722222222223,-123.42583333333332,2022-12-01,61.0,96.0,-3.6,1.3,-1.2,0.0,0.0,0.0,0.0
VICTORIA INTL A,48.64722222222223,-123.42583333333332,2022-12-02,70.0,100.0,-1.6,2.8,0.6,2.1,2.1,0.0,0.0
VICTORIA INTL A,48.64722222222223,-123.42583333333332,2022-12-18,64.0,100.0,-4.7,3.1,-0.8,0.2,0.2,0.0,0.0
VICTORIA INTL A,48.64722222222223,-123.42583333333332,2022-12-19,61.0,95.0,-6.1,-4.7,-5.4,8.0,0.0,8.0,1.0
VICTORIA INTL A,48.64722222222223,-123.42583333333332,2022-12-20,83.0,100.0,-5.6,-1.6,-3.6,29.3,0.0,29.3,22.0
VICTORIA INTL A,48.64722222222223,-123.42583333333332,2022-12-21,44.0,83.0,-8.0,-3.3,-5.7,0.0,0.0,0.0,31.0
VICTORIA INTL A,48.64722222222223,-123.42583333333332,2022-12-22,45.0,65.0,-8.4,-3.6,-6.0,0.0,0.0,0.0,22.0
VICTORIA INTL A,48.64722222222223,-123.42583333333332,2022-12-23,60.0,100.0,-4.3,1.7,-1.3,11.4,1.6,9.8,24.0
VICTORIA INTL A,48.64722222222223,-123.42583333333332,2022-12-24,100.0,100.0,0.7,10.3,5.5,25.4,25.4,0.0,19.0
VICTORIA INTL A,48.64722222222223,-123.42583333333332,2022-12-25,100.0,100.0,2.2,6.9,4.6,11.2,11.2,0.0,7.0
VICTORIA INTL A,48.64722222222223,-123.42583333333332,2022-12-26,69.0,100.0,3.5,12.4,8.0,22.3,22.3,0.0,0.0
VICTORIA INTL A,48.64722222222223,-123.42583333333332,2023-01-31,81.0,100.0,0.0,3.1,1.6,4.9,2.9,2.0,2.0
VICTORIA INTL A,48.64722222222223,-123.42583333333332,2023-02-22,43.0,76.0,-2.6,3.1,0.3,0.0,0.0,0.0,0.0
VICTORIA INTL A,48.64722222222223,-123.42583333333332,2023-02-23,32.0,61.0,-3.0,0.3,-1.4,0.0,0.0,0.0,0.0
VICTORIA INTL A,48.64722222222223,-123.42583333333332,2023-02-25,59.0,100.0,-5.0,2.3,-1.4,3.7,0.9,2.0,2.0
VICTORIA INTL A,48.64722222222223,-123.42583333333332,2023-02-26,46.0,100.0,-1.2,7.0,2.9,3.5,0.5,2.0,2.0
VICTORIA INTL A,48.64722222222223,-123.42583333333332,2023-02-27,71.0,100.0,0.1,3.5,1.8,10.3,2.3,8.0,4.0
VICTORIA INTL A,48.64722222222223,-123.42583333333332,2023-02-28,59.0,100.0,-1.0,5.2,2.1,15.0,0.4,14.6,9.0
VICTORIA INTL A,48.64722222222223,-123.42583333333332,2023-03-01,65.0,100.0,-1.2,6.1,2.5,0.0,0.0,0.0,2.0
WILLIAMS LAKE A,52.18333333333333,-122.05444444444444,2018-11-09,63.0,94.0,-2.8,5.1,1.2,0.2,0.0,0.5,0.0
WILLIAMS LAKE A,52.18333333333333,-122.05444444444444,2018-11-14,59.0,98.0,-1.3,3.4,1.1,9.0,0.4,4.0,4.0
WILLIAMS LAKE A,52.18333333333333,-122.05444444444444,2018-11-15,84.0,98.0,-1.9,2.2,0.2,5.4,1.8,4.0,4.0
WILLIAMS LAKE A,52.18333333333333,-122.05444444444444,2018-11-17,74.0,93.0,-6.9,-2.4,-4.7,0.0,0.0,0.0,7.0
WILLIAMS LAKE A,52.18333333333333,-122.05444444444444,2018-11-18,71.0,88.0,-4.8,-0.2,-2.5,0.0,0.0,0.0,6.0
WILLIAMS LAKE A,52.18333333333333,-122.05444444444444,2018-11-19,62.0,95.0,-6.6,4.1,-1.3,0.0,0.0,0.0,5.0
WILLIAMS LAKE A,52.18333333333333,-122.05444444444444,2018-11-20,61.0,82.0,-0.5,3.4,1.5,0.0,0.0,0.0,5.0
WILLIAMS LAKE A,52.18333333333333,-122.05444444444444,2018-11-21,56.0,74.0,1.6,4.6,3.1,0.0,0.0,0.0,4.0
WILLIAMS LAKE A,52.18333333333333,-122.05444444444444,2018-11-22,75.0,94.0,-3.8,2.9,-0.5,0.0,0.0,0.0,4.0
WILLIAMS LAKE A,52.18333333333333,-122.05444444444444,2018-11-23,75.0,95.0,-1.4,2.4,0.5,0.0,0.0,0.0,4.0
WILLIAMS LAKE A,52.18333333333333,-122.05444444444444,2018-11-24,78.0,96.0,-6.2,1.7,-2.3,0.0,0.0,0.0,4.0
WILLIAMS LAKE A,52.18333333333333,-122.05444444444444,2018-11-25,73.0,86.0,-1.1,2.4,0.7,0.3,0.3,0.0,4.0
WILLIAMS LAKE A,52.18333333333333,-122.05444444444444,2018-11-26,75.0,82.0,1.6,4.4,3.0,0.2,0.2,0.0,5.0
WILLIAMS LAKE A,52.18333333333333,-122.05444444444444,2018-11-27,63.0,90.0,2.0,8.0,5.0,0.9,0.9,0.0,4.0
WILLIAMS LAKE A,52.18333333333333,-122.05444444444444,2018-11-30,94.0,96.0,-4.6,-2.4,-3.5,1.4,0.0,1.2,4.0
WILLIAMS LAKE A,52.18333333333333,-122.05444444444444,2018-12-01,95.0,96.0,-3.7,-2.4,-3.1,0.5,0.0,1.0,4.0
WILLIAMS LAKE A,52.18333333333333,-122.05444444444444,2018-12-02,81.0,92.0,-6.4,-3.5,-5.0,0.0,0.0,0.0,5.0
WILLIAMS LAKE A,52.18333333333333,-122.05444444444444,2018-12-03,76.0,92.0,-9.8,-4.1,-7.0,0.0,0.0,0.0,5.0
WILLIAMS LAKE A,52.18333333333333,-122.05444444444444,2018-12-04,78.0,90.0,-14.0,-6.1,-10.1,0.0,0.0,0.0,4.0
WILLIAMS LAKE A,52.18333333333333,-122.05444444444444,2018-12-05,85.0,90.0,-16.3,-8.6,-12.5,0.0,0.0,0.0,4.0
WILLIAMS LAKE A,52.18333333333333,-122.05444444444444,2018-12-06,76.0,88.0,-11.3,-8.2,-9.8,0.0,0.0,0.0,5.0
WILLIAMS LAKE A,52.18333333333333,-122.05444444444444,2018-12-07,61.0,89.0,-13.4,-3.5,-8.5,0.0,0.0,0.0,6.0
WILLIAMS LAKE A,52.18333333333333,-122.05444444444444,2018-12-11,64.0,97.0,-2.6,2.7,0.1,0.8,0.0,1.0,3.0
WILLIAMS LAKE A,52.18333333333333,-122.05444444444444,2018-12-12,60.0,94.0,-7.7,-0.3,-4.0,0.0,0.0,0.0,3.0
WILLIAMS LAKE A,52.18333333333333,-122.05444444444444,2018-12-13,63.0,75.0,-2.6,3.7,0.6,0.0,0.0,0.0,3.0
WILLIAMS LAKE A,52.18333333333333,-122.05444444444444,2018-12-14,31.0,73.0,2.9,8.0,5.5,0.0,0.0,0.0,2.0
WILLIAMS LAKE A,52.18333333333333,-122.05444444444444,2018-12-16,58.0,74.0,0.4,5.0,2.7,0.0,0.0,0.0,1.0
WILLIAMS LAKE A,52.18333333333333,-122.05444444444444,2018-12-22,67.0,87.0,-12.3,-3.1,-7.7,0.2,0.0,0.4,0.0
WILLIAMS LAKE A,52.18333333333333,-122.05444444444444,2018-12-23,68.0,83.0,-3.4,0.3,-1.6,0.0,0.0,0.0,1.0
WILLIAMS LAKE A,52.18333333333333,-122.05444444444444,2018-12-24,80.0,95.0,-6.5,-1.1,-3.8,0.0,0.0,0.5,0.0
WILLIAMS LAKE A,52.18333333333333,-122.05444444444444,2018-12-26,77.0,95.0,-6.3,-3.3,-4.8,6.2,0.0,7.4,1.0
WILLIAMS LAKE A,52.18333333333333,-122.05444444444444,2018-12-27,88.0,94.0,-8.0,-2.9,-5.5,0.2,0.0,0.4,8.0
WILLIAMS LAKE A,52.18333333333333,-122.05444444444444,2018-12-28,90.0,94.0,-7.8,-3.1,-5.5,9.4,0.0,23.0,8.0
WILLIAMS LAKE A,52.18333333333333,-122.05444444444444,2018-12-29,64.0,94.0,-3.1,3.5,0.2,3.4,0.2,4.0,26.0
WILLIAMS LAKE A,52.18333333333333,-122.05444444444444,2018-12-30,60.0,92.0,-10.7,-0.9,-5.8,0.0,0.0,0.0,22.0
WILLIAMS LAKE A,52.18333333333333,-122.05444444444444,2018-12-31,85.0,91.0,-15.2,-6.6,-10.9,1.0,0.0,1.4,22.0
WILLIAMS LAKE A,52.18333333333333,-122.05444444444444,2019-01-01,89.0,92.0,-6.6,-2.9,-4.8,7.2,0.0,8.6,28.0
WILLIAMS LAKE A,52.18333333333333,-122.05444444444444,2019-01-02,83.0,93.0,-3.9,0.9,-1.5,1.0,0.0,4.0,30.0
WILLIAMS LAKE A,52.18333333333333,-122.05444444444444,2019-01-04,72.0,97.0,-1.4,4.2,1.4,3.5,3.5,0.0,34.0
WILLIAMS LAKE A,52.18333333333333,-122.05444444444444,2019-01-05,67.0,84.0,-3.0,2.6,-0.2,0.0,0.0,0.0,28.0
WILLIAMS LAKE A,52.18333333333333,-122.05444444444444,2019-01-06,50.0,95.0,-1.6,2.4,0.4,0.2,0.0,0.4,28.0
WILLIAMS LAKE A,52.18333333333333,-122.05444444444444,2019-01-07,53.0,93.0,-15.8,0.2,-7.8,3.4,0.0,8.0,30.0
WILLIAMS LAKE A,52.18333333333333,-122.05444444444444,2019-01-08,59.0,88.0,-18.0,-4.2,-11.1,0.0,0.0,0.0,36.0
WILLIAMS LAKE A,52.18333333333333,-122.05444444444444,2019-01-09,74.0,92.0,-4.4,2.3,-1.1,0.6,0.0,0.6,37.0
WILLIAMS LAKE A,52.18333333333333,-122.05444444444444,2019-01-10,68.0,79.0,1.1,4.7,2.9,0.0,0.0,0.0,32.0
WILLIAMS LAKE A,52.18333333333333,-122.05444444444444,2019-01-11,68.0,74.0,2.1,3.4,2.8,0.0,0.0,0.0,30.0
WILLIAMS LAKE A,52.18333333333333,-122.05444444444444,2019-01-12,58.0,75.0,1.4,4.8,3.1,0.0,0.0,0.0,28.0
WILLIAMS LAKE A,52.18333333333333,-122.05444444444444,2019-01-13,58.0,90.0,-3.8,4.2,0.2,0.0,0.0,0.0,28.0
WILLIAMS LAKE A,52.18333333333333,-122.05444444444444,2019-01-14,65.0,93.0,-8.9,0.6,-4.2,0.0,0.0,0.0,27.0
WILLIAMS LAKE A,52.18333333333333,-122.05444444444444,2019-01-15,87.0,91.0,-13.7,-6.6,-10.2,0.0,0.0,0.0,28.0
WILLIAMS LAKE A,52.18333333333333,-122.05444444444444,2019-01-16,86.0,90.0,-14.2,-7.4,-10.8,0.0,0.0,0.0,28.0
WILLIAMS LAKE A,52.18333333333333,-122.05444444444444,2019-01-17,86.0,91.0,-13.5,-8.1,-10.8,0.4,0.0,0.4,27.0
WILLIAMS LAKE A,52.18333333333333,-122.05444444444444,2019-01-18,72.0,97.0,-11.9,1.5,-5.2,0.0,0.0,0.0,27.0
WILLIAMS LAKE A,52.18333333333333,-122.05444444444444,2019-01-20,55.0,89.0,-9.4,0.4,-4.5,0.0,0.0,0.0,27.0
WILLIAMS LAKE A,52.18333333333333,-122.05444444444444,2019-01-21,61.0,91.0,-12.7,-1.9,-7.3,0.0,0.0,0.0,27.0
WILLIAMS LAKE A,52.18333333333333,-122.05444444444444,2019-01-22,68.0,86.0,-5.3,0.0,-2.7,0.4,0.0,0.4,26.0
WILLIAMS LAKE A,52.18333333333333,-122.05444444444444,2019-01-23,79.0,94.0,-7.1,-0.6,-3.9,0.0,0.0,0.0,26.0
WILLIAMS LAKE A,52.18333333333333,-122.05444444444444,2019-01-24,80.0,94.0,-11.4,-2.3,-6.9,0.0,0.0,1.0,26.0
WILLIAMS LAKE A,52.18333333333333,-122.05444444444444,2019-01-25,75.0,96.0,-6.0,-0.3,-3.2,2.8,0.0,4.0,26.0
WILLIAMS LAKE A,52.18333333333333,-122.05444444444444,2019-01-26,92.0,97.0,-6.8,-0.2,-3.5,0.0,0.0,0.0,29.0
WILLIAMS LAKE A,52.18333333333333,-122.05444444444444,2019-01-28,66.0,92.0,-11.3,-2.7,-7.0,0.0,0.0,0.0,20.0
WILLIAMS LAKE A,52.18333333333333,-122.05444444444444,2019-01-29,62.0,91.0,-16.9,-4.1,-10.5,0.0,0.0,0.0,20.0
WILLIAMS LAKE A,52.18333333333333,-122.05444444444444,2019-01-30,61.0,95.0,-6.3,-0.8,-3.6,0.2,0.0,0.6,20.0
WILLIAMS LAKE A,52.18333333333333,-122.05444444444444,2019-01-31,86.0,94.0,-2.3,1.2,-0.6,2.9,1.5,0.8,30.0
WILLIAMS LAKE A,52.18333333333333,-122.05444444444444,2019-02-01,78.0,95.0,-10.7,3.3,-3.7,0.2,0.0,0.2,30.0
WILLIAMS LAKE A,52.18333333333333,-122.05444444444444,2019-02-02,66.0,88.0,-25.5,-10.7,-18.1,1.0,0.0,0.8,30.0
WILLIAMS LAKE A,52.18333333333333,-122.05444444444444,2019-02-03,63.0,76.0,-28.0,-22.5,-25.3,1.8,0.0,2.8,28.0
WILLIAMS LAKE A,52.18333333333333,-122.05444444444444,2019-02-04,58.0,80.0,-27.6,-20.9,-24.3,0.0,0.0,0.0,29.0
WILLIAMS LAKE A,52.18333333333333,-122.05444444444444,2019-02-05,62.0,82.0,-29.7,-17.9,-23.8,0.0,0.0,0.0,29.0
WILLIAMS LAKE A,52.18333333333333,-122.05444444444444,2019-02-06,57.0,81.0,-27.6,-12.9,-20.3,0.0,0.0,0.0,29.0
WILLIAMS LAKE A,52.18333333333333,-122.05444444444444,2019-02-07,77.0,90.0,-17.7,-10.1,-13.9,2.2,0.0,2.2,29.0
WILLIAMS LAKE A,52.18333333333333,-122.05444444444444,2019-02-08,70.0,86.0,-21.1,-13.4,-17.3,0.0,0.0,0.2,29.0
WILLIAMS LAKE A,52.18333333333333,-122.05444444444444,2019-02-09,56.0,78.0,-25.7,-17.3,-21.5,0.0,0.0,0.0,29.0
WILLIAMS LAKE A,52.18333333333333,-122.05444444444444,2019-02-10,62.0,82.0,-29.9,-17.8,-23.9,0.0,0.0,0.0,24.0
WILLIAMS LAKE A,52.18333333333333,-122.05444444444444,2019-02-11,60.0,80.0,-23.1,-15.3,-19.2,0.3,0.0,0.6,29.0
WILLIAMS LAKE A,52.18333333333333,-122.05444444444444,2019-02-12,73.0,83.0,-19.5,-15.3,-17.4,4.6,0.0,3.4,27.0
WILLIAMS LAKE A,52.18333333333333,-122.05444444444444,2019-02-13,59.0,85.0,-23.8,-11.7,-17.8,0.6,0.0,0.6,31.0
WILLIAMS LAKE A,52.18333333333333,-122.05444444444444,2019-02-14,68.0,87.0,-21.2,-10.4,-15.8,0.0,0.0,0.0,29.0
WILLIAMS LAKE A,52.18333333333333,-122.05444444444444,2019-02-15,76.0,89.0,-14.6,-8.9,-11.8,0.8,0.0,1.0,33.0
WILLIAMS LAKE A,52.18333333333333,-122.05444444444444,2019-02-16,76.0,88.0,-16.3,-9.7,-13.0,0.0,0.0,0.2,32.0
WILLIAMS LAKE A,52.18333333333333,-122.05444444444444,2019-02-17,62.0,82.0,-17.3,-11.6,-14.5,0.4,0.0,0.8,31.0
WILLIAMS LAKE A,52.18333333333333,-122.05444444444444,2019-02-18,61.0,86.0,-23.2,-9.4,-16.3,0.0,0.0,0.0,31.0
WILLIAMS LAKE A,52.18333333333333,-122.05444444444444,2019-02-19,75.0,93.0,-13.8,-5.3,-9.6,9.4,0.0,13.0,31.0
WILLIAMS LAKE A,52.18333333333333,-122.05444444444444,2019-02-20,82.0,92.0,-8.9,-4.8,-6.9,1.0,0.0,1.0,41.0
WILLIAMS LAKE A,52.18333333333333,-122.05444444444444,2019-02-21,65.0,89.0,-19.7,-4.8,-12.3,0.0,0.0,0.0,39.0
WILLIAMS LAKE A,52.18333333333333,-122.05444444444444,2019-02-22,71.0,90.0,-7.7,-2.5,-5.1,1.6,0.0,2.6,41.0
WILLIAMS LAKE A,52.18333333333333,-122.05444444444444,2019-02-23,76.0,92.0,-11.7,-6.5,-9.1,0.2,0.0,0.4,40.0
WILLIAMS LAKE A,52.18333333333333,-122.05444444444444,2019-02-24,53.0,81.0,-17.1,-10.5,-13.8,0.0,0.0,0.0,40.0
WILLIAMS LAKE A,52.18333333333333,-122.05444444444444,2019-02-25,51.0,84.0,-23.3,-12.6,-18.0,0.0,0.0,0.0,40.0
WILLIAMS LAKE A,52.18333333333333,-122.05444444444444,2019-02-26,26.0,74.0,-22.4,-7.2,-14.8,0.0,0.0,0.0,40.0
WILLIAMS LAKE A,52.18333333333333,-122.05444444444444,2019-02-27,44.0,86.0,-23.2,-5.2,-14.2,0.0,0.0,0.0,40.0
WILLIAMS LAKE A,52.18333333333333,-122.05444444444444,2019-02-28,45.0,86.0,-18.1,-1.6,-9.9,0.0,0.0,0.0,40.0
WILLIAMS LAKE A,52.18333333333333,-122.05444444444444,2019-03-01,44.0,79.0,-14.5,-6.2,-10.4,0.2,0.0,0.2,38.0
WILLIAMS LAKE A,52.18333333333333,-122.05444444444444,2019-03-02,38.0,67.0,-23.3,-12.7,-18.0,0.0,0.0,0.0,38.0
WILLIAMS LAKE A,52.18333333333333,-122.05444444444444,2019-03-03,33.0,80.0,-27.9,-9.3,-18.6,0.0,0.0,0.0,38.0
WILLIAMS LAKE A,52.18333333333333,-122.05444444444444,2019-03-05,41.0,82.0,-23.0,-3.4,-13.2,0.0,0.0,0.0,38.0
WILLIAMS LAKE A,52.18333333333333,-122.05444444444444,2019-03-06,56.0,91.0,-11.6,-3.7,-7.7,2.2,0.0,3.6,38.0
WILLIAMS LAKE A,52.18333333333333,-122.05444444444444,2019-03-07,67.0,93.0,-7.6,-2.7,-5.2,5.6,0.0,7.2,45.0
WILLIAMS LAKE A,52.18333333333333,-122.05444444444444,2019-03-08,59.0,94.0,-10.1,-0.8,-5.5,0.4,0.0,0.4,45.0
WILLIAMS LAKE A,52.18333333333333,-122.05444444444444,2019-03-09,47.0,92.0,-14.9,0.9,-7.0,0.0,0.0,0.0,43.0
WILLIAMS LAKE A,52.18333333333333,-122.05444444444444,2019-03-10,47.0,92.0,-14.5,2.1,-6.2,0.0,0.0,0.0,41.0
WILLIAMS LAKE A,52.18333333333333,-122.05444444444444,2019-03-11,44.0,58.0,-0.9,5.2,2.2,0.0,0.0,0.0,41.0
WILLIAMS LAKE A,52.18333333333333,-122.05444444444444,2019-03-12,33.0,87.0,-8.1,2.6,-2.8,0.0,0.0,0.0,40.0
WILLIAMS LAKE A,52.18333333333333,-122.05444444444444,2019-03-13,31.0,78.0,-7.5,3.7,-1.9,0.0,0.0,0.0,40.0
WILLIAMS LAKE A,52.18333333333333,-122.05444444444444,2019-03-14,39.0,77.0,-3.1,6.2,1.6,0.0,0.0,0.0,40.0
WILLIAMS LAKE A,52.18333333333333,-122.05444444444444,2019-03-15,34.0,94.0,-5.9,5.5,-0.2,0.0,0.0,0.0,37.0
WILLIAMS LAKE A,52.18333333333333,-122.05444444444444,2019-03-16,32.0,75.0,-3.6,8.5,2.5,0.0,0.0,0.0,35.0
WILLIAMS LAKE A,52.18333333333333,-122.05444444444444,2019-03-17,31.0,82.0,-5.8,11.5,2.9,0.0,0.0,0.0,35.0
WILLIAMS LAKE A,52.18333333333333,-122.05444444444444,2019-03-18,16.0,74.0,-4.5,15.1,5.3,0.0,0.0,0.0,32.0
WILLIAMS LAKE A,52.18333333333333,-122.05444444444444,2019-03-19,20.0,62.0,-2.5,15.7,6.6,0.0,0.0,0.0,29.0
WILLIAMS LAKE A,52.18333333333333,-122.05444444444444,2019-03-20,15.0,63.0,-0.8,17.8,8.5,0.0,0.0,0.0,25.0
WILLIAMS LAKE A,52.18333333333333,-122.05444444444444,2019-03-25,55.0,82.0,0.6,7.5,4.1,0.0,0.0,0.0,0.0
WILLIAMS LAKE A,52.18333333333333,-122.05444444444444,2019-03-26,87.0,97.0,0.3,4.8,2.6,7.6,7.6,0.0,0.0
WILLIAMS LAKE A,52.18333333333333,-122.05444444444444,2019-03-27,71.0,98.0,-0.1,5.8,2.9,0.0,0.0,0.0,0.0
WILLIAMS LAKE A,52.18333333333333,-122.05444444444444,2019-04-10,52.0,96.0,-0.7,5.4,2.4,6.1,1.0,3.2,0.0
WILLIAMS LAKE A,52.18333333333333,-122.05444444444444,2019-04-11,70.0,97.0,-2.0,5.3,1.7,0.0,0.0,0.0,1.0
WILLIAMS LAKE A,52.18333333333333,-122.05444444444444,2019-04-27,45.0,95.0,-3.7,5.4,0.9,3.4,0.0,3.8,4.0
WILLIAMS LAKE A,52.18333333333333,-122.05444444444444,2019-11-11,71.0,95.0,-7.7,1.3,-3.2,4.9,2.9,2.2,2.0
WILLIAMS LAKE A,52.18333333333333,-122.05444444444444,2019-11-12,94.0,97.0,0.0,2.1,1.1,0.0,0.0,0.0,1.0
WILLIAMS LAKE A,52.18333333333333,-122.05444444444444,2019-11-21,59.0,93.0,-5.2,2.8,-1.2,0.0,0.0,0.0,0.0
WILLIAMS LAKE A,52.18333333333333,-122.05444444444444,2019-11-22,59.0,89.0,-4.5,3.9,-0.3,0.0,0.0,0.0,0.0
WILLIAMS LAKE A,52.18333333333333,-122.05444444444444,2019-11-30,63.0,86.0,-18.3,-7.4,-12.9,0.0,0.0,0.0,0.0
WILLIAMS LAKE A,52.18333333333333,-122.05444444444444,2019-12-05,89.0,93.0,-10.9,-5.8,-8.4,0.2,0.0,0.2,6.0
WILLIAMS LAKE A,52.18333333333333,-122.05444444444444,2019-12-06,92.0,97.0,-6.4,-1.5,-4.0,6.9,0.6,8.0,8.0
WILLIAMS LAKE A,52.18333333333333,-122.05444444444444,2019-12-07,91.0,97.0,-8.4,-0.5,-4.5,4.6,0.0,2.0,11.0
WILLIAMS LAKE A,52.18333333333333,-122.05444444444444,2019-12-08,90.0,91.0,-9.8,-7.5,-8.7,0.0,0.0,0.0,12.0
WILLIAMS LAKE A,52.18333333333333,-122.05444444444444,2019-12-10,89.0,95.0,-11.8,-3.5,-7.7,0.0,0.0,0.0,12.0
WILLIAMS LAKE A,52.18333333333333,-122.05444444444444,2019-12-16,87.0,95.0,-13.1,-3.8,-8.5,4.3,0.0,7.4,11.0
WILLIAMS LAKE A,52.18333333333333,-122.05444444444444,2019-12-19,68.0,94.0,-3.4,0.8,-1.3,13.0,0.0,15.0,20.0
WILLIAMS LAKE A,52.18333333333333,-122.05444444444444,2019-12-20,90.0,96.0,-7.2,-1.6,-4.4,0.4,0.0,0.6,19.0
WILLIAMS LAKE A,52.18333333333333,-122.05444444444444,2019-12-21,93.0,96.0,-6.8,-2.6,-4.7,5.0,5.0,0.0,18.0
WILLIAMS LAKE A,52.18333333333333,-122.05444444444444,2019-12-22,93.0,94.0,-6.2,-4.1,-5.2,0.0,0.0,0.0,18.0
WILLIAMS LAKE A,52.18333333333333,-122.05444444444444,2019-12-23,90.0,94.0,-9.3,-5.2,-7.3,0.0,0.0,0.0,18.0
WILLIAMS LAKE A,52.18333333333333,-122.05444444444444,2019-12-25,86.0,90.0,-14.9,-7.9,-11.4,0.0,0.0,0.0,18.0
WILLIAMS LAKE A,52.18333333333333,-122.05444444444444,2019-12-26,89.0,94.0,-10.5,-4.5,-7.5,0.0,0.0,0.0,18.0
WILLIAMS LAKE A,52.18333333333333,-122.05444444444444,2019-12-27,76.0,93.0,-9.5,-3.2,-6.4,0.0,0.0,0.0,18.0
WILLIAMS LAKE A,52.18333333333333,-122.05444444444444,2019-12-28,78.0,91.0,-6.5,-1.2,-3.9,0.0,0.0,0.0,18.0
WILLIAMS LAKE A,52.18333333333333,-122.05444444444444,2019-12-29,78.0,92.0,-4.8,-0.6,-2.7,0.0,0.0,0.0,18.0
WILLIAMS LAKE A,52.18333333333333,-122.05444444444444,2019-12-30,85.0,95.0,-2.5,1.0,-0.8,2.6,0.0,3.0,19.0
WILLIAMS LAKE A,52.18333333333333,-122.05444444444444,2019-12-31,89.0,97.0,0.0,1.2,0.6,22.2,0.0,16.2,22.0
WILLIAMS LAKE A,52.18333333333333,-122.05444444444444,2020-01-01,71.0,97.0,-2.5,1.9,-0.3,1.0,0.0,0.4,32.0
WILLIAMS LAKE A,52.18333333333333,-122.05444444444444,2020-01-03,71.0,92.0,-4.4,4.2,-0.1,1.8,0.0,3.2,35.0
WILLIAMS LAKE A,52.18333333333333,-122.05444444444444,2020-01-05,66.0,95.0,-9.2,0.7,-4.3,3.0,0.0,3.0,32.0
WILLIAMS LAKE A,52.18333333333333,-122.05444444444444,2020-01-07,86.0,94.0,-7.0,-1.6,-4.3,6.6,0.0,5.4,35.0
WILLIAMS LAKE A,52.18333333333333,-122.05444444444444,2020-01-08,78.0,93.0,-13.4,-5.0,-9.2,0.5,0.0,0.5,19.0
WILLIAMS LAKE A,52.18333333333333,-122.05444444444444,2020-01-09,87.0,90.0,-14.0,-7.6,-10.8,1.6,0.0,1.8,37.0
WILLIAMS LAKE A,52.18333333333333,-122.05444444444444,2020-01-13,68.0,78.0,-30.6,-24.2,-27.4,0.0,0.0,0.0,34.0
WILLIAMS LAKE A,52.18333333333333,-122.05444444444444,2020-01-14,70.0,75.0,-36.4,-27.4,-31.9,0.0,0.0,0.0,34.0
WILLIAMS LAKE A,52.18333333333333,-122.05444444444444,2020-01-16,73.0,79.0,-30.7,-22.7,-26.7,2.8,0.0,2.8,38.0
WILLIAMS LAKE A,52.18333333333333,-122.05444444444444,2020-01-23,69.0,89.0,0.5,5.9,3.2,1.2,0.0,0.8,28.0
WILLIAMS LAKE A,52.18333333333333,-122.05444444444444,2020-01-29,40.0,81.0,-0.8,6.1,2.7,0.0,0.0,0.0,24.0
WILLIAMS LAKE A,52.18333333333333,-122.05444444444444,2020-01-31,55.0,91.0,-5.2,5.1,-0.1,0.4,0.4,0.0,22.0
WILLIAMS LAKE A,52.18333333333333,-122.05444444444444,2020-02-02,52.0,85.0,-9.8,-1.9,-5.9,0.4,0.0,0.4,17.0
WILLIAMS LAKE A,52.18333333333333,-122.05444444444444,2020-02-05,83.0,94.0,-6.9,-2.8,-4.9,16.6,0.0,15.4,23.0
WILLIAMS LAKE A,52.18333333333333,-122.05444444444444,2020-02-06,87.0,96.0,-7.0,-0.9,-4.0,0.2,0.0,0.4,29.0
WILLIAMS LAKE A,52.18333333333333,-122.05444444444444,2020-02-07,92.0,96.0,-9.2,-2.6,-5.9,9.8,0.0,8.0,29.0
WILLIAMS LAKE A,52.18333333333333,-122.05444444444444,2020-02-08,75.0,95.0,-11.2,-2.9,-7.1,2.4,0.0,2.4,33.0
WILLIAMS LAKE A,52.18333333333333,-122.05444444444444,2020-02-09,70.0,92.0,-11.6,2.2,-4.7,0.0,0.0,0.0,27.0
WILLIAMS LAKE A,52.18333333333333,-122.05444444444444,2020-02-10,74.0,91.0,-7.2,1.3,-3.0,0.0,0.0,0.0,26.0
WILLIAMS LAKE A,52.18333333333333,-122.05444444444444,2020-02-13,63.0,87.0,-3.3,2.4,-0.5,0.3,0.0,0.2,26.0
WILLIAMS LAKE A,52.18333333333333,-122.05444444444444,2020-02-22,25.0,90.0,-5.0,2.4,-1.3,0.2,0.2,0.0,20.0
WILLIAMS LAKE A,52.18333333333333,-122.05444444444444,2020-02-27,44.0,93.0,-1.0,8.4,3.7,0.0,0.0,0.0,29.0
WILLIAMS LAKE A,52.18333333333333,-122.05444444444444,2020-02-28,59.0,96.0,-0.1,6.0,3.0,0.7,0.2,0.5,28.0
WILLIAMS LAKE A,52.18333333333333,-122.05444444444444,2020-02-29,68.0,96.0,-5.0,2.5,-1.3,8.8,0.6,8.2,26.0
WILLIAMS LAKE A,52.18333333333333,-122.05444444444444,2020-03-01,70.0,95.0,-12.5,-1.6,-7.1,5.2,0.0,7.0,27.0
WILLIAMS LAKE A,52.18333333333333,-122.05444444444444,2020-03-02,81.0,97.0,-5.4,0.5,-2.5,6.0,0.0,8.0,38.0
WILLIAMS LAKE A,52.18333333333333,-122.05444444444444,2020-03-06,30.0,93.0,-6.8,0.8,-3.0,0.0,0.0,0.0,23.0
WILLIAMS LAKE A,52.18333333333333,-122.05444444444444,2020-03-12,39.0,89.0,-7.7,-0.7,-4.2,0.0,0.0,0.0,17.0
WILLIAMS LAKE A,52.18333333333333,-122.05444444444444,2020-10-13,80.0,97.0,0.1,2.7,1.4,11.4,2.6,6.0,3.0
WILLIAMS LAKE A,52.18333333333333,-122.05444444444444,2020-10-15,69.0,97.0,-3.3,5.2,1.0,11.8,6.6,3.8,7.0
WILLIAMS LAKE A,52.18333333333333,-122.05444444444444,2020-10-16,79.0,97.0,-1.4,5.3,2.0,17.3,17.3,0.0,5.0
WILLIAMS LAKE A,52.18333333333333,-122.05444444444444,2020-10-19,94.0,98.0,-0.7,2.4,0.9,2.8,1.6,1.4,4.0
WILLIAMS LAKE A,52.18333333333333,-122.05444444444444,2020-10-20,85.0,98.0,-1.8,3.9,1.1,0.8,0.5,0.2,2.0
WILLIAMS LAKE A,52.18333333333333,-122.05444444444444,2020-10-23,78.0,93.0,-10.3,-3.9,-7.1,8.8,0.0,14.8,1.0
WILLIAMS LAKE A,52.18333333333333,-122.05444444444444,2020-10-25,75.0,91.0,-17.6,-6.3,-12.0,0.0,0.0,0.0,7.0
WILLIAMS LAKE A,52.18333333333333,-122.05444444444444,2020-10-26,90.0,94.0,-6.7,-2.0,-4.4,6.4,0.0,6.6,15.0
WILLIAMS LAKE A,52.18333333333333,-122.05444444444444,2020-10-27,88.0,98.0,-2.6,0.6,-1.0,22.8,22.3,2.0,4.0
WILLIAMS LAKE A,52.18333333333333,-122.05444444444444,2020-10-29,90.0,98.0,0.8,3.9,2.4,6.7,6.7,0.0,10.0
WILLIAMS LAKE A,52.18333333333333,-122.05444444444444,2020-10-30,66.0,95.0,-2.5,5.2,1.4,0.4,0.4,0.0,3.0
WILLIAMS LAKE A,52.18333333333333,-122.05444444444444,2020-11-07,55.0,82.0,-5.3,-1.6,-3.5,0.0,0.0,0.0,0.0
WILLIAMS LAKE A,52.18333333333333,-122.05444444444444,2020-11-11,75.0,93.0,-10.2,-3.5,-6.9,0.0,0.0,0.0,10.0
WILLIAMS LAKE A,52.18333333333333,-122.05444444444444,2020-11-13,72.0,95.0,-3.1,-0.9,-2.0,7.6,0.0,9.2,10.0
WILLIAMS LAKE A,52.18333333333333,-122.05444444444444,2020-11-16,65.0,95.0,-6.5,0.4,-3.1,6.0,0.0,4.0,13.0
WILLIAMS LAKE A,52.18333333333333,-122.05444444444444,2020-11-17,63.0,94.0,-1.0,8.1,3.6,7.0,2.8,7.0,23.0
WILLIAMS LAKE A,52.18333333333333,-122.05444444444444,2020-11-18,68.0,97.0,-4.9,3.8,-0.6,11.9,0.4,7.5,16.0
WILLIAMS LAKE A,52.18333333333333,-122.05444444444444,2020-11-20,81.0,94.0,-5.9,0.3,-2.8,0.0,0.0,0.0,18.0
WILLIAMS LAKE A,52.18333333333333,-122.05444444444444,2020-11-21,75.0,95.0,-8.0,1.1,-3.5,0.0,0.0,0.0,17.0
WILLIAMS LAKE A,52.18333333333333,-122.05444444444444,2020-11-23,73.0,91.0,-5.8,0.6,-2.6,0.0,0.0,0.0,14.0
WILLIAMS LAKE A,52.18333333333333,-122.05444444444444,2020-11-24,66.0,97.0,-2.1,3.8,0.9,2.6,0.0,2.6,16.0
WILLIAMS LAKE A,52.18333333333333,-122.05444444444444,2020-11-25,91.0,97.0,-6.8,-0.3,-3.6,0.4,0.0,0.4,16.0
WILLIAMS LAKE A,52.18333333333333,-122.05444444444444,2020-11-27,64.0,92.0,-1.0,5.0,2.0,2.5,0.0,2.5,12.0
WILLIAMS LAKE A,52.18333333333333,-122.05444444444444,2020-11-28,76.0,95.0,-6.5,1.3,-2.6,0.0,0.0,0.0,12.0
WILLIAMS LAKE A,52.18333333333333,-122.05444444444444,2020-11-29,64.0,82.0,-2.5,1.3,-0.6,0.0,0.0,0.0,10.0
WILLIAMS LAKE A,52.18333333333333,-122.05444444444444,2020-12-01,52.0,79.0,-9.2,0.6,-4.3,0.0,0.0,0.0,11.0
WILLIAMS LAKE A,52.18333333333333,-122.05444444444444,2020-12-02,50.0,90.0,-9.0,2.8,-3.1,0.0,0.0,0.0,11.0
WILLIAMS LAKE A,52.18333333333333,-122.05444444444444,2020-12-04,62.0,76.0,-2.4,4.0,0.8,0.0,0.0,0.0,10.0
WILLIAMS LAKE A,52.18333333333333,-122.05444444444444,2020-12-18,80.0,96.0,-1.5,1.9,0.2,3.0,0.0,2.0,13.0
WILLIAMS LAKE A,52.18333333333333,-122.05444444444444,2020-12-19,61.0,80.0,-3.7,2.4,-0.7,0.0,0.0,0.0,12.0
WILLIAMS LAKE A,52.18333333333333,-122.05444444444444,2020-12-20,36.0,89.0,-5.6,4.8,-0.4,0.0,0.0,0.0,10.0
WILLIAMS LAKE A,52.18333333333333,-122.05444444444444,2020-12-22,64.0,91.0,-12.1,-3.2,-7.7,0.0,0.0,0.0,11.0
WILLIAMS LAKE A,52.18333333333333,-122.05444444444444,2020-12-24,60.0,69.0,-5.0,-2.2,-3.6,0.0,0.0,0.0,10.0
WILLIAMS LAKE A,52.18333333333333,-122.05444444444444,2020-12-25,55.0,72.0,-3.4,0.5,-1.5,0.0,0.0,0.0,10.0
WILLIAMS LAKE A,52.18333333333333,-122.05444444444444,2020-12-26,70.0,96.0,-2.7,-0.3,-1.5,6.3,0.0,6.2,9.0
WILLIAMS LAKE A,52.18333333333333,-122.05444444444444,2020-12-27,80.0,96.0,-6.8,-0.6,-3.7,0.5,0.0,0.0,16.0
WILLIAMS LAKE A,52.18333333333333,-122.05444444444444,2020-12-28,88.0,93.0,-12.4,-5.7,-9.1,0.0,0.0,0.0,15.0
WILLIAMS LAKE A,52.18333333333333,-122.05444444444444,2020-12-29,88.0,94.0,-12.7,-5.1,-8.9,0.0,0.0,0.0,15.0
WILLIAMS LAKE A,52.18333333333333,-122.05444444444444,2020-12-30,82.0,96.0,-7.3,-1.2,-4.3,4.2,0.0,3.9,14.0
WILLIAMS LAKE A,52.18333333333333,-122.05444444444444,2021-01-03,52.0,77.0,-4.7,1.4,-1.7,0.0,0.0,0.0,13.0
WILLIAMS LAKE A,52.18333333333333,-122.05444444444444,2021-01-04,67.0,96.0,-6.0,1.8,-2.1,0.0,0.0,0.0,12.0
WILLIAMS LAKE A,52.18333333333333,-122.05444444444444,2021-01-13,72.0,96.0,-6.8,0.2,-3.3,4.6,0.0,5.6,9.0
WILLIAMS LAKE A,52.18333333333333,-122.05444444444444,2021-01-16,82.0,95.0,-8.5,-1.3,-4.9,1.2,0.0,1.2,22.0
WILLIAMS LAKE A,52.18333333333333,-122.05444444444444,2021-01-17,65.0,95.0,-6.1,3.0,-1.6,0.0,0.0,0.0,22.0
WILLIAMS LAKE A,52.18333333333333,-122.05444444444444,2021-01-18,63.0,92.0,-4.6,2.5,-1.1,0.0,0.0,0.0,21.0
WILLIAMS LAKE A,52.18333333333333,-122.05444444444444,2021-01-22,82.0,89.0,-18.6,-10.3,-14.5,0.0,0.0,0.0,20.0
WILLIAMS LAKE A,52.18333333333333,-122.05444444444444,2021-01-26,61.0,91.0,-8.3,-2.8,-5.6,0.0,0.0,0.0,21.0
WILLIAMS LAKE A,52.18333333333333,-122.05444444444444,2021-01-27,60.0,90.0,-10.4,-2.7,-6.6,0.4,0.0,0.0,22.0
WILLIAMS LAKE A,52.18333333333333,-122.05444444444444,2021-01-29,81.0,92.0,-13.6,-7.1,-10.4,0.0,0.0,0.0,22.0
WILLIAMS LAKE A,52.18333333333333,-122.05444444444444,2021-01-31,66.0,89.0,-3.9,4.2,0.2,0.0,0.0,0.0,22.0
WILLIAMS LAKE A,52.18333333333333,-122.05444444444444,2021-02-01,94.0,97.0,-3.2,0.3,-1.5,1.3,0.0,0.9,22.0
WILLIAMS LAKE A,52.18333333333333,-122.05444444444444,2021-02-02,93.0,97.0,-5.7,-1.1,-3.4,4.8,0.0,3.0,22.0
WILLIAMS LAKE A,52.18333333333333,-122.05444444444444,2021-02-04,89.0,96.0,-6.5,-1.2,-3.9,14.4,0.0,17.6,25.0
WILLIAMS LAKE A,52.18333333333333,-122.05444444444444,2021-02-05,74.0,96.0,-6.5,0.5,-3.0,3.4,0.0,3.2,39.0
WILLIAMS LAKE A,52.18333333333333,-122.05444444444444,2021-02-06,79.0,95.0,-13.9,-3.1,-8.5,5.8,0.0,5.6,40.0
WILLIAMS LAKE A,52.18333333333333,-122.05444444444444,2021-02-07,75.0,88.0,-17.9,-12.6,-15.3,1.4,0.0,2.0,40.0
WILLIAMS LAKE A,52.18333333333333,-122.05444444444444,2021-02-09,75.0,83.0,-30.6,-22.1,-26.4,4.4,0.0,1.0,40.0
WILLIAMS LAKE A,52.18333333333333,-122.05444444444444,2021-02-15,66.0,87.0,-10.5,-4.5,-7.5,0.0,0.0,0.0,39.0
WILLIAMS LAKE A,52.18333333333333,-122.05444444444444,2021-02-16,79.0,92.0,-6.9,-1.4,-4.2,3.4,0.0,4.8,43.0
WILLIAMS LAKE A,52.18333333333333,-122.05444444444444,2021-02-17,65.0,86.0,-10.0,-2.1,-6.1,0.0,0.0,0.0,44.0
WILLIAMS LAKE A,52.18333333333333,-122.05444444444444,2021-02-18,64.0,86.0,-11.1,-3.6,-7.4,0.0,0.0,0.0,40.0
WILLIAMS LAKE A,52.18333333333333,-122.05444444444444,2021-02-22,30.0,85.0,-6.1,5.6,-0.3,0.0,0.0,0.0,32.0
WILLIAMS LAKE A,52.18333333333333,-122.05444444444444,2021-02-23,52.0,91.0,-7.2,-0.4,-3.8,0.0,0.0,0.0,28.0
WILLIAMS LAKE A,52.18333333333333,-122.05444444444444,2021-02-25,40.0,88.0,-4.2,2.8,-0.7,0.2,0.0,0.2,29.0
WILLIAMS LAKE A,52.18333333333333,-122.05444444444444,2021-02-26,55.0,90.0,-5.2,0.7,-2.3,0.8,0.0,1.2,29.0
WILLIAMS LAKE A,52.18333333333333,-122.05444444444444,2021-02-28,80.0,94.0,-4.1,2.4,-0.9,10.8,0.0,9.0,43.0
WILLIAMS LAKE A,52.18333333333333,-122.05444444444444,2021-03-06,32.0,82.0,-3.7,5.8,1.1,0.0,0.0,0.0,28.0
WILLIAMS LAKE A,52.18333333333333,-122.05444444444444,2021-03-07,57.0,82.0,-2.8,3.4,0.3,3.2,0.0,1.8,26.0
WILLIAMS LAKE A,52.18333333333333,-122.05444444444444,2021-03-08,39.0,87.0,-8.6,3.1,-2.8,0.0,0.0,0.0,23.0
WILLIAMS LAKE A,52.18333333333333,-122.05444444444444,2021-03-09,30.0,69.0,-7.1,4.6,-1.3,0.0,0.0,0.0,23.0
WILLIAMS LAKE A,52.18333333333333,-122.05444444444444,2021-03-11,35.0,77.0,-14.0,1.7,-6.2,0.0,0.0,0.0,22.0
WILLIAMS LAKE A,52.18333333333333,-122.05444444444444,2021-03-12,45.0,60.0,-0.6,5.4,2.4,0.0,0.0,0.0,25.0
WILLIAMS LAKE A,52.18333333333333,-122.05444444444444,2021-03-13,39.0,62.0,2.9,7.8,5.4,0.0,0.0,0.0,25.0
WILLIAMS LAKE A,52.18333333333333,-122.05444444444444,2021-03-15,34.0,86.0,-9.7,0.2,-4.8,0.0,0.0,0.0,18.0
WILLIAMS LAKE A,52.18333333333333,-122.05444444444444,2021-03-16,26.0,68.0,-9.4,5.7,-1.9,0.0,0.0,0.0,18.0
WILLIAMS LAKE A,52.18333333333333,-122.05444444444444,2021-03-17,34.0,53.0,-1.7,6.2,2.3,0.0,0.0,0.0,18.0
WILLIAMS LAKE A,52.18333333333333,-122.05444444444444,2021-03-18,41.0,88.0,0.8,10.0,5.4,0.0,0.0,0.0,12.0
WILLIAMS LAKE A,52.18333333333333,-122.05444444444444,2021-03-19,34.0,87.0,-0.2,7.5,3.7,0.0,0.0,0.0,11.0
WILLIAMS LAKE A,52.18333333333333,-122.05444444444444,2021-03-21,47.0,95.0,-3.5,4.7,0.6,1.8,0.0,2.6,14.0
WILLIAMS LAKE A,52.18333333333333,-122.05444444444444,2021-03-22,40.0,96.0,-4.8,4.4,-0.2,0.0,0.0,0.0,13.0
WILLIAMS LAKE A,52.18333333333333,-122.05444444444444,2021-03-24,57.0,84.0,1.0,5.9,3.5,0.0,0.0,0.0,8.0
WILLIAMS LAKE A,52.18333333333333,-122.05444444444444,2021-03-26,62.0,95.0,-2.2,3.4,0.6,0.4,0.4,0.0,9.0
WILLIAMS LAKE A,52.18333333333333,-122.05444444444444,2021-03-27,38.0,81.0,0.1,11.1,5.6,0.0,0.0,0.0,1.0
WILLIAMS LAKE A,52.18333333333333,-122.05444444444444,2021-03-28,53.0,93.0,-4.8,5.8,0.5,5.4,0.6,5.4,5.0
WILLIAMS LAKE A,52.18333333333333,-122.05444444444444,2021-03-29,38.0,90.0,-8.6,0.4,-4.1,1.0,0.0,5.0,14.0
WILLIAMS LAKE A,52.18333333333333,-122.05444444444444,2021-03-31,40.0,81.0,-1.4,8.3,3.5,0.0,0.0,0.0,3.0
WILLIAMS LAKE A,52.18333333333333,-122.05444444444444,2021-10-12,50.0,95.0,-3.1,3.7,0.3,0.5,0.0,0.6,0.0
WILLIAMS LAKE A,52.18333333333333,-122.05444444444444,2021-10-13,43.0,95.0,-1.9,6.4,2.3,0.0,0.0,0.0,0.0
WILLIAMS LAKE A,52.18333333333333,-122.05444444444444,2021-11-11,51.0,82.0,-3.2,4.7,0.8,1.0,1.0,0.0,0.0
WILLIAMS LAKE A,52.18333333333333,-122.05444444444444,2021-11-13,46.0,95.0,-2.4,4.3,1.0,1.8,0.0,1.2,1.0
WILLIAMS LAKE A,52.18333333333333,-122.05444444444444,2021-11-14,88.0,96.0,0.1,3.7,1.9,0.0,0.0,0.0,1.0
WILLIAMS LAKE A,52.18333333333333,-122.05444444444444,2021-11-15,70.0,96.0,-4.7,1.9,-1.4,10.3,3.7,7.4,0.0
WILLIAMS LAKE A,52.18333333333333,-122.05444444444444,2021-11-16,60.0,86.0,-9.4,-1.8,-5.6,0.0,0.0,0.0,7.0
WILLIAMS LAKE A,52.18333333333333,-122.05444444444444,2021-11-17,72.0,91.0,-10.8,-2.9,-6.9,0.0,0.0,0.0,6.0
WILLIAMS LAKE A,52.18333333333333,-122.05444444444444,2021-11-18,66.0,91.0,-4.3,-2.5,-3.4,0.8,0.0,1.2,6.0
WILLIAMS LAKE A,52.18333333333333,-122.05444444444444,2021-11-19,83.0,93.0,-9.5,-3.1,-6.3,0.0,0.0,0.0,6.0
WILLIAMS LAKE A,52.18333333333333,-122.05444444444444,2021-11-20,75.0,89.0,-7.0,0.0,-3.5,0.0,0.0,0.0,6.0
WILLIAMS LAKE A,52.18333333333333,-122.05444444444444,2021-11-21,69.0,95.0,-1.0,1.5,0.3,3.3,0.3,4.2,10.0
WILLIAMS LAKE A,52.18333333333333,-122.05444444444444,2021-11-24,71.0,91.0,-8.3,1.0,-3.7,0.0,0.0,0.0,9.0
WILLIAMS LAKE A,52.18333333333333,-122.05444444444444,2021-11-27,67.0,95.0,-5.2,3.9,-0.7,0.2,0.2,0.0,5.0
WILLIAMS LAKE A,52.18333333333333,-122.05444444444444,2021-11-28,68.0,96.0,-0.1,6.0,3.0,1.2,1.2,0.0,7.0
WILLIAMS LAKE A,52.18333333333333,-122.05444444444444,2021-11-30,61.0,92.0,2.2,6.9,4.6,0.3,0.3,0.0,6.0
WILLIAMS LAKE A,52.18333333333333,-122.05444444444444,2021-12-01,69.0,96.0,-2.2,5.6,1.7,23.5,5.3,12.0,15.0
WILLIAMS LAKE A,52.18333333333333,-122.05444444444444,2021-12-02,91.0,95.0,-8.0,-1.4,-4.7,0.0,0.0,0.0,15.0
WILLIAMS LAKE A,52.18333333333333,-122.05444444444444,2021-12-03,86.0,92.0,-12.6,-5.4,-9.0,0.0,0.0,0.0,14.0
WILLIAMS LAKE A,52.18333333333333,-122.05444444444444,2021-12-04,87.0,91.0,-10.9,-6.8,-8.9,0.0,0.0,0.0,13.0
WILLIAMS LAKE A,52.18333333333333,-122.05444444444444,2021-12-05,73.0,87.0,-16.5,-8.6,-12.6,0.0,0.0,0.0,14.0
WILLIAMS LAKE A,52.18333333333333,-122.05444444444444,2021-12-06,72.0,88.0,-12.5,-7.3,-9.9,1.8,0.0,2.4,16.0
WILLIAMS LAKE A,52.18333333333333,-122.05444444444444,2021-12-07,83.0,91.0,-10.1,-3.1,-6.6,0.0,0.0,0.0,16.0
WILLIAMS LAKE A,52.18333333333333,-122.05444444444444,2021-12-08,58.0,93.0,-5.1,-0.9,-3.0,0.8,0.0,0.8,17.0
WILLIAMS LAKE A,52.18333333333333,-122.05444444444444,2021-12-09,81.0,92.0,-10.5,-3.2,-6.9,1.4,0.0,1.4,17.0
WILLIAMS LAKE A,52.18333333333333,-122.05444444444444,2021-12-10,75.0,88.0,-12.2,-2.7,-7.5,0.0,0.0,0.0,18.0
WILLIAMS LAKE A,52.18333333333333,-122.05444444444444,2021-12-11,77.0,95.0,-5.0,-1.2,-3.1,2.6,0.0,3.6,19.0
WILLIAMS LAKE A,52.18333333333333,-122.05444444444444,2021-12-12,66.0,93.0,-9.3,-3.0,-6.2,0.0,0.0,0.0,17.0
WILLIAMS LAKE A,52.18333333333333,-122.05444444444444,2021-12-13,72.0,91.0,-10.3,-2.8,-6.6,1.2,0.0,1.6,17.0
WILLIAMS LAKE A,52.18333333333333,-122.05444444444444,2021-12-14,64.0,85.0,-18.2,-10.3,-14.3,0.0,0.0,0.0,18.0
WILLIAMS LAKE A,52.18333333333333,-122.05444444444444,2021-12-15,73.0,87.0,-15.0,-7.4,-11.2,0.0,0.0,0.0,18.0
WILLIAMS LAKE A,52.18333333333333,-122.05444444444444,2021-12-16,72.0,88.0,-19.4,-8.8,-14.1,2.8,0.0,2.8,22.0
WILLIAMS LAKE A,52.18333333333333,-122.05444444444444,2021-12-17,75.0,82.0,-24.4,-12.4,-18.4,0.0,0.0,0.0,25.0
WILLIAMS LAKE A,52.18333333333333,-122.05444444444444,2021-12-19,72.0,84.0,-18.7,-11.2,-15.0,0.0,0.0,0.0,34.0
WILLIAMS LAKE A,52.18333333333333,-122.05444444444444,2021-12-20,80.0,83.0,-17.5,-15.2,-16.4,0.0,0.0,0.0,32.0
WILLIAMS LAKE A,52.18333333333333,-122.05444444444444,2021-12-21,78.0,86.0,-18.9,-9.4,-14.2,0.0,0.0,0.0,31.0
WILLIAMS LAKE A,52.18333333333333,-122.05444444444444,2021-12-24,70.0,81.0,-22.6,-17.3,-20.0,1.0,0.0,1.8,44.0
WILLIAMS LAKE A,52.18333333333333,-122.05444444444444,2021-12-25,64.0,70.0,-26.9,-22.5,-24.7,2.4,0.0,2.6,41.0
WILLIAMS LAKE A,52.18333333333333,-122.05444444444444,2021-12-26,61.0,70.0,-30.1,-26.8,-28.5,0.0,0.0,0.0,41.0
WILLIAMS LAKE A,52.18333333333333,-122.05444444444444,2021-12-27,65.0,70.0,-36.1,-26.8,-31.5,0.2,0.0,2.2,40.0
WILLIAMS LAKE A,52.18333333333333,-122.05444444444444,2021-12-28,69.0,72.0,-32.3,-22.4,-27.4,0.8,0.0,1.4,41.0
WILLIAMS LAKE A,52.18333333333333,-122.05444444444444,2021-12-29,68.0,75.0,-31.6,-20.4,-26.0,7.2,0.0,9.0,41.0
WILLIAMS LAKE A,52.18333333333333,-122.05444444444444,2021-12-31,70.0,77.0,-29.4,-19.2,-24.3,0.0,0.0,0.0,50.0
WILLIAMS LAKE A,52.18333333333333,-122.05444444444444,2022-01-01,70.0,79.0,-21.2,-8.5,-14.9,0.0,0.0,0.0,50.0
WILLIAMS LAKE A,52.18333333333333,-122.05444444444444,2022-01-02,70.0,84.0,-10.9,-3.3,-7.1,0.0,0.0,0.0,50.0
WILLIAMS LAKE A,52.18333333333333,-122.05444444444444,2022-01-03,68.0,81.0,-22.1,-3.8,-13.0,0.4,0.0,1.0,45.0
WILLIAMS LAKE A,52.18333333333333,-122.05444444444444,2022-01-04,65.0,71.0,-27.1,-22.1,-24.6,2.0,0.2,1.6,50.0
WILLIAMS LAKE A,52.18333333333333,-122.05444444444444,2022-01-05,62.0,71.0,-28.4,-25.6,-27.0,0.0,0.0,0.0,46.0
WILLIAMS LAKE A,52.18333333333333,-122.05444444444444,2022-01-06,70.0,71.0,-27.3,-23.9,-25.6,15.7,0.0,25.6,48.0
WILLIAMS LAKE A,52.18333333333333,-122.05444444444444,2022-01-07,68.0,77.0,-24.6,-20.0,-22.3,4.0,0.0,6.4,65.0
WILLIAMS LAKE A,52.18333333333333,-122.05444444444444,2022-01-08,72.0,87.0,-24.2,-7.9,-16.1,8.6,0.0,6.8,66.0
WILLIAMS LAKE A,52.18333333333333,-122.05444444444444,2022-01-11,71.0,95.0,0.0,3.2,1.6,4.3,4.3,0.0,38.0
WILLIAMS LAKE A,52.18333333333333,-122.05444444444444,2022-01-12,93.0,96.0,-1.7,2.1,0.2,7.2,6.8,0.4,59.0
WILLIAMS LAKE A,52.18333333333333,-122.05444444444444,2022-01-13,95.0,97.0,-0.3,2.5,1.1,0.0,0.0,0.0,35.0
WILLIAMS LAKE A,52.18333333333333,-122.05444444444444,2022-01-14,81.0,96.0,-1.3,2.6,0.7,0.0,0.0,0.0,30.0
WILLIAMS LAKE A,52.18333333333333,-122.05444444444444,2022-01-15,64.0,96.0,-5.4,3.1,-1.2,0.0,0.0,0.0,39.0
WILLIAMS LAKE A,52.18333333333333,-122.05444444444444,2022-01-16,76.0,96.0,-1.5,2.6,0.6,3.5,0.3,3.2,36.0
WILLIAMS LAKE A,52.18333333333333,-122.05444444444444,2022-01-17,61.0,92.0,-1.0,6.4,2.7,0.9,0.9,0.0,35.0
WILLIAMS LAKE A,52.18333333333333,-122.05444444444444,2022-01-18,84.0,91.0,-10.2,-1.0,-5.6,0.0,0.0,0.0,60.0
WILLIAMS LAKE A,52.18333333333333,-122.05444444444444,2022-01-19,77.0,94.0,-9.1,-1.2,-5.2,3.1,0.0,5.0,41.0
WILLIAMS LAKE A,52.18333333333333,-122.05444444444444,2022-01-24,58.0,93.0,-6.4,3.0,-1.7,0.0,0.0,0.0,40.0
WILLIAMS LAKE A,52.18333333333333,-122.05444444444444,2022-01-25,71.0,93.0,-9.4,-1.6,-5.5,0.0,0.0,0.0,40.0
WILLIAMS LAKE A,52.18333333333333,-122.05444444444444,2022-01-26,57.0,93.0,-13.6,-1.3,-7.5,0.0,0.0,0.0,40.0
WILLIAMS LAKE A,52.18333333333333,-122.05444444444444,2022-01-27,55.0,91.0,-12.8,-1.2,-7.0,0.0,0.0,0.0,40.0
WILLIAMS LAKE A,52.18333333333333,-122.05444444444444,2022-01-28,54.0,65.0,-5.4,-1.8,-3.6,0.0,0.0,0.0,40.0
WILLIAMS LAKE A,52.18333333333333,-122.05444444444444,2022-01-30,61.0,96.0,-2.1,1.1,-0.5,3.9,0.1,5.8,34.0
WILLIAMS LAKE A,52.18333333333333,-122.05444444444444,2022-01-31,65.0,90.0,-8.6,-2.0,-5.3,0.8,0.0,0.4,46.0
WILLIAMS LAKE A,52.18333333333333,-122.05444444444444,2022-02-01,55.0,90.0,-19.1,-4.6,-11.9,0.4,0.0,0.2,46.0
WILLIAMS LAKE A,52.18333333333333,-122.05444444444444,2022-02-02,74.0,85.0,-22.2,-10.4,-16.3,22.4,0.0,26.4,47.0
WILLIAMS LAKE A,52.18333333333333,-122.05444444444444,2022-02-03,84.0,92.0,-10.4,-3.5,-7.0,1.8,0.0,4.4,67.0
WILLIAMS LAKE A,52.18333333333333,-122.05444444444444,2022-02-07,34.0,62.0,-0.7,8.1,3.7,0.0,0.0,0.0,34.0
WILLIAMS LAKE A,52.18333333333333,-122.05444444444444,2022-02-08,53.0,95.0,-2.9,1.7,-0.6,1.3,1.3,0.0,45.0
WILLIAMS LAKE A,52.18333333333333,-122.05444444444444,2022-02-09,89.0,95.0,0.7,4.1,2.4,1.5,1.5,0.0,43.0
WILLIAMS LAKE A,52.18333333333333,-122.05444444444444,2022-02-10,27.0,96.0,0.0,7.7,3.9,0.0,0.0,0.0,42.0
WILLIAMS LAKE A,52.18333333333333,-122.05444444444444,2022-02-11,26.0,59.0,-9.9,3.5,-3.2,0.0,0.0,0.0,44.0
WILLIAMS LAKE A,52.18333333333333,-122.05444444444444,2022-02-12,34.0,66.0,-9.0,4.7,-2.2,0.0,0.0,0.0,43.0
WILLIAMS LAKE A,52.18333333333333,-122.05444444444444,2022-02-15,64.0,95.0,-5.7,2.4,-1.7,2.2,0.0,2.2,30.0
WILLIAMS LAKE A,52.18333333333333,-122.05444444444444,2022-02-16,49.0,93.0,-6.4,4.5,-1.0,0.0,0.0,0.0,43.0
WILLIAMS LAKE A,52.18333333333333,-122.05444444444444,2022-02-17,44.0,73.0,-0.7,8.8,4.1,0.0,0.0,0.0,43.0
WILLIAMS LAKE A,52.18333333333333,-122.05444444444444,2022-02-18,59.0,97.0,0.7,5.3,3.0,5.7,5.7,0.0,40.0
WILLIAMS LAKE A,52.18333333333333,-122.05444444444444,2022-02-19,45.0,92.0,-1.9,5.5,1.8,0.4,0.0,0.4,35.0
WILLIAMS LAKE A,52.18333333333333,-122.05444444444444,2022-02-20,64.0,83.0,-13.0,-0.9,-7.0,0.0,0.0,0.0,35.0
WILLIAMS LAKE A,52.18333333333333,-122.05444444444444,2022-02-21,46.0,65.0,-20.8,-13.1,-17.0,0.0,0.0,0.0,40.0
WILLIAMS LAKE A,52.18333333333333,-122.05444444444444,2022-02-23,52.0,87.0,-19.6,-11.3,-15.5,1.6,0.0,3.4,35.0
WILLIAMS LAKE A,52.18333333333333,-122.05444444444444,2022-02-25,49.0,88.0,-16.9,-0.9,-8.9,0.0,0.0,0.0,35.0
WILLIAMS LAKE A,52.18333333333333,-122.05444444444444,2022-02-26,43.0,73.0,-10.0,0.6,-4.7,0.0,0.0,0.0,35.0
WILLIAMS LAKE A,52.18333333333333,-122.05444444444444,2022-02-27,52.0,91.0,-2.1,4.8,1.4,0.2,0.2,0.0,32.0
WILLIAMS LAKE A,52.18333333333333,-122.05444444444444,2022-02-28,64.0,82.0,-1.8,4.6,1.4,0.0,0.0,0.0,29.0
WILLIAMS LAKE A,52.18333333333333,-122.05444444444444,2022-03-01,37.0,91.0,-1.4,9.1,3.9,0.0,0.0,0.0,29.0
WILLIAMS LAKE A,52.18333333333333,-122.05444444444444,2022-03-02,39.0,78.0,-1.1,7.8,3.4,0.0,0.0,0.0,27.0
WILLIAMS LAKE A,52.18333333333333,-122.05444444444444,2022-03-03,56.0,95.0,-6.0,5.8,-0.1,0.0,0.0,0.0,26.0
WILLIAMS LAKE A,52.18333333333333,-122.05444444444444,2022-03-04,55.0,96.0,-3.6,3.0,-0.3,0.0,0.0,0.0,27.0
WILLIAMS LAKE A,52.18333333333333,-122.05444444444444,2022-03-06,54.0,78.0,-7.3,4.9,-1.2,0.0,0.0,0.0,27.0
WILLIAMS LAKE A,52.18333333333333,-122.05444444444444,2022-03-07,37.0,71.0,-3.0,5.7,1.4,0.0,0.0,0.0,26.0
WILLIAMS LAKE A,52.18333333333333,-122.05444444444444,2022-03-08,31.0,66.0,-8.9,-1.2,-5.1,0.0,0.0,0.0,25.0
WILLIAMS LAKE A,52.18333333333333,-122.05444444444444,2022-03-09,25.0,64.0,-13.1,-3.6,-8.4,0.0,0.0,0.0,25.0
WILLIAMS LAKE A,52.18333333333333,-122.05444444444444,2022-03-10,28.0,73.0,-10.4,0.2,-5.1,0.0,0.0,0.0,25.0
WILLIAMS LAKE A,52.18333333333333,-122.05444444444444,2022-03-11,57.0,89.0,-4.1,1.3,-1.4,1.4,0.0,1.2,25.0
WILLIAMS LAKE A,52.18333333333333,-122.05444444444444,2022-03-12,45.0,81.0,-5.2,3.4,-0.9,0.0,0.0,0.0,22.0
WILLIAMS LAKE A,52.18333333333333,-122.05444444444444,2022-03-13,58.0,96.0,-0.8,4.8,2.0,1.6,0.7,1.0,25.0
WILLIAMS LAKE A,52.18333333333333,-122.05444444444444,2022-03-14,35.0,78.0,-0.9,9.6,4.4,0.0,0.0,0.0,25.0
WILLIAMS LAKE A,52.18333333333333,-122.05444444444444,2022-03-17,47.0,77.0,0.5,6.1,3.3,0.0,0.0,0.0,15.0
WILLIAMS LAKE A,52.18333333333333,-122.05444444444444,2022-03-19,63.0,94.0,-4.1,4.1,0.0,5.4,0.2,1.4,12.0
WILLIAMS LAKE A,52.18333333333333,-122.05444444444444,2022-03-20,34.0,93.0,-8.5,4.1,-2.2,0.0,0.0,0.0,15.0
WILLIAMS LAKE A,52.18333333333333,-122.05444444444444,2022-03-21,37.0,68.0,-2.5,8.7,3.1,0.0,0.0,0.0,13.0
WILLIAMS LAKE A,52.18333333333333,-122.05444444444444,2022-03-22,59.0,94.0,1.8,6.9,4.4,0.7,0.7,0.0,14.0
WILLIAMS LAKE A,52.18333333333333,-122.05444444444444,2022-03-26,51.0,95.0,-1.6,9.4,3.9,1.0,0.0,0.0,0.0
WILLIAMS LAKE A,52.18333333333333,-122.05444444444444,2022-03-27,86.0,97.0,-0.1,3.8,1.9,4.2,4.2,0.0,0.0
WILLIAMS LAKE A,52.18333333333333,-122.05444444444444,2022-03-28,39.0,96.0,-0.3,8.0,3.9,3.8,0.0,1.0,4.0
WILLIAMS LAKE A,52.18333333333333,-122.05444444444444,2022-03-30,44.0,96.0,-0.4,6.9,3.3,1.8,0.6,1.2,0.0
WILLIAMS LAKE A,52.18333333333333,-122.05444444444444,2022-03-31,33.0,92.0,-0.8,6.2,2.7,0.0,0.0,0.0,0.0
WILLIAMS LAKE A,52.18333333333333,-122.05444444444444,2022-04-01,50.0,92.0,-3.5,5.9,1.2,3.3,0.9,1.2,0.0
WILLIAMS LAKE A,52.18333333333333,-122.05444444444444,2022-04-02,28.0,94.0,-0.6,8.2,3.8,0.0,0.0,0.0,0.0
WILLIAMS LAKE A,52.18333333333333,-122.05444444444444,2022-04-05,29.0,59.0,-0.8,6.8,3.0,0.2,0.0,0.0,0.0
WILLIAMS LAKE A,52.18333333333333,-122.05444444444444,2022-04-19,58.0,96.0,-1.7,5.8,2.1,4.2,0.8,2.6,3.0
WILLIAMS LAKE A,52.18333333333333,-122.05444444444444,2022-04-27,45.0,96.0,-0.1,7.4,3.7,2.4,1.7,0.8,0.0
WILLIAMS LAKE A,52.18333333333333,-122.05444444444444,2022-05-09,72.0,95.0,0.9,5.8,3.4,5.7,5.7,0.0,0.0
WILLIAMS LAKE A,52.18333333333333,-122.05444444444444,2022-05-17,37.0,70.0,2.4,9.9,6.2,0.3,0.3,0.0,0.0
WILLIAMS LAKE A,52.18333333333333,-122.05444444444444,2022-05-18,37.0,91.0,0.7,11.0,5.9,5.2,5.2,0.0,0.0
WILLIAMS LAKE A,52.18333333333333,-122.05444444444444,2022-10-22,69.0,99.0,-2.8,3.4,0.3,0.6,0.6,0.0,0.0
WILLIAMS LAKE A,52.18333333333333,-122.05444444444444,2022-11-03,70.0,94.0,-10.6,-2.4,-6.5,4.8,0.0,6.0,4.0
WILLIAMS LAKE A,52.18333333333333,-122.05444444444444,2022-11-04,87.0,98.0,-2.5,1.0,-0.8,4.6,1.8,4.6,9.0
WILLIAMS LAKE A,52.18333333333333,-122.05444444444444,2022-11-05,57.0,92.0,-9.7,0.0,-4.9,0.0,0.0,0.0,11.0
WILLIAMS LAKE A,52.18333333333333,-122.05444444444444,2022-11-06,80.0,91.0,-12.5,-9.6,-11.1,3.8,0.0,5.8,9.0
WILLIAMS LAKE A,52.18333333333333,-122.05444444444444,2022-11-07,74.0,84.0,-16.0,-12.3,-14.2,3.6,0.0,5.8,16.0
WILLIAMS LAKE A,52.18333333333333,-122.05444444444444,2022-11-08,74.0,86.0,-19.5,-15.2,-17.4,0.0,0.0,0.0,15.0
WILLIAMS LAKE A,52.18333333333333,-122.05444444444444,2022-11-10,85.0,91.0,-16.0,-9.1,-12.6,0.0,0.0,0.0,14.0
WILLIAMS LAKE A,52.18333333333333,-122.05444444444444,2022-11-11,82.0,96.0,-11.6,-4.3,-8.0,0.0,0.0,0.0,14.0
WILLIAMS LAKE A,52.18333333333333,-122.05444444444444,2022-11-12,76.0,97.0,-9.5,-3.0,-6.3,0.0,0.0,0.0,14.0
WILLIAMS LAKE A,52.18333333333333,-122.05444444444444,2022-11-13,74.0,97.0,-12.8,-1.3,-7.1,0.0,0.0,0.0,14.0
WILLIAMS LAKE A,52.18333333333333,-122.05444444444444,2022-11-14,92.0,96.0,-10.4,-2.2,-6.3,0.0,0.0,0.0,14.0
WILLIAMS LAKE A,52.18333333333333,-122.05444444444444,2022-11-16,93.0,95.0,-7.2,-4.9,-6.1,0.3,0.0,0.0,14.0
WILLIAMS LAKE A,52.18333333333333,-122.05444444444444,2022-11-23,81.0,99.0,-6.2,1.5,-2.4,0.0,0.0,0.0,13.0
WILLIAMS LAKE A,52.18333333333333,-122.05444444444444,2022-11-24,47.0,80.0,1.3,6.6,4.0,0.0,0.0,0.0,13.0
WILLIAMS LAKE A,52.18333333333333,-122.05444444444444,2022-11-26,68.0,94.0,-2.4,1.9,-0.3,0.8,0.0,1.0,11.0
WILLIAMS LAKE A,52.18333333333333,-122.05444444444444,2022-11-27,55.0,86.0,-12.3,-0.9,-6.6,0.0,0.0,0.0,11.0
WILLIAMS LAKE A,52.18333333333333,-122.05444444444444,2022-11-29,71.0,86.0,-21.5,-9.7,-15.6,2.2,1.0,2.2,14.0
WILLIAMS LAKE A,52.18333333333333,-122.05444444444444,2022-11-30,73.0,88.0,-23.2,-7.8,-15.5,5.2,0.0,7.0,16.0
WILLIAMS LAKE A,52.18333333333333,-122.05444444444444,2022-12-01,62.0,80.0,-30.4,-22.1,-26.3,0.0,0.0,0.0,16.0
WILLIAMS LAKE A,52.18333333333333,-122.05444444444444,2022-12-03,77.0,84.0,-26.8,-16.0,-21.4,0.0,0.0,0.0,21.0
WILLIAMS LAKE A,52.18333333333333,-122.05444444444444,2022-12-04,84.0,89.0,-16.4,-13.0,-14.7,0.0,0.0,0.0,22.0
WILLIAMS LAKE A,52.18333333333333,-122.05444444444444,2022-12-05,84.0,89.0,-17.1,-11.3,-14.2,0.0,0.0,0.0,22.0
WILLIAMS LAKE A,52.18333333333333,-122.05444444444444,2022-12-06,79.0,90.0,-12.6,-5.7,-9.2,0.0,0.0,0.0,16.0
WILLIAMS LAKE A,52.18333333333333,-122.05444444444444,2022-12-07,80.0,95.0,-9.6,-2.9,-6.3,3.8,0.0,5.0,20.0
WILLIAMS LAKE A,52.18333333333333,-122.05444444444444,2022-12-08,69.0,84.0,-4.5,-1.0,-2.8,0.0,0.0,0.0,20.0
WILLIAMS LAKE A,52.18333333333333,-122.05444444444444,2022-12-09,69.0,94.0,-12.1,-3.7,-7.9,0.0,0.0,0.0,16.0
WILLIAMS LAKE A,52.18333333333333,-122.05444444444444,2022-12-10,81.0,98.0,-4.4,-0.8,-2.6,7.3,1.5,7.9,22.0
WILLIAMS LAKE A,52.18333333333333,-122.05444444444444,2022-12-11,80.0,97.0,-14.5,-2.8,-8.7,1.4,0.0,2.2,28.0
WILLIAMS LAKE A,52.18333333333333,-122.05444444444444,2022-12-13,83.0,95.0,-11.2,-5.8,-8.5,1.8,0.0,2.0,30.0
WILLIAMS LAKE A,52.18333333333333,-122.05444444444444,2022-12-17,80.0,92.0,-22.9,-9.2,-16.1,1.0,0.0,1.0,18.0
WILLIAMS LAKE A,52.18333333333333,-122.05444444444444,2022-12-18,76.0,79.0,-27.6,-22.9,-25.3,0.0,0.0,0.0,22.0
WILLIAMS LAKE A,52.18333333333333,-122.05444444444444,2022-12-23,81.0,88.0,-20.7,-10.9,-15.8,3.7,0.5,3.7,18.0
WILLIAMS LAKE A,52.18333333333333,-122.05444444444444,2022-12-24,84.0,96.0,-11.1,-1.6,-6.4,0.2,0.0,0.2,22.0
WILLIAMS LAKE A,52.18333333333333,-122.05444444444444,2022-12-25,82.0,93.0,-6.8,2.1,-2.4,0.0,0.0,0.0,20.0
WILLIAMS LAKE A,52.18333333333333,-122.05444444444444,2022-12-26,60.0,88.0,0.1,7.1,3.6,0.0,0.0,0.0,23.0
WILLIAMS LAKE A,52.18333333333333,-122.05444444444444,2022-12-27,77.0,99.0,-0.4,2.3,1.0,5.3,4.1,2.0,17.0
WILLIAMS LAKE A,52.18333333333333,-122.05444444444444,2022-12-28,94.0,99.0,-3.0,0.0,-1.5,0.2,0.2,0.0,17.0
WILLIAMS LAKE A,52.18333333333333,-122.05444444444444,2022-12-29,83.0,98.0,-7.5,-2.0,-4.8,1.4,0.0,1.4,16.0
WILLIAMS LAKE A,52.18333333333333,-122.05444444444444,2022-12-30,81.0,97.0,-5.4,0.0,-2.7,2.1,0.3,3.3,19.0
WILLIAMS LAKE A,52.18333333333333,-122.05444444444444,2022-12-31,91.0,98.0,-5.2,-0.8,-3.0,0.2,0.2,0.2,20.0
WILLIAMS LAKE A,52.18333333333333,-122.05444444444444,2023-01-01,94.0,98.0,-6.3,-1.8,-4.1,0.0,0.0,0.0,20.0
WILLIAMS LAKE A,52.18333333333333,-122.05444444444444,2023-01-05,66.0,75.0,-3.6,2.6,-0.5,0.2,0.0,0.2,17.0
WILLIAMS LAKE A,52.18333333333333,-122.05444444444444,2023-01-10,73.0,85.0,-2.6,1.4,-0.6,0.0,0.0,0.0,14.0
WILLIAMS LAKE A,52.18333333333333,-122.05444444444444,2023-01-11,71.0,94.0,-4.7,1.5,-1.6,0.0,0.0,0.0,14.0
WILLIAMS LAKE A,52.18333333333333,-122.05444444444444,2023-01-12,71.0,94.0,0.0,4.1,2.1,0.0,0.0,0.0,12.0
WILLIAMS LAKE A,52.18333333333333,-122.05444444444444,2023-01-17,67.0,91.0,-3.4,2.4,-0.5,0.0,0.0,0.0,6.0
WILLIAMS LAKE A,52.18333333333333,-122.05444444444444,2023-01-18,63.0,96.0,-3.4,2.8,-0.3,0.8,0.8,0.0,6.0
WILLIAMS LAKE A,52.18333333333333,-122.05444444444444,2023-01-19,84.0,96.0,-10.4,-2.3,-6.4,0.2,0.0,0.0,6.0
WILLIAMS LAKE A,52.18333333333333,-122.05444444444444,2023-01-20,80.0,96.0,-5.8,-0.4,-3.1,3.2,0.0,4.0,11.0
WILLIAMS LAKE A,52.18333333333333,-122.05444444444444,2023-01-21,79.0,98.0,-4.9,-0.8,-2.9,4.0,0.0,5.0,11.0
WILLIAMS LAKE A,52.18333333333333,-122.05444444444444,2023-01-22,70.0,92.0,-12.7,-1.9,-7.3,0.0,0.0,0.0,17.0
WILLIAMS LAKE A,52.18333333333333,-122.05444444444444,2023-01-24,83.0,99.0,-5.8,0.4,-2.7,5.0,0.0,7.6,15.0
WILLIAMS LAKE A,52.18333333333333,-122.05444444444444,2023-01-25,88.0,99.0,-1.9,3.7,0.9,0.2,0.2,0.0,17.0
WILLIAMS LAKE A,52.18333333333333,-122.05444444444444,2023-01-26,86.0,99.0,0.6,4.2,2.4,10.7,10.7,0.0,14.0
WILLIAMS LAKE A,52.18333333333333,-122.05444444444444,2023-01-29,42.0,78.0,-23.0,-12.0,-17.5,0.0,0.0,0.0,14.0
WILLIAMS LAKE A,52.18333333333333,-122.05444444444444,2023-01-30,61.0,80.0,-20.8,-9.1,-15.0,0.0,0.0,0.0,6.0
WILLIAMS LAKE A,52.18333333333333,-122.05444444444444,2023-01-31,76.0,93.0,-10.4,-6.5,-8.5,12.0,0.0,16.0,11.0
WILLIAMS LAKE A,52.18333333333333,-122.05444444444444,2023-02-01,90.0,95.0,-7.0,-2.8,-4.9,8.8,0.0,8.2,28.0
WILLIAMS LAKE A,52.18333333333333,-122.05444444444444,2023-02-02,70.0,96.0,-3.3,-0.2,-1.8,1.8,0.0,1.8,28.0
WILLIAMS LAKE A,52.18333333333333,-122.05444444444444,2023-02-03,67.0,76.0,-1.4,1.3,-0.1,0.0,0.0,0.0,23.0
WILLIAMS LAKE A,52.18333333333333,-122.05444444444444,2023-02-04,62.0,84.0,-2.1,4.1,1.0,0.0,0.0,0.0,22.0
WILLIAMS LAKE A,52.18333333333333,-122.05444444444444,2023-02-05,38.0,86.0,0.8,5.6,3.2,0.2,0.2,0.0,20.0
WILLIAMS LAKE A,52.18333333333333,-122.05444444444444,2023-02-07,54.0,98.0,-4.5,5.3,0.4,1.8,0.0,1.8,18.0
WILLIAMS LAKE A,52.18333333333333,-122.05444444444444,2023-02-09,65.0,91.0,-3.5,3.3,-0.1,0.0,0.0,0.0,10.0
WILLIAMS LAKE A,52.18333333333333,-122.05444444444444,2023-02-10,47.0,77.0,-0.5,4.7,2.1,0.0,0.0,0.0,16.0
WILLIAMS LAKE A,52.18333333333333,-122.05444444444444,2023-02-11,57.0,92.0,-7.8,1.7,-3.1,1.6,0.0,1.6,15.0
WILLIAMS LAKE A,52.18333333333333,-122.05444444444444,2023-02-12,59.0,89.0,-1.4,6.1,2.4,0.0,0.0,0.0,16.0
WILLIAMS LAKE A,52.18333333333333,-122.05444444444444,2023-02-13,57.0,93.0,-5.6,2.6,-1.5,2.8,0.0,3.0,15.0
WILLIAMS LAKE A,52.18333333333333,-122.05444444444444,2023-02-14,47.0,84.0,-9.6,-1.4,-5.5,0.0,0.0,0.0,19.0
WILLIAMS LAKE A,52.18333333333333,-122.05444444444444,2023-02-15,63.0,89.0,-13.1,-1.5,-7.3,0.0,0.0,0.0,20.0
WILLIAMS LAKE A,52.18333333333333,-122.05444444444444,2023-02-16,66.0,98.0,-3.9,-1.0,-2.5,0.6,0.0,0.6,20.0
WILLIAMS LAKE A,52.18333333333333,-122.05444444444444,2023-02-17,81.0,97.0,-12.3,-1.3,-6.8,0.8,0.0,0.8,33.0
WILLIAMS LAKE A,52.18333333333333,-122.05444444444444,2023-02-18,52.0,96.0,-6.2,3.1,-1.6,0.0,0.0,0.0,33.0
WILLIAMS LAKE A,52.18333333333333,-122.05444444444444,2023-02-19,89.0,99.0,-1.3,2.2,0.5,9.5,0.0,9.7,20.0
WILLIAMS LAKE A,52.18333333333333,-122.05444444444444,2023-02-20,87.0,99.0,-2.2,0.3,-1.0,6.0,0.0,6.8,38.0
WILLIAMS LAKE A,52.18333333333333,-122.05444444444444,2023-02-21,74.0,94.0,-17.4,0.8,-8.3,1.2,0.0,1.8,42.0
WILLIAMS LAKE A,52.18333333333333,-122.05444444444444,2023-02-22,65.0,79.0,-22.6,-17.4,-20.0,0.0,0.0,0.0,35.0
WILLIAMS LAKE A,52.18333333333333,-122.05444444444444,2023-02-23,56.0,79.0,-24.9,-17.3,-21.1,0.0,0.0,0.0,35.0
WILLIAMS LAKE A,52.18333333333333,-122.05444444444444,2023-02-24,67.0,85.0,-28.6,-14.7,-21.7,2.4,0.0,4.0,37.0
WILLIAMS LAKE A,52.18333333333333,-122.05444444444444,2023-02-25,83.0,91.0,-14.9,-6.4,-10.7,12.2,0.0,9.2,37.0
WILLIAMS LAKE A,52.18333333333333,-122.05444444444444,2023-02-26,69.0,93.0,-10.6,-2.7,-6.7,8.0,0.0,11.2,42.0
WILLIAMS LAKE A,52.18333333333333,-122.05444444444444,2023-02-27,70.0,91.0,-15.5,-3.7,-9.6,0.0,0.0,0.0,52.0
WILLIAMS LAKE A,52.18333333333333,-122.05444444444444,2023-02-28,81.0,94.0,-9.5,-3.6,-6.6,2.2,0.0,3.6,54.0
WILLIAMS LAKE A,52.18333333333333,-122.05444444444444,2023-03-01,81.0,94.0,-14.7,-3.2,-9.0,1.6,0.0,2.2,52.0
WILLIAMS LAKE A,52.18333333333333,-122.05444444444444,2023-03-02,31.0,83.0,-6.0,2.0,-2.0,0.0,0.0,0.0,54.0
WILLIAMS LAKE A,52.18333333333333,-122.05444444444444,2023-03-03,33.0,66.0,-8.2,0.0,-4.1,0.0,0.0,0.0,51.0
WILLIAMS LAKE A,52.18333333333333,-122.05444444444444,2023-03-04,51.0,90.0,-11.8,0.4,-5.7,0.2,0.0,0.2,41.0
WILLIAMS LAKE A,52.18333333333333,-122.05444444444444,2023-03-05,67.0,96.0,-13.9,-3.4,-8.7,4.3,0.0,4.3,42.0
WILLIAMS LAKE A,52.18333333333333,-122.05444444444444,2023-03-06,71.0,89.0,-17.5,-9.9,-13.7,1.2,0.0,2.2,43.0
WILLIAMS LAKE A,52.18333333333333,-122.05444444444444,2023-03-08,33.0,84.0,-9.7,3.5,-3.1,0.0,0.0,0.0,43.0
WILLIAMS LAKE A,52.18333333333333,-122.05444444444444,2023-03-09,48.0,84.0,-14.3,-1.8,-8.1,0.0,0.0,0.0,42.0
WILLIAMS LAKE A,52.18333333333333,-122.05444444444444,2023-03-10,41.0,77.0,-8.5,1.3,-3.6,0.0,0.0,0.0,42.0
WILLIAMS LAKE A,52.18333333333333,-122.05444444444444,2023-03-11,58.0,93.0,-10.7,-4.5,-7.6,0.2,0.0,0.2,55.0
WILLIAMS LAKE A,52.18333333333333,-122.05444444444444,2023-03-12,53.0,96.0,-10.6,2.4,-4.1,0.0,0.0,0.0,50.0
WILLIAMS LAKE A,52.18333333333333,-122.05444444444444,2023-03-13,20.0,93.0,-7.1,4.5,-1.3,1.7,0.0,2.1,51.0
WILLIAMS LAKE A,52.18333333333333,-122.05444444444444,2023-03-14,35.0,69.0,-8.2,2.6,-2.8,0.0,0.0,0.0,48.0
WILLIAMS LAKE A,52.18333333333333,-122.05444444444444,2023-03-26,45.0,97.0,-4.1,5.8,0.9,0.0,0.0,0.0,12.0
WILLIAMS LAKE A,52.18333333333333,-122.05444444444444,2023-03-27,34.0,87.0,-7.7,3.4,-2.2,0.0,0.0,0.0,24.0
WILLIAMS LAKE A,52.18333333333333,-122.05444444444444,2023-03-28,23.0,63.0,-9.1,5.2,-2.0,0.0,0.0,0.0,22.0
WILLIAMS LAKE A,52.18333333333333,-122.05444444444444,2023-03-29,19.0,64.0,-8.9,7.6,-0.7,0.0,0.0,0.0,20.0
WILLIAMS LAKE A,52.18333333333333,-122.05444444444444,2023-03-31,36.0,75.0,-4.5,3.5,-0.5,0.0,0.0,0.0,10.0
WILLIAMS LAKE A,52.18333333333333,-122.05444444444444,2023-04-01,27.0,79.0,-3.9,5.2,0.7,0.2,0.0,0.2,15.0
WILLIAMS LAKE A,52.18333333333333,-122.05444444444444,2023-04-02,46.0,85.0,-6.3,2.9,-1.7,0.0,0.0,0.0,9.0
WILLIAMS LAKE A,52.18333333333333,-122.05444444444444,2023-04-11,26.0,98.0,-1.0,7.6,3.3,1.0,0.0,1.0,1.0
WILLIAMS LAKE A,52.18333333333333,-122.05444444444444,2023-04-12,57.0,97.0,-2.3,5.6,1.7,6.0,0.0,10.0,10.0
WILLIAMS LAKE A,52.18333333333333,-122.05444444444444,2023-04-18,38.0,83.0,-1.0,6.2,2.6,0.0,0.0,0.0,0.0
WILLIAMS LAKE A,52.18333333333333,-122.05444444444444,2023-04-20,30.0,91.0,-2.5,8.7,3.1,0.0,0.0,0.0,0.0
WILLIAMS LAKE A,52.18333333333333,-122.05444444444444,2023-11-08,53.0,99.0,-1.4,6.6,2.6,0.2,0.2,0.0,0.0
WILLIAMS LAKE A,52.18333333333333,-122.05444444444444,2023-11-13,43.0,85.0,-0.9,4.3,1.7,0.0,0.0,0.0,0.0
WILLIAMS LAKE A,52.18333333333333,-122.05444444444444,2023-11-16,55.0,93.0,-8.3,0.7,-3.8,0.0,0.0,0.0,0.0
WILLIAMS LAKE A,52.18333333333333,-122.05444444444444,2023-11-21,42.0,99.0,-0.2,6.4,3.1,0.3,0.3,0.0,0.0
WILLIAMS LAKE A,52.18333333333333,-122.05444444444444,2023-11-22,69.0,99.0,-4.7,2.4,-1.2,0.6,0.4,0.6,0.0
WILLIAMS LAKE A,52.18333333333333,-122.05444444444444,2023-12-01,69.0,84.0,-5.2,-1.0,-3.1,0.0,0.0,0.0,0.0
WILLIAMS LAKE A,52.18333333333333,-122.05444444444444,2023-12-02,70.0,96.0,-4.0,-0.5,-2.3,2.8,0.0,3.0,6.0
WILLIAMS LAKE A,52.18333333333333,-122.05444444444444,2023-12-03,72.0,88.0,-5.2,1.7,-1.8,0.0,0.0,0.0,6.0
WILLIAMS LAKE A,52.18333333333333,-122.05444444444444,2023-12-04,68.0,91.0,-5.3,3.5,-0.9,0.0,0.0,0.0,5.0
WILLIAMS LAKE A,52.18333333333333,-122.05444444444444,2023-12-06,72.0,99.0,-6.8,1.2,-2.8,1.1,0.0,2.0,6.0
WILLIAMS LAKE A,52.18333333333333,-122.05444444444444,2023-12-08,92.0,96.0,-8.8,-3.9,-6.4,0.0,0.0,0.0,2.0
WILLIAMS LAKE A,52.18333333333333,-122.05444444444444,2023-12-09,73.0,93.0,-9.4,-1.1,-5.3,2.0,0.0,2.0,1.0
WILLIAMS LAKE A,52.18333333333333,-122.05444444444444,2023-12-10,77.0,99.0,-5.2,0.4,-2.4,0.9,0.0,2.0,4.0
WILLIAMS LAKE A,52.18333333333333,-122.05444444444444,2023-12-11,89.0,98.0,-3.8,-2.5,-3.2,0.0,0.0,0.0,7.0
WILLIAMS LAKE A,52.18333333333333,-122.05444444444444,2023-12-13,54.0,98.0,-1.6,3.2,0.8,1.0,0.0,0.8,5.0
WILLIAMS LAKE A,52.18333333333333,-122.05444444444444,2023-12-14,93.0,99.0,-2.5,-0.3,-1.4,3.1,1.3,2.0,6.0
WILLIAMS LAKE A,52.18333333333333,-122.05444444444444,2023-12-15,83.0,95.0,-2.1,1.8,-0.2,0.0,0.0,0.0,3.0
WILLIAMS LAKE A,52.18333333333333,-122.05444444444444,2023-12-16,83.0,100.0,-1.6,2.0,0.2,1.9,1.9,0.0,7.0
WILLIAMS LAKE A,52.18333333333333,-122.05444444444444,2023-12-18,84.0,99.0,-1.6,2.7,0.6,0.3,0.3,0.0,6.0
WILLIAMS LAKE A,52.18333333333333,-122.05444444444444,2023-12-20,91.0,100.0,0.9,3.8,2.4,4.3,4.3,0.0,0.0
